broadcast_id,comment_no,comment_id,user_id_no,nickname,message,comment_type,created_at,created_at_milli,has_answer,record_started_at,crawled_at
"37802","41088325","0","1rrLn","빈첸시오","가입","CHATTING","2020-12-14T19:54:49","3287570","False","2020-12-14T19:00:01.43","2026-05-21T13:10:23.072723+00:00"
"37802","41088326","0","chxLt","xin","멤버십 데이","CHATTING","2020-12-14T19:54:49","3287570","False","2020-12-14T19:00:01.43","2026-05-21T13:10:23.072723+00:00"
"37802","41088328","0","8yGtL","유충선","지금 가입하고 올께요","CHATTING","2020-12-14T19:54:49","3287570","False","2020-12-14T19:00:01.43","2026-05-21T13:10:23.072723+00:00"
"37802","41088329","0","3KpYp","yyy","진짜 사용한자만이 아는 꿀혜택💙💙💙💙💙💙🤣","CHATTING","2020-12-14T19:54:49","3287570","False","2020-12-14T19:00:01.43","2026-05-21T13:10:23.072723+00:00"
"37802","41088330","0","JUIt","소리마마","써봐야 압니다","CHATTING","2020-12-14T19:54:49","3287570","False","2020-12-14T19:00:01.43","2026-05-21T13:10:23.072723+00:00"
"37802","41088331","0","4dDeT","S2뽁이얌S2","가입했어용~!!!!설명~아주 귀에 쏙쏙 들어오네요~!!!!!12개월 쏘아 주세용~!!!!!!!!!!!!뽕 뽑게해주세용~!!!!!","CHATTING","2020-12-14T19:54:49","3287570","False","2020-12-14T19:00:01.43","2026-05-21T13:10:23.072723+00:00"
"37802","41088332","0","2cz8t","라방홀릭","오늘 스마트주문 했더니 9% 적립되었어요","CHATTING","2020-12-14T19:54:49","3287570","False","2020-12-14T19:00:01.43","2026-05-21T13:10:23.072723+00:00"
"37802","41088333","0","aIZpn","미니","이틀밖에안하넹","CHATTING","2020-12-14T19:54:49","3287570","False","2020-12-14T19:00:01.43","2026-05-21T13:10:23.072723+00:00"
"37802","41088334","0","3d8Zs","상견니","와","CHATTING","2020-12-14T19:54:49","3287570","False","2020-12-14T19:00:01.43","2026-05-21T13:10:23.072723+00:00"
"37802","41088338","0","BsXW","다이나믹","손해볼것없는 네이버멤버쉽","CHATTING","2020-12-14T19:54:49","3287570","False","2020-12-14T19:00:01.43","2026-05-21T13:10:23.072723+00:00"
"37802","41088340","0","6Y2J3","김호우","혜택 진짜 좋네용","CHATTING","2020-12-14T19:54:50","3288570","False","2020-12-14T19:00:01.43","2026-05-21T13:10:23.072723+00:00"
"37802","41088343","0","PRUn","부슬비","적립금 쌓는 재미로 네이버 만나요~","CHATTING","2020-12-14T19:54:50","3288570","False","2020-12-14T19:00:01.43","2026-05-21T13:10:23.072723+00:00"
"37802","41088344","0","HeqD","행운의여신","직접 써봐야 혜택이 좋은지 알지요^^","CHATTING","2020-12-14T19:54:50","3288570","False","2020-12-14T19:00:01.43","2026-05-21T13:10:23.072723+00:00"
"37802","41088345","0","2i3PD","사과셋","앞으로 쭉쭉 네이버플러스멤버십 잘 사용하겠습니다","CHATTING","2020-12-14T19:54:50","3288570","False","2020-12-14T19:00:01.43","2026-05-21T13:10:23.072723+00:00"
"37802","41088346","0","6iUT","모모","한시간 내내 응원중~ 적립금 팍팍~다양한 콘텐츠 혜택 팍팍팍~ 열심히 응원합니다 ~ 네이버 플러스 멤버십 대박나세요~","CHATTING","2020-12-14T19:54:50","3288570","False","2020-12-14T19:00:01.43","2026-05-21T13:10:23.072723+00:00"
"37802","41088348","0","1T8uZ","봄바람","천분의 일 정도니 이번에도 안되겠네ㅠ","CHATTING","2020-12-14T19:54:50","3288570","False","2020-12-14T19:00:01.43","2026-05-21T13:10:23.072723+00:00"
"37802","41088349","0","5XcO5","Africa toy boy","아는 분들은 다들 알거 같습니다","CHATTING","2020-12-14T19:54:50","3288570","False","2020-12-14T19:00:01.43","2026-05-21T13:10:23.072723+00:00"
"37802","41088350","0","2dB4Y","caffelatte","그 여자 그남자 ㅋㅋㅋㅋㅋ","CHATTING","2020-12-14T19:54:50","3288570","False","2020-12-14T19:00:01.43","2026-05-21T13:10:23.072723+00:00"
"37802","41088354","0","7x3","어이구야","와우 대비","CHATTING","2020-12-14T19:54:50","3288570","False","2020-12-14T19:00:01.43","2026-05-21T13:10:23.072723+00:00"
"37802","41088356","0","4nLhA","PANDA","진짜 말그대로 언택트 쇼핑의 끝판왕ㅋㅋㅋㅋㅋㅋㅋ","CHATTING","2020-12-14T19:54:50","3288570","False","2020-12-14T19:00:01.43","2026-05-21T13:10:23.072723+00:00"
"37802","41088357","0","2Fewn","아준","대박혜택","CHATTING","2020-12-14T19:54:50","3288570","False","2020-12-14T19:00:01.43","2026-05-21T13:10:23.072723+00:00"
"37802","41088359","0","34Yv6","skcl****","꿀혜택","CHATTING","2020-12-14T19:54:50","3288570","False","2020-12-14T19:00:01.43","2026-05-21T13:10:23.072723+00:00"
"37802","41088365","0","bmXJn","이루리","대박 좋네요","CHATTING","2020-12-14T19:54:51","3289570","False","2020-12-14T19:00:01.43","2026-05-21T13:10:23.072723+00:00"
"37802","41088367","0","1kIG","히치하이커","꺅 저도 오늘 가입했어요!!","CHATTING","2020-12-14T19:54:51","3289570","False","2020-12-14T19:00:01.43","2026-05-21T13:10:23.072723+00:00"
"37802","41088369","0","1pBnP","4045****","약간 보너스 같은 느낌이 들어요","CHATTING","2020-12-14T19:54:51","3289570","False","2020-12-14T19:00:01.43","2026-05-21T13:10:23.072723+00:00"
"37802","41088375","0","5pGpj","바구니","혜택대박","CHATTING","2020-12-14T19:54:51","3289570","False","2020-12-14T19:00:01.43","2026-05-21T13:10:23.072723+00:00"
"37802","41088376","0","cBQ5Z","룰루랄라","네/네이버 맴버쉽을 이/이라방을 보고 가입하세요 버/버스 떠나기전에 잡으세요!! 혜택짱이에요♥","CHATTING","2020-12-14T19:54:51","3289570","False","2020-12-14T19:00:01.43","2026-05-21T13:10:23.072723+00:00"
"37802","41088377","0","16Thu","똥글이","적립금 쌓는 재미가 쏠~~~쏠~~~해요","CHATTING","2020-12-14T19:54:51","3289570","False","2020-12-14T19:00:01.43","2026-05-21T13:10:23.072723+00:00"
"37802","41088378","0","H2sx","폴로","마트쇼핑도 처음 알았는데 감사해요 이용해봐야겠어요~","CHATTING","2020-12-14T19:54:51","3289570","False","2020-12-14T19:00:01.43","2026-05-21T13:10:23.072723+00:00"
"37802","41088379","0","485rz","ㄱㄱㄱ","저는 무료이용해보고 이틀전에 가입했어요! 근데 오늘 2개월 무료 흑흑","CHATTING","2020-12-14T19:54:51","3289570","False","2020-12-14T19:00:01.43","2026-05-21T13:10:23.072723+00:00"
"37802","41088382","0","3ZsXb","qeqeqeqeq","좋은걸 좋다고 말할수있는 네이버","CHATTING","2020-12-14T19:54:52","3290570","False","2020-12-14T19:00:01.43","2026-05-21T13:10:23.072723+00:00"
"37802","41088386","0","1Igm4","HoneyBEE","뭔가 다시없을 기회인듯! 강력한 혜택에 신이 납니다!","CHATTING","2020-12-14T19:54:52","3290570","False","2020-12-14T19:00:01.43","2026-05-21T13:10:23.072723+00:00"
"37802","41088387","0","17b0r","히뚜다히뚜","네이버 멤버십 너무너무 잘쓰고 있어요~!!!!!!!!노래도 너무너무 잘듣고 있구요~장보기도 꿀혜택이예요~!!!12개월 당첨 가즈아~!!!!!!!!!!!!!!","CHATTING","2020-12-14T19:54:52","3290570","False","2020-12-14T19:00:01.43","2026-05-21T13:10:23.072723+00:00"
"37802","41088388","0","SFEp","그린","이방송보고 좋은거같아서 가입했어요~~~","CHATTING","2020-12-14T19:54:52","3290570","False","2020-12-14T19:00:01.43","2026-05-21T13:10:23.072723+00:00"
"37802","41088389","0","1oj7x","imk","와 혜택 볼때마다 놀라워요","CHATTING","2020-12-14T19:54:52","3290570","False","2020-12-14T19:00:01.43","2026-05-21T13:10:23.072723+00:00"
"37802","41088393","0","4KulN","happyday","편의점","CHATTING","2020-12-14T19:54:52","3290570","False","2020-12-14T19:00:01.43","2026-05-21T13:10:23.072723+00:00"
"37802","41088394","0","17Xcx","째미야","와와","CHATTING","2020-12-14T19:54:52","3290570","False","2020-12-14T19:00:01.43","2026-05-21T13:10:23.072723+00:00"
"37802","41088396","0","cAcSJ","ocean","아쉽네요 기존가입자라","CHATTING","2020-12-14T19:54:52","3290570","False","2020-12-14T19:00:01.43","2026-05-21T13:10:23.072723+00:00"
"37802","41088399","0","4h2bR","별하","쿠키 49개만 생각해도 본전이죠","CHATTING","2020-12-14T19:54:52","3290570","False","2020-12-14T19:00:01.43","2026-05-21T13:10:23.072723+00:00"
"37802","41088401","0","7MaZr","usis****","편의점 포스 안된다는곳 있어서 난감","CHATTING","2020-12-14T19:54:52","3290570","False","2020-12-14T19:00:01.43","2026-05-21T13:10:23.072723+00:00"
"37802","41088407","0","ntR5","최기순","대박","CHATTING","2020-12-14T19:54:53","3291570","False","2020-12-14T19:00:01.43","2026-05-21T13:10:23.072723+00:00"
"37802","41088413","0","BsXW","다이나믹","정말 좋은혜택 많이 소문낼게요","CHATTING","2020-12-14T19:54:53","3291570","False","2020-12-14T19:00:01.43","2026-05-21T13:10:23.072723+00:00"
"37802","41088414","0","3eGpZ","또용이","12개월!!!!","CHATTING","2020-12-14T19:54:53","3291570","False","2020-12-14T19:00:01.43","2026-05-21T13:10:23.072723+00:00"
"37802","41088415","0","2IwLm","날씬해","편의점이 최곱니다","CHATTING","2020-12-14T19:54:53","3291570","False","2020-12-14T19:00:01.43","2026-05-21T13:10:23.072723+00:00"
"37802","41088421","0","5g9mS","몽쉘","너도 받고 나도 받고","CHATTING","2020-12-14T19:54:54","3292570","False","2020-12-14T19:00:01.43","2026-05-21T13:10:23.072723+00:00"
"37802","41088422","0","5HuR7","jamie","넘나 꿀정보들이 많아서 도움 많이 됐어요!","CHATTING","2020-12-14T19:54:54","3292570","False","2020-12-14T19:00:01.43","2026-05-21T13:10:23.072723+00:00"
"37802","41088423","0","4p0vk","바람돌이","혜택좋네요","CHATTING","2020-12-14T19:54:54","3292570","False","2020-12-14T19:00:01.43","2026-05-21T13:10:23.072723+00:00"
"37802","41088424","0","cBQ5Z","룰루랄라","네/네이버 맴버쉽을 이/이라방을 보고 가입하세요 버/버스 떠나기전에 잡으세요!! 혜택짱이에요♥","CHATTING","2020-12-14T19:54:54","3292570","False","2020-12-14T19:00:01.43","2026-05-21T13:10:23.072723+00:00"
"37802","41088426","0","di4de","sun","혜택최고","CHATTING","2020-12-14T19:54:54","3292570","False","2020-12-14T19:00:01.43","2026-05-21T13:10:23.072723+00:00"
"37802","41088427","0","45zKE","즐거운인생","왜 이방송을 몰랐을까요 ㅜㅜ","CHATTING","2020-12-14T19:54:54","3292570","False","2020-12-14T19:00:01.43","2026-05-21T13:10:23.072723+00:00"
"37802","41088428","0","2Yj66","뭘보니","당첨 되고싶다아아유","CHATTING","2020-12-14T19:54:54","3292570","False","2020-12-14T19:00:01.43","2026-05-21T13:10:23.072723+00:00"
"37802","41088429","0","dlmik","ssu","멤버십 쓰고싶네요","CHATTING","2020-12-14T19:54:54","3292570","False","2020-12-14T19:00:01.43","2026-05-21T13:10:23.073223+00:00"
"37802","41088430","0","2gzTu","로미","밖에 못나가서 맨날 네이버쇼핑 구경하고 구입해요! 혜택도많고 사용도 편한 네이버플러스멤버쉽 응원합니다!!","CHATTING","2020-12-14T19:54:54","3292570","False","2020-12-14T19:00:01.43","2026-05-21T13:10:23.073223+00:00"
"37802","41088431","0","2F0gS","이쁜경희","3일전에 가입했는데 아까비 ㅠ","CHATTING","2020-12-14T19:54:54","3292570","False","2020-12-14T19:00:01.43","2026-05-21T13:10:23.073223+00:00"
"37802","41088432","0","4nfXi","코낄마눌","행운이 나에게 올 것인가?","CHATTING","2020-12-14T19:54:54","3292570","False","2020-12-14T19:00:01.43","2026-05-21T13:10:23.073223+00:00"
"37802","41088437","0","5sppi","요니","4900원 넘게 뽑을수 있고","CHATTING","2020-12-14T19:54:55","3293570","False","2020-12-14T19:00:01.43","2026-05-21T13:10:23.073223+00:00"
"37802","41088440","0","dc4km","sjd","좋네요~~~","CHATTING","2020-12-14T19:54:55","3293570","False","2020-12-14T19:00:01.43","2026-05-21T13:10:23.073223+00:00"
"37802","41088443","0","bvehE","8888nemesis8888","통큰 네이버 대박이다","CHATTING","2020-12-14T19:54:55","3293570","False","2020-12-14T19:00:01.43","2026-05-21T13:10:23.073223+00:00"
"37802","41088444","0","7xGeu","없음","그여자랑 남잨ㅋㅋㅋㅋㅋㅋㅋㅋ","CHATTING","2020-12-14T19:54:55","3293570","False","2020-12-14T19:00:01.43","2026-05-21T13:10:23.073223+00:00"
"37802","41088448","0","2oCBr","sujg****","최고네유","CHATTING","2020-12-14T19:54:55","3293570","False","2020-12-14T19:00:01.43","2026-05-21T13:10:23.073223+00:00"
"37802","41088450","0","2cz8t","라방홀릭","오늘 스마트주문 했더니 9% 적립되었어요","CHATTING","2020-12-14T19:54:55","3293570","False","2020-12-14T19:00:01.43","2026-05-21T13:10:23.073223+00:00"
"37802","41088453","0","14Mio","사이다사이다","난도 나시 재가입하고 샆다","CHATTING","2020-12-14T19:54:55","3293570","False","2020-12-14T19:00:01.43","2026-05-21T13:10:23.073223+00:00"
"37802","41088456","0","cAamP","SE 웃지요","12월에 멤버십 대박이네용","CHATTING","2020-12-14T19:54:55","3293570","False","2020-12-14T19:00:01.43","2026-05-21T13:10:23.073223+00:00"
"37802","41088458","0","71Vk9","shine","며칠전 부터 시작했는데 혜택 알아가는 것도 어마어마하네요","CHATTING","2020-12-14T19:54:55","3293570","False","2020-12-14T19:00:01.43","2026-05-21T13:10:23.073223+00:00"
"37802","41088459","0","VJ9Z","해바라기","안쓰면 손해죠~~~","CHATTING","2020-12-14T19:54:55","3293570","False","2020-12-14T19:00:01.43","2026-05-21T13:10:23.073223+00:00"
"37802","41088461","0","3aqgG","모구모구","네이버 멤버쉽 혜택 짱짱","CHATTING","2020-12-14T19:54:55","3293570","False","2020-12-14T19:00:01.43","2026-05-21T13:10:23.073223+00:00"
"37802","41088462","0","17Xcx","째미야","기존 가입자에요~~!","CHATTING","2020-12-14T19:54:56","3294570","False","2020-12-14T19:00:01.43","2026-05-21T13:10:23.073223+00:00"
"37802","41088463","0","d5cm2","나의별","잘 쓰고 있어요","CHATTING","2020-12-14T19:54:56","3294570","False","2020-12-14T19:00:01.43","2026-05-21T13:10:23.073223+00:00"
"37802","41088466","0","2zXF0","907354","저 한번도 가입 안해봤는데 오늘 내일중 하면 2개월 무료겠네요ㅋ","CHATTING","2020-12-14T19:54:56","3294570","False","2020-12-14T19:00:01.43","2026-05-21T13:10:23.073223+00:00"
"37802","41088467","0","4oQkV","룩스","혜택좋네요","CHATTING","2020-12-14T19:54:56","3294570","False","2020-12-14T19:00:01.43","2026-05-21T13:10:23.073223+00:00"
"37802","41088468","0","IVvI","루메나","사용해보면 끊을수가없어요","CHATTING","2020-12-14T19:54:56","3294570","False","2020-12-14T19:00:01.43","2026-05-21T13:10:23.073223+00:00"
"37802","41088473","0","22IGd","moon****","이벤트 많이 해주세요~~","CHATTING","2020-12-14T19:54:56","3294570","False","2020-12-14T19:00:01.43","2026-05-21T13:10:23.073223+00:00"
"37802","41088474","0","HEbc","hhan****","해지했던 사람은 가입해도될까요?","CHATTING","2020-12-14T19:54:56","3294570","False","2020-12-14T19:00:01.43","2026-05-21T13:10:23.073223+00:00"
"37802","41088477","0","1w2iN","러브","적립금장난아니게쌓여용ㅎ","CHATTING","2020-12-14T19:54:57","3295570","False","2020-12-14T19:00:01.43","2026-05-21T13:10:23.073223+00:00"
"37802","41088478","0","7sCrX","정은미","혜택대박이네요ㅋㅋㅋ","CHATTING","2020-12-14T19:54:57","3295570","False","2020-12-14T19:00:01.43","2026-05-21T13:10:23.073223+00:00"
"37802","41088481","0","cBQ5Z","룰루랄라","네/네이버 맴버쉽을 이/이라방을 보고 가입하세요 버/버스 떠나기전에 잡으세요!! 혜택짱이에요♥","CHATTING","2020-12-14T19:54:57","3295570","False","2020-12-14T19:00:01.43","2026-05-21T13:10:23.073223+00:00"
"37802","41088482","0","EeM7","져엉","오호","CHATTING","2020-12-14T19:54:57","3295570","False","2020-12-14T19:00:01.43","2026-05-21T13:10:23.073223+00:00"
"37802","41088484","0","2VN1N","jile****","최고의 멤버쉽이네요","CHATTING","2020-12-14T19:54:57","3295570","False","2020-12-14T19:00:01.43","2026-05-21T13:10:23.073724+00:00"
"37802","41088486","0","BsXW","다이나믹","네이버멤버쉽 너무좋습니다!","CHATTING","2020-12-14T19:54:57","3295570","False","2020-12-14T19:00:01.43","2026-05-21T13:10:23.073724+00:00"
"37802","41088491","0","2cz8t","라방홀릭","오늘 스마트주문 했더니 9% 적립되었어요","CHATTING","2020-12-14T19:54:57","3295570","False","2020-12-14T19:00:01.43","2026-05-21T13:10:23.073724+00:00"
"37802","41088493","0","8PsC7","JW","시즌에서 영화한편도 무료로 볼수있어요","CHATTING","2020-12-14T19:54:57","3295570","False","2020-12-14T19:00:01.43","2026-05-21T13:10:23.073724+00:00"
"37802","41088495","0","1WoaV","sol7****","혜택 좋네요","CHATTING","2020-12-14T19:54:57","3295570","False","2020-12-14T19:00:01.43","2026-05-21T13:10:23.073724+00:00"
"37802","41088496","0","v7i0","동물원꿀벌","쇼핑 많이하면 진짜ㅏㅏ 가입해야됨ㅋㅋㅋ 근데ㅔ 쇼핑을 너무 하게 됨....","CHATTING","2020-12-14T19:54:57","3295570","False","2020-12-14T19:00:01.43","2026-05-21T13:10:23.073724+00:00"
"37802","41088497","0","1crUD","윤다다","네이버 멤버쉽데이 너무 죠아요😆😆😆👍👍👍","CHATTING","2020-12-14T19:54:57","3295570","False","2020-12-14T19:00:01.43","2026-05-21T13:10:23.073724+00:00"
"37802","41088499","0","dgu6K","oht","혜택이 정말 팡팡 터지네요","CHATTING","2020-12-14T19:54:58","3296570","False","2020-12-14T19:00:01.43","2026-05-21T13:10:23.073724+00:00"
"37802","41088503","0","7x3","어이구야","짱이네요","CHATTING","2020-12-14T19:54:58","3296570","False","2020-12-14T19:00:01.43","2026-05-21T13:10:23.073724+00:00"
"37802","41088505","0","33MdR","어치비이","우와 진짜 대박혜택이에유 오늘 이 세상 사람중에 모르시는 분 없게 해쥬세융!!!","CHATTING","2020-12-14T19:54:58","3296570","False","2020-12-14T19:00:01.43","2026-05-21T13:10:23.073724+00:00"
"37802","41088508","0","3lOK4","Kiryu","좋다","CHATTING","2020-12-14T19:54:58","3296570","False","2020-12-14T19:00:01.43","2026-05-21T13:10:23.073724+00:00"
"37802","41088511","0","54Wor","체크","지금진짜잘쓰고있어요","CHATTING","2020-12-14T19:54:58","3296570","False","2020-12-14T19:00:01.43","2026-05-21T13:10:23.073724+00:00"
"37802","41088513","0","6jjMw","홍서연","방송끝나면 마트장보기 해볼거에요","CHATTING","2020-12-14T19:54:58","3296570","False","2020-12-14T19:00:01.43","2026-05-21T13:10:23.073724+00:00"
"37802","41088515","0","cbtyA","하리","와우","CHATTING","2020-12-14T19:54:58","3296570","False","2020-12-14T19:00:01.43","2026-05-21T13:10:23.073724+00:00"
"37802","41088527","0","6Y2J3","김호우","몰랐던 거 알아가용","CHATTING","2020-12-14T19:54:59","3297570","False","2020-12-14T19:00:01.43","2026-05-21T13:10:23.073724+00:00"
"37802","41088528","0","2GHM0","젤리킹","일단 2개월 무료니까 이득","CHATTING","2020-12-14T19:54:59","3297570","False","2020-12-14T19:00:01.43","2026-05-21T13:10:23.073724+00:00"
"37802","41088530","0","5sppi","요니","남는거 많아융~~","CHATTING","2020-12-14T19:54:59","3297570","False","2020-12-14T19:00:01.43","2026-05-21T13:10:23.073724+00:00"
"37802","41088531","0","6DKi7","꾸리쿵","진짜 좋아용 ㅎㅎ 음악 무료듣기도 좋구요 ㅠㅠㅜ 생활이 네이버화되가고있어요 ㅎㅎ","CHATTING","2020-12-14T19:54:59","3297570","False","2020-12-14T19:00:01.43","2026-05-21T13:10:23.073724+00:00"
"37802","41088536","0","HeqD","행운의여신","편의점에서 쓰는것도 대박이당","CHATTING","2020-12-14T19:55:00","3298570","False","2020-12-14T19:00:01.43","2026-05-21T13:10:23.073724+00:00"
"37802","41088538","0","2iBlB","칩이","와와","CHATTING","2020-12-14T19:55:00","3298570","False","2020-12-14T19:00:01.43","2026-05-21T13:10:23.073724+00:00"
"37802","41088539","0","2cz8t","라방홀릭","오늘 스마트주문 했더니 9% 적립되었어요","CHATTING","2020-12-14T19:55:00","3298570","False","2020-12-14T19:00:01.43","2026-05-21T13:10:23.073724+00:00"
"37802","41088541","0","1BTUs","아라리","혜택 대박!!!❤️❤️❤️그거말고는 할말이 없어요!!네이버 최고최고!!!!!❤️❤️❤️❤️❤️❤️❤️❤️😍😍😍😍","CHATTING","2020-12-14T19:55:00","3298570","False","2020-12-14T19:00:01.43","2026-05-21T13:10:23.073724+00:00"
"37802","41088543","0","cNZKd","jwu","대박 혜택이","CHATTING","2020-12-14T19:55:00","3298570","False","2020-12-14T19:00:01.43","2026-05-21T13:10:23.073724+00:00"
"37802","41088544","0","5G8NA","gneik","카페에서도 편하게 써요~~!!","CHATTING","2020-12-14T19:55:00","3298570","False","2020-12-14T19:00:01.43","2026-05-21T13:10:23.073724+00:00"
"37802","41088546","0","2LFG1","팡수우","진짜 한달만 이용해봐도 본전 뽑아요ㅋㅋㅋㅋㅋ가입비 무료인셈","CHATTING","2020-12-14T19:55:00","3298570","False","2020-12-14T19:00:01.43","2026-05-21T13:10:23.073724+00:00"
"37802","41088549","0","a4g6P","째째","12개월 혜택 가즈아!","CHATTING","2020-12-14T19:55:00","3298570","False","2020-12-14T19:00:01.43","2026-05-21T13:10:23.073724+00:00"
"37802","41088551","0","5JqrF","박쭈꾸","와 설명 듣다보니 1시간 후딱이네요","CHATTING","2020-12-14T19:55:01","3299570","False","2020-12-14T19:00:01.43","2026-05-21T13:10:23.073724+00:00"
"37802","41088552","0","34Ccg","yiyi****","적립금쏠쏠합니다.꼭 이용해보세요.진짜 짱입니다.","CHATTING","2020-12-14T19:55:01","3299570","False","2020-12-14T19:00:01.43","2026-05-21T13:10:23.073724+00:00"
"37802","41088553","0","aHynf","블랙파워","혜택좋네요","CHATTING","2020-12-14T19:55:01","3299570","False","2020-12-14T19:00:01.43","2026-05-21T13:10:23.073724+00:00"
"37802","41088554","0","cBQ5Z","룰루랄라","네/네이버 맴버쉽을 이/이라방을 보고 가입하세요 버/버스 떠나기전에 잡으세요!! 혜택짱이에요♥","CHATTING","2020-12-14T19:55:01","3299570","False","2020-12-14T19:00:01.43","2026-05-21T13:10:23.073724+00:00"
"37802","41088555","0","OYvj","won7****","생각보다 네이버로 쇼핑을 많이 하게되욤 ㅋ","CHATTING","2020-12-14T19:55:01","3299570","False","2020-12-14T19:00:01.43","2026-05-21T13:10:23.073724+00:00"
"37802","41088557","0","1E4pp","엘린","한번경험해보면 해지 절대 못함","CHATTING","2020-12-14T19:55:01","3299570","False","2020-12-14T19:00:01.43","2026-05-21T13:10:23.073724+00:00"
"37802","41088560","0","5QObt","YOUNG","대박이네요","CHATTING","2020-12-14T19:55:01","3299570","False","2020-12-14T19:00:01.43","2026-05-21T13:10:23.073724+00:00"
"37802","41088561","0","3uy3W","미사","한번 써보면 딴거 못써요","CHATTING","2020-12-14T19:55:01","3299570","False","2020-12-14T19:00:01.43","2026-05-21T13:10:23.073724+00:00"
"37802","41088564","0","VKag","골드후아유","어제롯데마트털어옴","CHATTING","2020-12-14T19:55:01","3299570","False","2020-12-14T19:00:01.43","2026-05-21T13:10:23.073724+00:00"
"37802","41088567","0","2naPy","달빛사냥","최고네요","CHATTING","2020-12-14T19:55:01","3299570","False","2020-12-14T19:00:01.43","2026-05-21T13:10:23.073724+00:00"
"37802","41088568","0","7qcY7","김지원","혜택대박이네요ㅋㅋㅋ","CHATTING","2020-12-14T19:55:01","3299570","False","2020-12-14T19:00:01.43","2026-05-21T13:10:23.073724+00:00"
"37802","41088569","0","2ywlz","민트향기","네이버플러스","CHATTING","2020-12-14T19:55:01","3299570","False","2020-12-14T19:00:01.43","2026-05-21T13:10:23.073724+00:00"
"37802","41088571","0","4vnUI","디비디비딥","기존가입자입니다~~~!","CHATTING","2020-12-14T19:55:01","3299570","False","2020-12-14T19:00:01.43","2026-05-21T13:10:23.073724+00:00"
"37802","41088572","0","3bx9h","만사형통","혜택킹왕짱👍👍👍👍👍","CHATTING","2020-12-14T19:55:01","3299570","False","2020-12-14T19:00:01.43","2026-05-21T13:10:23.073724+00:00"
"37802","41088573","0","8Dw8y","sweetsweet","이번달 편의점 첫결제 50퍼라 넘좋음","CHATTING","2020-12-14T19:55:01","3299570","False","2020-12-14T19:00:01.43","2026-05-21T13:10:23.073724+00:00"
"37802","41088575","0","4E7uL","도비는 자유","쿠기만해도 진짜 혜자인데","CHATTING","2020-12-14T19:55:01","3299570","False","2020-12-14T19:00:01.43","2026-05-21T13:10:23.073724+00:00"
"37802","41088577","0","u8E6","꼬맹이","💚💛혜택 좋은 네이버 플러스 멤버십~~이제부터 누려보겠어요💚🧡👍👍","CHATTING","2020-12-14T19:55:02","3300570","False","2020-12-14T19:00:01.43","2026-05-21T13:10:23.073724+00:00"
"37802","41088582","0","62IZK","안수연","마자요 사용해보면 생각보다 적립이 진짜 잘돼요","CHATTING","2020-12-14T19:55:02","3300570","False","2020-12-14T19:00:01.43","2026-05-21T13:10:23.073724+00:00"
"37802","41088584","0","clpMe","wls","혜택 정말 좋네요~","CHATTING","2020-12-14T19:55:02","3300570","False","2020-12-14T19:00:01.43","2026-05-21T13:10:23.073724+00:00"
"37802","41088585","0","4dDeT","S2뽁이얌S2","가입했어용~!!!!설명~아주 귀에 쏙쏙 들어오네요~!!!!!12개월 쏘아 주세용~!!!!!!!!!!!!뽕 뽑게해주세용~!!!!!","CHATTING","2020-12-14T19:55:02","3300570","False","2020-12-14T19:00:01.43","2026-05-21T13:10:23.073724+00:00"
"37802","41088586","0","6jjMw","홍서연","네이버쇼핑하시면 가입하세용 진짜 꿀🐝🍯🍯🍯","CHATTING","2020-12-14T19:55:02","3300570","False","2020-12-14T19:00:01.43","2026-05-21T13:10:23.073724+00:00"
"37802","41088588","0","6iUT","모모","손가락 아프게 한시간 내내 응원중~ 적립금 팍팍~다양한 콘텐츠 혜택 팍팍팍~ 열심히 응원합니다 ~ 네이버 플러스 멤버십 대박나세요~","CHATTING","2020-12-14T19:55:02","3300570","False","2020-12-14T19:00:01.43","2026-05-21T13:10:23.073724+00:00"
"37802","41088591","0","2tjLj","복불복인생","맞음","CHATTING","2020-12-14T19:55:02","3300570","False","2020-12-14T19:00:01.43","2026-05-21T13:10:23.073724+00:00"
"37802","41088594","0","1u9Ea","창의야놀자","안녕","CHATTING","2020-12-14T19:55:02","3300570","False","2020-12-14T19:00:01.43","2026-05-21T13:10:23.073724+00:00"
"37802","41088595","0","2cz8t","라방홀릭","오늘 스마트주문 했더니 9% 적립되었어요","CHATTING","2020-12-14T19:55:02","3300570","False","2020-12-14T19:00:01.43","2026-05-21T13:10:23.073724+00:00"
"37802","41088596","0","bJV3i","린느","혜택좋네요","CHATTING","2020-12-14T19:55:02","3300570","False","2020-12-14T19:00:01.43","2026-05-21T13:10:23.073724+00:00"
"37802","41088599","0","JUIt","소리마마","써봐야알아요~~","CHATTING","2020-12-14T19:55:03","3301570","False","2020-12-14T19:00:01.43","2026-05-21T13:10:23.073724+00:00"
"37802","41088601","0","2gcnO","아오야요","기존가입자입니당~~","CHATTING","2020-12-14T19:55:03","3301570","False","2020-12-14T19:00:01.43","2026-05-21T13:10:23.073724+00:00"
"37802","41088606","0","1MdYH","소중한너","좋습니다~","CHATTING","2020-12-14T19:55:03","3301570","False","2020-12-14T19:00:01.43","2026-05-21T13:10:23.073724+00:00"
"37802","41088608","0","2N4Oj","아낌없이","오늘부터 멤버쉽회원 되었는데, 왠지 한번 사용하면 평생 함께 할듯요","CHATTING","2020-12-14T19:55:03","3301570","False","2020-12-14T19:00:01.43","2026-05-21T13:10:23.073724+00:00"
"37802","41088610","0","cCtFJ","lca","편해요","CHATTING","2020-12-14T19:55:03","3301570","False","2020-12-14T19:00:01.43","2026-05-21T13:10:23.073724+00:00"
"37802","41088611","0","4E7uL","도비는 자유","안그래여?","CHATTING","2020-12-14T19:55:03","3301570","False","2020-12-14T19:00:01.43","2026-05-21T13:10:23.073724+00:00"
"37802","41088614","0","brijc","그레이트게임","혜택이좋네요","CHATTING","2020-12-14T19:55:03","3301570","False","2020-12-14T19:00:01.43","2026-05-21T13:10:23.073724+00:00"
"37802","41088615","0","cBQ5Z","룰루랄라","네/네이버 맴버쉽을 이/이라방을 보고 가입하세요 버/버스 떠나기전에 잡으세요!! 혜택짱이에요♥","CHATTING","2020-12-14T19:55:03","3301570","False","2020-12-14T19:00:01.43","2026-05-21T13:10:23.073724+00:00"
"37802","41088616","0","2lLqc","miss****","12월안에 편의점 2천원이상 결제 천원 적립","CHATTING","2020-12-14T19:55:03","3301570","False","2020-12-14T19:00:01.43","2026-05-21T13:10:23.073724+00:00"
"37802","41088618","0","2gzTu","로미","밖에 못나가서 맨날 네이버쇼핑 구경하고 구입해요! 혜택도많고 사용도 편한 네이버플러스멤버쉽 응원합니다!!","CHATTING","2020-12-14T19:55:03","3301570","False","2020-12-14T19:00:01.43","2026-05-21T13:10:23.073724+00:00"
"37802","41088620","0","y0CE","xxsz****","오호 고고","CHATTING","2020-12-14T19:55:03","3301570","False","2020-12-14T19:00:01.43","2026-05-21T13:10:23.073724+00:00"
"37802","41088621","0","3sS7v","혜나","편의점에서 사용하니까 편하고 좋았어요!!","CHATTING","2020-12-14T19:55:04","3302570","False","2020-12-14T19:00:01.43","2026-05-21T13:10:23.073724+00:00"
"37802","41088622","0","3KpYp","yyy","맞아 너무 편해요","CHATTING","2020-12-14T19:55:04","3302570","False","2020-12-14T19:00:01.43","2026-05-21T13:10:23.073724+00:00"
"37802","41088627","0","4gYed","UG","2개월 추가되었으면 좋겠네요","CHATTING","2020-12-14T19:55:04","3302570","False","2020-12-14T19:00:01.43","2026-05-21T13:10:23.073724+00:00"
"37802","41088629","0","2oCBr","sujg****","넘 좋네유","CHATTING","2020-12-14T19:55:04","3302570","False","2020-12-14T19:00:01.43","2026-05-21T13:10:23.073724+00:00"
"37802","41088634","0","3zcKa","루즈","진짜 혜자네요","CHATTING","2020-12-14T19:55:04","3302570","False","2020-12-14T19:00:01.43","2026-05-21T13:10:23.073724+00:00"
"37802","41088635","0","5QObt","YOUNG","혜택이 좋네요","CHATTING","2020-12-14T19:55:04","3302570","False","2020-12-14T19:00:01.43","2026-05-21T13:10:23.073724+00:00"
"37802","41088636","0","33MdR","어치비이","우리 모두 널리 널리 알립시당","CHATTING","2020-12-14T19:55:04","3302570","False","2020-12-14T19:00:01.43","2026-05-21T13:10:23.073724+00:00"
"37802","41088640","0","4nOEI","산토리니","완전 부럽.. 저도 당첨이란걸 되게 해주세용ㅋㅋ","CHATTING","2020-12-14T19:55:05","3303570","False","2020-12-14T19:00:01.43","2026-05-21T13:10:23.073724+00:00"
"37802","41088641","0","2i3PD","사과셋","좋은 혜택이 많아서","CHATTING","2020-12-14T19:55:05","3303570","False","2020-12-14T19:00:01.43","2026-05-21T13:10:23.073724+00:00"
"37802","41088642","0","IVvI","루메나","대박이네요","CHATTING","2020-12-14T19:55:05","3303570","False","2020-12-14T19:00:01.43","2026-05-21T13:10:23.073724+00:00"
"37802","41088643","0","1RimI","Khan","이거끝나면","CHATTING","2020-12-14T19:55:05","3303570","False","2020-12-14T19:00:01.43","2026-05-21T13:10:23.073724+00:00"
"37802","41088644","0","6jjMw","홍서연","네이버쇼핑하시면 가입하세용 진짜 꿀🐝🍯🍯🍯","CHATTING","2020-12-14T19:55:05","3303570","False","2020-12-14T19:00:01.43","2026-05-21T13:10:23.073724+00:00"
"37802","41088645","0","509zJ","노네임","편리하져","CHATTING","2020-12-14T19:55:05","3303570","False","2020-12-14T19:00:01.43","2026-05-21T13:10:23.073724+00:00"
"37802","41088647","0","17Xcx","째미야","네이버 플러스 멤버쉽 최고에요","CHATTING","2020-12-14T19:55:05","3303570","False","2020-12-14T19:00:01.43","2026-05-21T13:10:23.073724+00:00"
"37802","41088651","0","N0pG","아렌트","편의점 저번에 44퍼 적립도 했었죠","CHATTING","2020-12-14T19:55:05","3303570","False","2020-12-14T19:00:01.43","2026-05-21T13:10:23.073724+00:00"
"37802","41088652","0","3C2qJ","요정","멤버십데이라니 정말좋네요","CHATTING","2020-12-14T19:55:05","3303570","False","2020-12-14T19:00:01.43","2026-05-21T13:10:23.073724+00:00"
"37802","41088654","0","3jxzW","말달리자","저는 롯데마트에서 사용했는데 잘 결제해주셔요!","CHATTING","2020-12-14T19:55:05","3303570","False","2020-12-14T19:00:01.43","2026-05-21T13:10:23.073724+00:00"
"37802","41088655","0","17b0r","히뚜다히뚜","네이버 멤버십 너무너무 잘쓰고 있어요~!!!!!!!!노래도 너무너무 잘듣고 있구요~장보기도 꿀혜택이예요~!!!12개월 당첨 가즈아~!!!!!!!!!!!!!!","CHATTING","2020-12-14T19:55:05","3303570","False","2020-12-14T19:00:01.43","2026-05-21T13:10:23.073724+00:00"
"37802","41088658","0","Eoka","테디공주","멤버십 혜택이 오프라인에서도 되니까 그게 유용한것 같아요","CHATTING","2020-12-14T19:55:05","3303570","False","2020-12-14T19:00:01.43","2026-05-21T13:10:23.073724+00:00"
"37802","41088659","0","4pUm4","다온","두마리 토끼 다 잡을 수 있네용","CHATTING","2020-12-14T19:55:05","3303570","False","2020-12-14T19:00:01.43","2026-05-21T13:10:23.073724+00:00"
"37802","41088660","0","4E7uL","도비는 자유","넘 좋음","CHATTING","2020-12-14T19:55:05","3303570","False","2020-12-14T19:00:01.43","2026-05-21T13:10:23.073724+00:00"
"37802","41088661","0","dbDjE","lyh","멤버십 안하면 손해죠","CHATTING","2020-12-14T19:55:05","3303570","False","2020-12-14T19:00:01.43","2026-05-21T13:10:23.073724+00:00"
"37802","41088664","0","Lrcd","햄","편의점 사용시 뽑기로 적립도 되고","CHATTING","2020-12-14T19:55:06","3304570","False","2020-12-14T19:00:01.43","2026-05-21T13:10:23.073724+00:00"
"37802","41088665","0","1Zh2O","jiiinii","기존 가입자라 아쉽네요","CHATTING","2020-12-14T19:55:06","3304570","False","2020-12-14T19:00:01.43","2026-05-21T13:10:23.073724+00:00"
"37802","41088667","0","2n65d","하이코스","대박","CHATTING","2020-12-14T19:55:06","3304570","False","2020-12-14T19:00:01.43","2026-05-21T13:10:23.073724+00:00"
"37802","41088669","0","1BTUs","아라리","뭐 필요하면 네이버 쇼핑부터 뒤지는 1인 입니다~~❤️❤️❤️네이버 멤버쉽 진짜 잘쓰고 있어요!!고마워요!!!멤버쉽데이 화이팅!!❤️❤️❤️❤️","CHATTING","2020-12-14T19:55:06","3304570","False","2020-12-14T19:00:01.43","2026-05-21T13:10:23.073724+00:00"
"37802","41088670","0","1u9Ea","창의야놀자","ㅋ","CHATTING","2020-12-14T19:55:06","3304570","False","2020-12-14T19:00:01.43","2026-05-21T13:10:23.073724+00:00"
"37802","41088674","0","cbtyA","하리","짱","CHATTING","2020-12-14T19:55:06","3304570","False","2020-12-14T19:00:01.43","2026-05-21T13:10:23.073724+00:00"
"37802","41088675","0","gdmE","웅계","ㅎㅎ인기봐 10만명이라니","CHATTING","2020-12-14T19:55:06","3304570","False","2020-12-14T19:00:01.43","2026-05-21T13:10:23.073724+00:00"
"37802","41088677","0","3iIS9","hara****","가입해서잘쓰고있어요","CHATTING","2020-12-14T19:55:06","3304570","False","2020-12-14T19:00:01.43","2026-05-21T13:10:23.073724+00:00"
"37802","41088678","0","9agtL","농농","와 12개월 혜택이라니","CHATTING","2020-12-14T19:55:06","3304570","False","2020-12-14T19:00:01.43","2026-05-21T13:10:23.073724+00:00"
"37802","41088679","0","cyAI7","별이 빛나는 밤","2개월 무료 부럽","CHATTING","2020-12-14T19:55:06","3304570","False","2020-12-14T19:00:01.43","2026-05-21T13:10:23.073724+00:00"
"37802","41088681","0","1IPJr","프리러브","내 용돈 절약돼요","CHATTING","2020-12-14T19:55:06","3304570","False","2020-12-14T19:00:01.43","2026-05-21T13:10:23.073724+00:00"
"37802","41088682","0","4KulN","happyday","멤버십 필수다아","CHATTING","2020-12-14T19:55:06","3304570","False","2020-12-14T19:00:01.43","2026-05-21T13:10:23.073724+00:00"
"37802","41088683","0","HEbc","hhan****","해지했던 사람은 가입해도될까요?","CHATTING","2020-12-14T19:55:06","3304570","False","2020-12-14T19:00:01.43","2026-05-21T13:10:23.073724+00:00"
"37802","41088684","0","2dB4Y","caffelatte","전 이디야에서 결제해요 ㅋㅋ편해요","CHATTING","2020-12-14T19:55:06","3304570","False","2020-12-14T19:00:01.43","2026-05-21T13:10:23.073724+00:00"
"37802","41088692","0","cCPnK","zau","추첨 당첨주오~","CHATTING","2020-12-14T19:55:07","3305570","False","2020-12-14T19:00:01.43","2026-05-21T13:10:23.073724+00:00"
"37802","41088693","0","1D8JX","파인트리","얼마전에 편의점 결제도 했죠","CHATTING","2020-12-14T19:55:07","3305570","False","2020-12-14T19:00:01.43","2026-05-21T13:10:23.073724+00:00"
"37802","41088695","0","vEdt","매일매일맑음","적립금으로 멤버십 이용료 결제되니까 개꿀","CHATTING","2020-12-14T19:55:07","3305570","False","2020-12-14T19:00:01.43","2026-05-21T13:10:23.073724+00:00"
"37802","41088696","0","2h8o3","빵빵대박","맞습니다!!!!!!!!!!!!!!!1","CHATTING","2020-12-14T19:55:07","3305570","False","2020-12-14T19:00:01.43","2026-05-21T13:10:23.073724+00:00"
"37802","41088697","0","1cLiL","나루","혜택좋네요","CHATTING","2020-12-14T19:55:07","3305570","False","2020-12-14T19:00:01.43","2026-05-21T13:10:23.073724+00:00"
"37802","41088701","0","1dPhl","레아","정말 최고의 맴버쉽!! 실용성 갑!","CHATTING","2020-12-14T19:55:07","3305570","False","2020-12-14T19:00:01.43","2026-05-21T13:10:23.073724+00:00"
"37802","41088702","0","2byt9","필로","편의점~","CHATTING","2020-12-14T19:55:07","3305570","False","2020-12-14T19:00:01.43","2026-05-21T13:10:23.073724+00:00"
"37802","41088704","0","1ZVcS","하우와우","달마다 고를 수 있는 것도 대박입니다.","CHATTING","2020-12-14T19:55:07","3305570","False","2020-12-14T19:00:01.43","2026-05-21T13:10:23.073724+00:00"
"37802","41088706","0","Y64W","LKUN","gs칼텍스 셀프주유소에서도 되요!!","CHATTING","2020-12-14T19:55:07","3305570","False","2020-12-14T19:00:01.43","2026-05-21T13:10:23.073724+00:00"
"37802","41088707","0","2bfhJ","Aa","한달만 써볼까?하고 가입후 여태 계속 쓰고있어요","CHATTING","2020-12-14T19:55:07","3305570","False","2020-12-14T19:00:01.43","2026-05-21T13:10:23.073724+00:00"
"37802","41088708","0","xiZO","달천새댁","더 많은 혜택이 생기길","CHATTING","2020-12-14T19:55:07","3305570","False","2020-12-14T19:00:01.43","2026-05-21T13:10:23.073724+00:00"
"37802","41088709","0","pv4J","순수소녀","1개월 무료 더 됐으면 좋겠네요ㅎㅎ","CHATTING","2020-12-14T19:55:07","3305570","False","2020-12-14T19:00:01.43","2026-05-21T13:10:23.073724+00:00"
"37802","41088711","0","3Dcoz","jpmh","선물하기까지해거 알뜰하게 써요","CHATTING","2020-12-14T19:55:08","3306570","False","2020-12-14T19:00:01.43","2026-05-21T13:10:23.073724+00:00"
"37802","41088712","0","4HdI7","륜","맞아요 지갑필요없어요","CHATTING","2020-12-14T19:55:08","3306570","False","2020-12-14T19:00:01.43","2026-05-21T13:10:23.073724+00:00"
"37802","41088713","0","6jjMw","홍서연","네이버쇼핑하시면 가입하세용 진짜 꿀🐝🍯🍯🍯","CHATTING","2020-12-14T19:55:08","3306570","False","2020-12-14T19:00:01.43","2026-05-21T13:10:23.073724+00:00"
"37802","41088717","0","33MdR","어치비이","오늘 장보기 각이에융","CHATTING","2020-12-14T19:55:08","3306570","False","2020-12-14T19:00:01.43","2026-05-21T13:10:23.073724+00:00"
"37802","41088719","0","1DmFf","떠나고싶다","멤버십 진짜 좋은거 같아요","CHATTING","2020-12-14T19:55:08","3306570","False","2020-12-14T19:00:01.43","2026-05-21T13:10:23.073724+00:00"
"37802","41088722","0","3Eexn","pji9****","혜택 좋네요❣","CHATTING","2020-12-14T19:55:08","3306570","False","2020-12-14T19:00:01.43","2026-05-21T13:10:23.073724+00:00"
"37802","41088723","0","5VXhn","윤동주","가입해서잘쓰고있어요","CHATTING","2020-12-14T19:55:08","3306570","False","2020-12-14T19:00:01.43","2026-05-21T13:10:23.073724+00:00"
"37802","41088725","0","17Xcx","째미야","진짜 끊을 수 없어요","CHATTING","2020-12-14T19:55:08","3306570","False","2020-12-14T19:00:01.43","2026-05-21T13:10:23.073724+00:00"
"37802","41088727","0","cbtyA","하리","와우","CHATTING","2020-12-14T19:55:08","3306570","False","2020-12-14T19:00:01.43","2026-05-21T13:10:23.073724+00:00"
"37802","41088728","0","HEbc","hhan****","해지했던 사람은 가입해도될까요?","CHATTING","2020-12-14T19:55:09","3307570","False","2020-12-14T19:00:01.43","2026-05-21T13:10:23.073724+00:00"
"37802","41088729","0","BTWv","mintlover","으아 잊고 너무늦게들어왔어요 ㅠㅠ","CHATTING","2020-12-14T19:55:09","3307570","False","2020-12-14T19:00:01.43","2026-05-21T13:10:23.073724+00:00"
"37802","41088730","0","485rz","ㄱㄱㄱ","선남선녀 진행자분들이 말씀하시는거라 더 믿음갑니당ㅎㅎ","CHATTING","2020-12-14T19:55:09","3307570","False","2020-12-14T19:00:01.43","2026-05-21T13:10:23.073724+00:00"
"37802","41088731","0","4tA9I","HJ","혜택 최고~","CHATTING","2020-12-14T19:55:09","3307570","False","2020-12-14T19:00:01.43","2026-05-21T13:10:23.073724+00:00"
"37802","41088732","0","1RimI","Khan","바로쇼핑할래요","CHATTING","2020-12-14T19:55:09","3307570","False","2020-12-14T19:00:01.43","2026-05-21T13:10:23.073724+00:00"
"37802","41088733","0","1kqLA","이야이야오","멤버십 데이날 가입해야 좋은 기회네요","CHATTING","2020-12-14T19:55:09","3307570","False","2020-12-14T19:00:01.43","2026-05-21T13:10:23.073724+00:00"
"37802","41088734","0","Lrcd","햄","완전 혜자에요","CHATTING","2020-12-14T19:55:09","3307570","False","2020-12-14T19:00:01.43","2026-05-21T13:10:23.073724+00:00"
"37802","41088735","0","QhoI","hund****","ㅎㅎㅎ","CHATTING","2020-12-14T19:55:09","3307570","False","2020-12-14T19:00:01.43","2026-05-21T13:10:23.073724+00:00"
"37802","41088737","0","OYvj","won7****","이것저곳 많이 생겨서 ㅎ","CHATTING","2020-12-14T19:55:09","3307570","False","2020-12-14T19:00:01.43","2026-05-21T13:10:23.073724+00:00"
"37802","41088738","0","6fpeZ","달달구리","❤🧡네이버 플러스 멤버쉽 대세죠~~~👍👍👍","CHATTING","2020-12-14T19:55:09","3307570","False","2020-12-14T19:00:01.43","2026-05-21T13:10:23.073724+00:00"
"37802","41088739","0","2goGz","도협","너무 맘에드네요","CHATTING","2020-12-14T19:55:09","3307570","False","2020-12-14T19:00:01.43","2026-05-21T13:10:23.073724+00:00"
"37802","41088743","0","BsXW","다이나믹","한번도 안써본사람은 있어도","CHATTING","2020-12-14T19:55:09","3307570","False","2020-12-14T19:00:01.43","2026-05-21T13:10:23.073724+00:00"
"37802","41088746","0","z3kw","벨루3","12개월 이용권 당첨 비나이다 비나이다~~!!!","CHATTING","2020-12-14T19:55:09","3307570","False","2020-12-14T19:00:01.43","2026-05-21T13:10:23.073724+00:00"
"37802","41088748","0","5sppi","요니","한번 쓰다보면 ㅋㅋㅋ","CHATTING","2020-12-14T19:55:09","3307570","False","2020-12-14T19:00:01.43","2026-05-21T13:10:23.073724+00:00"
"37802","41088749","0","cBQ5Z","룰루랄라","네/네이버 맴버쉽을 이/이라방을 보고 가입하세요 버/버스 떠나기전에 잡으세요!! 혜택짱이에요♥","CHATTING","2020-12-14T19:55:09","3307570","False","2020-12-14T19:00:01.43","2026-05-21T13:10:23.073724+00:00"
"37802","41088750","0","2IwLm","날씬해","간편결제가 편합니다 편의점에서","CHATTING","2020-12-14T19:55:10","3308570","False","2020-12-14T19:00:01.43","2026-05-21T13:10:23.073724+00:00"
"37802","41088751","0","5rdOP","동지","2개월무료라니좋네요","CHATTING","2020-12-14T19:55:10","3308570","False","2020-12-14T19:00:01.43","2026-05-21T13:10:23.073724+00:00"
"37802","41088752","0","3ZsXb","qeqeqeqeq","스마트결제 너무 좋아용","CHATTING","2020-12-14T19:55:10","3308570","False","2020-12-14T19:00:01.43","2026-05-21T13:10:23.073724+00:00"
"37802","41088753","0","ZWX1","사콩다리","적립금쌓일때 쾌감이 있어요","CHATTING","2020-12-14T19:55:10","3308570","False","2020-12-14T19:00:01.43","2026-05-21T13:10:23.073724+00:00"
"37802","41088754","0","cxEUQ","힘을 내요","너무 재밌어요","CHATTING","2020-12-14T19:55:10","3308570","False","2020-12-14T19:00:01.43","2026-05-21T13:10:23.073724+00:00"
"37802","41088757","0","ru56","Bonheure","네이버 멤버쉽 최고ㅠㅠㅜㅜㅜㅜㅜ❤️❤️❤️","CHATTING","2020-12-14T19:55:10","3308570","False","2020-12-14T19:00:01.43","2026-05-21T13:10:23.073724+00:00"
"37802","41088758","0","3C2qJ","요정","오늘도 7만원어치 샀다능 ㅋㅋ","CHATTING","2020-12-14T19:55:10","3308570","False","2020-12-14T19:00:01.43","2026-05-21T13:10:23.073724+00:00"
"37802","41088762","0","2E6Y0","코코별","커피숍에서도 쓸 수 있어요","CHATTING","2020-12-14T19:55:10","3308570","False","2020-12-14T19:00:01.43","2026-05-21T13:10:23.073724+00:00"
"37802","41088763","0","17b0r","히뚜다히뚜","네이버 멤버십 너무너무 잘쓰고 있어요~!!!!!!!!노래도 너무너무 잘듣고 있구요~장보기도 꿀혜택이예요~!!!12개월 당첨 가즈아~!!!!!!!!!!!!!!","CHATTING","2020-12-14T19:55:10","3308570","False","2020-12-14T19:00:01.43","2026-05-21T13:10:23.073724+00:00"
"37802","41088767","0","5oTLP","똘랑","편의점 은근 자주 가는데 휴대폰만 챙기면 되겠네요","CHATTING","2020-12-14T19:55:10","3308570","False","2020-12-14T19:00:01.43","2026-05-21T13:10:23.073724+00:00"
"37802","41088768","0","4QTuZ","사우","흠흠","CHATTING","2020-12-14T19:55:10","3308570","False","2020-12-14T19:00:01.43","2026-05-21T13:10:23.073724+00:00"
"37802","41088769","0","2Crxj","포카리","부럽네요","CHATTING","2020-12-14T19:55:10","3308570","False","2020-12-14T19:00:01.43","2026-05-21T13:10:23.073724+00:00"
"37802","41088770","0","1pBUa","멍","7월부터 가입해서 쓰고있어요~","CHATTING","2020-12-14T19:55:10","3308570","False","2020-12-14T19:00:01.43","2026-05-21T13:10:23.073724+00:00"
"37802","41088772","0","2F7rj","파란구름","적립금으로 물건 사는 거 정말 쏠쏠해요","CHATTING","2020-12-14T19:55:11","3309570","False","2020-12-14T19:00:01.43","2026-05-21T13:10:23.073724+00:00"
"37802","41088773","0","EL1k","audt****","최고최고","CHATTING","2020-12-14T19:55:11","3309570","False","2020-12-14T19:00:01.43","2026-05-21T13:10:23.073724+00:00"
"37802","41088776","0","1lDaD","해피데이","멤버십 좋은데 가맹점에서 헤매요.ㅋㅋ","CHATTING","2020-12-14T19:55:11","3309570","False","2020-12-14T19:00:01.43","2026-05-21T13:10:23.073724+00:00"
"37802","41088778","0","4E7uL","도비는 자유","네이버 멤버십 플러스","CHATTING","2020-12-14T19:55:11","3309570","False","2020-12-14T19:00:01.43","2026-05-21T13:10:23.073724+00:00"
"37802","41088783","0","l2wn","Jamie Kim","4개월째 쓰는데 다른 멤버쉽보다 적립이나 혜택이 많아서 바로 다 갈아탔오요","CHATTING","2020-12-14T19:55:11","3309570","False","2020-12-14T19:00:01.43","2026-05-21T13:10:23.073724+00:00"
"37802","41088785","0","2pFMQ","who","하트 꾹","CHATTING","2020-12-14T19:55:11","3309570","False","2020-12-14T19:00:01.43","2026-05-21T13:10:23.073724+00:00"
"37802","41088787","0","3Ppwk","어게인블루","저요~ 편의점에서 근무해서 근무할때 사용해요","CHATTING","2020-12-14T19:55:11","3309570","False","2020-12-14T19:00:01.43","2026-05-21T13:10:23.073724+00:00"
"37802","41088788","0","2i6uN","아오","쇼핑은 네이버로❤","CHATTING","2020-12-14T19:55:11","3309570","False","2020-12-14T19:00:01.43","2026-05-21T13:10:23.073724+00:00"
"37802","41088798","0","1XmJV","지선","이제는 네이버 플러스 멤버십 적립 못받고 구매하면 손해보는 느낌입니다 ㅎㅎ 네이버 짱!","CHATTING","2020-12-14T19:55:12","3310570","False","2020-12-14T19:00:01.43","2026-05-21T13:10:23.073724+00:00"
"37802","41088802","0","12tD1","별보러갈까","2개월 무료 받고싶어요","CHATTING","2020-12-14T19:55:12","3310570","False","2020-12-14T19:00:01.43","2026-05-21T13:10:23.073724+00:00"
"37802","41088804","0","1u9Ea","창의야놀자","놀쟈!","CHATTING","2020-12-14T19:55:12","3310570","False","2020-12-14T19:00:01.43","2026-05-21T13:10:23.073724+00:00"
"37802","41088805","0","cxEUQ","힘을 내요","10만명 인기 최고","CHATTING","2020-12-14T19:55:12","3310570","False","2020-12-14T19:00:01.43","2026-05-21T13:10:23.073724+00:00"
"37802","41088806","0","1D8JX","파인트리","이디야도 갔어요","CHATTING","2020-12-14T19:55:12","3310570","False","2020-12-14T19:00:01.43","2026-05-21T13:10:23.073724+00:00"
"37802","41088808","0","5I10t","별","몇시까지 방송하나요??","CHATTING","2020-12-14T19:55:12","3310570","False","2020-12-14T19:00:01.43","2026-05-21T13:10:23.073724+00:00"
"37802","41088809","0","dm2ss","sim","혜택 장난아니다","CHATTING","2020-12-14T19:55:12","3310570","False","2020-12-14T19:00:01.43","2026-05-21T13:10:23.073724+00:00"
"37802","41088810","0","8QLxr","이점순","가입해서잘쓰고있어요","CHATTING","2020-12-14T19:55:12","3310570","False","2020-12-14T19:00:01.43","2026-05-21T13:10:23.073724+00:00"
"37802","41088811","0","v7i0","동물원꿀벌","ㅠㅡㅠ 노래 들을 수 있어 좋음","CHATTING","2020-12-14T19:55:12","3310570","False","2020-12-14T19:00:01.43","2026-05-21T13:10:23.073724+00:00"
"37802","41088814","0","HEbc","hhan****","해지했던 사람은 가입해도될까요?","CHATTING","2020-12-14T19:55:12","3310570","False","2020-12-14T19:00:01.43","2026-05-21T13:10:23.073724+00:00"
"37802","41088815","0","1wWiK","미요미","진짜 편해요","CHATTING","2020-12-14T19:55:12","3310570","False","2020-12-14T19:00:01.43","2026-05-21T13:10:23.073724+00:00"
"37802","41088816","0","cbtyA","하리","무료","CHATTING","2020-12-14T19:55:12","3310570","False","2020-12-14T19:00:01.43","2026-05-21T13:10:23.073724+00:00"
"37802","41088818","0","1N28W","수현맘","요즘 코로나시대..어디 나가서 맘껏 쇼핑도 잘못하는데 네이버에서 쇼핑도 하고 적립도 많이 되고 할인도 많이 되고~남편없인 살아도 네이버 없이는 못살아요❤❤❤❤❤","CHATTING","2020-12-14T19:55:12","3310570","False","2020-12-14T19:00:01.43","2026-05-21T13:10:23.073724+00:00"
"37802","41088824","0","1N7ft","안복슝","2개월무료 아니고 결제가 되었는데요","CHATTING","2020-12-14T19:55:13","3311570","False","2020-12-14T19:00:01.43","2026-05-21T13:10:23.073724+00:00"
"37802","41088826","0","VfMW","다비맘","짱이에요","CHATTING","2020-12-14T19:55:13","3311570","False","2020-12-14T19:00:01.43","2026-05-21T13:10:23.073724+00:00"
"37802","41088827","0","Lrcd","햄","네이버 안사랑할수없어요 ㅠ","CHATTING","2020-12-14T19:55:13","3311570","False","2020-12-14T19:00:01.43","2026-05-21T13:10:23.073724+00:00"
"37802","41088831","0","1jfLr","아잉","오아","CHATTING","2020-12-14T19:55:13","3311570","False","2020-12-14T19:00:01.43","2026-05-21T13:10:23.073724+00:00"
"37802","41088833","0","H0Ul","woni","정말 처음부터 이용하고 있는데 해지 할 이유가 없더라구요~ 계속 사용하게 됩니다~😍","CHATTING","2020-12-14T19:55:13","3311570","False","2020-12-14T19:00:01.43","2026-05-21T13:10:23.073724+00:00"
"37802","41088834","0","3zcKa","루즈","요새 같은 불경기에","CHATTING","2020-12-14T19:55:13","3311570","False","2020-12-14T19:00:01.43","2026-05-21T13:10:23.073724+00:00"
"37802","41088835","0","4jruC","마이콜","대박나세요","CHATTING","2020-12-14T19:55:13","3311570","False","2020-12-14T19:00:01.43","2026-05-21T13:10:23.073724+00:00"
"37802","41088839","0","4H7l9","Movie","12개월은 정말 대박인데","CHATTING","2020-12-14T19:55:13","3311570","False","2020-12-14T19:00:01.43","2026-05-21T13:10:23.073724+00:00"
"37802","41088840","0","14Mio","사이다사이다","2개월 무료대박","CHATTING","2020-12-14T19:55:13","3311570","False","2020-12-14T19:00:01.43","2026-05-21T13:10:23.073724+00:00"
"37802","41088842","0","JUIt","소리마마","안써본사람은 몰라요 ㅎㅎ","CHATTING","2020-12-14T19:55:13","3311570","False","2020-12-14T19:00:01.43","2026-05-21T13:10:23.073724+00:00"
"37802","41088847","0","VKag","골드후아유","이제지갑버려야지","CHATTING","2020-12-14T19:55:14","3312570","False","2020-12-14T19:00:01.43","2026-05-21T13:10:23.073724+00:00"
"37802","41088850","0","5sppi","요니","해지 못함ㅋㅋ","CHATTING","2020-12-14T19:55:14","3312570","False","2020-12-14T19:00:01.43","2026-05-21T13:10:23.073724+00:00"
"37802","41088853","0","3a70M","Holly","12개원 이용권 제발 주라주라","CHATTING","2020-12-14T19:55:14","3312570","False","2020-12-14T19:00:01.43","2026-05-21T13:10:23.073724+00:00"
"37802","41088855","0","3C2qJ","요정","구매왕은 못되겠지만 ㅠㅠㅠ","CHATTING","2020-12-14T19:55:14","3312570","False","2020-12-14T19:00:01.43","2026-05-21T13:10:23.073724+00:00"
"37802","41088856","0","59f4u","쿨하자","한달 무료하고 결제해서 계속 쓰고있어요","CHATTING","2020-12-14T19:55:14","3312570","False","2020-12-14T19:00:01.43","2026-05-21T13:10:23.073724+00:00"
"37802","41088857","0","3iX4B","NSBP","교보문고랑 핫트랙스에서도 현장결제 돼요","CHATTING","2020-12-14T19:55:14","3312570","False","2020-12-14T19:00:01.43","2026-05-21T13:10:23.073724+00:00"
"37802","41088858","0","3HGha","쁘힛","이혜택은 안나온것 같아서요!","CHATTING","2020-12-14T19:55:14","3312570","False","2020-12-14T19:00:01.43","2026-05-21T13:10:23.073724+00:00"
"37802","41088860","0","clpMe","wls","정말 네이버 짱짱짱 입니다~","CHATTING","2020-12-14T19:55:14","3312570","False","2020-12-14T19:00:01.43","2026-05-21T13:10:23.073724+00:00"
"37802","41088863","0","13NXL","홍당무","넘 좋으네요","CHATTING","2020-12-14T19:55:15","3313570","False","2020-12-14T19:00:01.43","2026-05-21T13:10:23.073724+00:00"
"37802","41088864","0","5MwLX","you3****","혜택 좋네요","CHATTING","2020-12-14T19:55:15","3313570","False","2020-12-14T19:00:01.43","2026-05-21T13:10:23.073724+00:00"
"37802","41088865","0","BsXW","다이나믹","한번만쓴사람은 없디ㅏ","CHATTING","2020-12-14T19:55:15","3313570","False","2020-12-14T19:00:01.43","2026-05-21T13:10:23.073724+00:00"
"37802","41088866","0","cBQ5Z","룰루랄라","네/네이버 맴버쉽을 이/이라방을 보고 가입하세요 버/버스 떠나기전에 잡으세요!! 혜택짱이에요♥","CHATTING","2020-12-14T19:55:15","3313570","False","2020-12-14T19:00:01.43","2026-05-21T13:10:23.073724+00:00"
"37802","41088867","0","HEbc","hhan****","해지했던 사람은 가입해도될까요?","CHATTING","2020-12-14T19:55:15","3313570","False","2020-12-14T19:00:01.43","2026-05-21T13:10:23.073724+00:00"
"37802","41088869","0","1nNpo","직쏘Jigsaw","장보기도 둘러봐야겠어요","CHATTING","2020-12-14T19:55:15","3313570","False","2020-12-14T19:00:01.43","2026-05-21T13:10:23.074727+00:00"
"37802","41088870","0","QGWs","한sound","대박","CHATTING","2020-12-14T19:55:15","3313570","False","2020-12-14T19:00:01.43","2026-05-21T13:10:23.074727+00:00"
"37802","41088874","0","1sXsO","오비완","혜택 최고네여","CHATTING","2020-12-14T19:55:15","3313570","False","2020-12-14T19:00:01.43","2026-05-21T13:10:23.074727+00:00"
"37802","41088875","0","2cz8t","라방홀릭","오늘 스마트주문 했더니 진짜 9% 적립되었어요","CHATTING","2020-12-14T19:55:15","3313570","False","2020-12-14T19:00:01.43","2026-05-21T13:10:23.074727+00:00"
"37802","41088878","0","3g9LC","그린애플","대박대박","CHATTING","2020-12-14T19:55:15","3313570","False","2020-12-14T19:00:01.43","2026-05-21T13:10:23.074727+00:00"
"37802","41088881","0","1v2y3","김수정","플러스가입하기전에도 모아서 쓰는맛이 있었는데 진작 가입했으면 더 많이 모아서 잘썼을텐데~~ 이제라도 빡시게 알차게 써볼게요","CHATTING","2020-12-14T19:55:15","3313570","False","2020-12-14T19:00:01.43","2026-05-21T13:10:23.074727+00:00"
"37802","41088882","0","3j99a","syco****","맞아 맞아 진짜 저번에 편의점에서 라면 사먹음","CHATTING","2020-12-14T19:55:15","3313570","False","2020-12-14T19:00:01.43","2026-05-21T13:10:23.074727+00:00"
"37802","41088885","0","17b0r","히뚜다히뚜","네이버 멤버십 너무너무 잘쓰고 있어요~!!!!!!!!노래도 너무너무 잘듣고 있구요~장보기도 꿀혜택이예요~!!!12개월 당첨 가즈아~!!!!!!!!!!!!!!","CHATTING","2020-12-14T19:55:16","3314570","False","2020-12-14T19:00:01.43","2026-05-21T13:10:23.074727+00:00"
"37802","41088886","0","5hSyI","윤맘","편의점에서도 사용해보려구요","CHATTING","2020-12-14T19:55:16","3314570","False","2020-12-14T19:00:01.43","2026-05-21T13:10:23.074727+00:00"
"37802","41088889","0","1wWiK","미요미","최고예여","CHATTING","2020-12-14T19:55:16","3314570","False","2020-12-14T19:00:01.43","2026-05-21T13:10:23.074727+00:00"
"37802","41088898","0","4nLhA","PANDA","라이브방송에 멤버십까지 더해져서 나름 합리적인 소비중입니다~~~","CHATTING","2020-12-14T19:55:16","3314570","False","2020-12-14T19:00:01.43","2026-05-21T13:10:23.074727+00:00"
"37802","41088899","0","1oRaC","SHA","네이버 음악도 애용중이에요","CHATTING","2020-12-14T19:55:16","3314570","False","2020-12-14T19:00:01.43","2026-05-21T13:10:23.074727+00:00"
"37802","41088901","0","17Xcx","째미야","12개월 이용권이라니 ㅠㅠ","CHATTING","2020-12-14T19:55:16","3314570","False","2020-12-14T19:00:01.43","2026-05-21T13:10:23.074727+00:00"
"37802","41088902","0","39OTn","꾸루","지금도 너무 좋아서 이용하고 있지만 모르는 혜택 있을까봐 놓치지 않고 라방 함께해요 ㅋㅋㅋ","CHATTING","2020-12-14T19:55:16","3314570","False","2020-12-14T19:00:01.43","2026-05-21T13:10:23.074727+00:00"
"37802","41088907","0","3zcKa","루즈","정말 혜택 꿀임","CHATTING","2020-12-14T19:55:17","3315570","False","2020-12-14T19:00:01.43","2026-05-21T13:10:23.074727+00:00"
"37802","41088908","0","3aZSg","이뽀이뽀","가입하면 절대 후회안합니다","CHATTING","2020-12-14T19:55:17","3315570","False","2020-12-14T19:00:01.43","2026-05-21T13:10:23.074727+00:00"
"37802","41088912","0","ayHHT","깨알소비러","제발","CHATTING","2020-12-14T19:55:17","3315570","False","2020-12-14T19:00:01.43","2026-05-21T13:10:23.074727+00:00"
"37802","41088914","0","33MdR","어치비이","지금 바로 장보러 갑니다!!!","CHATTING","2020-12-14T19:55:17","3315570","False","2020-12-14T19:00:01.43","2026-05-21T13:10:23.074727+00:00"
"37802","41088915","0","2Yj66","뭘보니","이벤트 자주자주 해주세오용","CHATTING","2020-12-14T19:55:17","3315570","False","2020-12-14T19:00:01.43","2026-05-21T13:10:23.074727+00:00"
"37802","41088916","0","HEbc","hhan****","해지했던 사람은 가입해도될까요?","CHATTING","2020-12-14T19:55:17","3315570","False","2020-12-14T19:00:01.43","2026-05-21T13:10:23.074727+00:00"
"37802","41088917","0","62IZK","안수연","편의점 캐시백이벤트도 잘 받았어요","CHATTING","2020-12-14T19:55:17","3315570","False","2020-12-14T19:00:01.43","2026-05-21T13:10:23.074727+00:00"
"37802","41088921","0","2cz8t","라방홀릭","오늘 스마트주문 했더니 진짜 9% 적립되었어요","CHATTING","2020-12-14T19:55:17","3315570","False","2020-12-14T19:00:01.43","2026-05-21T13:10:23.074727+00:00"
"37802","41088922","0","cBQ5Z","룰루랄라","네/네이버 맴버쉽을 이/이라방을 보고 가입하세요 버/버스 떠나기전에 잡으세요!! 혜택짱이에요♥","CHATTING","2020-12-14T19:55:17","3315570","False","2020-12-14T19:00:01.43","2026-05-21T13:10:23.074727+00:00"
"37802","41088923","0","8kV5A","루니","편의점갈때 진짜 편하고 유용합니다💚💚💚","CHATTING","2020-12-14T19:55:18","3316570","False","2020-12-14T19:00:01.43","2026-05-21T13:10:23.074727+00:00"
"37802","41088926","0","2dk2y","아자루비아","혜택좋네요~","CHATTING","2020-12-14T19:55:18","3316570","False","2020-12-14T19:00:01.43","2026-05-21T13:10:23.074727+00:00"
"37802","41088928","0","2tjLj","복불복인생","오프라인도 쓸 수 있는게 정말 좋음.","CHATTING","2020-12-14T19:55:18","3316570","False","2020-12-14T19:00:01.43","2026-05-21T13:10:23.074727+00:00"
"37802","41088930","0","26oio","배려","한번만 써보시면 넘 편하다는거 아실거에요 ㅎㅎ","CHATTING","2020-12-14T19:55:18","3316570","False","2020-12-14T19:00:01.43","2026-05-21T13:10:23.074727+00:00"
"37802","41088933","0","cUaFL","별이된애옹","기존가입자도 ㅠㅠ","CHATTING","2020-12-14T19:55:18","3316570","False","2020-12-14T19:00:01.43","2026-05-21T13:10:23.074727+00:00"
"37802","41088937","0","cBBiH","82g","와우 좋아여","CHATTING","2020-12-14T19:55:18","3316570","False","2020-12-14T19:00:01.43","2026-05-21T13:10:23.074727+00:00"
"37802","41088941","0","1jfLr","아잉","저요 받고싶네여","CHATTING","2020-12-14T19:55:19","3317570","False","2020-12-14T19:00:01.43","2026-05-21T13:10:23.074727+00:00"
"37802","41088946","0","umIi","하얀달빛","아이폰도 되는거죠? 카드 현금없이","CHATTING","2020-12-14T19:55:19","3317570","False","2020-12-14T19:00:01.43","2026-05-21T13:10:23.074727+00:00"
"37802","41088949","0","2e6jg","지기","멤버십은........ 써보면 계속 쭈욱 쓰게 되더라구요~~~~~","CHATTING","2020-12-14T19:55:19","3317570","False","2020-12-14T19:00:01.43","2026-05-21T13:10:23.074727+00:00"
"37802","41088950","0","aNwpt","꿀사랑","대박","CHATTING","2020-12-14T19:55:19","3317570","False","2020-12-14T19:00:01.43","2026-05-21T13:10:23.074727+00:00"
"37802","41088952","0","3ok5t","makur5","웹튠 엄청좋아해요","CHATTING","2020-12-14T19:55:19","3317570","False","2020-12-14T19:00:01.43","2026-05-21T13:10:23.074727+00:00"
"37802","41088953","0","sj35","디어","그동안 사용하지 않아서 몰랐는데 좋은 혜택이 많네요!","CHATTING","2020-12-14T19:55:19","3317570","False","2020-12-14T19:00:01.43","2026-05-21T13:10:23.074727+00:00"
"37802","41088955","0","4KulN","happyday","찐이네","CHATTING","2020-12-14T19:55:19","3317570","False","2020-12-14T19:00:01.43","2026-05-21T13:10:23.074727+00:00"
"37802","41088960","0","1kRxL","일취월장","당첨 부럽네요 ㅠㅠ","CHATTING","2020-12-14T19:55:19","3317570","False","2020-12-14T19:00:01.43","2026-05-21T13:10:23.074727+00:00"
"37802","41088961","0","5oTLP","똘랑","혜택 돌려받기","CHATTING","2020-12-14T19:55:20","3318570","False","2020-12-14T19:00:01.43","2026-05-21T13:10:23.074727+00:00"
"37802","41088964","0","3e8qG","멋쟁이","진작 가입했으면 좋았을텐데","CHATTING","2020-12-14T19:55:20","3318570","False","2020-12-14T19:00:01.43","2026-05-21T13:10:23.074727+00:00"
"37802","41088966","0","2UtG3","이루리","쿠키까지 주는게 진짜 짱!!","CHATTING","2020-12-14T19:55:20","3318570","False","2020-12-14T19:00:01.43","2026-05-21T13:10:23.074727+00:00"
"37802","41088969","0","1YYlj","gajigaji","가격대박","CHATTING","2020-12-14T19:55:20","3318570","False","2020-12-14T19:00:01.43","2026-05-21T13:10:23.074727+00:00"
"37802","41088970","0","1Eqs8","rainwheat","지갑없이 다니는게 넘 편하죠","CHATTING","2020-12-14T19:55:20","3318570","False","2020-12-14T19:00:01.43","2026-05-21T13:10:23.074727+00:00"
"37802","41088971","0","Slea","나나난","대박이다","CHATTING","2020-12-14T19:55:20","3318570","False","2020-12-14T19:00:01.43","2026-05-21T13:10:23.074727+00:00"
"37802","41088972","0","HEbc","hhan****","해지했던 사람은 가입해도될까요?","CHATTING","2020-12-14T19:55:20","3318570","False","2020-12-14T19:00:01.43","2026-05-21T13:10:23.074727+00:00"
"37802","41088974","0","5OIvo","hyun","좋다좋다","CHATTING","2020-12-14T19:55:20","3318570","False","2020-12-14T19:00:01.43","2026-05-21T13:10:23.074727+00:00"
"37802","41088978","0","6hoSu","Quibono","지옥션이나 소셜에서도 사용 가능했으면 좋겠어요 ㅠㅠ","CHATTING","2020-12-14T19:55:20","3318570","False","2020-12-14T19:00:01.43","2026-05-21T13:10:23.074727+00:00"
"37802","41088980","0","4h2bR","별하","멤버십 1년 이용권 당첨자 발표는 언제에요?","CHATTING","2020-12-14T19:55:21","3319570","False","2020-12-14T19:00:01.43","2026-05-21T13:10:23.074727+00:00"
"37802","41088983","0","cQJze","nhw","혜택 정말 좋아서 왠만한건 다 네이버로사요","CHATTING","2020-12-14T19:55:21","3319570","False","2020-12-14T19:00:01.43","2026-05-21T13:10:23.074727+00:00"
"37802","41088985","0","BTWv","mintlover","지금도 너무너무 잘쓰고있어용","CHATTING","2020-12-14T19:55:21","3319570","False","2020-12-14T19:00:01.43","2026-05-21T13:10:23.074727+00:00"
"37802","41088986","0","2fdsb","미소","잘보고갑니다","CHATTING","2020-12-14T19:55:21","3319570","False","2020-12-14T19:00:01.43","2026-05-21T13:10:23.074727+00:00"
"37802","41088988","0","4dDeT","S2뽁이얌S2","가입했어용~!!!!설명~아주 귀에 쏙쏙 들어오네요~!!!!!12개월 쏘아 주세용~!!!!!!!!!!!!뽕 뽑게해주세용~!!!!!","CHATTING","2020-12-14T19:55:21","3319570","False","2020-12-14T19:00:01.43","2026-05-21T13:10:23.074727+00:00"
"37802","41088989","0","13fLo","슈루","장보기애용할래요","CHATTING","2020-12-14T19:55:21","3319570","False","2020-12-14T19:00:01.43","2026-05-21T13:10:23.074727+00:00"
"37802","41088990","0","1CtLA","마르클","멤버십 가즈아!","CHATTING","2020-12-14T19:55:21","3319570","False","2020-12-14T19:00:01.43","2026-05-21T13:10:23.074727+00:00"
"37802","41088991","0","1YYlj","gajigaji","최고에여","CHATTING","2020-12-14T19:55:21","3319570","False","2020-12-14T19:00:01.43","2026-05-21T13:10:23.074727+00:00"
"37802","41088992","0","1n2d4","kmsm****","오늘 홈플러스에서 장 봤어요 네이버멤버쉽 혜택이 짱이에요 !!!!","CHATTING","2020-12-14T19:55:21","3319570","False","2020-12-14T19:00:01.43","2026-05-21T13:10:23.074727+00:00"
"37802","41088998","0","cbtyA","하리","와우","CHATTING","2020-12-14T19:55:21","3319570","False","2020-12-14T19:00:01.43","2026-05-21T13:10:23.074727+00:00"
"37802","41089003","0","5kjRI","소프트캔디","💜라이브혜택+멤버십혜택까지 받으면 네이버 쇼핑의 매력에서 헤어나올수 없어요ㅠㅎ💜","CHATTING","2020-12-14T19:55:22","3320570","False","2020-12-14T19:00:01.43","2026-05-21T13:10:23.074727+00:00"
"37802","41089006","0","lji7","그믐달","우와","CHATTING","2020-12-14T19:55:22","3320570","False","2020-12-14T19:00:01.43","2026-05-21T13:10:23.074727+00:00"
"37802","41089007","0","VKag","골드후아유","핸드폰만있으면된다","CHATTING","2020-12-14T19:55:22","3320570","False","2020-12-14T19:00:01.43","2026-05-21T13:10:23.074727+00:00"
"37802","41089009","0","1IPJr","프리러브","정말로 편해요","CHATTING","2020-12-14T19:55:22","3320570","False","2020-12-14T19:00:01.43","2026-05-21T13:10:23.074727+00:00"
"37802","41089012","0","2iBlB","칩이","대박","CHATTING","2020-12-14T19:55:22","3320570","False","2020-12-14T19:00:01.43","2026-05-21T13:10:23.074727+00:00"
"37802","41089017","0","Y64W","LKUN","기름도 넣어진당 ㅎㅎ","CHATTING","2020-12-14T19:55:22","3320570","False","2020-12-14T19:00:01.43","2026-05-21T13:10:23.074727+00:00"
"37802","41089018","0","1X0c4","다큰아이2","이건 네이버 ID없는 사람도 계정 만들게 해서 가입시켜야 돼 네이버 플러스 멤버십 가입하고 현명하게, 똑똑하게 쇼핑하자구요!","CHATTING","2020-12-14T19:55:22","3320570","False","2020-12-14T19:00:01.43","2026-05-21T13:10:23.074727+00:00"
"37802","41089023","0","6iUT","모모","한시간 내내 응원중~ 적립금 팍팍~다양한 콘텐츠 혜택 팍팍팍~ 열심히 응원합니다 ~ 네이버 플러스 멤버십 대박나세요~","CHATTING","2020-12-14T19:55:23","3321570","False","2020-12-14T19:00:01.43","2026-05-21T13:10:23.074727+00:00"
"37802","41089025","0","3ZsXb","qeqeqeqeq","혜택이 쏠쏠합니다","CHATTING","2020-12-14T19:55:23","3321570","False","2020-12-14T19:00:01.43","2026-05-21T13:10:23.074727+00:00"
"37802","41089026","0","1YYlj","gajigaji","사고싶어여","CHATTING","2020-12-14T19:55:23","3321570","False","2020-12-14T19:00:01.43","2026-05-21T13:10:23.074727+00:00"
"37802","41089029","0","VJ9Z","해바라기","방송끝나고 친구추천하러 가려구요","CHATTING","2020-12-14T19:55:23","3321570","False","2020-12-14T19:00:01.43","2026-05-21T13:10:23.074727+00:00"
"37802","41089032","0","lji7","그믐달","대박","CHATTING","2020-12-14T19:55:23","3321570","False","2020-12-14T19:00:01.43","2026-05-21T13:10:23.074727+00:00"
"37802","41089033","0","2OzqG","루오테","너무 좋은 혜택이네요","CHATTING","2020-12-14T19:55:23","3321570","False","2020-12-14T19:00:01.43","2026-05-21T13:10:23.074727+00:00"
"37802","41089037","0","2lMbo","스피아민트","멋집니다","CHATTING","2020-12-14T19:55:23","3321570","False","2020-12-14T19:00:01.43","2026-05-21T13:10:23.074727+00:00"
"37802","41089038","0","1ozBu","설소처","마자요 편의점에서 써 보려구요 정말","CHATTING","2020-12-14T19:55:23","3321570","False","2020-12-14T19:00:01.43","2026-05-21T13:10:23.074727+00:00"
"37802","41089040","0","3bx9h","만사형통","직접 써보면 만족도 최강👍👍👍👍👍","CHATTING","2020-12-14T19:55:23","3321570","False","2020-12-14T19:00:01.43","2026-05-21T13:10:23.074727+00:00"
"37802","41089042","0","17qMZ","빨간망토","기존가입자예요","CHATTING","2020-12-14T19:55:24","3322570","False","2020-12-14T19:00:01.43","2026-05-21T13:10:23.074727+00:00"
"37802","41089049","0","alKuA","김형준","가입 안하신분들 후회없으실거에요~~얼른 가입하세요~!!","CHATTING","2020-12-14T19:55:24","3322570","False","2020-12-14T19:00:01.43","2026-05-21T13:10:23.074727+00:00"
"37802","41089051","0","33MdR","어치비이","맞아요 저도 당장 장보러 가고 싶어융","CHATTING","2020-12-14T19:55:24","3322570","False","2020-12-14T19:00:01.43","2026-05-21T13:10:23.074727+00:00"
"37802","41089054","0","3QKCL","이나는여신님","너무 좋아서 중독돼요","CHATTING","2020-12-14T19:55:24","3322570","False","2020-12-14T19:00:01.43","2026-05-21T13:10:23.074727+00:00"
"37802","41089055","0","1wWiK","미요미","편의점에서도!!","CHATTING","2020-12-14T19:55:24","3322570","False","2020-12-14T19:00:01.43","2026-05-21T13:10:23.074727+00:00"
"37802","41089057","0","1SKQi","애플소다","가입안할 이유가없어요","CHATTING","2020-12-14T19:55:24","3322570","False","2020-12-14T19:00:01.43","2026-05-21T13:10:23.074727+00:00"
"37802","41089059","0","HEbc","hhan****","해지했던 사람은 가입해도될까요?","CHATTING","2020-12-14T19:55:24","3322570","False","2020-12-14T19:00:01.43","2026-05-21T13:10:23.074727+00:00"
"37802","41089060","0","2cz8t","라방홀릭","오늘 스마트주문 했더니 진짜 9% 적립되었어요","CHATTING","2020-12-14T19:55:24","3322570","False","2020-12-14T19:00:01.43","2026-05-21T13:10:23.074727+00:00"
"37802","41089065","0","7xGeu","없음","2개월 사용하면 해지 못할것같아요","CHATTING","2020-12-14T19:55:24","3322570","False","2020-12-14T19:00:01.43","2026-05-21T13:10:23.074727+00:00"
"37802","41089068","0","1zT38","아나나스","편의점에서도 쓰고 다이소에서도 써요.","CHATTING","2020-12-14T19:55:25","3323570","False","2020-12-14T19:00:01.43","2026-05-21T13:10:23.074727+00:00"
"37802","41089073","0","1Tq4J","빼빼장군","대박입니다 이럴게나 좋을수가요","CHATTING","2020-12-14T19:55:25","3323570","False","2020-12-14T19:00:01.43","2026-05-21T13:10:23.074727+00:00"
"37802","41089075","0","17b0r","히뚜다히뚜","네이버 멤버십 너무너무 잘쓰고 있어요~!!!!!!!!노래도 너무너무 잘듣고 있구요~장보기도 꿀혜택이예요~!!!12개월 당첨 가즈아~!!!!!!!!!!!!!!","CHATTING","2020-12-14T19:55:25","3323570","False","2020-12-14T19:00:01.43","2026-05-21T13:10:23.074727+00:00"
"37802","41089076","0","1U9Qg","냐옹이","오늘 두분이 설명을 잘 해주셔서 . 멤버십에 대해 많이 알아 가네요~","CHATTING","2020-12-14T19:55:25","3323570","False","2020-12-14T19:00:01.43","2026-05-21T13:10:23.074727+00:00"
"37802","41089077","0","psAx","wjdd****","혜택이 최고네요ㅜㅜ","CHATTING","2020-12-14T19:55:25","3323570","False","2020-12-14T19:00:01.43","2026-05-21T13:10:23.074727+00:00"
"37802","41089079","0","6jjMw","홍서연","네이버쇼핑하시면 가입하세용 진짜 꿀🐝🍯🍯🍯","CHATTING","2020-12-14T19:55:25","3323570","False","2020-12-14T19:00:01.43","2026-05-21T13:10:23.074727+00:00"
"37802","41089081","0","3k1zY","뽀짝뽀짝","끊을수없는 적립금 쌓이는 재미!!","CHATTING","2020-12-14T19:55:25","3323570","False","2020-12-14T19:00:01.43","2026-05-21T13:10:23.075230+00:00"
"37802","41089083","0","ve1n","skwp****","오 대박","CHATTING","2020-12-14T19:55:25","3323570","False","2020-12-14T19:00:01.43","2026-05-21T13:10:23.075230+00:00"
"37802","41089085","0","17qMZ","빨간망토","나도 뭐 줘요","CHATTING","2020-12-14T19:55:25","3323570","False","2020-12-14T19:00:01.43","2026-05-21T13:10:23.075230+00:00"
"37802","41089086","0","atDXy","춘배","혜택이 좋네요","CHATTING","2020-12-14T19:55:25","3323570","False","2020-12-14T19:00:01.43","2026-05-21T13:10:23.075230+00:00"
"37802","41089088","0","4vnUI","디비디비딥","와후 감가합미다","CHATTING","2020-12-14T19:55:25","3323570","False","2020-12-14T19:00:01.43","2026-05-21T13:10:23.075230+00:00"
"37802","41089089","0","crXR9","맨날행복하자","와우~~~~","CHATTING","2020-12-14T19:55:26","3324570","False","2020-12-14T19:00:01.43","2026-05-21T13:10:23.075230+00:00"
"37802","41089090","0","1c0gg","LHY","저 지금 가입했어요~!~!","CHATTING","2020-12-14T19:55:26","3324570","False","2020-12-14T19:00:01.43","2026-05-21T13:10:23.075230+00:00"
"37802","41089092","0","1N28W","수현맘","요즘 코로나시대..어디 나가서 맘껏 쇼핑도 잘못하는데 네이버에서 쇼핑도 하고 적립도 많이 되고 할인도 많이 되고~남편없인 살아도 네이버 없이는 못살아요❤❤❤❤❤","CHATTING","2020-12-14T19:55:26","3324570","False","2020-12-14T19:00:01.43","2026-05-21T13:10:23.075230+00:00"
"37802","41089094","0","3ok5t","makur5","뽑어쥬쒜여~~","CHATTING","2020-12-14T19:55:26","3324570","False","2020-12-14T19:00:01.43","2026-05-21T13:10:23.075230+00:00"
"37802","41089096","0","8PsC7","JW","멤버십 필수로 해놓고 꼭 구매하셔야 이득입니다","CHATTING","2020-12-14T19:55:26","3324570","False","2020-12-14T19:00:01.43","2026-05-21T13:10:23.075230+00:00"
"37802","41089097","0","1Ma4s","홀홀","요즘 편의점에서 사용할수있다는~ 사용을안해봐서 있는듯?","CHATTING","2020-12-14T19:55:26","3324570","False","2020-12-14T19:00:01.43","2026-05-21T13:10:23.075230+00:00"
"37802","41089098","0","NHmy","꼬맹이빈","장보기 부분 안해봤는데 ㅋㅋㅋ 써봐야겟어요!!","CHATTING","2020-12-14T19:55:26","3324570","False","2020-12-14T19:00:01.43","2026-05-21T13:10:23.075230+00:00"
"37802","41089100","0","2WzkD","꿍","장보기도 꼭 해봐야겠네요","CHATTING","2020-12-14T19:55:26","3324570","False","2020-12-14T19:00:01.43","2026-05-21T13:10:23.075230+00:00"
"37802","41089103","0","7KZyr","네티","네이버가 참 유용하네요ㅎ","CHATTING","2020-12-14T19:55:26","3324570","False","2020-12-14T19:00:01.43","2026-05-21T13:10:23.075230+00:00"
"37802","41089105","0","1BTUs","아라리","뭐 필요하면 네이버 쇼핑부터 뒤지는 1인 입니다~~❤️❤️❤️네이버 멤버쉽 진짜 잘쓰고 있어요!!고마워요!!!멤버쉽데이 화이팅!!❤️❤️❤️❤️","CHATTING","2020-12-14T19:55:26","3324570","False","2020-12-14T19:00:01.43","2026-05-21T13:10:23.075230+00:00"
"37802","41089107","0","39OTn","꾸루","롯데마트가서 결제하세요!!!!!!!!","CHATTING","2020-12-14T19:55:26","3324570","False","2020-12-14T19:00:01.43","2026-05-21T13:10:23.075230+00:00"
"37802","41089109","0","1gIyg","앙마","방송 끝나고 편의점에서 쓸겁니다 ㅋㅋ","CHATTING","2020-12-14T19:55:26","3324570","False","2020-12-14T19:00:01.43","2026-05-21T13:10:23.075230+00:00"
"37802","41089110","0","5TMVE","reve****","대박이네요 진짜~~","CHATTING","2020-12-14T19:55:26","3324570","False","2020-12-14T19:00:01.43","2026-05-21T13:10:23.075230+00:00"
"37802","41089112","0","7b7Ud","해바라기그녀","장보기가 찐","CHATTING","2020-12-14T19:55:26","3324570","False","2020-12-14T19:00:01.43","2026-05-21T13:10:23.075230+00:00"
"37802","41089115","0","26oio","배려","네이버 장보기 요거 끝나면 바로 갑니다♡♡♡","CHATTING","2020-12-14T19:55:26","3324570","False","2020-12-14T19:00:01.43","2026-05-21T13:10:23.075230+00:00"
"37802","41089119","0","15Brh","stlh****","멤버십 좋죠","CHATTING","2020-12-14T19:55:26","3324570","False","2020-12-14T19:00:01.43","2026-05-21T13:10:23.075230+00:00"
"37802","41089121","0","5oTLP","똘랑","네이버로 혜택 돌려받기","CHATTING","2020-12-14T19:55:27","3325570","False","2020-12-14T19:00:01.43","2026-05-21T13:10:23.075230+00:00"
"37802","41089123","0","2BQ0","반 구름","헐 짱조아 ㅠㅠㅠㅠㅠㅠㅠㅠ","CHATTING","2020-12-14T19:55:27","3325570","False","2020-12-14T19:00:01.43","2026-05-21T13:10:23.075230+00:00"
"37802","41089127","0","1wWiK","미요미","편함","CHATTING","2020-12-14T19:55:27","3325570","False","2020-12-14T19:00:01.43","2026-05-21T13:10:23.075230+00:00"
"37802","41089133","0","dgllV","bit","12개월 이용권이라니","CHATTING","2020-12-14T19:55:27","3325570","False","2020-12-14T19:00:01.43","2026-05-21T13:10:23.075230+00:00"
"37802","41089134","0","4yshT","Jasmine","와ㅎㅎㅎ","CHATTING","2020-12-14T19:55:27","3325570","False","2020-12-14T19:00:01.43","2026-05-21T13:10:23.075230+00:00"
"37802","41089135","0","8u7F3","코로코로","대박","CHATTING","2020-12-14T19:55:28","3326570","False","2020-12-14T19:00:01.43","2026-05-21T13:10:23.075230+00:00"
"37802","41089136","0","1lDaD","해피데이","장보기는 꼭 해볼겁니다~~~~~~~~~~~~~~~","CHATTING","2020-12-14T19:55:28","3326570","False","2020-12-14T19:00:01.43","2026-05-21T13:10:23.075230+00:00"
"37802","41089137","0","cbtyA","하리","좋아여","CHATTING","2020-12-14T19:55:28","3326570","False","2020-12-14T19:00:01.43","2026-05-21T13:10:23.075230+00:00"
"37802","41089139","0","70efs","라니","오! 기존가입자를 위한!!","CHATTING","2020-12-14T19:55:28","3326570","False","2020-12-14T19:00:01.43","2026-05-21T13:10:23.075230+00:00"
"37802","41089141","0","1Bb7G","투지니맘","이미 쓰고있어요","CHATTING","2020-12-14T19:55:28","3326570","False","2020-12-14T19:00:01.43","2026-05-21T13:10:23.075230+00:00"
"37802","41089142","0","2qELT","sadmovie70 꿈너머꿈","방송 좋았어요","CHATTING","2020-12-14T19:55:28","3326570","False","2020-12-14T19:00:01.43","2026-05-21T13:10:23.075230+00:00"
"37802","41089143","0","vEdt","매일매일맑음","오아앙","CHATTING","2020-12-14T19:55:28","3326570","False","2020-12-14T19:00:01.43","2026-05-21T13:10:23.075230+00:00"
"37802","41089145","0","4dDeT","S2뽁이얌S2","가입했어용~!!!!설명~아주 귀에 쏙쏙 들어오네요~!!!!!12개월 쏘아 주세용~!!!!!!!!!!!!뽕 뽑게해주세용~!!!!!","CHATTING","2020-12-14T19:55:28","3326570","False","2020-12-14T19:00:01.43","2026-05-21T13:10:23.075230+00:00"
"37802","41089149","0","4KulN","happyday","좋아여","CHATTING","2020-12-14T19:55:29","3327570","False","2020-12-14T19:00:01.43","2026-05-21T13:10:23.075230+00:00"
"37802","41089150","0","cfJ4o","토민이","우와","CHATTING","2020-12-14T19:55:29","3327570","False","2020-12-14T19:00:01.43","2026-05-21T13:10:23.075230+00:00"
"37802","41089153","0","1zBWi","냠냠이","멤버쉽 짱입니다","CHATTING","2020-12-14T19:55:29","3327570","False","2020-12-14T19:00:01.43","2026-05-21T13:10:23.075230+00:00"
"37802","41089160","0","2bGB8","그린","👀👍네이버멤버십 혜택이 정말 꿀이에요! 쇼핑하는 재미가 쏠쏠합니다. 돈 썼는데도 마음이 풍요로워져요😊 네이버 시리즈로 웹툰, 소설도 많이보는데 쿠키까지!🍪 최고다❤💓12개월가즈아","CHATTING","2020-12-14T19:55:29","3327570","False","2020-12-14T19:00:01.43","2026-05-21T13:10:23.075230+00:00"
"37802","41089161","0","3is82","맹성헌","멤버십 데이 라이브채팅 참여하고 멤버십 12개월 이용권도 당첨되는 행운 있었으면 좋겠어요~~♡","CHATTING","2020-12-14T19:55:29","3327570","False","2020-12-14T19:00:01.43","2026-05-21T13:10:23.075230+00:00"
"37802","41089163","0","ayHHT","깨알소비러","100명중 한명이어라!!!!!","CHATTING","2020-12-14T19:55:29","3327570","False","2020-12-14T19:00:01.43","2026-05-21T13:10:23.075230+00:00"
"37802","41089167","0","1wBer","dodo****","네이버 멤버십 짱입니다","CHATTING","2020-12-14T19:55:29","3327570","False","2020-12-14T19:00:01.43","2026-05-21T13:10:23.075230+00:00"
"37802","41089168","0","3zcKa","루즈","담당자님 최고","CHATTING","2020-12-14T19:55:29","3327570","False","2020-12-14T19:00:01.43","2026-05-21T13:10:23.075230+00:00"
"37802","41089169","0","xnaJ","아들부자님","쭉이용중♡","CHATTING","2020-12-14T19:55:29","3327570","False","2020-12-14T19:00:01.43","2026-05-21T13:10:23.075230+00:00"
"37802","41089170","0","1TY0m","다홍","와우","CHATTING","2020-12-14T19:55:29","3327570","False","2020-12-14T19:00:01.43","2026-05-21T13:10:23.075230+00:00"
"37802","41089171","0","4dQcV","코코쭌","편의점에서 현금충전도 할수 있어요","CHATTING","2020-12-14T19:55:29","3327570","False","2020-12-14T19:00:01.43","2026-05-21T13:10:23.075230+00:00"
"37802","41089175","0","3tpRX","방긋","장보기 저도 꼭 해볼려고요~^^","CHATTING","2020-12-14T19:55:30","3328570","False","2020-12-14T19:00:01.43","2026-05-21T13:10:23.075230+00:00"
"37802","41089176","0","1jfLr","아잉","오예❤","CHATTING","2020-12-14T19:55:30","3328570","False","2020-12-14T19:00:01.43","2026-05-21T13:10:23.075230+00:00"
"37802","41089178","0","1hHqe","민모","12개월 이용권 받았으면 좋겠네요","CHATTING","2020-12-14T19:55:30","3328570","False","2020-12-14T19:00:01.43","2026-05-21T13:10:23.075230+00:00"
"37802","41089182","0","1Li68","시그니처","혜택 진짜 좋다","CHATTING","2020-12-14T19:55:30","3328570","False","2020-12-14T19:00:01.43","2026-05-21T13:10:23.075230+00:00"
"37802","41089184","0","HWRE","초록","👍월 가입비가 커피 한 잔 값이네요👍","CHATTING","2020-12-14T19:55:30","3328570","False","2020-12-14T19:00:01.43","2026-05-21T13:10:23.075230+00:00"
"37802","41089185","0","3pzZR","mare****","예쁘네요","CHATTING","2020-12-14T19:55:30","3328570","False","2020-12-14T19:00:01.43","2026-05-21T13:10:23.075230+00:00"
"37802","41089186","0","IVvI","루메나","핸드폰만 있으면 좋네요","CHATTING","2020-12-14T19:55:30","3328570","False","2020-12-14T19:00:01.43","2026-05-21T13:10:23.075230+00:00"
"37802","41089187","0","cyAI7","별이 빛나는 밤","편의점 사용해봥겠어요","CHATTING","2020-12-14T19:55:30","3328570","False","2020-12-14T19:00:01.43","2026-05-21T13:10:23.075230+00:00"
"37802","41089189","0","HEbc","hhan****","해지했던 사람은 가입해도될까요?","CHATTING","2020-12-14T19:55:30","3328570","False","2020-12-14T19:00:01.43","2026-05-21T13:10:23.075230+00:00"
"37802","41089191","0","3nQ3F","촉호칩","네이버 멤버십 완전 혜쟈 ♡","CHATTING","2020-12-14T19:55:30","3328570","False","2020-12-14T19:00:01.43","2026-05-21T13:10:23.075230+00:00"
"37802","41089192","0","1pBUa","멍","혜택완전 짱짱하게 받아서 매달 갈등하지만 계속 연장하게 되네요","CHATTING","2020-12-14T19:55:30","3328570","False","2020-12-14T19:00:01.43","2026-05-21T13:10:23.075230+00:00"
"37802","41089194","0","2bfhJ","Aa","마트는 안써봤는데 저도 써보러갑니당❤","CHATTING","2020-12-14T19:55:30","3328570","False","2020-12-14T19:00:01.43","2026-05-21T13:10:23.075230+00:00"
"37802","41089195","0","14Mio","사이다사이다","저 요 재거입했어요","CHATTING","2020-12-14T19:55:31","3329570","False","2020-12-14T19:00:01.43","2026-05-21T13:10:23.075230+00:00"
"37802","41089199","0","2JpLH","마르첼리노","최고의 혜택","CHATTING","2020-12-14T19:55:31","3329570","False","2020-12-14T19:00:01.43","2026-05-21T13:10:23.075230+00:00"
"37802","41089202","0","284nU","전설의포켓몬","너무 좋네요","CHATTING","2020-12-14T19:55:31","3329570","False","2020-12-14T19:00:01.43","2026-05-21T13:10:23.075230+00:00"
"37802","41089205","0","1ME7B","꿀자몽","장보기 미처 몰랐는데 진짜 요즘 너무 좋겠어요","CHATTING","2020-12-14T19:55:31","3329570","False","2020-12-14T19:00:01.43","2026-05-21T13:10:23.075230+00:00"
"37802","41089210","0","cfJ4o","토민이","편함","CHATTING","2020-12-14T19:55:31","3329570","False","2020-12-14T19:00:01.43","2026-05-21T13:10:23.075230+00:00"
"37802","41089213","0","atDXy","춘배","대박이네요","CHATTING","2020-12-14T19:55:31","3329570","False","2020-12-14T19:00:01.43","2026-05-21T13:10:23.075230+00:00"
"37802","41089214","0","1KhTG","쿠드랴프카","무조건 가입해야죠!","CHATTING","2020-12-14T19:55:32","3330570","False","2020-12-14T19:00:01.43","2026-05-21T13:10:23.075230+00:00"
"37802","41089215","0","17b0r","히뚜다히뚜","네이버 멤버십 너무너무 잘쓰고 있어요~!!!!!!!!노래도 너무너무 잘듣고 있구요~장보기도 꿀혜택이예요~!!!12개월 당첨 가즈아~!!!!!!!!!!!!!!","CHATTING","2020-12-14T19:55:32","3330570","False","2020-12-14T19:00:01.43","2026-05-21T13:10:23.075230+00:00"
"37802","41089218","0","6jYiQ","룰룽","다양해서 좋네요","CHATTING","2020-12-14T19:55:32","3330570","False","2020-12-14T19:00:01.43","2026-05-21T13:10:23.075230+00:00"
"37802","41089221","0","VKag","골드후아유","그래요 기가입자는 억울하다구","CHATTING","2020-12-14T19:55:32","3330570","False","2020-12-14T19:00:01.43","2026-05-21T13:10:23.075230+00:00"
"37802","41089228","0","1hOiy","se ran","장보기 꼭 써봐야겠네요","CHATTING","2020-12-14T19:55:32","3330570","False","2020-12-14T19:00:01.43","2026-05-21T13:10:23.075230+00:00"
"37802","41089232","0","2iBlB","칩이","좋다좋아","CHATTING","2020-12-14T19:55:32","3330570","False","2020-12-14T19:00:01.43","2026-05-21T13:10:23.075230+00:00"
"37802","41089234","0","cbtyA","하리","짱","CHATTING","2020-12-14T19:55:32","3330570","False","2020-12-14T19:00:01.43","2026-05-21T13:10:23.075230+00:00"
"37802","41089235","0","2olgt","어머","감사해요","CHATTING","2020-12-14T19:55:33","3331570","False","2020-12-14T19:00:01.43","2026-05-21T13:10:23.075230+00:00"
"37802","41089236","0","33MdR","어치비이","여러분 요즘같은 날씨엔 귤이에융","CHATTING","2020-12-14T19:55:33","3331570","False","2020-12-14T19:00:01.43","2026-05-21T13:10:23.075230+00:00"
"37802","41089239","0","4KulN","happyday","네","CHATTING","2020-12-14T19:55:33","3331570","False","2020-12-14T19:00:01.43","2026-05-21T13:10:23.075230+00:00"
"37802","41089242","0","5lfZt","RoSe","일부러다른데서구입안하고네이버쇼핑부터검색해요ㅎㅎ","CHATTING","2020-12-14T19:55:33","3331570","False","2020-12-14T19:00:01.43","2026-05-21T13:10:23.075230+00:00"
"37802","41089243","0","5NOce","셔니","dhdh durtl spdlqj","CHATTING","2020-12-14T19:55:33","3331570","False","2020-12-14T19:00:01.43","2026-05-21T13:10:23.075230+00:00"
"37802","41089245","0","4NQU3","꼼돌이","넹버 플러스 화이팅~~~","CHATTING","2020-12-14T19:55:33","3331570","False","2020-12-14T19:00:01.43","2026-05-21T13:10:23.075230+00:00"
"37802","41089249","0","5vFgs","늘푸른세상","혜택이 무지 좋네요","CHATTING","2020-12-14T19:55:34","3332570","False","2020-12-14T19:00:01.43","2026-05-21T13:10:23.075230+00:00"
"37802","41089253","0","DhR9","하드코어","혜택 대박이네요","CHATTING","2020-12-14T19:55:34","3332570","False","2020-12-14T19:00:01.43","2026-05-21T13:10:23.075230+00:00"
"37802","41089254","0","1MyNv","Ek","기존 가입자 멤버십 데이 필요합니다!!","CHATTING","2020-12-14T19:55:34","3332570","False","2020-12-14T19:00:01.43","2026-05-21T13:10:23.075230+00:00"
"37802","41089255","0","6xAhW","브루니","넘 좋네","CHATTING","2020-12-14T19:55:34","3332570","False","2020-12-14T19:00:01.43","2026-05-21T13:10:23.075230+00:00"
"37802","41089256","0","1Li68","시그니처","근데 기존 가입자도 혜택좀","CHATTING","2020-12-14T19:55:34","3332570","False","2020-12-14T19:00:01.43","2026-05-21T13:10:23.075230+00:00"
"37802","41089259","0","6DKi7","꾸리쿵","장보러 나갈필요없어요 ㅎㅎ","CHATTING","2020-12-14T19:55:34","3332570","False","2020-12-14T19:00:01.43","2026-05-21T13:10:23.075230+00:00"
"37802","41089260","0","2i6uN","아오","네이버 향기 공유 좀 ㅋㅋㅋㅋ","CHATTING","2020-12-14T19:55:34","3332570","False","2020-12-14T19:00:01.43","2026-05-21T13:10:23.075230+00:00"
"37802","41089261","0","62IZK","안수연","담당자님 짱짱","CHATTING","2020-12-14T19:55:34","3332570","False","2020-12-14T19:00:01.43","2026-05-21T13:10:23.075230+00:00"
"37802","41089264","0","1ZVcS","하우와우","와 네이버 향기가 여기까지 나네요.","CHATTING","2020-12-14T19:55:34","3332570","False","2020-12-14T19:00:01.43","2026-05-21T13:10:23.075230+00:00"
"37802","41089265","0","vX8Z","천사사랑","맞아여 지갑없이 편의점 출동하기 너무 좋지요","CHATTING","2020-12-14T19:55:34","3332570","False","2020-12-14T19:00:01.43","2026-05-21T13:10:23.075230+00:00"
"37802","41089267","0","2gnJW","슬기","기존 가입자를 위한 혜택을 달라~!!!","CHATTING","2020-12-14T19:55:34","3332570","False","2020-12-14T19:00:01.43","2026-05-21T13:10:23.075230+00:00"
"37802","41089268","0","1gclJ","하늘을담겠죠","오늘같이 추워진 날에는 정말 편하죠","CHATTING","2020-12-14T19:55:34","3332570","False","2020-12-14T19:00:01.43","2026-05-21T13:10:23.075230+00:00"
"37802","41089271","0","EV5o","버블버블","네이버 플러스 멤버십 이렇게 좋은 거였군요!","CHATTING","2020-12-14T19:55:35","3333570","False","2020-12-14T19:00:01.43","2026-05-21T13:10:23.075230+00:00"
"37802","41089272","0","vEdt","매일매일맑음","담당자분짱","CHATTING","2020-12-14T19:55:35","3333570","False","2020-12-14T19:00:01.43","2026-05-21T13:10:23.075230+00:00"
"37802","41089275","0","1w2iN","러브","어제가입햇는데참을걸그랬어요ㅋㅋ","CHATTING","2020-12-14T19:55:35","3333570","False","2020-12-14T19:00:01.43","2026-05-21T13:10:23.075230+00:00"
"37802","41089276","0","4jnht","함박눈","포인터 모아서 어제 하리보 생일팩 질렀어요.ㅋㅋ","CHATTING","2020-12-14T19:55:35","3333570","False","2020-12-14T19:00:01.43","2026-05-21T13:10:23.075733+00:00"
"37802","41089277","0","bVQ8","서니5","혜택이 엄청 많네요","CHATTING","2020-12-14T19:55:35","3333570","False","2020-12-14T19:00:01.43","2026-05-21T13:10:23.075733+00:00"
"37802","41089285","0","1lDaD","해피데이","장보기 해서 적립금 받아보자~~~~~","CHATTING","2020-12-14T19:55:35","3333570","False","2020-12-14T19:00:01.43","2026-05-21T13:10:23.075733+00:00"
"37802","41089289","0","fHKa","흙소리로","장볼때 됐는데 함 해봐야겠네요","CHATTING","2020-12-14T19:55:35","3333570","False","2020-12-14T19:00:01.43","2026-05-21T13:10:23.075733+00:00"
"37802","41089294","0","489nE","zzangzzang","좋습니다","CHATTING","2020-12-14T19:55:36","3334570","False","2020-12-14T19:00:01.43","2026-05-21T13:10:23.075733+00:00"
"37802","41089295","0","Rp76","Effort","와","CHATTING","2020-12-14T19:55:36","3334570","False","2020-12-14T19:00:01.43","2026-05-21T13:10:23.075733+00:00"
"37802","41089296","0","3xNGe","차디찬글라스","대박대박","CHATTING","2020-12-14T19:55:36","3334570","False","2020-12-14T19:00:01.43","2026-05-21T13:10:23.075733+00:00"
"37802","41089297","0","2e6jg","지기","^______________________^","CHATTING","2020-12-14T19:55:36","3334570","False","2020-12-14T19:00:01.43","2026-05-21T13:10:23.075733+00:00"
"37802","41089298","0","4x2nt","lIlI","혜택이 정말 좋은 것 같네요","CHATTING","2020-12-14T19:55:36","3334570","False","2020-12-14T19:00:01.43","2026-05-21T13:10:23.075733+00:00"
"37802","41089299","0","1RimI","Khan","기존가입자 멤버십데이","CHATTING","2020-12-14T19:55:36","3334570","False","2020-12-14T19:00:01.43","2026-05-21T13:10:23.075733+00:00"
"37802","41089300","0","2HZtb","mizz****","꼭 해주세요","CHATTING","2020-12-14T19:55:36","3334570","False","2020-12-14T19:00:01.43","2026-05-21T13:10:23.075733+00:00"
"37802","41089305","0","OviF","두둥s","외식 좋죠 ㅎㅎㅎ","CHATTING","2020-12-14T19:55:36","3334570","False","2020-12-14T19:00:01.43","2026-05-21T13:10:23.075733+00:00"
"37802","41089306","0","14Mio","사이다사이다","재가입","CHATTING","2020-12-14T19:55:36","3334570","False","2020-12-14T19:00:01.43","2026-05-21T13:10:23.075733+00:00"
"37802","41089308","0","cQT4M","gy65****","홈플러스 원플원 많던데 장보기 해봐야겠어유!!!","CHATTING","2020-12-14T19:55:36","3334570","False","2020-12-14T19:00:01.43","2026-05-21T13:10:23.075733+00:00"
"37802","41089309","0","1xKc6","이선생","넘 조아요","CHATTING","2020-12-14T19:55:36","3334570","False","2020-12-14T19:00:01.43","2026-05-21T13:10:23.075733+00:00"
"37802","41089311","0","HEbc","hhan****","해지했던 사람은 가입해도될까요?","CHATTING","2020-12-14T19:55:36","3334570","False","2020-12-14T19:00:01.43","2026-05-21T13:10:23.075733+00:00"
"37802","41089315","0","3a70M","Holly","담당자님 부탁해요","CHATTING","2020-12-14T19:55:36","3334570","False","2020-12-14T19:00:01.43","2026-05-21T13:10:23.075733+00:00"
"37802","41089317","0","13fLo","슈루","요즘 장보기도모바일이죠","CHATTING","2020-12-14T19:55:37","3335570","False","2020-12-14T19:00:01.43","2026-05-21T13:10:23.075733+00:00"
"37802","41089319","0","2IFMP","슭곰아저씨","역시","CHATTING","2020-12-14T19:55:37","3335570","False","2020-12-14T19:00:01.43","2026-05-21T13:10:23.075733+00:00"
"37802","41089320","0","4dDeT","S2뽁이얌S2","가입했어용~!!!!설명~아주 귀에 쏙쏙 들어오네요~!!!!!12개월 쏘아 주세용~!!!!!!!!!!!!뽕 뽑게해주세용~!!!!!","CHATTING","2020-12-14T19:55:37","3335570","False","2020-12-14T19:00:01.43","2026-05-21T13:10:23.075733+00:00"
"37802","41089324","0","4vnUI","디비디비딥","😻😻😻😻","CHATTING","2020-12-14T19:55:37","3335570","False","2020-12-14T19:00:01.43","2026-05-21T13:10:23.075733+00:00"
"37802","41089325","0","2h8o3","빵빵대박","역시 네이버 향기 담당자님 최고💚💚💚","CHATTING","2020-12-14T19:55:37","3335570","False","2020-12-14T19:00:01.43","2026-05-21T13:10:23.075733+00:00"
"37802","41089326","0","1D8JX","파인트리","12개월 주라 주라💝💝💝","CHATTING","2020-12-14T19:55:37","3335570","False","2020-12-14T19:00:01.43","2026-05-21T13:10:23.075733+00:00"
"37802","41089328","0","1TJQm","반달고미","장보기 오늘 첨봣어요^^;; 방송보깅 정말 ㄷ잘했네요 ㅋㅋㅋㅋㅋ","CHATTING","2020-12-14T19:55:37","3335570","False","2020-12-14T19:00:01.43","2026-05-21T13:10:23.075733+00:00"
"37802","41089331","0","1gIyg","앙마","편의점 이벤트도 참여 해야죠","CHATTING","2020-12-14T19:55:37","3335570","False","2020-12-14T19:00:01.43","2026-05-21T13:10:23.075733+00:00"
"37802","41089340","0","3jxzW","말달리자","완벽하다!","CHATTING","2020-12-14T19:55:38","3336570","False","2020-12-14T19:00:01.43","2026-05-21T13:10:23.075733+00:00"
"37802","41089343","0","cX2Y5","060","혜택 대박이네요","CHATTING","2020-12-14T19:55:38","3336570","False","2020-12-14T19:00:01.43","2026-05-21T13:10:23.075733+00:00"
"37802","41089346","0","2BQ0","반 구름","멤버쉽 1년 주세요 ㅠㅠㅠㅠㅠㅠㅠㅠㅠㅠㅠ","CHATTING","2020-12-14T19:55:38","3336570","False","2020-12-14T19:00:01.43","2026-05-21T13:10:23.075733+00:00"
"37802","41089347","0","diCEV","pms","필수로 써야죠","CHATTING","2020-12-14T19:55:38","3336570","False","2020-12-14T19:00:01.43","2026-05-21T13:10:23.075733+00:00"
"37802","41089348","0","47K3y","앤","오 네이버 멤버십 !!","CHATTING","2020-12-14T19:55:38","3336570","False","2020-12-14T19:00:01.43","2026-05-21T13:10:23.075733+00:00"
"37802","41089350","0","3oiYL","코코야","오 대박이네","CHATTING","2020-12-14T19:55:38","3336570","False","2020-12-14T19:00:01.43","2026-05-21T13:10:23.075733+00:00"
"37802","41089353","0","1lR5q","자베르","기존 가입자들도 챙겨주세요 ㅎㅎ","CHATTING","2020-12-14T19:55:38","3336570","False","2020-12-14T19:00:01.43","2026-05-21T13:10:23.075733+00:00"
"37802","41089354","0","33MdR","어치비이","어머 내말이 그말이에융","CHATTING","2020-12-14T19:55:38","3336570","False","2020-12-14T19:00:01.43","2026-05-21T13:10:23.075733+00:00"
"37802","41089361","0","1crUD","윤다다","멤버쉽 진짜 혜택 많아요 돈버는 멤버쉽👍👍👍🙊","CHATTING","2020-12-14T19:55:38","3336570","False","2020-12-14T19:00:01.43","2026-05-21T13:10:23.075733+00:00"
"37802","41089362","0","1D3Ax","별사탕","시간지정도 되서 퇴근후에 받을수도 있어요","CHATTING","2020-12-14T19:55:38","3336570","False","2020-12-14T19:00:01.43","2026-05-21T13:10:23.075733+00:00"
"37802","41089367","0","rKFh","해피걸","어제가입했는디","CHATTING","2020-12-14T19:55:39","3337570","False","2020-12-14T19:00:01.43","2026-05-21T13:10:23.075733+00:00"
"37802","41089368","0","fGkR","hest****","적립이 쏠쏠","CHATTING","2020-12-14T19:55:39","3337570","False","2020-12-14T19:00:01.43","2026-05-21T13:10:23.075733+00:00"
"37802","41089375","0","5Bh7n","yotepaga","망설임은 배송만 늦출 뿐..","CHATTING","2020-12-14T19:55:39","3337570","False","2020-12-14T19:00:01.43","2026-05-21T13:10:23.075733+00:00"
"37802","41089377","0","4XDaG","메탈기관총","장보기 꼭 써봐야겠어요.","CHATTING","2020-12-14T19:55:39","3337570","False","2020-12-14T19:00:01.43","2026-05-21T13:10:23.075733+00:00"
"37802","41089381","0","psAx","wjdd****","역시 네이버 최고","CHATTING","2020-12-14T19:55:40","3338570","False","2020-12-14T19:00:01.43","2026-05-21T13:10:23.075733+00:00"
"37802","41089384","0","xiZO","달천새댁","기존가입자 혜택도 있기를","CHATTING","2020-12-14T19:55:40","3338570","False","2020-12-14T19:00:01.43","2026-05-21T13:10:23.075733+00:00"
"37802","41089385","0","5dV7R","스파클","좋네용","CHATTING","2020-12-14T19:55:40","3338570","False","2020-12-14T19:00:01.43","2026-05-21T13:10:23.075733+00:00"
"37802","41089386","0","4KulN","happyday","와우","CHATTING","2020-12-14T19:55:40","3338570","False","2020-12-14T19:00:01.43","2026-05-21T13:10:23.075733+00:00"
"37802","41089387","0","2gnJW","슬기","사랑합니다 네이버 ㅎㅎㅎㅎㅎㅎ","CHATTING","2020-12-14T19:55:40","3338570","False","2020-12-14T19:00:01.43","2026-05-21T13:10:23.075733+00:00"
"37802","41089390","0","1ysXS","단미","오 부럽네요. ㅎ","CHATTING","2020-12-14T19:55:40","3338570","False","2020-12-14T19:00:01.43","2026-05-21T13:10:23.075733+00:00"
"37802","41089392","0","Xxxl","duji****","좋네용","CHATTING","2020-12-14T19:55:40","3338570","False","2020-12-14T19:00:01.43","2026-05-21T13:10:23.075733+00:00"
"37802","41089393","0","6iUT","모모","한시간 내내 응원중~ 적립금 팍팍~다양한 콘텐츠 혜택 팍팍팍~ 열심히 응원합니다 ~ 네이버 플러스 멤버십 대박나세요~","CHATTING","2020-12-14T19:55:40","3338570","False","2020-12-14T19:00:01.43","2026-05-21T13:10:23.075733+00:00"
"37802","41089394","0","cbtyA","하리","짱","CHATTING","2020-12-14T19:55:40","3338570","False","2020-12-14T19:00:01.43","2026-05-21T13:10:23.075733+00:00"
"37802","41089395","0","umIi","하얀달빛","💚💙네이버 멤버쉽💙💚 혜택이 너무 좋아서 가입하지않을 이유가 없네요!!","CHATTING","2020-12-14T19:55:40","3338570","False","2020-12-14T19:00:01.43","2026-05-21T13:10:23.075733+00:00"
"37802","41089396","0","1SKQi","애플소다","기존 가입자 혜택도 주세요","CHATTING","2020-12-14T19:55:40","3338570","False","2020-12-14T19:00:01.43","2026-05-21T13:10:23.075733+00:00"
"37802","41089398","0","17b0r","히뚜다히뚜","네이버 멤버십 너무너무 잘쓰고 있어요~!!!!!!!!노래도 너무너무 잘듣고 있구요~장보기도 꿀혜택이예요~!!!12개월 당첨 가즈아~!!!!!!!!!!!!!!","CHATTING","2020-12-14T19:55:40","3338570","False","2020-12-14T19:00:01.43","2026-05-21T13:10:23.075733+00:00"
"37802","41089403","0","8PsC7","JW","라방볼떄도 멤버십가입해놓고 구매하면 적립금 많이싸여요","CHATTING","2020-12-14T19:55:41","3339570","False","2020-12-14T19:00:01.43","2026-05-21T13:10:23.075733+00:00"
"37802","41089405","0","14Mio","사이다사이다","재가입","CHATTING","2020-12-14T19:55:41","3339570","False","2020-12-14T19:00:01.43","2026-05-21T13:10:23.075733+00:00"
"37802","41089406","0","5L3uk","셀리나","매달 다르게 선택 가능하다니 이것 실화입니까? 왜 몰랐을까요?이제라도 가입하고 혜택 받아야겠어요 물론 공유하고 추천은 필수이겠지요?","CHATTING","2020-12-14T19:55:41","3339570","False","2020-12-14T19:00:01.43","2026-05-21T13:10:23.075733+00:00"
"37802","41089407","0","f7zU","HungryAlice","와!!","CHATTING","2020-12-14T19:55:41","3339570","False","2020-12-14T19:00:01.43","2026-05-21T13:10:23.075733+00:00"
"37802","41089408","0","9agtL","농농","쪼아유!","CHATTING","2020-12-14T19:55:41","3339570","False","2020-12-14T19:00:01.43","2026-05-21T13:10:23.075733+00:00"
"37802","41089410","0","1hzeH","김현진","좋네용","CHATTING","2020-12-14T19:55:41","3339570","False","2020-12-14T19:00:01.43","2026-05-21T13:10:23.075733+00:00"
"37802","41089411","0","2V4bM","꾹꾹이","멤버십 기존 가입자도 이용권받을 수 있는 기회주시네요 네이버👍","CHATTING","2020-12-14T19:55:41","3339570","False","2020-12-14T19:00:01.43","2026-05-21T13:10:23.075733+00:00"
"37802","41089414","0","1aUvv","gimm****","엄청 잘 쓰고 있습니다!","CHATTING","2020-12-14T19:55:41","3339570","False","2020-12-14T19:00:01.43","2026-05-21T13:10:23.075733+00:00"
"37802","41089419","0","PRUn","부슬비","함께가요 네이버~ 기존 가입자 사랑해주세요~ ㅎㅎ","CHATTING","2020-12-14T19:55:41","3339570","False","2020-12-14T19:00:01.43","2026-05-21T13:10:23.075733+00:00"
"37802","41089423","0","15znk","출입금지","혜택뽕뽑을듯","CHATTING","2020-12-14T19:55:42","3340570","False","2020-12-14T19:00:01.43","2026-05-21T13:10:23.075733+00:00"
"37802","41089424","0","5VrN9","곰솔이","혜택 좋네요","CHATTING","2020-12-14T19:55:42","3340570","False","2020-12-14T19:00:01.43","2026-05-21T13:10:23.075733+00:00"
"37802","41089425","0","3rNYl","롤롤","기존가입자를 위한 멤버십데이 부탁드려요ㅜㅜ","CHATTING","2020-12-14T19:55:42","3340570","False","2020-12-14T19:00:01.43","2026-05-21T13:10:23.075733+00:00"
"37802","41089427","0","1T8uZ","봄바람","담당자님 화이팅 제발~~~","CHATTING","2020-12-14T19:55:42","3340570","False","2020-12-14T19:00:01.43","2026-05-21T13:10:23.075733+00:00"
"37802","41089428","0","3j76l","이스핀","좋네용","CHATTING","2020-12-14T19:55:42","3340570","False","2020-12-14T19:00:01.43","2026-05-21T13:10:23.075733+00:00"
"37802","41089429","0","1N28W","수현맘","요즘 코로나시대..어디 나가서 맘껏 쇼핑도 잘못하는데 네이버에서 쇼핑도 하고 적립도 많이 되고 할인도 많이 되고~남편없인 살아도 네이버 없이는 못살아요❤❤❤❤❤","CHATTING","2020-12-14T19:55:42","3340570","False","2020-12-14T19:00:01.43","2026-05-21T13:10:23.075733+00:00"
"37802","41089430","0","xnaJ","아들부자님","쭉쭉이용중이요","CHATTING","2020-12-14T19:55:42","3340570","False","2020-12-14T19:00:01.43","2026-05-21T13:10:23.075733+00:00"
"37802","41089431","0","1jfLr","아잉","12개월 내꺼 !̆̈ !̆̈ !̆̈ !̆̈ !","CHATTING","2020-12-14T19:55:42","3340570","False","2020-12-14T19:00:01.43","2026-05-21T13:10:23.075733+00:00"
"37802","41089435","0","cTYtF","리체","좋네용","CHATTING","2020-12-14T19:55:42","3340570","False","2020-12-14T19:00:01.43","2026-05-21T13:10:23.075733+00:00"
"37802","41089436","0","1BTUs","아라리","뭐 필요하면 네이버 쇼핑부터 뒤지는 1인 입니다~~❤️❤️❤️네이버 멤버쉽 진짜 잘쓰고 있어요!!고마워요!!!멤버쉽데이 화이팅!!❤️❤️❤️❤️","CHATTING","2020-12-14T19:55:42","3340570","False","2020-12-14T19:00:01.43","2026-05-21T13:10:23.075733+00:00"
"37802","41089437","0","2zg3t","어흥어흥","오~~~ 영화보고 시장 꽈배기 먹고","CHATTING","2020-12-14T19:55:42","3340570","False","2020-12-14T19:00:01.43","2026-05-21T13:10:23.075733+00:00"
"37802","41089438","0","1h5P","차요","ㅋㅋㅋㅋ 기존가입자","CHATTING","2020-12-14T19:55:42","3340570","False","2020-12-14T19:00:01.43","2026-05-21T13:10:23.075733+00:00"
"37802","41089439","0","bAFJz","호오잇","와 혜택이 정말 끝내주네용","CHATTING","2020-12-14T19:55:42","3340570","False","2020-12-14T19:00:01.43","2026-05-21T13:10:23.075733+00:00"
"37802","41089442","0","alKuA","김형준","키야!!!","CHATTING","2020-12-14T19:55:43","3341570","False","2020-12-14T19:00:01.43","2026-05-21T13:10:23.075733+00:00"
"37802","41089444","0","cbtyA","하리","ㅎㅎㅎㅎ","CHATTING","2020-12-14T19:55:43","3341570","False","2020-12-14T19:00:01.43","2026-05-21T13:10:23.075733+00:00"
"37802","41089445","0","3Qyqi","눈물","wow","CHATTING","2020-12-14T19:55:43","3341570","False","2020-12-14T19:00:01.43","2026-05-21T13:10:23.075733+00:00"
"37802","41089446","0","2uFWc","a1289","다른혜택도많이해주세요!!!!!!","CHATTING","2020-12-14T19:55:43","3341570","False","2020-12-14T19:00:01.43","2026-05-21T13:10:23.075733+00:00"
"37802","41089447","0","3aVKi","mejong","기존가입자들도 챙겨달라구우~~","CHATTING","2020-12-14T19:55:43","3341570","False","2020-12-14T19:00:01.43","2026-05-21T13:10:23.075733+00:00"
"37802","41089451","0","f7zU","HungryAlice","네네!!!!!","CHATTING","2020-12-14T19:55:43","3341570","False","2020-12-14T19:00:01.43","2026-05-21T13:10:23.075733+00:00"
"37802","41089456","0","XNAF","seyo****","좋은혜택감사해요 아직 가입전인데 가입해야겠어요ㅎ","CHATTING","2020-12-14T19:55:43","3341570","False","2020-12-14T19:00:01.43","2026-05-21T13:10:23.075733+00:00"
"37802","41089458","0","Azdf","융융","멤버쉽 최고에요","CHATTING","2020-12-14T19:55:43","3341570","False","2020-12-14T19:00:01.43","2026-05-21T13:10:23.075733+00:00"
"37802","41089461","0","ZWX1","사콩다리","향기나는담당자님 최고~~~","CHATTING","2020-12-14T19:55:43","3341570","False","2020-12-14T19:00:01.43","2026-05-21T13:10:23.075733+00:00"
"37802","41089463","0","SFEp","그린","이방송보고 좋은거같아서 가입했어요~~~","CHATTING","2020-12-14T19:55:43","3341570","False","2020-12-14T19:00:01.43","2026-05-21T13:10:23.075733+00:00"
"37802","41089465","0","3tude","미니KIM","ㅋㅋㅋㅋㅋㅋㅋㅋ꽈배기 맛집 배달 각","CHATTING","2020-12-14T19:55:43","3341570","False","2020-12-14T19:00:01.43","2026-05-21T13:10:23.075733+00:00"
"37802","41089466","0","5lDWq","파워맘","^^","CHATTING","2020-12-14T19:55:43","3341570","False","2020-12-14T19:00:01.43","2026-05-21T13:10:23.075733+00:00"
"37802","41089468","0","3g9LC","그린애플","혜택 대박!","CHATTING","2020-12-14T19:55:43","3341570","False","2020-12-14T19:00:01.43","2026-05-21T13:10:23.075733+00:00"
"37802","41089469","0","2s2Os","꾸이","대박이네요","CHATTING","2020-12-14T19:55:43","3341570","False","2020-12-14T19:00:01.43","2026-05-21T13:10:23.075733+00:00"
"37802","41089470","0","u8E6","꼬맹이","💚💚네이버 플러스 멤버십~~한번 빠지면 헤어나올 수 없는 마성의 매력💚💚😍😍","CHATTING","2020-12-14T19:55:44","3342570","False","2020-12-14T19:00:01.43","2026-05-21T13:10:23.075733+00:00"
"37802","41089471","0","5zli1","마늘빵","우왕","CHATTING","2020-12-14T19:55:44","3342570","False","2020-12-14T19:00:01.43","2026-05-21T13:10:23.075733+00:00"
"37802","41089473","0","BsXW","다이나믹","ㅇㅈㅇㅈ 배달이짱","CHATTING","2020-12-14T19:55:44","3342570","False","2020-12-14T19:00:01.43","2026-05-21T13:10:23.075733+00:00"
"37802","41089475","0","3xNGe","차디찬글라스","이때 왕창사야겟어요","CHATTING","2020-12-14T19:55:44","3342570","False","2020-12-14T19:00:01.43","2026-05-21T13:10:23.075733+00:00"
"37802","41089476","0","3gHb0","Vocals","👏👏👏👏👏👏","CHATTING","2020-12-14T19:55:44","3342570","False","2020-12-14T19:00:01.43","2026-05-21T13:10:23.075733+00:00"
"37802","41089479","0","2i3PD","사과셋","기존가입자에게도 한줄기 희망의 빛을 주시옵소서","CHATTING","2020-12-14T19:55:44","3342570","False","2020-12-14T19:00:01.43","2026-05-21T13:10:23.075733+00:00"
"37802","41089482","0","1WqmI","라스피 raspy","어예!!! 기존가입자 쏴리질뤄!!!!","CHATTING","2020-12-14T19:55:44","3342570","False","2020-12-14T19:00:01.43","2026-05-21T13:10:23.075733+00:00"
"37802","41089483","0","6jjMw","홍서연","네이버쇼핑하시면 가입하세용 진짜 꿀🐝🍯🍯🍯","CHATTING","2020-12-14T19:55:44","3342570","False","2020-12-14T19:00:01.43","2026-05-21T13:10:23.075733+00:00"
"37802","41089486","0","4raA6","흰둥이","향기나는 담당자님 잘부탁드려요 다음이벤트~~~~~","CHATTING","2020-12-14T19:55:44","3342570","False","2020-12-14T19:00:01.43","2026-05-21T13:10:23.075733+00:00"
"37802","41089488","0","2bfhJ","Aa","오ㅡ핵꿀❤","CHATTING","2020-12-14T19:55:44","3342570","False","2020-12-14T19:00:01.43","2026-05-21T13:10:23.075733+00:00"
"37802","41089490","0","4KulN","happyday","좋다아","CHATTING","2020-12-14T19:55:44","3342570","False","2020-12-14T19:00:01.43","2026-05-21T13:10:23.075733+00:00"
"37802","41089491","0","pv4J","순수소녀","장보기 혜택 어디에 있는지 다시 한번 알려주세요~","CHATTING","2020-12-14T19:55:45","3343570","False","2020-12-14T19:00:01.43","2026-05-21T13:10:23.076230+00:00"
"37802","41089494","0","8UnSg","고려왕","와","CHATTING","2020-12-14T19:55:45","3343570","False","2020-12-14T19:00:01.43","2026-05-21T13:10:23.076230+00:00"
"37802","41089496","0","N0pG","아렌트","기가입자 이벤트 꼭이요!!!","CHATTING","2020-12-14T19:55:45","3343570","False","2020-12-14T19:00:01.43","2026-05-21T13:10:23.076230+00:00"
"37802","41089498","0","4dDeT","S2뽁이얌S2","가입했어용~!!!!설명~아주 귀에 쏙쏙 들어오네요~!!!!!12개월 쏘아 주세용~!!!!!!!!!!!!뽕 뽑게해주세용~!!!!!","CHATTING","2020-12-14T19:55:45","3343570","False","2020-12-14T19:00:01.43","2026-05-21T13:10:23.076230+00:00"
"37802","41089500","0","1YnZ5","하이이이잉","집순이 집순이 ㅋㅋ","CHATTING","2020-12-14T19:55:45","3343570","False","2020-12-14T19:00:01.43","2026-05-21T13:10:23.076230+00:00"
"37802","41089501","0","4uJEE","0o0o0o","ㅋㅋㅋㅋ","CHATTING","2020-12-14T19:55:45","3343570","False","2020-12-14T19:00:01.43","2026-05-21T13:10:23.076230+00:00"
"37802","41089502","0","cbtyA","하리","대가","CHATTING","2020-12-14T19:55:45","3343570","False","2020-12-14T19:00:01.43","2026-05-21T13:10:23.076230+00:00"
"37802","41089504","0","2uHmO","jin","네이버플러스멤버십 조아여 ♡♡최고","CHATTING","2020-12-14T19:55:45","3343570","False","2020-12-14T19:00:01.43","2026-05-21T13:10:23.076230+00:00"
"37802","41089513","0","IVvI","루메나","오늘 이런 헤택들 홍보 많이했어요","CHATTING","2020-12-14T19:55:46","3344570","False","2020-12-14T19:00:01.43","2026-05-21T13:10:23.076230+00:00"
"37802","41089525","0","cAN8a","달빛바다","장보기 이번에 알았음..","CHATTING","2020-12-14T19:55:46","3344570","False","2020-12-14T19:00:01.43","2026-05-21T13:10:23.076230+00:00"
"37802","41089533","0","33MdR","어치비이","귤까먹으면 최고에융","CHATTING","2020-12-14T19:55:46","3344570","False","2020-12-14T19:00:01.43","2026-05-21T13:10:23.076230+00:00"
"37802","41089535","0","2cz8t","라방홀릭","오늘 스마트주문 했더니 진짜 9% 적립되었어요","CHATTING","2020-12-14T19:55:46","3344570","False","2020-12-14T19:00:01.43","2026-05-21T13:10:23.076230+00:00"
"37802","41089538","0","5HuR7","jamie","😄😄😁😄😄","CHATTING","2020-12-14T19:55:47","3345570","False","2020-12-14T19:00:01.43","2026-05-21T13:10:23.076230+00:00"
"37802","41089540","0","1lDaD","해피데이","줄서있는 꽈배기는 먹고싶지 않아","CHATTING","2020-12-14T19:55:47","3345570","False","2020-12-14T19:00:01.43","2026-05-21T13:10:23.076230+00:00"
"37802","41089541","0","f7zU","HungryAlice","부탁 드립니다!!","CHATTING","2020-12-14T19:55:47","3345570","False","2020-12-14T19:00:01.43","2026-05-21T13:10:23.076230+00:00"
"37802","41089544","0","3IYa7","한종성","은행 이자1프로도 안되는데. . .","CHATTING","2020-12-14T19:55:47","3345570","False","2020-12-14T19:00:01.43","2026-05-21T13:10:23.076230+00:00"
"37802","41089549","0","485rz","ㄱㄱㄱ","마자요 수요일 영하10도던데!!!!!!","CHATTING","2020-12-14T19:55:47","3345570","False","2020-12-14T19:00:01.43","2026-05-21T13:10:23.076230+00:00"
"37802","41089551","0","1Eqs8","rainwheat","기존가입자 이벤트 기다립니다","CHATTING","2020-12-14T19:55:47","3345570","False","2020-12-14T19:00:01.43","2026-05-21T13:10:23.076230+00:00"
"37802","41089552","0","17b0r","히뚜다히뚜","네이버 멤버십 너무너무 잘쓰고 있어요~!!!!!!!!노래도 너무너무 잘듣고 있구요~장보기도 꿀혜택이예요~!!!12개월 당첨 가즈아~!!!!!!!!!!!!!!","CHATTING","2020-12-14T19:55:47","3345570","False","2020-12-14T19:00:01.43","2026-05-21T13:10:23.076230+00:00"
"37802","41089553","0","5pC2W","미달이","우와~~~!!완전 대박!!!!너무 감사합니다~~~!!!진짜 기다려지네요~~~!!^^","CHATTING","2020-12-14T19:55:47","3345570","False","2020-12-14T19:00:01.43","2026-05-21T13:10:23.076230+00:00"
"37802","41089554","0","dbQP","퍼플","멤버쉽데이 혜택 누려요","CHATTING","2020-12-14T19:55:47","3345570","False","2020-12-14T19:00:01.43","2026-05-21T13:10:23.076230+00:00"
"37802","41089559","0","39OTn","꾸루","롯데마트 5만원 이상 구입하면 1만원 할인되요👍🏻👍🏻👍🏻👍🏻👍🏻","CHATTING","2020-12-14T19:55:48","3346570","False","2020-12-14T19:00:01.43","2026-05-21T13:10:23.076230+00:00"
"37802","41089562","0","3m26j","비니마음","완전 편함","CHATTING","2020-12-14T19:55:48","3346570","False","2020-12-14T19:00:01.43","2026-05-21T13:10:23.076230+00:00"
"37802","41089564","0","cWiH8","나만없고양이","네이버가 최고다!","CHATTING","2020-12-14T19:55:48","3346570","False","2020-12-14T19:00:01.43","2026-05-21T13:10:23.076230+00:00"
"37802","41089569","0","2A4I0","좋이","부러워용","CHATTING","2020-12-14T19:55:48","3346570","False","2020-12-14T19:00:01.43","2026-05-21T13:10:23.076230+00:00"
"37802","41089571","0","1TY0m","다홍","사랑해요 네이버","CHATTING","2020-12-14T19:55:48","3346570","False","2020-12-14T19:00:01.43","2026-05-21T13:10:23.076230+00:00"
"37802","41089572","0","3zcKa","루즈","전 평생 해지 안할거에요","CHATTING","2020-12-14T19:55:48","3346570","False","2020-12-14T19:00:01.43","2026-05-21T13:10:23.076230+00:00"
"37802","41089576","0","vEdt","매일매일맑음","네이버향기 짱짱","CHATTING","2020-12-14T19:55:49","3347570","False","2020-12-14T19:00:01.43","2026-05-21T13:10:23.076230+00:00"
"37802","41089578","0","2BQ0","반 구름","네이버 열일한다!!!","CHATTING","2020-12-14T19:55:49","3347570","False","2020-12-14T19:00:01.43","2026-05-21T13:10:23.076230+00:00"
"37802","41089582","0","1kFH3","빵터져요","가입할까 말까","CHATTING","2020-12-14T19:55:49","3347570","False","2020-12-14T19:00:01.43","2026-05-21T13:10:23.076230+00:00"
"37802","41089583","0","2FptC","mie2****","쏠쏠","CHATTING","2020-12-14T19:55:49","3347570","False","2020-12-14T19:00:01.43","2026-05-21T13:10:23.076230+00:00"
"37802","41089584","0","2i6uN","아오","꽈베기 먹고프다","CHATTING","2020-12-14T19:55:49","3347570","False","2020-12-14T19:00:01.43","2026-05-21T13:10:23.076230+00:00"
"37802","41089585","0","8UnSg","고려왕","다음에도","CHATTING","2020-12-14T19:55:49","3347570","False","2020-12-14T19:00:01.43","2026-05-21T13:10:23.076230+00:00"
"37802","41089587","0","5oTLP","똘랑","줄 안 사고 맛있는 거 먹기","CHATTING","2020-12-14T19:55:49","3347570","False","2020-12-14T19:00:01.43","2026-05-21T13:10:23.076230+00:00"
"37802","41089588","0","2EK9h","오군달려","고민되네요","CHATTING","2020-12-14T19:55:50","3348570","False","2020-12-14T19:00:01.43","2026-05-21T13:10:23.076230+00:00"
"37802","41089589","0","1zBWi","냠냠이","기존 가입자들도 챙겨주세요","CHATTING","2020-12-14T19:55:50","3348570","False","2020-12-14T19:00:01.43","2026-05-21T13:10:23.076230+00:00"
"37802","41089591","0","2exkp","프릴","좋은 네이버 향기나는 담당자님 쵝오!!","CHATTING","2020-12-14T19:55:50","3348570","False","2020-12-14T19:00:01.43","2026-05-21T13:10:23.076230+00:00"
"37802","41089593","0","3gysl","바라쿠다","좋은게 많네요","CHATTING","2020-12-14T19:55:50","3348570","False","2020-12-14T19:00:01.43","2026-05-21T13:10:23.076230+00:00"
"37802","41089595","0","2cz8t","라방홀릭","오늘 스마트주문 했더니 진짜 9% 적립되었어요","CHATTING","2020-12-14T19:55:50","3348570","False","2020-12-14T19:00:01.43","2026-05-21T13:10:23.076230+00:00"
"37802","41089596","0","Lrcd","햄","우와 기존가입자까지 챙겨주시려는 마음 ㅠㅠ","CHATTING","2020-12-14T19:55:50","3348570","False","2020-12-14T19:00:01.43","2026-05-21T13:10:23.076230+00:00"
"37802","41089600","0","dhTxi","효자상은","굳굳","CHATTING","2020-12-14T19:55:50","3348570","False","2020-12-14T19:00:01.43","2026-05-21T13:10:23.076230+00:00"
"37802","41089603","0","ULV7","박제동","오 좋은네이버향기님 감사합니다ㅠ","CHATTING","2020-12-14T19:55:50","3348570","False","2020-12-14T19:00:01.43","2026-05-21T13:10:23.076230+00:00"
"37802","41089608","0","IVvI","루메나","다른 분들이 많이 가입하셨으면 좋겠네요","CHATTING","2020-12-14T19:55:51","3349570","False","2020-12-14T19:00:01.43","2026-05-21T13:10:23.076230+00:00"
"37802","41089609","0","6gFdN","이혜원","우아","CHATTING","2020-12-14T19:55:51","3349570","False","2020-12-14T19:00:01.43","2026-05-21T13:10:23.076230+00:00"
"37802","41089610","0","9sAdV","서야","기존 가입자를 위한 멤버십데이 기다립니다!!","CHATTING","2020-12-14T19:55:51","3349570","False","2020-12-14T19:00:01.43","2026-05-21T13:10:23.076230+00:00"
"37802","41089611","0","1SMH2","푸치","ㅋㅋㅋㅋ최고최고","CHATTING","2020-12-14T19:55:51","3349570","False","2020-12-14T19:00:01.43","2026-05-21T13:10:23.076230+00:00"
"37802","41089615","0","2AERX","달콤케이쿠","대박임 ㅎㅎ","CHATTING","2020-12-14T19:55:51","3349570","False","2020-12-14T19:00:01.43","2026-05-21T13:10:23.076230+00:00"
"37802","41089616","0","2AuCv","구름속의 낙원","12개월 이용권 당첨되면 좋겠네요","CHATTING","2020-12-14T19:55:51","3349570","False","2020-12-14T19:00:01.43","2026-05-21T13:10:23.076230+00:00"
"37802","41089617","0","k3Bu","riva","네이버플러스멤버쉽 혜택이 쏠쏠해요","CHATTING","2020-12-14T19:55:52","3350570","False","2020-12-14T19:00:01.43","2026-05-21T13:10:23.076230+00:00"
"37802","41089619","0","f7zU","HungryAlice","기존 가입자분 멤버쉽데이!","CHATTING","2020-12-14T19:55:52","3350570","False","2020-12-14T19:00:01.43","2026-05-21T13:10:23.076230+00:00"
"37802","41089620","0","1c0gg","LHY","기존 가입자를 위한 멤버십 이벤트도 준비해주세요❤️❤️❤️❤️ 네이버 충성하겠습니다 ~!~!~!","CHATTING","2020-12-14T19:55:52","3350570","False","2020-12-14T19:00:01.43","2026-05-21T13:10:23.076230+00:00"
"37802","41089624","0","1gclJ","하늘을담겠죠","네이버 향기 궁금해요","CHATTING","2020-12-14T19:55:52","3350570","False","2020-12-14T19:00:01.43","2026-05-21T13:10:23.076230+00:00"
"37802","41089626","0","vsqW","Elin","우와아","CHATTING","2020-12-14T19:55:52","3350570","False","2020-12-14T19:00:01.43","2026-05-21T13:10:23.076230+00:00"
"37802","41089633","0","aiJ4U","혜인","좋은 네이버 냄새나는 담당자분 파이팅!! ㅎㅎ 혜택빵빵한 이벤트 많이 많이 해주세요","CHATTING","2020-12-14T19:55:53","3351570","False","2020-12-14T19:00:01.43","2026-05-21T13:10:23.076230+00:00"
"37802","41089635","0","4jrau","뀨리","지속 이용자입니다 꼭~","CHATTING","2020-12-14T19:55:53","3351570","False","2020-12-14T19:00:01.43","2026-05-21T13:10:23.076230+00:00"
"37802","41089641","0","muZc","PDCIB","기존가입자분 혜택도 준비해주신다니 너무 혜택이 좋네요🤩🤩","CHATTING","2020-12-14T19:55:53","3351570","False","2020-12-14T19:00:01.43","2026-05-21T13:10:23.076230+00:00"
"37802","41089644","0","JUIt","소리마마","기존가입자 가즈아~~~~","CHATTING","2020-12-14T19:55:53","3351570","False","2020-12-14T19:00:01.43","2026-05-21T13:10:23.076230+00:00"
"37802","41089645","0","3tude","미니KIM","맞아요 점점 발전하고있어요","CHATTING","2020-12-14T19:55:53","3351570","False","2020-12-14T19:00:01.43","2026-05-21T13:10:23.076230+00:00"
"37802","41089647","0","v7i0","동물원꿀벌","기존 가입자 혜택도 주세여어엉","CHATTING","2020-12-14T19:55:53","3351570","False","2020-12-14T19:00:01.43","2026-05-21T13:10:23.076230+00:00"
"37802","41089649","0","8UnSg","고려왕","있네요","CHATTING","2020-12-14T19:55:53","3351570","False","2020-12-14T19:00:01.43","2026-05-21T13:10:23.076230+00:00"
"37802","41089652","0","cmgOL","ohp","오우","CHATTING","2020-12-14T19:55:53","3351570","False","2020-12-14T19:00:01.43","2026-05-21T13:10:23.076230+00:00"
"37802","41089653","0","H2sx","폴로","편의점 4배 적립 좋더라고요","CHATTING","2020-12-14T19:55:53","3351570","False","2020-12-14T19:00:01.43","2026-05-21T13:10:23.076230+00:00"
"37802","41089656","0","2Bo2P","스마일","😁","CHATTING","2020-12-14T19:55:54","3352570","False","2020-12-14T19:00:01.43","2026-05-21T13:10:23.076230+00:00"
"37802","41089657","0","3C2qJ","요정","기존가입자에게도 혜택많이주세여 ㅠㅠ","CHATTING","2020-12-14T19:55:54","3352570","False","2020-12-14T19:00:01.43","2026-05-21T13:10:23.076230+00:00"
"37802","41089660","0","Lrcd","햄","너무 감사합니당><","CHATTING","2020-12-14T19:55:54","3352570","False","2020-12-14T19:00:01.43","2026-05-21T13:10:23.076230+00:00"
"37802","41089663","0","3zcKa","루즈","혜택이 너무 좋으니까","CHATTING","2020-12-14T19:55:54","3352570","False","2020-12-14T19:00:01.43","2026-05-21T13:10:23.076230+00:00"
"37802","41089664","0","3d1v4","가나다","와","CHATTING","2020-12-14T19:55:54","3352570","False","2020-12-14T19:00:01.43","2026-05-21T13:10:23.076230+00:00"
"37802","41089668","0","59f4u","쿨하자","한달사용하고 계속 쭈~~욱 결제되는 돈이 안아까워요","CHATTING","2020-12-14T19:55:54","3352570","False","2020-12-14T19:00:01.43","2026-05-21T13:10:23.076230+00:00"
"37802","41089674","0","1Cyig","010203","포근해 보이네요","CHATTING","2020-12-14T19:55:54","3352570","False","2020-12-14T19:00:01.43","2026-05-21T13:10:23.076230+00:00"
"37802","41089677","0","8DRxf","문송주","마침 라이브 할 때 들어왔네요","CHATTING","2020-12-14T19:55:55","3353570","False","2020-12-14T19:00:01.43","2026-05-21T13:10:23.076230+00:00"
"37802","41089678","0","4dDeT","S2뽁이얌S2","가입했어용~!!!!설명~아주 귀에 쏙쏙 들어오네요~!!!!!12개월 쏘아 주세용~!!!!!!!!!!!!뽕 뽑게해주세용~!!!!!","CHATTING","2020-12-14T19:55:55","3353570","False","2020-12-14T19:00:01.43","2026-05-21T13:10:23.076230+00:00"
"37802","41089679","0","3jHHr","둘리","친구초대 어떻게 하나요","CHATTING","2020-12-14T19:55:55","3353570","False","2020-12-14T19:00:01.43","2026-05-21T13:10:23.076230+00:00"
"37802","41089680","0","VKag","골드후아유","진짜혜택진짜매번늘어남","CHATTING","2020-12-14T19:55:55","3353570","False","2020-12-14T19:00:01.43","2026-05-21T13:10:23.076230+00:00"
"37802","41089681","0","cBQ5Z","룰루랄라","네/네이버 맴버쉽을 이/이라방을 보고 가입하세요 버/버스 떠나기전에 잡으세요!! 혜택짱이에요♥","CHATTING","2020-12-14T19:55:55","3353570","False","2020-12-14T19:00:01.43","2026-05-21T13:10:23.076230+00:00"
"37802","41089682","0","3k1zY","뽀짝뽀짝","와 기존 가입자에게도 혜택 마련해보시겠다는 담당자님ㅠㅠ 천사아니세여ㅠㅠㅠ💛💛💛💛💛","CHATTING","2020-12-14T19:55:55","3353570","False","2020-12-14T19:00:01.43","2026-05-21T13:10:23.076230+00:00"
"37802","41089684","0","1y1gn","박현주","네이버~ 네이버~~","CHATTING","2020-12-14T19:55:55","3353570","False","2020-12-14T19:00:01.43","2026-05-21T13:10:23.076230+00:00"
"37802","41089685","0","4p8h9","네츄럴","네이버 플러스 멤버십 혜택 끝내주네요","CHATTING","2020-12-14T19:55:55","3353570","False","2020-12-14T19:00:01.43","2026-05-21T13:10:23.076230+00:00"
"37802","41089686","0","1KhTG","쿠드랴프카","우와 !! 굳굳","CHATTING","2020-12-14T19:55:55","3353570","False","2020-12-14T19:00:01.43","2026-05-21T13:10:23.076230+00:00"
"37802","41089689","0","1YnZ5","하이이이잉","집돌이 집순이들 다 가입해요","CHATTING","2020-12-14T19:55:55","3353570","False","2020-12-14T19:00:01.43","2026-05-21T13:10:23.076230+00:00"
"37802","41089693","0","2tjXq","참이","조아요♡♡♡","CHATTING","2020-12-14T19:55:55","3353570","False","2020-12-14T19:00:01.43","2026-05-21T13:10:23.076230+00:00"
"37802","41089696","0","3YGO6","땡겨주라","좋은 정보 감사합니다","CHATTING","2020-12-14T19:55:56","3354570","False","2020-12-14T19:00:01.43","2026-05-21T13:10:23.076230+00:00"
"37802","41089701","0","1wWiK","미요미","최고","CHATTING","2020-12-14T19:55:56","3354570","False","2020-12-14T19:00:01.43","2026-05-21T13:10:23.076230+00:00"
"37802","41089702","0","f7zU","HungryAlice","부탁 드려요!","CHATTING","2020-12-14T19:55:56","3354570","False","2020-12-14T19:00:01.43","2026-05-21T13:10:23.076230+00:00"
"37802","41089707","0","3tude","미니KIM","무조건 가입해야합니다","CHATTING","2020-12-14T19:55:56","3354570","False","2020-12-14T19:00:01.43","2026-05-21T13:10:23.076230+00:00"
"37802","41089711","0","2wcmB","쇼비","장보기 몰랐는데 이용해봐야겠어요!","CHATTING","2020-12-14T19:55:56","3354570","False","2020-12-14T19:00:01.43","2026-05-21T13:10:23.076230+00:00"
"37802","41089713","0","7ws9b","두두짱","요즘푹빠졌어요","CHATTING","2020-12-14T19:55:56","3354570","False","2020-12-14T19:00:01.43","2026-05-21T13:10:23.076230+00:00"
"37802","41089714","0","403Av","걍","방가워요","CHATTING","2020-12-14T19:55:56","3354570","False","2020-12-14T19:00:01.43","2026-05-21T13:10:23.076230+00:00"
"37802","41089715","0","1YYlj","gajigaji","ㅈㅎ좋아보여여","CHATTING","2020-12-14T19:55:56","3354570","False","2020-12-14T19:00:01.43","2026-05-21T13:10:23.076230+00:00"
"37802","41089721","0","14Mio","사이다사이다","재가입 혜택 주세요","CHATTING","2020-12-14T19:55:57","3355570","False","2020-12-14T19:00:01.43","2026-05-21T13:10:23.076230+00:00"
"37802","41089727","0","2mdno","안드로","네이버 짱","CHATTING","2020-12-14T19:55:57","3355570","False","2020-12-14T19:00:01.43","2026-05-21T13:10:23.076230+00:00"
"37802","41089728","0","2gzTu","로미","밖에 못나가서 맨날 네이버쇼핑 구경하고 구입해요! 혜택도많고 사용도 편한 네이버플러스멤버쉽 응원합니다!!","CHATTING","2020-12-14T19:55:57","3355570","False","2020-12-14T19:00:01.43","2026-05-21T13:10:23.076230+00:00"
"37802","41089729","0","3FIZ7","게스트","기존 가입자도 해당되니까 다행이네요","CHATTING","2020-12-14T19:55:57","3355570","False","2020-12-14T19:00:01.43","2026-05-21T13:10:23.076230+00:00"
"37802","41089730","0","VJ9Z","해바라기","편리해요","CHATTING","2020-12-14T19:55:58","3356570","False","2020-12-14T19:00:01.43","2026-05-21T13:10:23.076230+00:00"
"37802","41089735","0","1QgNa","박상진","참여만 해도 ㅋㅋㅋ","CHATTING","2020-12-14T19:55:58","3356570","False","2020-12-14T19:00:01.43","2026-05-21T13:10:23.076230+00:00"
"37802","41089736","0","alKuA","김형준","앞으로 더 좋아질거라 믿슴다!!","CHATTING","2020-12-14T19:55:58","3356570","False","2020-12-14T19:00:01.43","2026-05-21T13:10:23.076230+00:00"
"37802","41089737","0","crXR9","맨날행복하자","전 마침 어제 연장해서 한달 무료 혜택 받았지만, 다음에도 좋은 네이버 멤버십 데이 기다리고 있을게요^^","CHATTING","2020-12-14T19:55:58","3356570","False","2020-12-14T19:00:01.43","2026-05-21T13:10:23.076230+00:00"
"37802","41089738","0","1N28W","수현맘","요즘 코로나시대..어디 나가서 맘껏 쇼핑도 잘못하는데 네이버에서 쇼핑도 하고 적립도 많이 되고 할인도 많이 되고~남편없인 살아도 네이버 없이는 못살아요❤❤❤❤❤","CHATTING","2020-12-14T19:55:58","3356570","False","2020-12-14T19:00:01.43","2026-05-21T13:10:23.076230+00:00"
"37802","41089740","0","2qu5H","fsyh****","네이버향기나는 담당자님","CHATTING","2020-12-14T19:55:58","3356570","False","2020-12-14T19:00:01.43","2026-05-21T13:10:23.076230+00:00"
"37802","41089742","0","6fpeZ","달달구리","❤🧡네이버 플러스 멤버쉽 대세 of 대세~~👍👍🤘🤘","CHATTING","2020-12-14T19:55:58","3356570","False","2020-12-14T19:00:01.43","2026-05-21T13:10:23.076230+00:00"
"37802","41089743","0","9WBUl","tuesday","투아","CHATTING","2020-12-14T19:55:58","3356570","False","2020-12-14T19:00:01.43","2026-05-21T13:10:23.076230+00:00"
"37802","41089744","0","3Mg3A","모아이","네이버 진짜 대박","CHATTING","2020-12-14T19:55:58","3356570","False","2020-12-14T19:00:01.43","2026-05-21T13:10:23.076230+00:00"
"37802","41089746","0","66UM","anti****","와 피트백도 좋으신 좋은 네이버 향기가 나는 담당자분!","CHATTING","2020-12-14T19:55:58","3356570","False","2020-12-14T19:00:01.43","2026-05-21T13:10:23.076230+00:00"
"37802","41089747","0","9zPYs","내 고향 오그리마","나는 신규라구우우","CHATTING","2020-12-14T19:55:58","3356570","False","2020-12-14T19:00:01.43","2026-05-21T13:10:23.076230+00:00"
"37802","41089748","0","IVvI","루메나","기존가입자도 혜택 너무좋네요","CHATTING","2020-12-14T19:55:58","3356570","False","2020-12-14T19:00:01.43","2026-05-21T13:10:23.076230+00:00"
"37802","41089750","0","3a0PW","겨울홀씨20","네이버 플러스 멤버쉽 💗💗 최고","CHATTING","2020-12-14T19:55:59","3357570","False","2020-12-14T19:00:01.43","2026-05-21T13:10:23.076230+00:00"
"37802","41089752","0","6jjMw","홍서연","네이버쇼핑하시면 가입하세용 진짜 꿀🐝🍯🍯🍯","CHATTING","2020-12-14T19:55:59","3357570","False","2020-12-14T19:00:01.43","2026-05-21T13:10:23.076230+00:00"
"37802","41089753","0","d6p7w","제니","😊","CHATTING","2020-12-14T19:55:59","3357570","False","2020-12-14T19:00:01.43","2026-05-21T13:10:23.076230+00:00"
"37802","41089754","0","v7i0","동물원꿀벌","당첨 됐으면 좋겟어여여","CHATTING","2020-12-14T19:55:59","3357570","False","2020-12-14T19:00:01.43","2026-05-21T13:10:23.076230+00:00"
"37802","41089756","0","HWRE","초록","👍월 가입비 커피 한 잔 값으로 큰 혜택을👍","CHATTING","2020-12-14T19:55:59","3357570","False","2020-12-14T19:00:01.43","2026-05-21T13:10:23.076230+00:00"
"37802","41089757","0","6T3e0","쓰나미친구","좋네요...","CHATTING","2020-12-14T19:55:59","3357570","False","2020-12-14T19:00:01.43","2026-05-21T13:10:23.076230+00:00"
"37802","41089760","0","aiJ4U","혜인","오늘 방송 너무 재밌게 잘 보고 있네요 ㅎㅎㅎ","CHATTING","2020-12-14T19:55:59","3357570","False","2020-12-14T19:00:01.43","2026-05-21T13:10:23.076230+00:00"
"37802","41089761","0","1X0c4","다큰아이2","이건 네이버 ID없는 사람도 계정 만들게 해서 가입시켜야 돼 네이버 플러스 멤버십 가입하고 현명하게, 똑똑하게 쇼핑하자구요!","CHATTING","2020-12-14T19:55:59","3357570","False","2020-12-14T19:00:01.43","2026-05-21T13:10:23.076230+00:00"
"37802","41089763","0","cbtyA","하리","와우","CHATTING","2020-12-14T19:55:59","3357570","False","2020-12-14T19:00:01.43","2026-05-21T13:10:23.076230+00:00"
"37802","41089764","0","zTCy","djsx****","네이버","CHATTING","2020-12-14T19:55:59","3357570","False","2020-12-14T19:00:01.43","2026-05-21T13:10:23.076230+00:00"
"37802","41089765","0","17b0r","히뚜다히뚜","네이버 멤버십 너무너무 잘쓰고 있어요~!!!!!!!!노래도 너무너무 잘듣고 있구요~장보기도 꿀혜택이예요~!!!12개월 당첨 가즈아~!!!!!!!!!!!!!!","CHATTING","2020-12-14T19:55:59","3357570","False","2020-12-14T19:00:01.43","2026-05-21T13:10:23.076230+00:00"
"37802","41089766","0","4HdI7","륜","네이버 향기가 나는 담당자님 너무 감사합니다^^","CHATTING","2020-12-14T19:55:59","3357570","False","2020-12-14T19:00:01.43","2026-05-21T13:10:23.076230+00:00"
"37802","41089767","0","1Eqs8","rainwheat","담당자분👍👍","CHATTING","2020-12-14T19:55:59","3357570","False","2020-12-14T19:00:01.43","2026-05-21T13:10:23.076230+00:00"
"37802","41089768","0","BsXW","다이나믹","안경잘어울려 ㅋㅋㅋㅋ","CHATTING","2020-12-14T19:55:59","3357570","False","2020-12-14T19:00:01.43","2026-05-21T13:10:23.076230+00:00"
"37802","41089772","0","3HGha","쁘힛","맞아요 네이버 점유율이 과반 넘은지가 오래라,,","CHATTING","2020-12-14T19:55:59","3357570","False","2020-12-14T19:00:01.43","2026-05-21T13:10:23.076230+00:00"
"37802","41089775","0","bYbdG","나영","우아ㅏㅇㅇㅇㅏㅏ아아우웅우ㅇ","CHATTING","2020-12-14T19:55:59","3357570","False","2020-12-14T19:00:01.43","2026-05-21T13:10:23.076230+00:00"
"37802","41089777","0","2iFOF","도전3년","오 기존가입자 해지자 배려를","CHATTING","2020-12-14T19:56:00","3358570","False","2020-12-14T19:00:01.43","2026-05-21T13:10:23.076230+00:00"
"37802","41089779","0","2KAjH","sophiste","기존 가입자는 슬퍼요","CHATTING","2020-12-14T19:56:00","3358570","False","2020-12-14T19:00:01.43","2026-05-21T13:10:23.076230+00:00"
"37802","41089780","0","403Av","걍","와우","CHATTING","2020-12-14T19:56:00","3358570","False","2020-12-14T19:00:01.43","2026-05-21T13:10:23.076230+00:00"
"37802","41089784","0","5kjRI","소프트캔디","와우 멤버십데이 진짜 좋어요💜","CHATTING","2020-12-14T19:56:00","3358570","False","2020-12-14T19:00:01.43","2026-05-21T13:10:23.076230+00:00"
"37802","41089787","0","66CtF","훙이","좋아여","CHATTING","2020-12-14T19:56:00","3358570","False","2020-12-14T19:00:01.43","2026-05-21T13:10:23.076230+00:00"
"37802","41089790","0","2zg3t","어흥어흥","안경 또 썻땈ㅋㅋㅋㅋ","CHATTING","2020-12-14T19:56:00","3358570","False","2020-12-14T19:00:01.43","2026-05-21T13:10:23.076230+00:00"
"37802","41089792","0","17Xcx","째미야","네이버플러스멤버쉽 진짜 꼭 가입하세요~ 끊을 수 없어유~~~","CHATTING","2020-12-14T19:56:00","3358570","False","2020-12-14T19:00:01.43","2026-05-21T13:10:23.076230+00:00"
"37802","41089794","0","2dB4Y","caffelatte","😆😆","CHATTING","2020-12-14T19:56:00","3358570","False","2020-12-14T19:00:01.43","2026-05-21T13:10:23.076230+00:00"
"37802","41089798","0","2lL88","상현맘","기존 가입자 혜택 꼭 해주세요","CHATTING","2020-12-14T19:56:00","3358570","False","2020-12-14T19:00:01.43","2026-05-21T13:10:23.076230+00:00"
"37802","41089799","0","3xNGe","차디찬글라스","닭발구입 갑니다","CHATTING","2020-12-14T19:56:00","3358570","False","2020-12-14T19:00:01.43","2026-05-21T13:10:23.076230+00:00"
"37802","41089803","0","9agtL","농농","기존가입자도 챙겨주시다니ㅠㅠ","CHATTING","2020-12-14T19:56:01","3359570","False","2020-12-14T19:00:01.43","2026-05-21T13:10:23.076230+00:00"
"37802","41089804","0","YxEu","지워","1년권 당첨되구싶따..","CHATTING","2020-12-14T19:56:01","3359570","False","2020-12-14T19:00:01.43","2026-05-21T13:10:23.076230+00:00"
"37802","41089807","0","3zcKa","루즈","쇼핑은 네이버로만해요","CHATTING","2020-12-14T19:56:01","3359570","False","2020-12-14T19:00:01.43","2026-05-21T13:10:23.076230+00:00"
"37802","41089809","0","5sppi","요니","네이버 넘 좋아유!!!","CHATTING","2020-12-14T19:56:01","3359570","False","2020-12-14T19:00:01.43","2026-05-21T13:10:23.076230+00:00"
"37802","41089810","0","6DKi7","꾸리쿵","장보기 저도 하러갈거에요!","CHATTING","2020-12-14T19:56:01","3359570","False","2020-12-14T19:00:01.43","2026-05-21T13:10:23.076230+00:00"
"37802","41089811","0","13Z7Z","nomal","네이버쇼핑 많이하는데 가입하고 싶네요~","CHATTING","2020-12-14T19:56:01","3359570","False","2020-12-14T19:00:01.43","2026-05-21T13:10:23.076230+00:00"
"37802","41089815","0","439wE","해송","와우 네이버멤버십","CHATTING","2020-12-14T19:56:01","3359570","False","2020-12-14T19:00:01.43","2026-05-21T13:10:23.076230+00:00"
"37802","41089818","0","d4bot","해피","정말 잘쓰고있어요","CHATTING","2020-12-14T19:56:01","3359570","False","2020-12-14T19:00:01.43","2026-05-21T13:10:23.076230+00:00"
"37802","41089821","0","1XmJV","지선","꼭 당첨되었으면 좋겠어요!","CHATTING","2020-12-14T19:56:01","3359570","False","2020-12-14T19:00:01.43","2026-05-21T13:10:23.076230+00:00"
"37802","41089822","0","6eAsa","하늘과땅사이","멤버십 2개월 한번 쓰고 또 쓸거에요","CHATTING","2020-12-14T19:56:01","3359570","False","2020-12-14T19:00:01.43","2026-05-21T13:10:23.076230+00:00"
"37802","41089824","0","3GU12","전지적S급","Npay 구매가능한 데 많아져서 정말 좋음","CHATTING","2020-12-14T19:56:01","3359570","False","2020-12-14T19:00:01.43","2026-05-21T13:10:23.076230+00:00"
"37802","41089825","0","8t4Z3","lun3****","이건 필수","CHATTING","2020-12-14T19:56:01","3359570","False","2020-12-14T19:00:01.43","2026-05-21T13:10:23.076230+00:00"
"37802","41089826","0","9WBUl","tuesday","엉","CHATTING","2020-12-14T19:56:01","3359570","False","2020-12-14T19:00:01.43","2026-05-21T13:10:23.076230+00:00"
"37802","41089832","0","5oTLP","똘랑","사용자 늘고 혜택도 더 많아지면 좋겠어요","CHATTING","2020-12-14T19:56:02","3360570","False","2020-12-14T19:00:01.43","2026-05-21T13:10:23.076230+00:00"
"37802","41089834","0","dm2ss","sim","폭이 넓다","CHATTING","2020-12-14T19:56:02","3360570","False","2020-12-14T19:00:01.43","2026-05-21T13:10:23.076230+00:00"
"37802","41089835","0","2AERX","달콤케이쿠","기존 가입자 ㅎㅎ 네이버 멤버십 최공","CHATTING","2020-12-14T19:56:02","3360570","False","2020-12-14T19:00:01.43","2026-05-21T13:10:23.076230+00:00"
"37802","41089836","0","3iX4B","NSBP","저는 국내기업 응원합니다","CHATTING","2020-12-14T19:56:02","3360570","False","2020-12-14T19:00:01.43","2026-05-21T13:10:23.076230+00:00"
"37802","41089837","0","3tpRX","방긋","발전하는 네이버","CHATTING","2020-12-14T19:56:02","3360570","False","2020-12-14T19:00:01.43","2026-05-21T13:10:23.076230+00:00"
"37802","41089838","0","4dDeT","S2뽁이얌S2","가입했어용~!!!!설명~아주 귀에 쏙쏙 들어오네요~!!!!!12개월 쏘아 주세용~!!!!!!!!!!!!뽕 뽑게해주세용~!!!!!","CHATTING","2020-12-14T19:56:02","3360570","False","2020-12-14T19:00:01.43","2026-05-21T13:10:23.076230+00:00"
"37802","41089839","0","1iqR3","최","이용할게요","CHATTING","2020-12-14T19:56:02","3360570","False","2020-12-14T19:00:01.43","2026-05-21T13:10:23.076230+00:00"
"37802","41089845","0","2Yj66","뭘보니","ㅠㅠㅠㅠ기존자들이 더 많이 사용 하도록 이벤트 자주 해주세요♡","CHATTING","2020-12-14T19:56:02","3360570","False","2020-12-14T19:00:01.43","2026-05-21T13:10:23.076230+00:00"
"37802","41089846","0","7nhxm","박진우","우와","CHATTING","2020-12-14T19:56:03","3361570","False","2020-12-14T19:00:01.43","2026-05-21T13:10:23.076230+00:00"
"37802","41089848","0","1HMYK","CSJ","어제 가입했어요 진작할걸 그랬네요","CHATTING","2020-12-14T19:56:03","3361570","False","2020-12-14T19:00:01.43","2026-05-21T13:10:23.076230+00:00"
"37802","41089849","0","ddIXf","파이팅","네이버 대박이에요","CHATTING","2020-12-14T19:56:03","3361570","False","2020-12-14T19:00:01.43","2026-05-21T13:10:23.076230+00:00"
"37802","41089853","0","cQJze","nhw","진짜 장보기 짱이에요","CHATTING","2020-12-14T19:56:03","3361570","False","2020-12-14T19:00:01.43","2026-05-21T13:10:23.076230+00:00"
"37802","41089855","0","8QUpD","진동팍팍","기존 가입자 멤버십데이도 빨리 해주세요~","CHATTING","2020-12-14T19:56:03","3361570","False","2020-12-14T19:00:01.43","2026-05-21T13:10:23.076230+00:00"
"37802","41089858","0","2bpec","운이코다","앞으로도 더 늘어나겠죠!","CHATTING","2020-12-14T19:56:03","3361570","False","2020-12-14T19:00:01.43","2026-05-21T13:10:23.076230+00:00"
"37802","41089859","0","2tjXq","참이","항상 잘 이용하고 있어요","CHATTING","2020-12-14T19:56:03","3361570","False","2020-12-14T19:00:01.43","2026-05-21T13:10:23.076230+00:00"
"37802","41089861","0","1pBUa","멍","좋은 정보 감사해요!","CHATTING","2020-12-14T19:56:03","3361570","False","2020-12-14T19:00:01.43","2026-05-21T13:10:23.076230+00:00"
"37802","41089864","0","4nfXi","코낄마눌","흥하시라","CHATTING","2020-12-14T19:56:03","3361570","False","2020-12-14T19:00:01.43","2026-05-21T13:10:23.076230+00:00"
"37802","41089865","0","2kIM7","Sena","감사합니다ㅇ","CHATTING","2020-12-14T19:56:03","3361570","False","2020-12-14T19:00:01.43","2026-05-21T13:10:23.076230+00:00"
"37802","41089866","0","1tU28","뱃살공주","🌈네이버 멤버십 평생 가즈아~~!!🌈","CHATTING","2020-12-14T19:56:03","3361570","False","2020-12-14T19:00:01.43","2026-05-21T13:10:23.076230+00:00"
"37802","41089867","0","2byt9","필로","한국인우네이버","CHATTING","2020-12-14T19:56:03","3361570","False","2020-12-14T19:00:01.43","2026-05-21T13:10:23.076230+00:00"
"37802","41089869","0","4vnUI","디비디비딥","감사합니다 ~~~~","CHATTING","2020-12-14T19:56:04","3362570","False","2020-12-14T19:00:01.43","2026-05-21T13:10:23.076230+00:00"
"37802","41089871","0","62IZK","안수연","맞아유 갈수록 없는 상품이 없음","CHATTING","2020-12-14T19:56:04","3362570","False","2020-12-14T19:00:01.43","2026-05-21T13:10:23.076230+00:00"
"37802","41089875","0","zhsO","vts2****","좋네요ㅎㅎㅎ","CHATTING","2020-12-14T19:56:04","3362570","False","2020-12-14T19:00:01.43","2026-05-21T13:10:23.076230+00:00"
"37802","41089878","0","1ME7B","꿀자몽","오늘부터 앞으로 쭉 함께 할래요","CHATTING","2020-12-14T19:56:04","3362570","False","2020-12-14T19:00:01.43","2026-05-21T13:10:23.076230+00:00"
"37802","41089879","0","2gnJW","슬기","자주자주 멤버쉽데이 해주세요~!!! 사랑해요 네이버~!!!!!!!!!!!!!!","CHATTING","2020-12-14T19:56:04","3362570","False","2020-12-14T19:00:01.43","2026-05-21T13:10:23.076230+00:00"
"37802","41089881","0","4KulN","happyday","와은","CHATTING","2020-12-14T19:56:04","3362570","False","2020-12-14T19:00:01.43","2026-05-21T13:10:23.076230+00:00"
"37802","41089882","0","5sppi","요니","네이버 짱짱","CHATTING","2020-12-14T19:56:04","3362570","False","2020-12-14T19:00:01.43","2026-05-21T13:10:23.076230+00:00"
"37802","41089883","0","3tude","미니KIM","네이버플러스 멤버십 무조건 가입해야쥬","CHATTING","2020-12-14T19:56:04","3362570","False","2020-12-14T19:00:01.43","2026-05-21T13:10:23.076230+00:00"
"37802","41089884","0","5vFgs","늘푸른세상","넘 좋네요","CHATTING","2020-12-14T19:56:04","3362570","False","2020-12-14T19:00:01.43","2026-05-21T13:10:23.076230+00:00"
"37802","41089887","0","1KWtO","냥뉴","멤버쉽혜택 좋네요♡장보기 네이버로하면 적립급 많이많이 주겠네요","CHATTING","2020-12-14T19:56:05","3363570","False","2020-12-14T19:00:01.43","2026-05-21T13:10:23.076230+00:00"
"37802","41089888","0","1YYlj","gajigaji","네이버네이버최고","CHATTING","2020-12-14T19:56:05","3363570","False","2020-12-14T19:00:01.43","2026-05-21T13:10:23.076230+00:00"
"37802","41089892","0","cEgkB","마이갓","앞으로도 다양한 혜택을","CHATTING","2020-12-14T19:56:05","3363570","False","2020-12-14T19:00:01.43","2026-05-21T13:10:23.076230+00:00"
"37802","41089893","0","2cOTq","에나로","처음 나왔을때 한달 써보고 좋긴 좋더라구요","CHATTING","2020-12-14T19:56:05","3363570","False","2020-12-14T19:00:01.43","2026-05-21T13:10:23.076230+00:00"
"37802","41089895","0","cBdhL","둥둥","ㅋ","CHATTING","2020-12-14T19:56:05","3363570","False","2020-12-14T19:00:01.43","2026-05-21T13:10:23.076230+00:00"
"37802","41089896","0","17b0r","히뚜다히뚜","네이버 멤버십 너무너무 잘쓰고 있어요~!!!!!!!!노래도 너무너무 잘듣고 있구요~장보기도 꿀혜택이예요~!!!12개월 당첨 가즈아~!!!!!!!!!!!!!!","CHATTING","2020-12-14T19:56:05","3363570","False","2020-12-14T19:00:01.43","2026-05-21T13:10:23.076230+00:00"
"37802","41089898","0","34I9V","아이디","혜택이 좋네요","CHATTING","2020-12-14T19:56:05","3363570","False","2020-12-14T19:00:01.43","2026-05-21T13:10:23.076230+00:00"
"37802","41089899","0","8pFeL","수수","대단해요","CHATTING","2020-12-14T19:56:05","3363570","False","2020-12-14T19:00:01.43","2026-05-21T13:10:23.076230+00:00"
"37802","41089902","0","5I10t","별","저 가입했어요!!!!!!!","CHATTING","2020-12-14T19:56:05","3363570","False","2020-12-14T19:00:01.43","2026-05-21T13:10:23.076230+00:00"
"37802","41089904","0","1ILQS","캬옹","기존 가입자 챙겨주셔서 감사해요~ 눈 물 날 뻔 했는데 ^^","CHATTING","2020-12-14T19:56:05","3363570","False","2020-12-14T19:00:01.43","2026-05-21T13:10:23.076230+00:00"
"37802","41089905","0","2FptC","mie2****","진짜 편해요","CHATTING","2020-12-14T19:56:05","3363570","False","2020-12-14T19:00:01.43","2026-05-21T13:10:23.076230+00:00"
"37802","41089906","0","cBQ5Z","룰루랄라","네/네이버 맴버쉽을 이/이라방을 보고 가입하세요 버/버스 떠나기전에 잡으세요!! 혜택짱이에요♥","CHATTING","2020-12-14T19:56:05","3363570","False","2020-12-14T19:00:01.43","2026-05-21T13:10:23.076230+00:00"
"37802","41089907","0","5PrEw","한아름송이","쇼핑몰중 최고에요~","CHATTING","2020-12-14T19:56:05","3363570","False","2020-12-14T19:00:01.43","2026-05-21T13:10:23.076230+00:00"
"37802","41089908","0","4XKlw","아이토마","9퍼센트 맨날 9퍼센트면좋겠당","CHATTING","2020-12-14T19:56:05","3363570","False","2020-12-14T19:00:01.43","2026-05-21T13:10:23.076230+00:00"
"37802","41089909","0","ddIXf","파이팅","혜택 진짜 쩐다","CHATTING","2020-12-14T19:56:06","3364570","False","2020-12-14T19:00:01.43","2026-05-21T13:10:23.076230+00:00"
"37802","41089910","0","BsXW","다이나믹","두분 케미좋다","CHATTING","2020-12-14T19:56:06","3364570","False","2020-12-14T19:00:01.43","2026-05-21T13:10:23.076230+00:00"
"37802","41089911","0","dkeLy","별빛","혜택이 정말 좋네요","CHATTING","2020-12-14T19:56:06","3364570","False","2020-12-14T19:00:01.43","2026-05-21T13:10:23.076230+00:00"
"37802","41089912","0","4h2bR","별하","기존 가입자를 위한 헤택은 없는거였어요?","CHATTING","2020-12-14T19:56:06","3364570","False","2020-12-14T19:00:01.43","2026-05-21T13:10:23.076230+00:00"
"37802","41089913","0","2h8o3","빵빵대박","뭐하시는거죸ㅋㅋㅋㅋㅋㅋㅋㅋㅋㅋㅋㅋㅋ","CHATTING","2020-12-14T19:56:06","3364570","False","2020-12-14T19:00:01.43","2026-05-21T13:10:23.076230+00:00"
"37802","41089914","0","cbj2b","판다아빠","좋네요.","CHATTING","2020-12-14T19:56:06","3364570","False","2020-12-14T19:00:01.43","2026-05-21T13:10:23.076230+00:00"
"37802","41089915","0","3zcKa","루즈","후기도 참고하기좋구","CHATTING","2020-12-14T19:56:06","3364570","False","2020-12-14T19:00:01.43","2026-05-21T13:10:23.076230+00:00"
"37802","41089921","0","3HGha","쁘힛","ㅋㅋㅋㅋㅋ귀여우셔요","CHATTING","2020-12-14T19:56:06","3364570","False","2020-12-14T19:00:01.43","2026-05-21T13:10:23.076230+00:00"
"37802","41089922","0","2GHM0","젤리킹","주판 ㅋㅋㅋㅋㅋ","CHATTING","2020-12-14T19:56:06","3364570","False","2020-12-14T19:00:01.43","2026-05-21T13:10:23.076230+00:00"
"37802","41089925","0","6iUT","모모","한시간 내내 응원중~ 적립금 팍팍~다양한 콘텐츠 혜택 팍팍팍~ 열심히 응원합니다 ~ 네이버 플러스 멤버십 대박나세요~","CHATTING","2020-12-14T19:56:06","3364570","False","2020-12-14T19:00:01.43","2026-05-21T13:10:23.076230+00:00"
"37802","41089926","0","5SO2l","별","짱입니다","CHATTING","2020-12-14T19:56:07","3365570","False","2020-12-14T19:00:01.43","2026-05-21T13:10:23.076230+00:00"
"37802","41089928","0","1KhTG","쿠드랴프카","ㅋㅋㅋㅋㅋㅋㅋㅋㅋㅋ","CHATTING","2020-12-14T19:56:07","3365570","False","2020-12-14T19:00:01.43","2026-05-21T13:10:23.076230+00:00"
"37802","41089930","0","cBQ5Z","룰루랄라","네/네이버 맴버쉽을 이/이라방을 보고 가입하세요 버/버스 떠나기전에 잡으세요!! 혜택짱이에요♥","CHATTING","2020-12-14T19:56:07","3365570","False","2020-12-14T19:00:01.43","2026-05-21T13:10:23.076230+00:00"
"37802","41089934","0","3bx9h","만사형통","멤버십데이를 맞아 쇼핑 왕창 할 거예요^^","CHATTING","2020-12-14T19:56:07","3365570","False","2020-12-14T19:00:01.43","2026-05-21T13:10:23.077232+00:00"
"37802","41089939","0","2scsJ","mido****","우왕 👏👏👏👏","CHATTING","2020-12-14T19:56:07","3365570","False","2020-12-14T19:00:01.43","2026-05-21T13:10:23.077232+00:00"
"37802","41089940","0","1OuYL","blue****","혜택 진짜 좋네요 오늘내일 꼭 가입합니다.","CHATTING","2020-12-14T19:56:07","3365570","False","2020-12-14T19:00:01.43","2026-05-21T13:10:23.077232+00:00"
"37802","41089942","0","1kFH3","빵터져요","가입하고 까묵으면 해지못하는데","CHATTING","2020-12-14T19:56:07","3365570","False","2020-12-14T19:00:01.43","2026-05-21T13:10:23.077232+00:00"
"37802","41089944","0","N0pG","아렌트","카페도 되어요 이디야 결제되던데 ㅋㅋㅋ","CHATTING","2020-12-14T19:56:08","3366570","False","2020-12-14T19:00:01.43","2026-05-21T13:10:23.077232+00:00"
"37802","41089949","0","3iX4B","NSBP","외국기업이 너무 많아..","CHATTING","2020-12-14T19:56:08","3366570","False","2020-12-14T19:00:01.43","2026-05-21T13:10:23.077232+00:00"
"37802","41089950","0","1Ab1R","마프마미","좋은방송이다","CHATTING","2020-12-14T19:56:08","3366570","False","2020-12-14T19:00:01.43","2026-05-21T13:10:23.077232+00:00"
"37802","41089951","0","kBha","뚠뚠이","네이버 멤버십 꼭 가입하세용 진짜 혜택이 혜자입니다! 저도 어리버리 가입했다가 쭉 이용하고 있어요!","CHATTING","2020-12-14T19:56:08","3366570","False","2020-12-14T19:00:01.43","2026-05-21T13:10:23.077232+00:00"
"37802","41089952","0","LWRd","쪼꼬","기존가입자 우러요","CHATTING","2020-12-14T19:56:08","3366570","False","2020-12-14T19:00:01.43","2026-05-21T13:10:23.077232+00:00"
"37802","41089955","0","Lrcd","햄","쏠쏠하고","CHATTING","2020-12-14T19:56:08","3366570","False","2020-12-14T19:00:01.43","2026-05-21T13:10:23.077232+00:00"
"37802","41089957","0","1TlNP","KA","오늘 방송 대박","CHATTING","2020-12-14T19:56:08","3366570","False","2020-12-14T19:00:01.43","2026-05-21T13:10:23.077232+00:00"
"37802","41089961","0","4h2bR","별하","헐랭","CHATTING","2020-12-14T19:56:08","3366570","False","2020-12-14T19:00:01.43","2026-05-21T13:10:23.077232+00:00"
"37802","41089962","0","4p5S4","아람치","요즘 반응 뜨겁죠","CHATTING","2020-12-14T19:56:08","3366570","False","2020-12-14T19:00:01.43","2026-05-21T13:10:23.077232+00:00"
"37802","41089963","0","5oTLP","똘랑","방송으로 널리 알려라","CHATTING","2020-12-14T19:56:08","3366570","False","2020-12-14T19:00:01.43","2026-05-21T13:10:23.077232+00:00"
"37802","41089964","0","3ceWy","sriracha","똑똑하게 누립시당~~","CHATTING","2020-12-14T19:56:08","3366570","False","2020-12-14T19:00:01.43","2026-05-21T13:10:23.077232+00:00"
"37802","41089966","0","1YYlj","gajigaji","좋아여 네이버","CHATTING","2020-12-14T19:56:08","3366570","False","2020-12-14T19:00:01.43","2026-05-21T13:10:23.077232+00:00"
"37802","41089968","0","blrVL","yoon","안쓰면 무조건 손해","CHATTING","2020-12-14T19:56:08","3366570","False","2020-12-14T19:00:01.43","2026-05-21T13:10:23.077232+00:00"
"37802","41089971","0","4dDeT","S2뽁이얌S2","가입했어용~!!!!설명~아주 귀에 쏙쏙 들어오네요~!!!!!12개월 쏘아 주세용~!!!!!!!!!!!!뽕 뽑게해주세용~!!!!!","CHATTING","2020-12-14T19:56:09","3367570","False","2020-12-14T19:00:01.43","2026-05-21T13:10:23.077232+00:00"
"37802","41089972","0","cbtyA","하리","와우","CHATTING","2020-12-14T19:56:09","3367570","False","2020-12-14T19:00:01.43","2026-05-21T13:10:23.077232+00:00"
"37802","41089973","0","5XcO5","Africa toy boy","아는 분들만 꿀빨자","CHATTING","2020-12-14T19:56:09","3367570","False","2020-12-14T19:00:01.43","2026-05-21T13:10:23.077232+00:00"
"37802","41089974","0","2cp6X","보노보노","대박이네여","CHATTING","2020-12-14T19:56:09","3367570","False","2020-12-14T19:00:01.43","2026-05-21T13:10:23.077232+00:00"
"37802","41089976","0","5SO2l","별","ㅋㅋ","CHATTING","2020-12-14T19:56:09","3367570","False","2020-12-14T19:00:01.43","2026-05-21T13:10:23.077232+00:00"
"37802","41089977","0","14Mio","사이다사이다","재가입자 혜택도 부탁해요","CHATTING","2020-12-14T19:56:09","3367570","False","2020-12-14T19:00:01.43","2026-05-21T13:10:23.077232+00:00"
"37802","41089978","0","485rz","ㄱㄱㄱ","추위도 피하고 코로나도 피하고 할인도 받고 적립금도 받고!!!","CHATTING","2020-12-14T19:56:09","3367570","False","2020-12-14T19:00:01.43","2026-05-21T13:10:23.077232+00:00"
"37802","41089979","0","1zBWi","냠냠이","네이버 멤버쉽 뽀에버","CHATTING","2020-12-14T19:56:09","3367570","False","2020-12-14T19:00:01.43","2026-05-21T13:10:23.077232+00:00"
"37802","41089981","0","385ET","마르버스","오옹..기존..!!","CHATTING","2020-12-14T19:56:09","3367570","False","2020-12-14T19:00:01.43","2026-05-21T13:10:23.077232+00:00"
"37802","41089982","0","3TfJM","wntl****","응원합니다","CHATTING","2020-12-14T19:56:09","3367570","False","2020-12-14T19:00:01.43","2026-05-21T13:10:23.077232+00:00"
"37802","41089983","0","45jEu","TnT","잘했어요 주판 쥐쥐","CHATTING","2020-12-14T19:56:09","3367570","False","2020-12-14T19:00:01.43","2026-05-21T13:10:23.077232+00:00"
"37802","41089985","0","30bcg","쁘띠젤","감사","CHATTING","2020-12-14T19:56:09","3367570","False","2020-12-14T19:00:01.43","2026-05-21T13:10:23.077232+00:00"
"37802","41089986","0","4KulN","happyday","좋다아","CHATTING","2020-12-14T19:56:09","3367570","False","2020-12-14T19:00:01.43","2026-05-21T13:10:23.077232+00:00"
"37802","41089989","0","2oJxW","뽐뽐","대박이네요","CHATTING","2020-12-14T19:56:10","3368570","False","2020-12-14T19:00:01.43","2026-05-21T13:10:23.077232+00:00"
"37802","41089990","0","PRUn","부슬비","코로나때문에 네이버랑만 놀아요","CHATTING","2020-12-14T19:56:10","3368570","False","2020-12-14T19:00:01.43","2026-05-21T13:10:23.077232+00:00"
"37802","41089991","0","27pbz","블링얌","크리스마스 맞이 선물 펑펑 내려주시는 네이버느님❤❤❤","CHATTING","2020-12-14T19:56:10","3368570","False","2020-12-14T19:00:01.43","2026-05-21T13:10:23.077232+00:00"
"37802","41089992","0","3a0PW","겨울홀씨20","💖💖 네이버 플러스 멤버쉽 💗💗 가입해야거써요","CHATTING","2020-12-14T19:56:10","3368570","False","2020-12-14T19:00:01.43","2026-05-21T13:10:23.077232+00:00"
"37802","41089994","0","cQT4M","gy65****","네이버~~~~사랑","CHATTING","2020-12-14T19:56:10","3368570","False","2020-12-14T19:00:01.43","2026-05-21T13:10:23.077232+00:00"
"37802","41089996","0","27BWp","행복유니","이용중이예요","CHATTING","2020-12-14T19:56:10","3368570","False","2020-12-14T19:00:01.43","2026-05-21T13:10:23.077232+00:00"
"37802","41089999","0","xzoT","ilin****","네이버 짱~~~","CHATTING","2020-12-14T19:56:10","3368570","False","2020-12-14T19:00:01.43","2026-05-21T13:10:23.077232+00:00"
"37802","41090005","0","5lfZt","RoSe","쿠키도전보다많이주더라구요ㅎ","CHATTING","2020-12-14T19:56:10","3368570","False","2020-12-14T19:00:01.43","2026-05-21T13:10:23.077232+00:00"
"37802","41090013","0","3tude","미니KIM","네이버플러스멤버십 가입안하면 진짜 바보","CHATTING","2020-12-14T19:56:11","3369570","False","2020-12-14T19:00:01.43","2026-05-21T13:10:23.077232+00:00"
"37802","41090014","0","3d1v4","가나다","주판소리 ㅋㅋ","CHATTING","2020-12-14T19:56:11","3369570","False","2020-12-14T19:00:01.43","2026-05-21T13:10:23.077232+00:00"
"37802","41090015","0","1fcBk","깔꿀","네이버 향기 최고였어요 진행자분 덕분에 네이버 혜택 인지 쏙쏙쏙!!!","CHATTING","2020-12-14T19:56:11","3369570","False","2020-12-14T19:00:01.43","2026-05-21T13:10:23.077232+00:00"
"37802","41090016","0","cZaO6","김백수","조흐네여","CHATTING","2020-12-14T19:56:11","3369570","False","2020-12-14T19:00:01.43","2026-05-21T13:10:23.077232+00:00"
"37802","41090018","0","bqEm7","slny","정보좋네요","CHATTING","2020-12-14T19:56:11","3369570","False","2020-12-14T19:00:01.43","2026-05-21T13:10:23.077232+00:00"
"37802","41090019","0","vEdt","매일매일맑음","피드백 짱","CHATTING","2020-12-14T19:56:11","3369570","False","2020-12-14T19:00:01.43","2026-05-21T13:10:23.077232+00:00"
"37802","41090020","0","IVvI","루메나","1년권 나도 당첨되고싶다...💖💖💖💖","CHATTING","2020-12-14T19:56:11","3369570","False","2020-12-14T19:00:01.43","2026-05-21T13:10:23.077232+00:00"
"37802","41090023","0","1D8JX","파인트리","혜택 짱짱해요 대세니까요💫💫💫","CHATTING","2020-12-14T19:56:11","3369570","False","2020-12-14T19:00:01.43","2026-05-21T13:10:23.077232+00:00"
"37802","41090024","0","diJLm","파파짱","12개월 욕심나네요 ㅎ","CHATTING","2020-12-14T19:56:11","3369570","False","2020-12-14T19:00:01.43","2026-05-21T13:10:23.077232+00:00"
"37802","41090027","0","crXR9","맨날행복하자","네이버향기나는 네향님 감사감사","CHATTING","2020-12-14T19:56:11","3369570","False","2020-12-14T19:00:01.43","2026-05-21T13:10:23.077232+00:00"
"37802","41090031","0","17b0r","히뚜다히뚜","네이버 멤버십 너무너무 잘쓰고 있어요~!!!!!!!!노래도 너무너무 잘듣고 있구요~장보기도 꿀혜택이예요~!!!12개월 당첨 가즈아~!!!!!!!!!!!!!!","CHATTING","2020-12-14T19:56:11","3369570","False","2020-12-14T19:00:01.43","2026-05-21T13:10:23.077232+00:00"
"37802","41090034","0","5I10t","별","잘 이용할께요!!!!","CHATTING","2020-12-14T19:56:11","3369570","False","2020-12-14T19:00:01.43","2026-05-21T13:10:23.077232+00:00"
"37802","41090035","0","2wuZp","또또윤","좋아용","CHATTING","2020-12-14T19:56:12","3370570","False","2020-12-14T19:00:01.43","2026-05-21T13:10:23.077232+00:00"
"37802","41090038","0","1PD66","도라에몽","와 10만 축하드려요","CHATTING","2020-12-14T19:56:12","3370570","False","2020-12-14T19:00:01.43","2026-05-21T13:10:23.077232+00:00"
"37802","41090042","0","cbnjM","굿뜨러크","좋네요~","CHATTING","2020-12-14T19:56:12","3370570","False","2020-12-14T19:00:01.43","2026-05-21T13:10:23.077232+00:00"
"37802","41090043","0","3FIZ7","게스트","담번 데이도 금방 있었으면 좋겠어요","CHATTING","2020-12-14T19:56:12","3370570","False","2020-12-14T19:00:01.43","2026-05-21T13:10:23.077232+00:00"
"37802","41090044","0","5U9Ma","맛동산","멤버쉽 해지자 이벤트 꼭 기다릴게요","CHATTING","2020-12-14T19:56:12","3370570","False","2020-12-14T19:00:01.43","2026-05-21T13:10:23.077232+00:00"
"37802","41090048","0","2IwLm","날씬해","혜택들 보려고","CHATTING","2020-12-14T19:56:12","3370570","False","2020-12-14T19:00:01.43","2026-05-21T13:10:23.077232+00:00"
"37802","41090049","0","cBQ5Z","룰루랄라","네/네이버 맴버쉽을 이/이라방을 보고 가입하세요 버/버스 떠나기전에 잡으세요!! 혜택짱이에요♥","CHATTING","2020-12-14T19:56:12","3370570","False","2020-12-14T19:00:01.43","2026-05-21T13:10:23.077232+00:00"
"37802","41090050","0","3j99a","syco****","이렇게 혜택이 많아질줄은 몰랐어요 대박","CHATTING","2020-12-14T19:56:12","3370570","False","2020-12-14T19:00:01.43","2026-05-21T13:10:23.077232+00:00"
"37802","41090053","0","4hnUu","귤오렌지레몬","12개월당첨 생각만해도 행복하네요 ㅋㅋ","CHATTING","2020-12-14T19:56:12","3370570","False","2020-12-14T19:00:01.43","2026-05-21T13:10:23.077232+00:00"
"37802","41090054","0","1gclJ","하늘을담겠죠","네이버 향기는 풀향일까요 꽃향일까요","CHATTING","2020-12-14T19:56:12","3370570","False","2020-12-14T19:00:01.43","2026-05-21T13:10:23.077232+00:00"
"37802","41090055","0","cbtyA","하리","대박","CHATTING","2020-12-14T19:56:12","3370570","False","2020-12-14T19:00:01.43","2026-05-21T13:10:23.077232+00:00"
"37802","41090056","0","14Mio","사이다사이다","으샤으샤","CHATTING","2020-12-14T19:56:12","3370570","False","2020-12-14T19:00:01.43","2026-05-21T13:10:23.077232+00:00"
"37802","41090059","0","17Xcx","째미야","이미 가입했어요!! 좋은 혜택 다시 알고 가네요~!","CHATTING","2020-12-14T19:56:12","3370570","False","2020-12-14T19:00:01.43","2026-05-21T13:10:23.077232+00:00"
"37802","41090060","0","Lrcd","햄","사용하는것도 너무 쏠쏠해요","CHATTING","2020-12-14T19:56:12","3370570","False","2020-12-14T19:00:01.43","2026-05-21T13:10:23.077232+00:00"
"37802","41090061","0","9zPYs","내 고향 오그리마","그럼 담에 기존가입자가 되니까 또 혜택♥♥♥","CHATTING","2020-12-14T19:56:12","3370570","False","2020-12-14T19:00:01.43","2026-05-21T13:10:23.077232+00:00"
"37802","41090064","0","kBha","뚠뚠이","저는 잘 멤버십 같은거 가입 안 하는데 물건 구매하는데 적립율도 높아서 가입을 안 할수 없어요1","CHATTING","2020-12-14T19:56:13","3371570","False","2020-12-14T19:00:01.43","2026-05-21T13:10:23.077232+00:00"
"37802","41090067","0","2uHmO","jin","음^~^스멜♡.","CHATTING","2020-12-14T19:56:13","3371570","False","2020-12-14T19:00:01.43","2026-05-21T13:10:23.077232+00:00"
"37802","41090068","0","xnaJ","아들부자님","누리자ㅎ","CHATTING","2020-12-14T19:56:13","3371570","False","2020-12-14T19:00:01.43","2026-05-21T13:10:23.077232+00:00"
"37802","41090070","0","3TZVy","쥐방구리","멤버십 좋아 보이네요","CHATTING","2020-12-14T19:56:13","3371570","False","2020-12-14T19:00:01.43","2026-05-21T13:10:23.077232+00:00"
"37802","41090071","0","alKuA","김형준","못누리면 후회하실거같아요 ㅋㅋㅋㅋㅋㅋㅋ","CHATTING","2020-12-14T19:56:13","3371570","False","2020-12-14T19:00:01.43","2026-05-21T13:10:23.077232+00:00"
"37802","41090073","0","fHKa","흙소리로","누려야됩니다 진짜루","CHATTING","2020-12-14T19:56:13","3371570","False","2020-12-14T19:00:01.43","2026-05-21T13:10:23.077232+00:00"
"37802","41090074","0","1crUD","윤다다","멤버쉽 짱 조아용..다들 가입하세요","CHATTING","2020-12-14T19:56:13","3371570","False","2020-12-14T19:00:01.43","2026-05-21T13:10:23.077232+00:00"
"37802","41090078","0","2d77X","psjo****","혜택 진자 좋네요","CHATTING","2020-12-14T19:56:13","3371570","False","2020-12-14T19:00:01.43","2026-05-21T13:10:23.077232+00:00"
"37802","41090079","0","cP71h","lov","대박 방송끝나고 다시 가입해야지","CHATTING","2020-12-14T19:56:13","3371570","False","2020-12-14T19:00:01.43","2026-05-21T13:10:23.077232+00:00"
"37802","41090080","0","4dQcV","코코쭌","좋은 네이버향기나는 담당자분이 준비해보겠다니 찬성합니다","CHATTING","2020-12-14T19:56:13","3371570","False","2020-12-14T19:00:01.43","2026-05-21T13:10:23.077232+00:00"
"37802","41090081","0","bqEm7","slny","대박","CHATTING","2020-12-14T19:56:13","3371570","False","2020-12-14T19:00:01.43","2026-05-21T13:10:23.077232+00:00"
"37802","41090084","0","cBQ5Z","룰루랄라","네/네이버 맴버쉽을 이/이라방을 보고 가입하세요 버/버스 떠나기전에 잡으세요!! 혜택짱이에요♥","CHATTING","2020-12-14T19:56:14","3372570","False","2020-12-14T19:00:01.43","2026-05-21T13:10:23.077232+00:00"
"37802","41090086","0","6jjMw","홍서연","멤버쉽데이매달해주세요!!!!!!!!","CHATTING","2020-12-14T19:56:14","3372570","False","2020-12-14T19:00:01.43","2026-05-21T13:10:23.077232+00:00"
"37802","41090088","0","2i3PD","사과셋","집중탐구시간 앞으로도 자주는 못해도 가끔이라도 생각하면 부탁드려요~","CHATTING","2020-12-14T19:56:14","3372570","False","2020-12-14T19:00:01.43","2026-05-21T13:10:23.077232+00:00"
"37802","41090090","0","3GaIm","nadazero","네이버향기담당자님 최고!!!!!","CHATTING","2020-12-14T19:56:14","3372570","False","2020-12-14T19:00:01.43","2026-05-21T13:10:23.077232+00:00"
"37802","41090091","0","2efdn","메로롤롱","와","CHATTING","2020-12-14T19:56:14","3372570","False","2020-12-14T19:00:01.43","2026-05-21T13:10:23.077232+00:00"
"37802","41090092","0","1N28W","수현맘","요즘 코로나시대..어디 나가서 맘껏 쇼핑도 잘못하는데 네이버에서 쇼핑도 하고 적립도 많이 되고 할인도 많이 되고~남편없인 살아도 네이버 없이는 못살아요❤❤❤❤❤","CHATTING","2020-12-14T19:56:14","3372570","False","2020-12-14T19:00:01.43","2026-05-21T13:10:23.077232+00:00"
"37802","41090093","0","3ZsXb","qeqeqeqeq","이렇게 누려야하는 네이버 멤버십","CHATTING","2020-12-14T19:56:14","3372570","False","2020-12-14T19:00:01.43","2026-05-21T13:10:23.077232+00:00"
"37802","41090094","0","cbtyA","하리","대박","CHATTING","2020-12-14T19:56:14","3372570","False","2020-12-14T19:00:01.43","2026-05-21T13:10:23.077232+00:00"
"37802","41090095","0","4dDeT","S2뽁이얌S2","가입했어용~!!!!설명~아주 귀에 쏙쏙 들어오네요~!!!!!12개월 쏘아 주세용~!!!!!!!!!!!!뽕 뽑게해주세용~!!!!!","CHATTING","2020-12-14T19:56:14","3372570","False","2020-12-14T19:00:01.43","2026-05-21T13:10:23.077232+00:00"
"37802","41090107","0","1TJQm","반달고미","다음엔 기존가입자을 위한것도 꼭 해주세요♡♡♡♡","CHATTING","2020-12-14T19:56:15","3373570","False","2020-12-14T19:00:01.43","2026-05-21T13:10:23.077232+00:00"
"37802","41090108","0","RRel","감자도리","와 혜택 많이 많이 부탁드려요..","CHATTING","2020-12-14T19:56:15","3373570","False","2020-12-14T19:00:01.43","2026-05-21T13:10:23.077232+00:00"
"37802","41090109","0","17rTF","최강찬","정말 좋네요!","CHATTING","2020-12-14T19:56:15","3373570","False","2020-12-14T19:00:01.43","2026-05-21T13:10:23.077232+00:00"
"37802","41090110","0","66UM","anti****","사실상 야근하시는데 이렇게 피드백도 주셔서 감사해요!","CHATTING","2020-12-14T19:56:15","3373570","False","2020-12-14T19:00:01.43","2026-05-21T13:10:23.077232+00:00"
"37802","41090112","0","4pbEk","초파","네이버 쇼핑 많이하면 꼭 가입해야겠어요","CHATTING","2020-12-14T19:56:15","3373570","False","2020-12-14T19:00:01.43","2026-05-21T13:10:23.077232+00:00"
"37802","41090115","0","2d77X","psjo****","완전 대박","CHATTING","2020-12-14T19:56:15","3373570","False","2020-12-14T19:00:01.43","2026-05-21T13:10:23.077232+00:00"
"37802","41090117","0","489nE","zzangzzang","맞아요 잡은물고기들에게도 혜택을..","CHATTING","2020-12-14T19:56:15","3373570","False","2020-12-14T19:00:01.43","2026-05-21T13:10:23.077232+00:00"
"37802","41090120","0","1n2d4","kmsm****","내일 네이버 주식 상한가 갈 듯","CHATTING","2020-12-14T19:56:15","3373570","False","2020-12-14T19:00:01.43","2026-05-21T13:10:23.077232+00:00"
"37802","41090121","0","aiJ4U","혜인","오늘 내일 쇼핑 좀 해야겠어요 ㅋㅋㅋ","CHATTING","2020-12-14T19:56:15","3373570","False","2020-12-14T19:00:01.43","2026-05-21T13:10:23.077232+00:00"
"37802","41090123","0","14Mio","사이다사이다","젛아요","CHATTING","2020-12-14T19:56:15","3373570","False","2020-12-14T19:00:01.43","2026-05-21T13:10:23.077232+00:00"
"37802","41090124","0","2l8qF","축복의통로","역시 네이버","CHATTING","2020-12-14T19:56:16","3374570","False","2020-12-14T19:00:01.43","2026-05-21T13:10:23.077232+00:00"
"37802","41090127","0","3Ppwk","어게인블루","오예‼️‼️‼️‼️‼️ 네이버 담당자님 감사해요","CHATTING","2020-12-14T19:56:16","3374570","False","2020-12-14T19:00:01.43","2026-05-21T13:10:23.077232+00:00"
"37802","41090129","0","6iUT","모모","한시간 내내 응원중~ 적립금 팍팍~다양한 콘텐츠 혜택 팍팍팍~ 열심히 응원합니다 ~ 네이버 플러스 멤버십 대박나세요~","CHATTING","2020-12-14T19:56:16","3374570","False","2020-12-14T19:00:01.43","2026-05-21T13:10:23.077232+00:00"
"37802","41090132","0","3N77R","snil****","응원합니다","CHATTING","2020-12-14T19:56:16","3374570","False","2020-12-14T19:00:01.43","2026-05-21T13:10:23.077232+00:00"
"37802","41090133","0","cBQ5Z","룰루랄라","네/네이버 맴버쉽을 이/이라방을 보고 가입하세요 버/버스 떠나기전에 잡으세요!! 혜택짱이에요♥","CHATTING","2020-12-14T19:56:16","3374570","False","2020-12-14T19:00:01.43","2026-05-21T13:10:23.077232+00:00"
"37802","41090134","0","3uRT","망고","주판소리좋다","CHATTING","2020-12-14T19:56:16","3374570","False","2020-12-14T19:00:01.43","2026-05-21T13:10:23.077232+00:00"
"37802","41090139","0","44ljt","고동색우산","10만명 넘었네요 축하해요","CHATTING","2020-12-14T19:56:16","3374570","False","2020-12-14T19:00:01.43","2026-05-21T13:10:23.077232+00:00"
"37802","41090141","0","HEbc","hhan****","해지했던 사람은 가입해도될까요?","CHATTING","2020-12-14T19:56:16","3374570","False","2020-12-14T19:00:01.43","2026-05-21T13:10:23.077232+00:00"
"37802","41090146","0","1A72K","알록달록","혜택 정말좋네요","CHATTING","2020-12-14T19:56:17","3375570","False","2020-12-14T19:00:01.43","2026-05-21T13:10:23.077232+00:00"
"37802","41090147","0","2zg3t","어흥어흥","주판 천재다","CHATTING","2020-12-14T19:56:17","3375570","False","2020-12-14T19:00:01.43","2026-05-21T13:10:23.077232+00:00"
"37802","41090149","0","3GaIm","nadazero","👍🏻👍🏻👍🏻👍🏻👍🏻","CHATTING","2020-12-14T19:56:17","3375570","False","2020-12-14T19:00:01.43","2026-05-21T13:10:23.077232+00:00"
"37802","41090151","0","c6dRT","jro",":)","CHATTING","2020-12-14T19:56:17","3375570","False","2020-12-14T19:00:01.43","2026-05-21T13:10:23.077232+00:00"
"37802","41090152","0","3tude","미니KIM","맞아요! 혜택 진짜 대박대박","CHATTING","2020-12-14T19:56:17","3375570","False","2020-12-14T19:00:01.43","2026-05-21T13:10:23.077232+00:00"
"37802","41090153","0","6hX0m","오이오","두분이 너무 재밌으세용 ㅎㅎ","CHATTING","2020-12-14T19:56:17","3375570","False","2020-12-14T19:00:01.43","2026-05-21T13:10:23.077232+00:00"
"37802","41090155","0","6jjMw","홍서연","네이버쇼핑하시면 가입하세용 진짜 꿀🐝🍯🍯🍯","CHATTING","2020-12-14T19:56:17","3375570","False","2020-12-14T19:00:01.43","2026-05-21T13:10:23.077232+00:00"
"37802","41090156","0","3KpYp","yyy","진짜💙💙💙💙💙완전공감이에요💙💙💙","CHATTING","2020-12-14T19:56:17","3375570","False","2020-12-14T19:00:01.43","2026-05-21T13:10:23.077232+00:00"
"37802","41090160","0","26oio","배려","기존 가입자 혜택도 고민해주신다고 하셔서 감사합니다♡♡♡","CHATTING","2020-12-14T19:56:17","3375570","False","2020-12-14T19:00:01.43","2026-05-21T13:10:23.077232+00:00"
"37802","41090161","0","17b0r","히뚜다히뚜","네이버 멤버십 너무너무 잘쓰고 있어요~!!!!!!!!노래도 너무너무 잘듣고 있구요~장보기도 꿀혜택이예요~!!!12개월 당첨 가즈아~!!!!!!!!!!!!!!","CHATTING","2020-12-14T19:56:17","3375570","False","2020-12-14T19:00:01.43","2026-05-21T13:10:23.077232+00:00"
"37802","41090162","0","Lrcd","햄","주변에도 엄청 홍보하고잇어요","CHATTING","2020-12-14T19:56:17","3375570","False","2020-12-14T19:00:01.43","2026-05-21T13:10:23.077232+00:00"
"37802","41090169","0","6sdMy","고사리","장바구니에 넣어놓고 고민하고 있었는데 멤버십 데이라니! 결제해야겠어요ㅋㅋ","CHATTING","2020-12-14T19:56:17","3375570","False","2020-12-14T19:00:01.43","2026-05-21T13:10:23.077232+00:00"
"37802","41090173","0","5oTLP","똘랑","다음 방송도 있으면 좋겠네요 ㅋㅋ","CHATTING","2020-12-14T19:56:18","3376570","False","2020-12-14T19:00:01.43","2026-05-21T13:10:23.077232+00:00"
"37802","41090174","0","cBQ5Z","룰루랄라","네/네이버 맴버쉽을 이/이라방을 보고 가입하세요 버/버스 떠나기전에 잡으세요!! 혜택짱이에요♥","CHATTING","2020-12-14T19:56:18","3376570","False","2020-12-14T19:00:01.43","2026-05-21T13:10:23.077232+00:00"
"37802","41090176","0","1hOiy","se ran","모르고 있어 누리지 못한 혜택 소개해줘서 고맙습니다","CHATTING","2020-12-14T19:56:18","3376570","False","2020-12-14T19:00:01.43","2026-05-21T13:10:23.077232+00:00"
"37802","41090180","0","3FCSm","이우림","좋네요~","CHATTING","2020-12-14T19:56:18","3376570","False","2020-12-14T19:00:01.43","2026-05-21T13:10:23.077232+00:00"
"37802","41090182","0","aBsGG","누구세요","조흐네용","CHATTING","2020-12-14T19:56:18","3376570","False","2020-12-14T19:00:01.43","2026-05-21T13:10:23.077232+00:00"
"37802","41090183","0","14Mio","사이다사이다","좋ㅎ아요","CHATTING","2020-12-14T19:56:18","3376570","False","2020-12-14T19:00:01.43","2026-05-21T13:10:23.077232+00:00"
"37802","41090188","0","8iqpz","나비","이제라도 알아서 너무 다행이네요 대박","CHATTING","2020-12-14T19:56:18","3376570","False","2020-12-14T19:00:01.43","2026-05-21T13:10:23.077232+00:00"
"37802","41090189","0","3yOPk","어글리","담당자님 최고네요 ~~~","CHATTING","2020-12-14T19:56:19","3377570","False","2020-12-14T19:00:01.43","2026-05-21T13:10:23.077232+00:00"
"37802","41090191","0","5Uc1t","상이","혜택이 엄청나다","CHATTING","2020-12-14T19:56:19","3377570","False","2020-12-14T19:00:01.43","2026-05-21T13:10:23.077232+00:00"
"37802","41090193","0","1YR2t","코콧콧","혜택 찐!","CHATTING","2020-12-14T19:56:19","3377570","False","2020-12-14T19:00:01.43","2026-05-21T13:10:23.077232+00:00"
"37802","41090194","0","2EJRY","꼼지락","담에꼭","CHATTING","2020-12-14T19:56:19","3377570","False","2020-12-14T19:00:01.43","2026-05-21T13:10:23.077232+00:00"
"37802","41090197","0","aiJ4U","혜인","이틀이 바쁠 듯","CHATTING","2020-12-14T19:56:19","3377570","False","2020-12-14T19:00:01.43","2026-05-21T13:10:23.077232+00:00"
"37802","41090198","0","1c0gg","LHY","💚💚💚네이버는 항상 사랑입니다💚💚💚💚","CHATTING","2020-12-14T19:56:19","3377570","False","2020-12-14T19:00:01.43","2026-05-21T13:10:23.077232+00:00"
"37802","41090201","0","2ucvN","지니","12월 들어가자마자 가입~^^ 쏠쏠히 너무 잘 쓰고있어요","CHATTING","2020-12-14T19:56:19","3377570","False","2020-12-14T19:00:01.43","2026-05-21T13:10:23.077232+00:00"
"37802","41090204","0","2byt9","필로","혜자예여","CHATTING","2020-12-14T19:56:19","3377570","False","2020-12-14T19:00:01.43","2026-05-21T13:10:23.077232+00:00"
"37802","41090208","0","4dDeT","S2뽁이얌S2","가입했어용~!!!!설명~아주 귀에 쏙쏙 들어오네요~!!!!!12개월 쏘아 주세용~!!!!!!!!!!!!뽕 뽑게해주세용~!!!!!","CHATTING","2020-12-14T19:56:19","3377570","False","2020-12-14T19:00:01.43","2026-05-21T13:10:23.077232+00:00"
"37802","41090209","0","2iFOF","도전3년","역시 네이버 클라스","CHATTING","2020-12-14T19:56:19","3377570","False","2020-12-14T19:00:01.43","2026-05-21T13:10:23.077232+00:00"
"37802","41090211","0","2i6uN","아오","ㅎㅎㅎ","CHATTING","2020-12-14T19:56:20","3378570","False","2020-12-14T19:00:01.43","2026-05-21T13:10:23.077232+00:00"
"37802","41090214","0","3IYa7","한종성","은행이자 1프로도 안되는데. ,그냥 월급통장 네이버로 바꾸고싶음","CHATTING","2020-12-14T19:56:20","3378570","False","2020-12-14T19:00:01.43","2026-05-21T13:10:23.077232+00:00"
"37802","41090219","0","4nLhA","PANDA","네이버 향기나는 담당자님 열일 부탁드려요 ㅋㅋㅋㅋㅋ","CHATTING","2020-12-14T19:56:20","3378570","False","2020-12-14T19:00:01.43","2026-05-21T13:10:23.077232+00:00"
"37802","41090220","0","cBQ5Z","룰루랄라","네/네이버 맴버쉽을 이/이라방을 보고 가입하세요 버/버스 떠나기전에 잡으세요!! 혜택짱이에요♥","CHATTING","2020-12-14T19:56:20","3378570","False","2020-12-14T19:00:01.43","2026-05-21T13:10:23.077232+00:00"
"37802","41090224","0","HWRE","초록","좋은 혜택 정말 감사해요 네이버 ♡♡","CHATTING","2020-12-14T19:56:20","3378570","False","2020-12-14T19:00:01.43","2026-05-21T13:10:23.077232+00:00"
"37802","41090227","0","xnaJ","아들부자님","수리자~가자ㅎㅎ","CHATTING","2020-12-14T19:56:20","3378570","False","2020-12-14T19:00:01.43","2026-05-21T13:10:23.077232+00:00"
"37802","41090229","0","dbQP","퍼플","이히히 혜택은 혜자니깐 꼭 가입해보세요","CHATTING","2020-12-14T19:56:20","3378570","False","2020-12-14T19:00:01.43","2026-05-21T13:10:23.077232+00:00"
"37802","41090231","0","2KCJH","Search Highlight","저는 이미 가입되어서 혜택 엄청 보는중이에요","CHATTING","2020-12-14T19:56:20","3378570","False","2020-12-14T19:00:01.43","2026-05-21T13:10:23.077232+00:00"
"37802","41090233","0","6xgSr","너구리굴","헐","CHATTING","2020-12-14T19:56:20","3378570","False","2020-12-14T19:00:01.43","2026-05-21T13:10:23.077232+00:00"
"37802","41090234","0","6jjMw","홍서연","네이버쇼핑하시면 가입하세용 진짜 꿀🐝🍯🍯🍯","CHATTING","2020-12-14T19:56:21","3379570","False","2020-12-14T19:00:01.43","2026-05-21T13:10:23.077232+00:00"
"37802","41090237","0","hGcy","박","혜탁이 좋네요","CHATTING","2020-12-14T19:56:21","3379570","False","2020-12-14T19:00:01.43","2026-05-21T13:10:23.077232+00:00"
"37802","41090238","0","3DPU1","acau****","좋아 보여요","CHATTING","2020-12-14T19:56:21","3379570","False","2020-12-14T19:00:01.43","2026-05-21T13:10:23.077232+00:00"
"37802","41090240","0","ugcw","미유","재래시장 범위 더 많이많이 늘려주세요~!! 그럼 더 자주 이용할수있을것 같아용🥰🥰🥰","CHATTING","2020-12-14T19:56:21","3379570","False","2020-12-14T19:00:01.43","2026-05-21T13:10:23.077232+00:00"
"37802","41090241","0","14Mio","사이다사이다","❤","CHATTING","2020-12-14T19:56:21","3379570","False","2020-12-14T19:00:01.43","2026-05-21T13:10:23.077232+00:00"
"37802","41090245","0","cBQ5Z","룰루랄라","네/네이버 맴버쉽을 이/이라방을 보고 가입하세요 버/버스 떠나기전에 잡으세요!! 혜택짱이에요♥","CHATTING","2020-12-14T19:56:21","3379570","False","2020-12-14T19:00:01.43","2026-05-21T13:10:23.077232+00:00"
"37802","41090246","0","1pYrh","소해","손 아프겠어요","CHATTING","2020-12-14T19:56:21","3379570","False","2020-12-14T19:00:01.43","2026-05-21T13:10:23.077232+00:00"
"37802","41090248","0","3YeDb","방탄보라해","기존 가입자 슬프지만 어차피 계속 쓸거라 후회 안함다","CHATTING","2020-12-14T19:56:21","3379570","False","2020-12-14T19:00:01.43","2026-05-21T13:10:23.077232+00:00"
"37802","41090249","0","30bcg","쁘띠젤","짱짱","CHATTING","2020-12-14T19:56:21","3379570","False","2020-12-14T19:00:01.43","2026-05-21T13:10:23.077232+00:00"
"37802","41090250","0","HEbc","hhan****","계산잘했어요","CHATTING","2020-12-14T19:56:21","3379570","False","2020-12-14T19:00:01.43","2026-05-21T13:10:23.077232+00:00"
"37802","41090251","0","djOVZ","jbj","대박이네요","CHATTING","2020-12-14T19:56:21","3379570","False","2020-12-14T19:00:01.43","2026-05-21T13:10:23.077232+00:00"
"37802","41090255","0","1lDaD","해피데이","신년에는 적립금 10프로 쏴주세여~~","CHATTING","2020-12-14T19:56:22","3380570","False","2020-12-14T19:00:01.43","2026-05-21T13:10:23.077232+00:00"
"37802","41090256","0","8FY5J","소나기","넘 좋아보여요","CHATTING","2020-12-14T19:56:22","3380570","False","2020-12-14T19:00:01.43","2026-05-21T13:10:23.077232+00:00"
"37802","41090260","0","3ZsXb","qeqeqeqeq","계산까지 해주시는","CHATTING","2020-12-14T19:56:22","3380570","False","2020-12-14T19:00:01.43","2026-05-21T13:10:23.077232+00:00"
"37802","41090261","0","1BTUs","아라리","쇼핑할때 멤버쉽 잘썼는데 콘텐츠도 잘 쓸께유!!❤️❤️❤️누릴께유!!!❤️❤️❤️❤️고마워요 네이버!!!❤️❤️❤️❤️❤️❤️❤️❤️❤️","CHATTING","2020-12-14T19:56:22","3380570","False","2020-12-14T19:00:01.43","2026-05-21T13:10:23.077232+00:00"
"37802","41090262","0","4XKlw","아이토마","네이버플러스 짱짱","CHATTING","2020-12-14T19:56:22","3380570","False","2020-12-14T19:00:01.43","2026-05-21T13:10:23.077232+00:00"
"37802","41090265","0","umIi","하얀달빛","💚💙네이버 멤버쉽💙💚 혜택이 너무 좋아서 가입하지않을 이유가 없네요!! 다들 가입하세여!!","CHATTING","2020-12-14T19:56:22","3380570","False","2020-12-14T19:00:01.43","2026-05-21T13:10:23.077232+00:00"
"37802","41090266","0","2bfhJ","Aa","온라인주문할때 네이버검색하시는 분들은 멤버십쓰는게 이득~","CHATTING","2020-12-14T19:56:22","3380570","False","2020-12-14T19:00:01.43","2026-05-21T13:10:23.077232+00:00"
"37802","41090267","0","3a0PW","겨울홀씨20","💖💖 네이버 플러스 멤버쉽 💗💗 혜택 설명이 귀에 쏙쏙","CHATTING","2020-12-14T19:56:22","3380570","False","2020-12-14T19:00:01.43","2026-05-21T13:10:23.077232+00:00"
"37802","41090268","0","5oTLP","똘랑","의심은 노노","CHATTING","2020-12-14T19:56:22","3380570","False","2020-12-14T19:00:01.43","2026-05-21T13:10:23.077232+00:00"
"37802","41090270","0","3g9LC","그린애플","네이버쇼핑이 제일 편해요","CHATTING","2020-12-14T19:56:22","3380570","False","2020-12-14T19:00:01.43","2026-05-21T13:10:23.077232+00:00"
"37802","41090272","0","13fLo","슈루","계산젛았어요","CHATTING","2020-12-14T19:56:22","3380570","False","2020-12-14T19:00:01.43","2026-05-21T13:10:23.077232+00:00"
"37802","41090278","0","4yshT","Jasmine","네이버ㅎㅎ","CHATTING","2020-12-14T19:56:23","3381570","False","2020-12-14T19:00:01.43","2026-05-21T13:10:23.077232+00:00"
"37802","41090282","0","1MkJO","aoneco","가입해야겠네요ㅠㅠ","CHATTING","2020-12-14T19:56:23","3381570","False","2020-12-14T19:00:01.43","2026-05-21T13:10:23.077232+00:00"
"37802","41090287","0","cxEUQ","힘을 내요","혜자 그자체","CHATTING","2020-12-14T19:56:23","3381570","False","2020-12-14T19:00:01.43","2026-05-21T13:10:23.077232+00:00"
"37802","41090288","0","2cYmf","뽀","홍보 꼭 필요했는데 이런 홍보 좋네용ㅋㅋ","CHATTING","2020-12-14T19:56:23","3381570","False","2020-12-14T19:00:01.43","2026-05-21T13:10:23.077232+00:00"
"37802","41090289","0","xiZO","달천새댁","ㅋㅋㅋ","CHATTING","2020-12-14T19:56:23","3381570","False","2020-12-14T19:00:01.43","2026-05-21T13:10:23.077232+00:00"
"37802","41090295","0","1TY0m","다홍","멤버쉽 계속 쓸게요","CHATTING","2020-12-14T19:56:24","3382570","False","2020-12-14T19:00:01.43","2026-05-21T13:10:23.077232+00:00"
"37802","41090296","0","xIBF","하이에나","옆에 하트 누르는거 뭐예요?","CHATTING","2020-12-14T19:56:24","3382570","False","2020-12-14T19:00:01.43","2026-05-21T13:10:23.077232+00:00"
"37802","41090298","0","7xeQw","진주","우와 대박대박","CHATTING","2020-12-14T19:56:24","3382570","False","2020-12-14T19:00:01.43","2026-05-21T13:10:23.077232+00:00"
"37802","41090299","0","v7i0","동물원꿀벌","가입하고 단골하고 주문해야ㅜ혜택 많아열ㄹㄹ","CHATTING","2020-12-14T19:56:24","3382570","False","2020-12-14T19:00:01.43","2026-05-21T13:10:23.077232+00:00"
"37802","41090300","0","1gIyg","앙마","의심 안합니다 !!!","CHATTING","2020-12-14T19:56:24","3382570","False","2020-12-14T19:00:01.43","2026-05-21T13:10:23.077232+00:00"
"37802","41090304","0","55Dt8","라운드","멤버쉽 혜택 선택지를 좀 더 늘려주세요","CHATTING","2020-12-14T19:56:24","3382570","False","2020-12-14T19:00:01.43","2026-05-21T13:10:23.077232+00:00"
"37802","41090305","0","2IgpX","아랑소유","좋은조건들로인해 많은분들이 네이버플러스멤버십을 더 많이 알았으면 좋겠어요","CHATTING","2020-12-14T19:56:24","3382570","False","2020-12-14T19:00:01.43","2026-05-21T13:10:23.077232+00:00"
"37802","41090307","0","cbtyA","하리","짱","CHATTING","2020-12-14T19:56:24","3382570","False","2020-12-14T19:00:01.43","2026-05-21T13:10:23.077232+00:00"
"37802","41090311","0","56dJ7","초코초코초코","가입 고고고","CHATTING","2020-12-14T19:56:24","3382570","False","2020-12-14T19:00:01.43","2026-05-21T13:10:23.077232+00:00"
"37802","41090312","0","4pbZ1","lost27","네이버 플러스 멤버십 사랑입니다","CHATTING","2020-12-14T19:56:24","3382570","False","2020-12-14T19:00:01.43","2026-05-21T13:10:23.077232+00:00"
"37802","41090315","0","OYvj","won7****","우왕😍 😍 😍 😍 😍 😍 😍","CHATTING","2020-12-14T19:56:25","3383570","False","2020-12-14T19:00:01.43","2026-05-21T13:10:23.077232+00:00"
"37802","41090319","0","2IwLm","날씬해","내일까지 혜택이네요","CHATTING","2020-12-14T19:56:25","3383570","False","2020-12-14T19:00:01.43","2026-05-21T13:10:23.077232+00:00"
"37802","41090320","0","3k1zY","뽀짝뽀짝","네이버 담당자님 좋은 구성 너무너무 감사드려요 구성도 너무 알차서 방송 내내 재밌었어요💙💙🔥","CHATTING","2020-12-14T19:56:25","3383570","False","2020-12-14T19:00:01.43","2026-05-21T13:10:23.077232+00:00"
"37802","41090321","0","cBQ5Z","룰루랄라","네/네이버 맴버쉽을 이/이라방을 보고 가입하세요 버/버스 떠나기전에 잡으세요!! 혜택짱이에요♥","CHATTING","2020-12-14T19:56:25","3383570","False","2020-12-14T19:00:01.43","2026-05-21T13:10:23.077232+00:00"
"37802","41090322","0","3tude","미니KIM","네이버 플러스 멤버십 진짜 혜택 미쳤다 !!","CHATTING","2020-12-14T19:56:25","3383570","False","2020-12-14T19:00:01.43","2026-05-21T13:10:23.077232+00:00"
"37802","41090328","0","55yP2","bong","12개월 당첨되고 싶네요","CHATTING","2020-12-14T19:56:25","3383570","False","2020-12-14T19:00:01.43","2026-05-21T13:10:23.077232+00:00"
"37802","41090331","0","3HGha","쁘힛","의심 버리고 네이버플러스 가입하세요~~","CHATTING","2020-12-14T19:56:25","3383570","False","2020-12-14T19:00:01.43","2026-05-21T13:10:23.077232+00:00"
"37802","41090333","0","17b0r","히뚜다히뚜","네이버 멤버십 너무너무 잘쓰고 있어요~!!!!!!!!노래도 너무너무 잘듣고 있구요~장보기도 꿀혜택이예요~!!!12개월 당첨 가즈아~!!!!!!!!!!!!!!","CHATTING","2020-12-14T19:56:25","3383570","False","2020-12-14T19:00:01.43","2026-05-21T13:10:23.077232+00:00"
"37802","41090335","0","4gIFK","밤밤","네이버짱","CHATTING","2020-12-14T19:56:25","3383570","False","2020-12-14T19:00:01.43","2026-05-21T13:10:23.077232+00:00"
"37802","41090336","0","8PsC7","JW","네이버 멤버십 사랑합니당","CHATTING","2020-12-14T19:56:25","3383570","False","2020-12-14T19:00:01.43","2026-05-21T13:10:23.077232+00:00"
"37802","41090339","0","6DKi7","꾸리쿵","👏🏻👏🏻👏🏻👏🏻👏🏻👏🏻👏🏻","CHATTING","2020-12-14T19:56:26","3384570","False","2020-12-14T19:00:01.43","2026-05-21T13:10:23.077232+00:00"
"37802","41090340","0","2h8o3","빵빵대박","💚💚💚혜택 최고야 짜릿해💚💚💚","CHATTING","2020-12-14T19:56:26","3384570","False","2020-12-14T19:00:01.43","2026-05-21T13:10:23.077232+00:00"
"37802","41090341","0","JJt1","adorable","기존가입자도 신경써주시고 최고예요","CHATTING","2020-12-14T19:56:26","3384570","False","2020-12-14T19:00:01.43","2026-05-21T13:10:23.077232+00:00"
"37802","41090343","0","3Ev39","워이","좋아보여요","CHATTING","2020-12-14T19:56:26","3384570","False","2020-12-14T19:00:01.43","2026-05-21T13:10:23.077232+00:00"
"37802","41090344","0","2e6jg","지기","오늘방송보고나니....머리속에 쏙쏙...^^","CHATTING","2020-12-14T19:56:26","3384570","False","2020-12-14T19:00:01.43","2026-05-21T13:10:23.077232+00:00"
"37802","41090350","0","4gjof","혀니","하잉","CHATTING","2020-12-14T19:56:26","3384570","False","2020-12-14T19:00:01.43","2026-05-21T13:10:23.077232+00:00"
"37802","41090353","0","af2Dr","전자통신","혜택진짜 좋네요","CHATTING","2020-12-14T19:56:26","3384570","False","2020-12-14T19:00:01.43","2026-05-21T13:10:23.077232+00:00"
"37802","41090356","0","1bnqq","행복돌이","멤버십 12시 넘으면 가입가능한가요???","CHATTING","2020-12-14T19:56:26","3384570","False","2020-12-14T19:00:01.43","2026-05-21T13:10:23.077232+00:00"
"37802","41090357","0","1nAwX","sunflower","가입했는데 한달로떠요","CHATTING","2020-12-14T19:56:26","3384570","False","2020-12-14T19:00:01.43","2026-05-21T13:10:23.077232+00:00"
"37802","41090359","0","4ZPus","뽀로롱","혜택 다양하네요 ㅎㅎㅎ","CHATTING","2020-12-14T19:56:26","3384570","False","2020-12-14T19:00:01.43","2026-05-21T13:10:23.077232+00:00"
"37802","41090362","0","4p8j9","샹들리","혜택이 혜자네요","CHATTING","2020-12-14T19:56:26","3384570","False","2020-12-14T19:00:01.43","2026-05-21T13:10:23.078238+00:00"
"37802","41090364","0","NHmy","꼬맹이빈","ㅎㅎㅎㅎ ㅎ혜자네요","CHATTING","2020-12-14T19:56:27","3385570","False","2020-12-14T19:00:01.43","2026-05-21T13:10:23.078238+00:00"
"37802","41090365","0","2ucvN","지니","짱 짱~","CHATTING","2020-12-14T19:56:27","3385570","False","2020-12-14T19:00:01.43","2026-05-21T13:10:23.078238+00:00"
"37802","41090367","0","Nz51","skfl09","네이버 역시 혜택짱이네요.. 기존 가입자분들까지 챙기는 센스!!! 네이버 향기 나시는 분,,, 배우신분,,, 네이버 담당자님,,,,★♡♥","CHATTING","2020-12-14T19:56:27","3385570","False","2020-12-14T19:00:01.43","2026-05-21T13:10:23.078238+00:00"
"37802","41090368","0","qKSc","ghbfbvnj","꼭 가입해야겠네요!","CHATTING","2020-12-14T19:56:27","3385570","False","2020-12-14T19:00:01.43","2026-05-21T13:10:23.078238+00:00"
"37802","41090369","0","3KpYp","yyy","넹👍👍👍👍👍👍💙💙💙","CHATTING","2020-12-14T19:56:27","3385570","False","2020-12-14T19:00:01.43","2026-05-21T13:10:23.078238+00:00"
"37802","41090370","0","c3erd","뿌쀼뿡","지금 가입하자마자 고양이 화장실 구입했는데 멤버쉽플러스 적립금이 5190원나오네요 대박!!!!👍👍👍👍👍❤❤","CHATTING","2020-12-14T19:56:27","3385570","False","2020-12-14T19:00:01.43","2026-05-21T13:10:23.078238+00:00"
"37802","41090371","0","1pBUa","멍","집중탐구시간 유용했어요","CHATTING","2020-12-14T19:56:27","3385570","False","2020-12-14T19:00:01.43","2026-05-21T13:10:23.078238+00:00"
"37802","41090378","0","5HuR7","jamie","남자분 시계는 어디건가요?ㅋ","CHATTING","2020-12-14T19:56:27","3385570","False","2020-12-14T19:00:01.43","2026-05-21T13:10:23.078238+00:00"
"37802","41090381","0","2NsOx","두리몽실","가입자입니다 가입하세요 혜자입니다","CHATTING","2020-12-14T19:56:27","3385570","False","2020-12-14T19:00:01.43","2026-05-21T13:10:23.078238+00:00"
"37802","41090382","0","2WzkD","꿍","혜택 귀에 쏙쏙 들어와요","CHATTING","2020-12-14T19:56:27","3385570","False","2020-12-14T19:00:01.43","2026-05-21T13:10:23.078238+00:00"
"37802","41090384","0","dbKK4","따뜻한손","당첨되고파요","CHATTING","2020-12-14T19:56:27","3385570","False","2020-12-14T19:00:01.43","2026-05-21T13:10:23.078238+00:00"
"37802","41090385","0","jWiE","박수현","결제해도 받는게 더 많아서 하나도 안 아까운 멤버십🥰","CHATTING","2020-12-14T19:56:27","3385570","False","2020-12-14T19:00:01.43","2026-05-21T13:10:23.078238+00:00"
"37802","41090388","0","59f4u","쿨하자","주변에 멤버십 추천하고 가입시키고","CHATTING","2020-12-14T19:56:27","3385570","False","2020-12-14T19:00:01.43","2026-05-21T13:10:23.078238+00:00"
"37802","41090390","0","2ujrn","sophia","저도 12개월 이용권 받고싶어용!","CHATTING","2020-12-14T19:56:28","3386570","False","2020-12-14T19:00:01.43","2026-05-21T13:10:23.078238+00:00"
"37802","41090392","0","4KulN","happyday","네이버 찐이야","CHATTING","2020-12-14T19:56:28","3386570","False","2020-12-14T19:00:01.43","2026-05-21T13:10:23.078238+00:00"
"37802","41090393","0","3Ppwk","어게인블루","👏👏👏👏👏👏👏👍","CHATTING","2020-12-14T19:56:28","3386570","False","2020-12-14T19:00:01.43","2026-05-21T13:10:23.078238+00:00"
"37802","41090395","0","Eoka","테디공주","가입 안하고 많이 샀는데 아깝네요","CHATTING","2020-12-14T19:56:28","3386570","False","2020-12-14T19:00:01.43","2026-05-21T13:10:23.078238+00:00"
"37802","41090396","0","dhZTp","02k","대박이네요","CHATTING","2020-12-14T19:56:28","3386570","False","2020-12-14T19:00:01.43","2026-05-21T13:10:23.078238+00:00"
"37802","41090397","0","8kV5A","루니","네이버 향기가 나는 담당자님 최고❤❤💚💚","CHATTING","2020-12-14T19:56:28","3386570","False","2020-12-14T19:00:01.43","2026-05-21T13:10:23.078238+00:00"
"37802","41090398","0","2FJpA","슬기","다들 혜택받으시고 가입하세용❣❣","CHATTING","2020-12-14T19:56:28","3386570","False","2020-12-14T19:00:01.43","2026-05-21T13:10:23.078238+00:00"
"37802","41090399","0","6iUT","모모","한시간 내내 응원중~ 적립금 팍팍~다양한 콘텐츠 혜택 팍팍팍~ 열심히 응원합니다 ~ 네이버 플러스 멤버십 대박나세요~","CHATTING","2020-12-14T19:56:28","3386570","False","2020-12-14T19:00:01.43","2026-05-21T13:10:23.078238+00:00"
"37802","41090401","0","1BTUs","아라리","뭐 필요하면 네이버 쇼핑부터 뒤지는 1인 입니다~~❤️❤️❤️네이버 멤버쉽 진짜 잘쓰고 있어요!!고마워요!!!멤버쉽데이 화이팅!!❤️❤️❤️❤️","CHATTING","2020-12-14T19:56:28","3386570","False","2020-12-14T19:00:01.43","2026-05-21T13:10:23.078238+00:00"
"37802","41090408","0","2FptC","mie2****","우와 다음에 멤버십데이가 또","CHATTING","2020-12-14T19:56:29","3387570","False","2020-12-14T19:00:01.43","2026-05-21T13:10:23.078238+00:00"
"37802","41090412","0","5oTLP","똘랑","멤바십 가입 혜택 누리기","CHATTING","2020-12-14T19:56:29","3387570","False","2020-12-14T19:00:01.43","2026-05-21T13:10:23.078238+00:00"
"37802","41090415","0","50Feg","로빈","가즈아아아","CHATTING","2020-12-14T19:56:29","3387570","False","2020-12-14T19:00:01.43","2026-05-21T13:10:23.078238+00:00"
"37802","41090421","0","1crUD","윤다다","아냐 다들 해지해요..나혼자 혜택 다누려야지...나 혼자 구매왕 될그얌...ㅋㅋㅋㅋㅋㅋㅋ","CHATTING","2020-12-14T19:56:29","3387570","False","2020-12-14T19:00:01.43","2026-05-21T13:10:23.078238+00:00"
"37802","41090423","0","4QKaw","miche","좋네요~~ 꼭 신규 가입자가 아니어도 혜택 많이 받으면 좋겠어요","CHATTING","2020-12-14T19:56:29","3387570","False","2020-12-14T19:00:01.43","2026-05-21T13:10:23.078238+00:00"
"37802","41090426","0","aqdUr","Apple1127","연장방송했으면좋겠어용^^","CHATTING","2020-12-14T19:56:30","3388570","False","2020-12-14T19:00:01.43","2026-05-21T13:10:23.078238+00:00"
"37802","41090427","0","2S7yL","minh****","좋아보여요 아주 좋습니다","CHATTING","2020-12-14T19:56:30","3388570","False","2020-12-14T19:00:01.43","2026-05-21T13:10:23.078238+00:00"
"37802","41090429","0","cbtyA","하리","좋아여","CHATTING","2020-12-14T19:56:30","3388570","False","2020-12-14T19:00:01.43","2026-05-21T13:10:23.078238+00:00"
"37802","41090431","0","4dDeT","S2뽁이얌S2","가입했어용~!!!!설명~아주 귀에 쏙쏙 들어오네요~!!!!!12개월 쏘아 주세용~!!!!!!!!!!!!뽕 뽑게해주세용~!!!!!","CHATTING","2020-12-14T19:56:30","3388570","False","2020-12-14T19:00:01.43","2026-05-21T13:10:23.078238+00:00"
"37802","41090433","0","y0CE","xxsz****","감사합니다","CHATTING","2020-12-14T19:56:30","3388570","False","2020-12-14T19:00:01.43","2026-05-21T13:10:23.078238+00:00"
"37802","41090434","0","2Qswx","ksah****","담당자ㅜㄴ 만세!!","CHATTING","2020-12-14T19:56:30","3388570","False","2020-12-14T19:00:01.43","2026-05-21T13:10:23.078238+00:00"
"37802","41090435","0","8NpXh","무미니미니","가입했어요!!","CHATTING","2020-12-14T19:56:30","3388570","False","2020-12-14T19:00:01.43","2026-05-21T13:10:23.078238+00:00"
"37802","41090437","0","4gIFK","밤밤","검색도 네이버가 최고양","CHATTING","2020-12-14T19:56:30","3388570","False","2020-12-14T19:00:01.43","2026-05-21T13:10:23.078238+00:00"
"37802","41090439","0","xiZO","달천새댁","의심을 거두고","CHATTING","2020-12-14T19:56:30","3388570","False","2020-12-14T19:00:01.43","2026-05-21T13:10:23.078238+00:00"
"37802","41090442","0","IVvI","루메나","네이버 무조건 가입합니다💖💖💖💖💖💖","CHATTING","2020-12-14T19:56:30","3388570","False","2020-12-14T19:00:01.43","2026-05-21T13:10:23.078238+00:00"
"37802","41090443","0","6EYbO","와우방방","멤버십 대박나네여","CHATTING","2020-12-14T19:56:30","3388570","False","2020-12-14T19:00:01.43","2026-05-21T13:10:23.078238+00:00"
"37802","41090444","0","4h2bR","별하","신규 가입자 유치하려고 준비한 멤버십 데이네요ㅠㅠ","CHATTING","2020-12-14T19:56:30","3388570","False","2020-12-14T19:00:01.43","2026-05-21T13:10:23.078238+00:00"
"37802","41090445","0","2gnJW","슬기","응원드립니다 ㅎㅎㅎㅎㅎ","CHATTING","2020-12-14T19:56:30","3388570","False","2020-12-14T19:00:01.43","2026-05-21T13:10:23.078238+00:00"
"37802","41090447","0","5I10t","별","설명너무 감사합니다","CHATTING","2020-12-14T19:56:31","3389570","False","2020-12-14T19:00:01.43","2026-05-21T13:10:23.078238+00:00"
"37802","41090448","0","3rQNF","두두","혜택이많아여","CHATTING","2020-12-14T19:56:31","3389570","False","2020-12-14T19:00:01.43","2026-05-21T13:10:23.078238+00:00"
"37802","41090453","0","1SHM9","애프리콧","흐","CHATTING","2020-12-14T19:56:31","3389570","False","2020-12-14T19:00:01.43","2026-05-21T13:10:23.078238+00:00"
"37802","41090456","0","44rH1","오깜찍이","혜택이 정말 좋네요!!","CHATTING","2020-12-14T19:56:31","3389570","False","2020-12-14T19:00:01.43","2026-05-21T13:10:23.078238+00:00"
"37802","41090457","0","1GtcJ","누렁누랭이","기존 가입자 위한 멤버십데이 기다릴게요~","CHATTING","2020-12-14T19:56:31","3389570","False","2020-12-14T19:00:01.43","2026-05-21T13:10:23.078238+00:00"
"37802","41090463","0","2xHMs","마법기사","월 이용료보다 훨씬 더 많은 혜택 받아서 좋아용","CHATTING","2020-12-14T19:56:31","3389570","False","2020-12-14T19:00:01.43","2026-05-21T13:10:23.078238+00:00"
"37802","41090467","0","3ZsXb","qeqeqeqeq","모두 누려봐요","CHATTING","2020-12-14T19:56:31","3389570","False","2020-12-14T19:00:01.43","2026-05-21T13:10:23.078238+00:00"
"37802","41090470","0","3dA1U","천조일원","역시 네이버","CHATTING","2020-12-14T19:56:31","3389570","False","2020-12-14T19:00:01.43","2026-05-21T13:10:23.078238+00:00"
"37802","41090472","0","1vFam","000000","우왕","CHATTING","2020-12-14T19:56:32","3390570","False","2020-12-14T19:00:01.43","2026-05-21T13:10:23.078238+00:00"
"37802","41090477","0","3L3kX","다크초코","방송좋네요","CHATTING","2020-12-14T19:56:32","3390570","False","2020-12-14T19:00:01.43","2026-05-21T13:10:23.078238+00:00"
"37802","41090478","0","RRel","감자도리","멤버쉽혜택 넘나감사드려요요용","CHATTING","2020-12-14T19:56:32","3390570","False","2020-12-14T19:00:01.43","2026-05-21T13:10:23.078238+00:00"
"37802","41090479","0","N0pG","아렌트","끝나나요? ㅠㅠ","CHATTING","2020-12-14T19:56:32","3390570","False","2020-12-14T19:00:01.43","2026-05-21T13:10:23.078238+00:00"
"37802","41090480","0","99x67","JJJ","가입해야겠다","CHATTING","2020-12-14T19:56:32","3390570","False","2020-12-14T19:00:01.43","2026-05-21T13:10:23.078238+00:00"
"37802","41090484","0","7KZyr","네티","너무 유익한 방송 이네요ㅎㅎ","CHATTING","2020-12-14T19:56:32","3390570","False","2020-12-14T19:00:01.43","2026-05-21T13:10:23.078238+00:00"
"37802","41090486","0","4h2bR","별하","아쉽","CHATTING","2020-12-14T19:56:32","3390570","False","2020-12-14T19:00:01.43","2026-05-21T13:10:23.078238+00:00"
"37802","41090489","0","1SKQi","애플소다","진작 알았음 좋았을텐데","CHATTING","2020-12-14T19:56:32","3390570","False","2020-12-14T19:00:01.43","2026-05-21T13:10:23.078238+00:00"
"37802","41090495","0","2DoEk","우야별","오~ ㅎㅎㅎ","CHATTING","2020-12-14T19:56:32","3390570","False","2020-12-14T19:00:01.43","2026-05-21T13:10:23.078238+00:00"
"37802","41090496","0","12lAj","김희선","😍😍😍","CHATTING","2020-12-14T19:56:32","3390570","False","2020-12-14T19:00:01.43","2026-05-21T13:10:23.078238+00:00"
"37802","41090497","0","5g9mS","몽쉘","방송 끝나고 바로 가입할거예요","CHATTING","2020-12-14T19:56:32","3390570","False","2020-12-14T19:00:01.43","2026-05-21T13:10:23.078238+00:00"
"37802","41090500","0","2tjXq","참이","기존 가입자를 위한거 기다리고 있어요","CHATTING","2020-12-14T19:56:33","3391570","False","2020-12-14T19:00:01.43","2026-05-21T13:10:23.078238+00:00"
"37802","41090502","0","17b0r","히뚜다히뚜","네이버 멤버십 너무너무 잘쓰고 있어요~!!!!!!!!노래도 너무너무 잘듣고 있구요~장보기도 꿀혜택이예요~!!!12개월 당첨 가즈아~!!!!!!!!!!!!!!","CHATTING","2020-12-14T19:56:33","3391570","False","2020-12-14T19:00:01.43","2026-05-21T13:10:23.078238+00:00"
"37802","41090504","0","3aqgG","모구모구","네이버 진짜 대혜자당","CHATTING","2020-12-14T19:56:33","3391570","False","2020-12-14T19:00:01.43","2026-05-21T13:10:23.078238+00:00"
"37802","41090506","0","5JqrF","박쭈꾸","네이버 향기나는 담당자분 최고에요","CHATTING","2020-12-14T19:56:33","3391570","False","2020-12-14T19:00:01.43","2026-05-21T13:10:23.078238+00:00"
"37802","41090507","0","5QsxT","혁이율이","나도 가입해야겠어요","CHATTING","2020-12-14T19:56:33","3391570","False","2020-12-14T19:00:01.43","2026-05-21T13:10:23.078238+00:00"
"37802","41090508","0","3P5A4","ljh0****","네이버 멤버십 최고입니다","CHATTING","2020-12-14T19:56:33","3391570","False","2020-12-14T19:00:01.43","2026-05-21T13:10:23.078238+00:00"
"37802","41090509","0","6WApc","냥냥","좋아보이네요","CHATTING","2020-12-14T19:56:33","3391570","False","2020-12-14T19:00:01.43","2026-05-21T13:10:23.078238+00:00"
"37802","41090511","0","cTM5r","mir","현금 돌려받는거 너무 좋네요 멤버십 최고네요","CHATTING","2020-12-14T19:56:33","3391570","False","2020-12-14T19:00:01.43","2026-05-21T13:10:23.078238+00:00"
"37802","41090515","0","H2sx","폴로","멤버십 혜택 다 받아갈게요~","CHATTING","2020-12-14T19:56:33","3391570","False","2020-12-14T19:00:01.43","2026-05-21T13:10:23.078238+00:00"
"37802","41090516","0","4p8h9","네츄럴","혜택 최고예요","CHATTING","2020-12-14T19:56:33","3391570","False","2020-12-14T19:00:01.43","2026-05-21T13:10:23.078238+00:00"
"37802","41090517","0","1jT6a","으랏차차","방송 끝나면 바로 네이버플러스 찾으면서 구입합니다.","CHATTING","2020-12-14T19:56:33","3391570","False","2020-12-14T19:00:01.43","2026-05-21T13:10:23.078238+00:00"
"37802","41090519","0","4v5AC","135","네이버멤버십 많이 이용할게요 화이팅","CHATTING","2020-12-14T19:56:33","3391570","False","2020-12-14T19:00:01.43","2026-05-21T13:10:23.078238+00:00"
"37802","41090521","0","3WpCR","커피조아","멤버십 필수","CHATTING","2020-12-14T19:56:34","3392570","False","2020-12-14T19:00:01.43","2026-05-21T13:10:23.078238+00:00"
"37802","41090522","0","CnW5","정","플러스 멤버십 좋군요","CHATTING","2020-12-14T19:56:34","3392570","False","2020-12-14T19:00:01.43","2026-05-21T13:10:23.078238+00:00"
"37802","41090525","0","cbtyA","하리","감사","CHATTING","2020-12-14T19:56:34","3392570","False","2020-12-14T19:00:01.43","2026-05-21T13:10:23.078238+00:00"
"37802","41090527","0","5pC2W","미달이","멤버십데이 손꼽아 기다릴께요~~!!^^","CHATTING","2020-12-14T19:56:34","3392570","False","2020-12-14T19:00:01.43","2026-05-21T13:10:23.078238+00:00"
"37802","41090529","0","zTCy","djsx****","우오우와","CHATTING","2020-12-14T19:56:34","3392570","False","2020-12-14T19:00:01.43","2026-05-21T13:10:23.078238+00:00"
"37802","41090533","0","VJ9Z","해바라기","와우~~감사해요","CHATTING","2020-12-14T19:56:34","3392570","False","2020-12-14T19:00:01.43","2026-05-21T13:10:23.078238+00:00"
"37802","41090537","0","1tU28","뱃살공주","🌈가입안하면 바보~~!!🌈","CHATTING","2020-12-14T19:56:34","3392570","False","2020-12-14T19:00:01.43","2026-05-21T13:10:23.078238+00:00"
"37802","41090540","0","1axPW","곰돌이푸","네이버 최고에요^^","CHATTING","2020-12-14T19:56:35","3393570","False","2020-12-14T19:00:01.43","2026-05-21T13:10:23.078238+00:00"
"37802","41090541","0","2WzkD","꿍","라이브방송때 구매하면 더 이득!","CHATTING","2020-12-14T19:56:35","3393570","False","2020-12-14T19:00:01.43","2026-05-21T13:10:23.078238+00:00"
"37802","41090543","0","3a6Oe","쥬주디","와혜택좋네요","CHATTING","2020-12-14T19:56:35","3393570","False","2020-12-14T19:00:01.43","2026-05-21T13:10:23.078238+00:00"
"37802","41090544","0","3yOPk","어글리","해지자라 담당자님 최고 ~","CHATTING","2020-12-14T19:56:35","3393570","False","2020-12-14T19:00:01.43","2026-05-21T13:10:23.078238+00:00"
"37802","41090545","0","3tude","미니KIM","다음 방송에서 꼭 활용해볼게요 꺄아","CHATTING","2020-12-14T19:56:35","3393570","False","2020-12-14T19:00:01.43","2026-05-21T13:10:23.078238+00:00"
"37802","41090548","0","v7i0","동물원꿀벌","오늘내일 또 쇼핑하러 갑니다아아아","CHATTING","2020-12-14T19:56:35","3393570","False","2020-12-14T19:00:01.43","2026-05-21T13:10:23.078238+00:00"
"37802","41090549","0","2e6jg","지기","네네~~~","CHATTING","2020-12-14T19:56:35","3393570","False","2020-12-14T19:00:01.43","2026-05-21T13:10:23.078238+00:00"
"37802","41090551","0","4edVw","무지개","네이버플러스멤버십 감사해요~~~","CHATTING","2020-12-14T19:56:35","3393570","False","2020-12-14T19:00:01.43","2026-05-21T13:10:23.078238+00:00"
"37802","41090553","0","XNC5","안녕이란","크 짱이다","CHATTING","2020-12-14T19:56:35","3393570","False","2020-12-14T19:00:01.43","2026-05-21T13:10:23.078238+00:00"
"37802","41090554","0","3FYZI","k1","기다리고있습니다","CHATTING","2020-12-14T19:56:35","3393570","False","2020-12-14T19:00:01.43","2026-05-21T13:10:23.078238+00:00"
"37802","41090555","0","5b7le","novi****","기존가입자 멤버십 데이까지 존버합니다!!!!","CHATTING","2020-12-14T19:56:35","3393570","False","2020-12-14T19:00:01.43","2026-05-21T13:10:23.078238+00:00"
"37802","41090557","0","4dDeT","S2뽁이얌S2","가입했어용~!!!!설명~아주 귀에 쏙쏙 들어오네요~!!!!!12개월 쏘아 주세용~!!!!!!!!!!!!뽕 뽑게해주세용~!!!!!","CHATTING","2020-12-14T19:56:35","3393570","False","2020-12-14T19:00:01.43","2026-05-21T13:10:23.078238+00:00"
"37802","41090564","0","vX8Z","천사사랑","우와 정말요? 기존 가입자도 응원합니다^^","CHATTING","2020-12-14T19:56:36","3394570","False","2020-12-14T19:00:01.43","2026-05-21T13:10:23.078238+00:00"
"37802","41090565","0","4KulN","happyday","좋다","CHATTING","2020-12-14T19:56:36","3394570","False","2020-12-14T19:00:01.43","2026-05-21T13:10:23.078238+00:00"
"37802","41090566","0","2FJpA","슬기","삼성좋으다요!!","CHATTING","2020-12-14T19:56:36","3394570","False","2020-12-14T19:00:01.43","2026-05-21T13:10:23.078238+00:00"
"37802","41090567","0","2uHmO","jin","음 ~","CHATTING","2020-12-14T19:56:36","3394570","False","2020-12-14T19:00:01.43","2026-05-21T13:10:23.078238+00:00"
"37802","41090568","0","2V4bM","꾹꾹이","네이버 멤버십 혜택도 선택할 수 있도록 업그레이드됐잖아요ㅎㅎㅎㅎ","CHATTING","2020-12-14T19:56:36","3394570","False","2020-12-14T19:00:01.43","2026-05-21T13:10:23.078238+00:00"
"37802","41090570","0","3HGha","쁘힛","오 정말요","CHATTING","2020-12-14T19:56:36","3394570","False","2020-12-14T19:00:01.43","2026-05-21T13:10:23.078742+00:00"
"37802","41090571","0","1wWiK","미요미","혜택대박","CHATTING","2020-12-14T19:56:36","3394570","False","2020-12-14T19:00:01.43","2026-05-21T13:10:23.078742+00:00"
"37802","41090577","0","QGWs","한sound","대박이네요","CHATTING","2020-12-14T19:56:36","3394570","False","2020-12-14T19:00:01.43","2026-05-21T13:10:23.078742+00:00"
"37802","41090579","0","9sH3k","이번생은 처음","정마 기존 가입자도 생각해주세요~","CHATTING","2020-12-14T19:56:36","3394570","False","2020-12-14T19:00:01.43","2026-05-21T13:10:23.078742+00:00"
"37802","41090582","0","7b7Ud","해바라기그녀","즐거웠습니다","CHATTING","2020-12-14T19:56:36","3394570","False","2020-12-14T19:00:01.43","2026-05-21T13:10:23.078742+00:00"
"37802","41090583","0","2byt9","필로","채팅속도난리다ㅎㅈㅎ","CHATTING","2020-12-14T19:56:36","3394570","False","2020-12-14T19:00:01.43","2026-05-21T13:10:23.078742+00:00"
"37802","41090585","0","crXR9","맨날행복하자","삼성쓰면 무조건 구매왕각이네요.","CHATTING","2020-12-14T19:56:37","3395570","False","2020-12-14T19:00:01.43","2026-05-21T13:10:23.078742+00:00"
"37802","41090586","0","6iUT","모모","한시간 내내 응원중~ 적립금 팍팍~다양한 콘텐츠 혜택 팍팍팍~ 열심히 응원합니다 ~ 네이버 플러스 멤버십 대박나세요~","CHATTING","2020-12-14T19:56:37","3395570","False","2020-12-14T19:00:01.43","2026-05-21T13:10:23.078742+00:00"
"37802","41090597","0","1BTUs","아라리","뭐 필요하면 네이버 쇼핑부터 뒤지는 1인 입니다~~❤️❤️❤️네이버 멤버쉽 진짜 잘쓰고 있어요!!고마워요!!!멤버쉽데이 화이팅!!❤️❤️❤️❤️","CHATTING","2020-12-14T19:56:37","3395570","False","2020-12-14T19:00:01.43","2026-05-21T13:10:23.078742+00:00"
"37802","41090598","0","2zvPA","고릴라님","짱이에요! 네이버페니 사랑!!!","CHATTING","2020-12-14T19:56:37","3395570","False","2020-12-14T19:00:01.43","2026-05-21T13:10:23.078742+00:00"
"37802","41090599","0","xnaJ","아들부자님","혜택짱♡","CHATTING","2020-12-14T19:56:37","3395570","False","2020-12-14T19:00:01.43","2026-05-21T13:10:23.078742+00:00"
"37802","41090600","0","8ovUm","cducky","와~~ 팁 땡큐","CHATTING","2020-12-14T19:56:37","3395570","False","2020-12-14T19:00:01.43","2026-05-21T13:10:23.078742+00:00"
"37802","41090601","0","3KpYp","yyy","오 👍👍👍👍👍🤣","CHATTING","2020-12-14T19:56:37","3395570","False","2020-12-14T19:00:01.43","2026-05-21T13:10:23.078742+00:00"
"37802","41090602","0","3A52S","멋진진팔","오^","CHATTING","2020-12-14T19:56:37","3395570","False","2020-12-14T19:00:01.43","2026-05-21T13:10:23.078742+00:00"
"37802","41090603","0","uL6h","마리","가입한 회원들에게도 혜택이 다양해진다니깐 가입 꼭 해야 한다는 거네요!! 짱짱","CHATTING","2020-12-14T19:56:37","3395570","False","2020-12-14T19:00:01.43","2026-05-21T13:10:23.078742+00:00"
"37802","41090605","0","IVvI","루메나","연장방송도 했으면 좋겠네요","CHATTING","2020-12-14T19:56:37","3395570","False","2020-12-14T19:00:01.43","2026-05-21T13:10:23.078742+00:00"
"37802","41090606","0","6jjMw","홍서연","멤버쉽데이 매달 래주세요","CHATTING","2020-12-14T19:56:37","3395570","False","2020-12-14T19:00:01.43","2026-05-21T13:10:23.078742+00:00"
"37802","41090609","0","1aBuS","리스펙","와우 좋은네이버향기나는 담당자님 굳굳","CHATTING","2020-12-14T19:56:38","3396570","False","2020-12-14T19:00:01.43","2026-05-21T13:10:23.078742+00:00"
"37802","41090612","0","2dB4Y","caffelatte","혜택 함께해욬ㅋㅋ","CHATTING","2020-12-14T19:56:38","3396570","False","2020-12-14T19:00:01.43","2026-05-21T13:10:23.078742+00:00"
"37802","41090613","0","2gnJW","슬기","이제 구매 시작이당 ㅎㅎㅎ","CHATTING","2020-12-14T19:56:38","3396570","False","2020-12-14T19:00:01.43","2026-05-21T13:10:23.078742+00:00"
"37802","41090617","0","17b0r","히뚜다히뚜","네이버 멤버십 너무너무 잘쓰고 있어요~!!!!!!!!노래도 너무너무 잘듣고 있구요~장보기도 꿀혜택이예요~!!!12개월 당첨 가즈아~!!!!!!!!!!!!!!","CHATTING","2020-12-14T19:56:38","3396570","False","2020-12-14T19:00:01.43","2026-05-21T13:10:23.078742+00:00"
"37802","41090618","0","umIi","하얀달빛","💚💙네이버 멤버쉽💙💚 혜택이 너무 좋아서 가입하지않을 이유가 없네요!! 다들 가입하세여!!","CHATTING","2020-12-14T19:56:38","3396570","False","2020-12-14T19:00:01.43","2026-05-21T13:10:23.078742+00:00"
"37802","41090622","0","VKag","골드후아유","🎊🎉💙❤💚나는야 네이버가 좋다 4900원 혜자","CHATTING","2020-12-14T19:56:38","3396570","False","2020-12-14T19:00:01.43","2026-05-21T13:10:23.078742+00:00"
"37802","41090624","0","1y1gn","박현주","필수","CHATTING","2020-12-14T19:56:38","3396570","False","2020-12-14T19:00:01.43","2026-05-21T13:10:23.078742+00:00"
"37802","41090626","0","3a0PW","겨울홀씨20","💖💖 네이버 플러스 멤버쉽 💗💗가입안한게 후회되네요","CHATTING","2020-12-14T19:56:38","3396570","False","2020-12-14T19:00:01.43","2026-05-21T13:10:23.078742+00:00"
"37802","41090628","0","8QZI2","멍크","오 ㄷㄷ 미쳣다","CHATTING","2020-12-14T19:56:38","3396570","False","2020-12-14T19:00:01.43","2026-05-21T13:10:23.078742+00:00"
"37802","41090630","0","deEaw","nic","너무 유익한 시간이엇네요","CHATTING","2020-12-14T19:56:39","3397570","False","2020-12-14T19:00:01.43","2026-05-21T13:10:23.078742+00:00"
"37802","41090632","0","4XDaG","메탈기관총","네!!!!!","CHATTING","2020-12-14T19:56:39","3397570","False","2020-12-14T19:00:01.43","2026-05-21T13:10:23.078742+00:00"
"37802","41090634","0","u8E6","꼬맹이","💚💚저 가입 완료🤗🤗💚💚","CHATTING","2020-12-14T19:56:39","3397570","False","2020-12-14T19:00:01.43","2026-05-21T13:10:23.078742+00:00"
"37802","41090636","0","5G8NA","gneik","방송이 빠르게 지나간 느낌이에여~!!","CHATTING","2020-12-14T19:56:39","3397570","False","2020-12-14T19:00:01.43","2026-05-21T13:10:23.078742+00:00"
"37802","41090637","0","IVvI","루메나","대박이네요","CHATTING","2020-12-14T19:56:39","3397570","False","2020-12-14T19:00:01.43","2026-05-21T13:10:23.078742+00:00"
"37802","41090641","0","beUqP","포비","멤버십 좋네요","CHATTING","2020-12-14T19:56:39","3397570","False","2020-12-14T19:00:01.43","2026-05-21T13:10:23.078742+00:00"
"37802","41090642","0","1ME7B","꿀자몽","멤버십 가입하고 혜택 다 제대로 챙길거예요","CHATTING","2020-12-14T19:56:39","3397570","False","2020-12-14T19:00:01.43","2026-05-21T13:10:23.078742+00:00"
"37802","41090646","0","2IwLm","날씬해","즐거운 방송이였숩니다","CHATTING","2020-12-14T19:56:39","3397570","False","2020-12-14T19:00:01.43","2026-05-21T13:10:23.078742+00:00"
"37802","41090650","0","xiZO","달천새댁","써보세요~~~","CHATTING","2020-12-14T19:56:39","3397570","False","2020-12-14T19:00:01.43","2026-05-21T13:10:23.078742+00:00"
"37802","41090651","0","1U9Qg","냐옹이","두분을 멤버십 ======홍보대사====로 ~~","CHATTING","2020-12-14T19:56:40","3398570","False","2020-12-14T19:00:01.43","2026-05-21T13:10:23.078742+00:00"
"37802","41090652","0","kaPE","하늘구름","와 20퍼 쿠폰","CHATTING","2020-12-14T19:56:40","3398570","False","2020-12-14T19:00:01.43","2026-05-21T13:10:23.078742+00:00"
"37802","41090653","0","2h8o3","빵빵대박","담당자님 최고💚💚💚","CHATTING","2020-12-14T19:56:40","3398570","False","2020-12-14T19:00:01.43","2026-05-21T13:10:23.078742+00:00"
"37802","41090655","0","2i6uN","아오","❤","CHATTING","2020-12-14T19:56:40","3398570","False","2020-12-14T19:00:01.43","2026-05-21T13:10:23.078742+00:00"
"37802","41090659","0","1XmJV","지선","소비자를 먼저 생각하는 네이버 플러스멤버십!","CHATTING","2020-12-14T19:56:40","3398570","False","2020-12-14T19:00:01.43","2026-05-21T13:10:23.078742+00:00"
"37802","41090660","0","5GfHG","륄리륄리","우와 기존 가입자를 위한 다음 멤버십 데이 기다릴게요","CHATTING","2020-12-14T19:56:40","3398570","False","2020-12-14T19:00:01.43","2026-05-21T13:10:23.078742+00:00"
"37802","41090662","0","XNC5","안녕이란","역시 네이버장","CHATTING","2020-12-14T19:56:40","3398570","False","2020-12-14T19:00:01.43","2026-05-21T13:10:23.078742+00:00"
"37802","41090663","0","2i3PD","사과셋","새해에도 쇼핑 많이 네이버플러스멤버십 혜택도 많이","CHATTING","2020-12-14T19:56:40","3398570","False","2020-12-14T19:00:01.43","2026-05-21T13:10:23.078742+00:00"
"37802","41090664","0","3a6Oe","쥬주디","진작알았으면 좋았을텐데","CHATTING","2020-12-14T19:56:40","3398570","False","2020-12-14T19:00:01.43","2026-05-21T13:10:23.078742+00:00"
"37802","41090668","0","5oTLP","똘랑","방송 보고 바로 누리기","CHATTING","2020-12-14T19:56:40","3398570","False","2020-12-14T19:00:01.43","2026-05-21T13:10:23.078742+00:00"
"37802","41090669","0","alKuA","김형준","요즘 같이 집콕해야 할때 꼭 가입하셔서 혜택 누리시고 받으실거 모두 받으세요~!","CHATTING","2020-12-14T19:56:40","3398570","False","2020-12-14T19:00:01.43","2026-05-21T13:10:23.078742+00:00"
"37802","41090670","0","2zg3t","어흥어흥","구매왕 노려볼게요~`","CHATTING","2020-12-14T19:56:40","3398570","False","2020-12-14T19:00:01.43","2026-05-21T13:10:23.078742+00:00"
"37802","41090671","0","62IZK","안수연","앗 방송 벌써 끝인가요ㅠ","CHATTING","2020-12-14T19:56:40","3398570","False","2020-12-14T19:00:01.43","2026-05-21T13:10:23.078742+00:00"
"37802","41090672","0","2fJH4","마보이","제품 구성이 다양해요","CHATTING","2020-12-14T19:56:40","3398570","False","2020-12-14T19:00:01.43","2026-05-21T13:10:23.078742+00:00"
"37802","41090673","0","6jjMw","홍서연","네이버쇼핑하시면 가입하세용 진짜 꿀🐝🍯🍯🍯","CHATTING","2020-12-14T19:56:40","3398570","False","2020-12-14T19:00:01.43","2026-05-21T13:10:23.078742+00:00"
"37802","41090675","0","34pUK","프랑이","장기 가입자를 위한 혜택도 준비해주세요~~ 찐팬도 챙겨주세요~! ㅋㅋㅋ","CHATTING","2020-12-14T19:56:40","3398570","False","2020-12-14T19:00:01.43","2026-05-21T13:10:23.078742+00:00"
"37802","41090676","0","4dDeT","S2뽁이얌S2","가입했어용~!!!!설명~아주 귀에 쏙쏙 들어오네요~!!!!!12개월 쏘아 주세용~!!!!!!!!!!!!뽕 뽑게해주세용~!!!!!","CHATTING","2020-12-14T19:56:40","3398570","False","2020-12-14T19:00:01.43","2026-05-21T13:10:23.078742+00:00"
"37802","41090680","0","1SKQi","애플소다","얼마전에 가입했거든요","CHATTING","2020-12-14T19:56:41","3399570","False","2020-12-14T19:00:01.43","2026-05-21T13:10:23.078742+00:00"
"37802","41090683","0","3Bs24","이혜승","할까말까할까","CHATTING","2020-12-14T19:56:41","3399570","False","2020-12-14T19:00:01.43","2026-05-21T13:10:23.078742+00:00"
"37802","41090684","0","1rWnb","용이","데이","CHATTING","2020-12-14T19:56:41","3399570","False","2020-12-14T19:00:01.43","2026-05-21T13:10:23.078742+00:00"
"37802","41090686","0","cbtyA","하리","ㅎㅎㅎㅎ","CHATTING","2020-12-14T19:56:41","3399570","False","2020-12-14T19:00:01.43","2026-05-21T13:10:23.078742+00:00"
"37802","41090690","0","2pfcp","luna****","역시 네이버!멤버십 맘껏 누려야겠네요!","CHATTING","2020-12-14T19:56:41","3399570","False","2020-12-14T19:00:01.43","2026-05-21T13:10:23.078742+00:00"
"37802","41090691","0","1G9VD","딸기두목","요즘처럼 인터넷쇼핑 많이할때 너무 좋은 네이버멤버십","CHATTING","2020-12-14T19:56:41","3399570","False","2020-12-14T19:00:01.43","2026-05-21T13:10:23.078742+00:00"
"37802","41090693","0","6urBR","한","오 대박대박","CHATTING","2020-12-14T19:56:41","3399570","False","2020-12-14T19:00:01.43","2026-05-21T13:10:23.078742+00:00"
"37802","41090694","0","1wWiK","미요미","멤버십 최고","CHATTING","2020-12-14T19:56:41","3399570","False","2020-12-14T19:00:01.43","2026-05-21T13:10:23.078742+00:00"
"37802","41090697","0","2UtG3","이루리","원래 다른마트 이용하는데 아까 보니까 장보기 쿠폰 주더라구요.. 그래서 장바구니 다 담았는데 5만원어치 사는데 적립이 7000원이나ㅠㅠ 정말 감동이에요~멤버십진짜 짱짱 🥰🥰🥰🥰","CHATTING","2020-12-14T19:56:41","3399570","False","2020-12-14T19:00:01.43","2026-05-21T13:10:23.078742+00:00"
"37802","41090699","0","8Nnv8","HappyMod","멤버십은 필수에요 필수!","CHATTING","2020-12-14T19:56:41","3399570","False","2020-12-14T19:00:01.43","2026-05-21T13:10:23.078742+00:00"
"37802","41090704","0","HEbc","hhan****","해지했던 사람은 가입해도될까요?","CHATTING","2020-12-14T19:56:42","3400570","False","2020-12-14T19:00:01.43","2026-05-21T13:10:23.078742+00:00"
"37802","41090705","0","509zJ","노네임","꿀팁이네요","CHATTING","2020-12-14T19:56:42","3400570","False","2020-12-14T19:00:01.43","2026-05-21T13:10:23.078742+00:00"
"37802","41090706","0","7zk6f","알제이","다들 가입하세요 혜택이 넘쳐요","CHATTING","2020-12-14T19:56:42","3400570","False","2020-12-14T19:00:01.43","2026-05-21T13:10:23.078742+00:00"
"37802","41090707","0","4h2bR","별하","기존 가입자 위한 헤택 있었음 했는데","CHATTING","2020-12-14T19:56:42","3400570","False","2020-12-14T19:00:01.43","2026-05-21T13:10:23.078742+00:00"
"37802","41090708","0","3a6Oe","쥬주디","대박이네용","CHATTING","2020-12-14T19:56:42","3400570","False","2020-12-14T19:00:01.43","2026-05-21T13:10:23.078742+00:00"
"37802","41090709","0","4edVw","무지개","멤버쉽데이 또해줘요~~~","CHATTING","2020-12-14T19:56:42","3400570","False","2020-12-14T19:00:01.43","2026-05-21T13:10:23.078742+00:00"
"37802","41090710","0","2dB4Y","caffelatte","대박혜택 ㅋㅋㅋ","CHATTING","2020-12-14T19:56:42","3400570","False","2020-12-14T19:00:01.43","2026-05-21T13:10:23.078742+00:00"
"37802","41090714","0","6iUT","모모","한시간 내내 응원중~ 적립금 팍팍~다양한 콘텐츠 혜택 팍팍팍~ 열심히 응원합니다 ~ 네이버 플러스 멤버십 대박나세요~","CHATTING","2020-12-14T19:56:42","3400570","False","2020-12-14T19:00:01.43","2026-05-21T13:10:23.078742+00:00"
"37802","41090716","0","20G7R","JJ77","라방 여태까지 보면서 이렇게 많은 인원들어오는건 처음보네요~ 네이버멤버십 인기 많네요!🥰🥰🥰","CHATTING","2020-12-14T19:56:43","3401570","False","2020-12-14T19:00:01.43","2026-05-21T13:10:23.078742+00:00"
"37802","41090719","0","2pvai","서쪽하늘","역시 네이버 짱","CHATTING","2020-12-14T19:56:43","3401570","False","2020-12-14T19:00:01.43","2026-05-21T13:10:23.078742+00:00"
"37802","41090720","0","1lrIV","몽몽이","대박잉에요","CHATTING","2020-12-14T19:56:43","3401570","False","2020-12-14T19:00:01.43","2026-05-21T13:10:23.078742+00:00"
"37802","41090722","0","3T1DN","은종원","ㄷㅐ박","CHATTING","2020-12-14T19:56:43","3401570","False","2020-12-14T19:00:01.43","2026-05-21T13:10:23.078742+00:00"
"37802","41090725","0","IVvI","루메나","흑흑","CHATTING","2020-12-14T19:56:43","3401570","False","2020-12-14T19:00:01.43","2026-05-21T13:10:23.078742+00:00"
"37802","41090726","0","3HGha","쁘힛","기존 가입자를 위한 멤버십 데이도 있대요 여러분","CHATTING","2020-12-14T19:56:43","3401570","False","2020-12-14T19:00:01.43","2026-05-21T13:10:23.078742+00:00"
"37802","41090728","0","6jjMw","홍서연","네이버쇼핑하시면 가입하세용 진짜 꿀🐝🍯🍯🍯","CHATTING","2020-12-14T19:56:43","3401570","False","2020-12-14T19:00:01.43","2026-05-21T13:10:23.078742+00:00"
"37802","41090729","0","17b0r","히뚜다히뚜","네이버 멤버십 너무너무 잘쓰고 있어요~!!!!!!!!노래도 너무너무 잘듣고 있구요~장보기도 꿀혜택이예요~!!!12개월 당첨 가즈아~!!!!!!!!!!!!!!","CHATTING","2020-12-14T19:56:43","3401570","False","2020-12-14T19:00:01.43","2026-05-21T13:10:23.078742+00:00"
"37802","41090730","0","4vnUI","디비디비딥","와후","CHATTING","2020-12-14T19:56:43","3401570","False","2020-12-14T19:00:01.43","2026-05-21T13:10:23.078742+00:00"
"37802","41090731","0","1T8uZ","봄바람","이 좋은 혜택 오래오래 유지해주세요~~~","CHATTING","2020-12-14T19:56:43","3401570","False","2020-12-14T19:00:01.43","2026-05-21T13:10:23.078742+00:00"
"37802","41090732","0","5I10t","별","멤버쉽가입했어요~~","CHATTING","2020-12-14T19:56:43","3401570","False","2020-12-14T19:00:01.43","2026-05-21T13:10:23.078742+00:00"
"37802","41090734","0","1jT6a","으랏차차","혜택이 좋아서 구매 안할 수 없어요.","CHATTING","2020-12-14T19:56:43","3401570","False","2020-12-14T19:00:01.43","2026-05-21T13:10:23.078742+00:00"
"37802","41090735","0","4KulN","happyday","ㅋㅋㅋㅋ","CHATTING","2020-12-14T19:56:43","3401570","False","2020-12-14T19:00:01.43","2026-05-21T13:10:23.078742+00:00"
"37802","41090738","0","cbtyA","하리","대박","CHATTING","2020-12-14T19:56:44","3402570","False","2020-12-14T19:00:01.43","2026-05-21T13:10:23.078742+00:00"
"37802","41090740","0","vEdt","매일매일맑음","기다릴게요 네이버향기님","CHATTING","2020-12-14T19:56:44","3402570","False","2020-12-14T19:00:01.43","2026-05-21T13:10:23.078742+00:00"
"37802","41090741","0","2DoEk","우야별","장보기 보러가야겠어요 ㅋㅋ","CHATTING","2020-12-14T19:56:44","3402570","False","2020-12-14T19:00:01.43","2026-05-21T13:10:23.078742+00:00"
"37802","41090744","0","RRel","감자도리","^0^","CHATTING","2020-12-14T19:56:44","3402570","False","2020-12-14T19:00:01.43","2026-05-21T13:10:23.078742+00:00"
"37802","41090745","0","cQJze","nhw","대박 네이버멤버십~","CHATTING","2020-12-14T19:56:44","3402570","False","2020-12-14T19:00:01.43","2026-05-21T13:10:23.078742+00:00"
"37802","41090747","0","1crUD","윤다다","멤버쉽 짱~~~~~👍👍👍💚💚💚💚","CHATTING","2020-12-14T19:56:44","3402570","False","2020-12-14T19:00:01.43","2026-05-21T13:10:23.078742+00:00"
"37802","41090750","0","q8HJ","희정","구국","CHATTING","2020-12-14T19:56:44","3402570","False","2020-12-14T19:00:01.43","2026-05-21T13:10:23.078742+00:00"
"37802","41090751","0","2demx","고딩맘79역촌","무조건 해야 겠네요","CHATTING","2020-12-14T19:56:44","3402570","False","2020-12-14T19:00:01.43","2026-05-21T13:10:23.078742+00:00"
"37802","41090753","0","HeqD","행운의여신","ㅋㅋㅋ","CHATTING","2020-12-14T19:56:44","3402570","False","2020-12-14T19:00:01.43","2026-05-21T13:10:23.078742+00:00"
"37802","41090756","0","5vpgu","잘자","너무 좋았어용","CHATTING","2020-12-14T19:56:45","3403570","False","2020-12-14T19:00:01.43","2026-05-21T13:10:23.078742+00:00"
"37802","41090759","0","d5hjC","쥬디","적립 혜택이 아주 좋아여","CHATTING","2020-12-14T19:56:45","3403570","False","2020-12-14T19:00:01.43","2026-05-21T13:10:23.078742+00:00"
"37802","41090760","0","4b3tD","EJ","오늘도 네이버 쇼핑 엄청 했는데 요즘 아주 매일 이에요 매일","CHATTING","2020-12-14T19:56:45","3403570","False","2020-12-14T19:00:01.43","2026-05-21T13:10:23.078742+00:00"
"37802","41090761","0","clpMe","wls","월매 안남았어요 얼른 가입하세요^^","CHATTING","2020-12-14T19:56:45","3403570","False","2020-12-14T19:00:01.43","2026-05-21T13:10:23.078742+00:00"
"37802","41090762","0","1Nrm3","피어스","꼭 가입해서 2달무료 써야징","CHATTING","2020-12-14T19:56:45","3403570","False","2020-12-14T19:00:01.43","2026-05-21T13:10:23.079242+00:00"
"37802","41090765","0","gdmE","웅계","ㅎㅎㅎ가입오늘하길 잘했습니다ㅎㅎㅎ방송잘봣아용","CHATTING","2020-12-14T19:56:45","3403570","False","2020-12-14T19:00:01.43","2026-05-21T13:10:23.079242+00:00"
"37802","41090766","0","3ZsXb","qeqeqeqeq","적립금 쏠쏠합니다","CHATTING","2020-12-14T19:56:45","3403570","False","2020-12-14T19:00:01.43","2026-05-21T13:10:23.079242+00:00"
"37802","41090770","0","2Qswx","ksah****","네이버 담당자분 만세!! 대한민국 만세!!","CHATTING","2020-12-14T19:56:45","3403570","False","2020-12-14T19:00:01.43","2026-05-21T13:10:23.079242+00:00"
"37802","41090771","0","1ZTfG","남이","밖에 나가기 무서운 지금 시기에! 혜택 많이 즐기면서 네이버로 쇼핑합시당","CHATTING","2020-12-14T19:56:45","3403570","False","2020-12-14T19:00:01.43","2026-05-21T13:10:23.079242+00:00"
"37802","41090776","0","cbtyA","하리","와우","CHATTING","2020-12-14T19:56:45","3403570","False","2020-12-14T19:00:01.43","2026-05-21T13:10:23.079242+00:00"
"37802","41090777","0","ZWX1","사콩다리","삼성방송에서사면 대박적립금이네","CHATTING","2020-12-14T19:56:45","3403570","False","2020-12-14T19:00:01.43","2026-05-21T13:10:23.079242+00:00"
"37802","41090779","0","3HGha","쁘힛","너무 서운해마셔요","CHATTING","2020-12-14T19:56:45","3403570","False","2020-12-14T19:00:01.43","2026-05-21T13:10:23.079242+00:00"
"37802","41090782","0","xnaJ","아들부자님","혜택짱","CHATTING","2020-12-14T19:56:46","3404570","False","2020-12-14T19:00:01.43","2026-05-21T13:10:23.079242+00:00"
"37802","41090783","0","4dDeT","S2뽁이얌S2","가입했어용~!!!!설명~아주 귀에 쏙쏙 들어오네요~!!!!!12개월 쏘아 주세용~!!!!!!!!!!!!뽕 뽑게해주세용~!!!!!","CHATTING","2020-12-14T19:56:46","3404570","False","2020-12-14T19:00:01.43","2026-05-21T13:10:23.079242+00:00"
"37802","41090785","0","1gclJ","하늘을담겠죠","비싼 물건일 수록 혜택이 커지는 네이버플러스멤버십","CHATTING","2020-12-14T19:56:46","3404570","False","2020-12-14T19:00:01.43","2026-05-21T13:10:23.079242+00:00"
"37802","41090786","0","34pYw","ss00","기존가입자에요많이가입하세요","CHATTING","2020-12-14T19:56:46","3404570","False","2020-12-14T19:00:01.43","2026-05-21T13:10:23.079242+00:00"
"37802","41090788","0","1lDaD","해피데이","적립금 방송 잘알아가무니다~~","CHATTING","2020-12-14T19:56:46","3404570","False","2020-12-14T19:00:01.43","2026-05-21T13:10:23.079242+00:00"
"37802","41090790","0","39OTn","꾸루","롯데마트 5만원 이상 구매시 1만원 할인되요!👍🏻👍🏻👍🏻👍🏻","CHATTING","2020-12-14T19:56:46","3404570","False","2020-12-14T19:00:01.43","2026-05-21T13:10:23.079242+00:00"
"37802","41090792","0","6jjMw","홍서연","네이버쇼핑하시면 가입하세용 진짜 꿀🐝🍯🍯🍯","CHATTING","2020-12-14T19:56:46","3404570","False","2020-12-14T19:00:01.43","2026-05-21T13:10:23.079242+00:00"
"37802","41090797","0","8PsC7","JW","본ㅓㅇ벌\\ㅇ헊논ㅅ","CHATTING","2020-12-14T19:56:46","3404570","False","2020-12-14T19:00:01.43","2026-05-21T13:10:23.079242+00:00"
"37802","41090799","0","3GU12","전지적S급","스토어찜하면 추가적립도 되고","CHATTING","2020-12-14T19:56:46","3404570","False","2020-12-14T19:00:01.43","2026-05-21T13:10:23.079242+00:00"
"37802","41090800","0","1ivqa","rtd","오늘 네이버 멤버십 플러스 방송 보길 잘했다","CHATTING","2020-12-14T19:56:46","3404570","False","2020-12-14T19:00:01.43","2026-05-21T13:10:23.079242+00:00"
"37802","41090801","0","1pBUa","멍","벌써 끝나니|까 아쉽네요","CHATTING","2020-12-14T19:56:46","3404570","False","2020-12-14T19:00:01.43","2026-05-21T13:10:23.079242+00:00"
"37802","41090804","0","u8E6","꼬맹이","💕💚💚네: 네이버는 사랑입니다 이: 이제 랜선 쇼핑은 네이버에서 버: 버선발로 맞이해요 네이버 플러스 멤버십 적립금💚💚💕","CHATTING","2020-12-14T19:56:47","3405570","False","2020-12-14T19:00:01.43","2026-05-21T13:10:23.079242+00:00"
"37802","41090807","0","7v9pd","홋스퍼","우와","CHATTING","2020-12-14T19:56:47","3405570","False","2020-12-14T19:00:01.43","2026-05-21T13:10:23.079242+00:00"
"37802","41090808","0","3C2qJ","요정","쇼핑땐 무조건 멤버십 ~~ ㅋㅋ","CHATTING","2020-12-14T19:56:47","3405570","False","2020-12-14T19:00:01.43","2026-05-21T13:10:23.079242+00:00"
"37802","41090810","0","2goGz","도협","네이버 짱","CHATTING","2020-12-14T19:56:47","3405570","False","2020-12-14T19:00:01.43","2026-05-21T13:10:23.079242+00:00"
"37802","41090811","0","15bRY","잘하자","굳굳","CHATTING","2020-12-14T19:56:47","3405570","False","2020-12-14T19:00:01.43","2026-05-21T13:10:23.079242+00:00"
"37802","41090812","0","2Tq9b","Onemy","우와","CHATTING","2020-12-14T19:56:47","3405570","False","2020-12-14T19:00:01.43","2026-05-21T13:10:23.079242+00:00"
"37802","41090814","0","37Dte","현자의우물","조금 늦게 시작한게 아쉬울 정도‥ㅠ","CHATTING","2020-12-14T19:56:47","3405570","False","2020-12-14T19:00:01.43","2026-05-21T13:10:23.079242+00:00"
"37802","41090816","0","1tru5","청사과","멤버십 데이 자주 해주세요!!!","CHATTING","2020-12-14T19:56:47","3405570","False","2020-12-14T19:00:01.43","2026-05-21T13:10:23.079242+00:00"
"37802","41090817","0","OviF","두둥s","벌써?","CHATTING","2020-12-14T19:56:47","3405570","False","2020-12-14T19:00:01.43","2026-05-21T13:10:23.079242+00:00"
"37802","41090818","0","1N28W","수현맘","요즘 코로나시대..어디 나가서 맘껏 쇼핑도 잘못하는데 네이버에서 쇼핑도 하고 적립도 많이 되고 할인도 많이 되고~남편없인 살아도 네이버 없이는 못살아요❤❤❤❤❤","CHATTING","2020-12-14T19:56:47","3405570","False","2020-12-14T19:00:01.43","2026-05-21T13:10:23.079242+00:00"
"37802","41090820","0","5GfHG","륄리륄리","방송 순삭이네요 ㅋㅋㅋㅋㅋㅋ","CHATTING","2020-12-14T19:56:47","3405570","False","2020-12-14T19:00:01.43","2026-05-21T13:10:23.079242+00:00"
"37802","41090824","0","c3erd","뿌쀼뿡","지금 가입하자마자 고양이 화장실 구입했는데 멤버쉽플러스 적립금이 5190원나오네요 대박!!!!👍👍👍👍👍❤❤","CHATTING","2020-12-14T19:56:48","3406570","False","2020-12-14T19:00:01.43","2026-05-21T13:10:23.079242+00:00"
"37802","41090827","0","1ZVcS","하우와우","직접 사례를 들어 보여주시기 이해가 잘 됐어요","CHATTING","2020-12-14T19:56:48","3406570","False","2020-12-14T19:00:01.43","2026-05-21T13:10:23.079242+00:00"
"37802","41090830","0","54Wor","체크","네이버플러스 대박~~","CHATTING","2020-12-14T19:56:48","3406570","False","2020-12-14T19:00:01.43","2026-05-21T13:10:23.079242+00:00"
"37802","41090832","0","131aw","자몽씨","와우 좋네요","CHATTING","2020-12-14T19:56:48","3406570","False","2020-12-14T19:00:01.43","2026-05-21T13:10:23.079242+00:00"
"37802","41090833","0","2IwLm","날씬해","반가웠습니다","CHATTING","2020-12-14T19:56:48","3406570","False","2020-12-14T19:00:01.43","2026-05-21T13:10:23.079242+00:00"
"37802","41090834","0","cM68B","심이","괜찮은데요 우와 대박입니다","CHATTING","2020-12-14T19:56:48","3406570","False","2020-12-14T19:00:01.43","2026-05-21T13:10:23.079242+00:00"
"37802","41090836","0","2h8o3","빵빵대박","가지마요~~~~~~~~~~~~~~`","CHATTING","2020-12-14T19:56:48","3406570","False","2020-12-14T19:00:01.43","2026-05-21T13:10:23.079242+00:00"
"37802","41090839","0","17b0r","히뚜다히뚜","네이버 멤버십 너무너무 잘쓰고 있어요~!!!!!!!!노래도 너무너무 잘듣고 있구요~장보기도 꿀혜택이예요~!!!12개월 당첨 가즈아~!!!!!!!!!!!!!!","CHATTING","2020-12-14T19:56:48","3406570","False","2020-12-14T19:00:01.43","2026-05-21T13:10:23.079242+00:00"
"37802","41090841","0","4HzT4","타신","멤버십 필수!","CHATTING","2020-12-14T19:56:48","3406570","False","2020-12-14T19:00:01.43","2026-05-21T13:10:23.079242+00:00"
"37802","41090842","0","1xpPz","빅시스터","이해했어요","CHATTING","2020-12-14T19:56:48","3406570","False","2020-12-14T19:00:01.43","2026-05-21T13:10:23.079242+00:00"
"37802","41090843","0","VKag","골드후아유","너무좋았어","CHATTING","2020-12-14T19:56:48","3406570","False","2020-12-14T19:00:01.43","2026-05-21T13:10:23.079242+00:00"
"37802","41090844","0","XNC5","안녕이란","크크크","CHATTING","2020-12-14T19:56:48","3406570","False","2020-12-14T19:00:01.43","2026-05-21T13:10:23.079242+00:00"
"37802","41090845","0","6iUT","모모","한시간 내내 응원중~ 적립금 팍팍~다양한 콘텐츠 혜택 팍팍팍~ 열심히 응원합니다 ~ 네이버 플러스 멤버십 대박나세요~","CHATTING","2020-12-14T19:56:48","3406570","False","2020-12-14T19:00:01.43","2026-05-21T13:10:23.079242+00:00"
"37802","41090851","0","4KulN","happyday","끝내지마세여ㅠㅠ","CHATTING","2020-12-14T19:56:49","3407570","False","2020-12-14T19:00:01.43","2026-05-21T13:10:23.079242+00:00"
"37802","41090852","0","4XDaG","메탈기관총","말좀하세요 ㅋㅋㅋㅋㅋㅋㅋㅋ","CHATTING","2020-12-14T19:56:49","3407570","False","2020-12-14T19:00:01.43","2026-05-21T13:10:23.079242+00:00"
"37802","41090854","0","4h2bR","별하","다음엔 기존가입자를 더 챙겨주세요","CHATTING","2020-12-14T19:56:49","3407570","False","2020-12-14T19:00:01.43","2026-05-21T13:10:23.079242+00:00"
"37802","41090855","0","5g9mS","몽쉘","2시간 대박","CHATTING","2020-12-14T19:56:49","3407570","False","2020-12-14T19:00:01.43","2026-05-21T13:10:23.079242+00:00"
"37802","41090856","0","1n2d4","kmsm****","아쉽드아","CHATTING","2020-12-14T19:56:49","3407570","False","2020-12-14T19:00:01.43","2026-05-21T13:10:23.079242+00:00"
"37802","41090857","0","1SKQi","애플소다","대박","CHATTING","2020-12-14T19:56:49","3407570","False","2020-12-14T19:00:01.43","2026-05-21T13:10:23.079242+00:00"
"37802","41090858","0","Lrcd","햄","네이버 이렇게 퍼줘도 되는건가요?","CHATTING","2020-12-14T19:56:49","3407570","False","2020-12-14T19:00:01.43","2026-05-21T13:10:23.079242+00:00"
"37802","41090859","0","1BwHT","럭키7","이건 가입해야해요","CHATTING","2020-12-14T19:56:49","3407570","False","2020-12-14T19:00:01.43","2026-05-21T13:10:23.079242+00:00"
"37802","41090860","0","cLa6H","dyp","가입하러 갑시당","CHATTING","2020-12-14T19:56:49","3407570","False","2020-12-14T19:00:01.43","2026-05-21T13:10:23.079242+00:00"
"37802","41090865","0","cFk7t","피치마루","ㅎㅎㅎ","CHATTING","2020-12-14T19:56:49","3407570","False","2020-12-14T19:00:01.43","2026-05-21T13:10:23.079242+00:00"
"37802","41090869","0","4Efja","말카롱","가입 안 하면 손해에요","CHATTING","2020-12-14T19:56:49","3407570","False","2020-12-14T19:00:01.43","2026-05-21T13:10:23.079242+00:00"
"37802","41090870","0","6jjMw","홍서연","네이버쇼핑하시면 가입하세용 진짜 꿀🐝🍯🍯🍯","CHATTING","2020-12-14T19:56:49","3407570","False","2020-12-14T19:00:01.43","2026-05-21T13:10:23.079242+00:00"
"37802","41090871","0","5vpgu","잘자","지금도 구매했어요 ㅋㅋㅋ","CHATTING","2020-12-14T19:56:49","3407570","False","2020-12-14T19:00:01.43","2026-05-21T13:10:23.079242+00:00"
"37802","41090872","0","25yJq","아아아아아아","네이버 멤버쉽 너무 잘쓰고 있어요 ㅎ.ㅎ.ㅎ.ㅎ.ㅎ 혜택이 너무 많아서 좋어요♥♥♥♥♥♥♥","CHATTING","2020-12-14T19:56:49","3407570","False","2020-12-14T19:00:01.43","2026-05-21T13:10:23.079242+00:00"
"37802","41090873","0","5oTLP","똘랑","시간이 끝나가네요 ㅜㅜ","CHATTING","2020-12-14T19:56:49","3407570","False","2020-12-14T19:00:01.43","2026-05-21T13:10:23.079242+00:00"
"37802","41090881","0","2Mtr5","gy06****","좋아보여요","CHATTING","2020-12-14T19:56:50","3408570","False","2020-12-14T19:00:01.43","2026-05-21T13:10:23.079242+00:00"
"37802","41090883","0","3KpYp","yyy","💙💙💙💙💙","CHATTING","2020-12-14T19:56:50","3408570","False","2020-12-14T19:00:01.43","2026-05-21T13:10:23.079242+00:00"
"37802","41090888","0","vznV","ssoo","네이버짱","CHATTING","2020-12-14T19:56:50","3408570","False","2020-12-14T19:00:01.43","2026-05-21T13:10:23.079242+00:00"
"37802","41090889","0","2vael","호라","감사합니다","CHATTING","2020-12-14T19:56:50","3408570","False","2020-12-14T19:00:01.43","2026-05-21T13:10:23.079242+00:00"
"37802","41090893","0","VfMW","다비맘","그만 튕겨요 ㅎㅎ","CHATTING","2020-12-14T19:56:50","3408570","False","2020-12-14T19:00:01.43","2026-05-21T13:10:23.079242+00:00"
"37802","41090894","0","12lAj","김희선","아쉬워요","CHATTING","2020-12-14T19:56:50","3408570","False","2020-12-14T19:00:01.43","2026-05-21T13:10:23.079242+00:00"
"37802","41090895","0","3cnQW","tlaw****","가즤마 ㅠㅠ","CHATTING","2020-12-14T19:56:50","3408570","False","2020-12-14T19:00:01.43","2026-05-21T13:10:23.079242+00:00"
"37802","41090897","0","3A52S","멋진진팔","~~대박 네이버","CHATTING","2020-12-14T19:56:51","3409570","False","2020-12-14T19:00:01.43","2026-05-21T13:10:23.079242+00:00"
"37802","41090898","0","4dDeT","S2뽁이얌S2","가입했어용~!!!!설명~아주 귀에 쏙쏙 들어오네요~!!!!!12개월 쏘아 주세용~!!!!!!!!!!!!뽕 뽑게해주세용~!!!!!","CHATTING","2020-12-14T19:56:51","3409570","False","2020-12-14T19:00:01.43","2026-05-21T13:10:23.079242+00:00"
"37802","41090905","0","1b93j","오리","와우 대박","CHATTING","2020-12-14T19:56:51","3409570","False","2020-12-14T19:00:01.43","2026-05-21T13:10:23.079242+00:00"
"37802","41090908","0","XNC5","안녕이란","네이버짱이여","CHATTING","2020-12-14T19:56:51","3409570","False","2020-12-14T19:00:01.43","2026-05-21T13:10:23.079242+00:00"
"37802","41090909","0","2i6uN","아오","오호🥰","CHATTING","2020-12-14T19:56:51","3409570","False","2020-12-14T19:00:01.43","2026-05-21T13:10:23.079242+00:00"
"37802","41090910","0","3tude","미니KIM","짜릿하게 즐겨볼게요 네이버플러스멤버십","CHATTING","2020-12-14T19:56:51","3409570","False","2020-12-14T19:00:01.43","2026-05-21T13:10:23.079242+00:00"
"37802","41090911","0","2tjXq","참이","ㅋㅋㅋㅋㅋ","CHATTING","2020-12-14T19:56:51","3409570","False","2020-12-14T19:00:01.43","2026-05-21T13:10:23.079242+00:00"
"37802","41090913","0","2E6Y0","코코별","고액 구매할수록 더 많이 쌓이는 적립금","CHATTING","2020-12-14T19:56:51","3409570","False","2020-12-14T19:00:01.43","2026-05-21T13:10:23.079242+00:00"
"37802","41090914","0","36rcG","하이","가지마요 어ㅓㅇ엉","CHATTING","2020-12-14T19:56:51","3409570","False","2020-12-14T19:00:01.43","2026-05-21T13:10:23.079242+00:00"
"37802","41090916","0","1weTs","오리날다","네이버멤버십 대박이에요","CHATTING","2020-12-14T19:56:52","3410570","False","2020-12-14T19:00:01.43","2026-05-21T13:10:23.079242+00:00"
"37802","41090917","0","1v2y3","김수정","오아 대박~ 기존가입자 챙겨주는데 없는데 네이버최고 ㅠㅠ 역시 향기나는 담당자님은 역시 다르네요","CHATTING","2020-12-14T19:56:52","3410570","False","2020-12-14T19:00:01.43","2026-05-21T13:10:23.079242+00:00"
"37802","41090919","0","21rzE","dj67****","대박대박","CHATTING","2020-12-14T19:56:52","3410570","False","2020-12-14T19:00:01.43","2026-05-21T13:10:23.079242+00:00"
"37802","41090920","0","H2sx","폴로","하뚜하뚜~~~내용 정리 감사합니다","CHATTING","2020-12-14T19:56:52","3410570","False","2020-12-14T19:00:01.43","2026-05-21T13:10:23.079242+00:00"
"37802","41090922","0","H0Ul","woni","방송 끝나고 얼른 구매해야겠어요~^^","CHATTING","2020-12-14T19:56:52","3410570","False","2020-12-14T19:00:01.43","2026-05-21T13:10:23.079242+00:00"
"37802","41090923","0","3gZne","amde****","감사합니다","CHATTING","2020-12-14T19:56:52","3410570","False","2020-12-14T19:00:01.43","2026-05-21T13:10:23.079242+00:00"
"37802","41090925","0","3vmR4","탐","아쉬워용~","CHATTING","2020-12-14T19:56:52","3410570","False","2020-12-14T19:00:01.43","2026-05-21T13:10:23.079242+00:00"
"37802","41090926","0","1crUD","윤다다","멤버쉽 짱💚💚💚💚💚💚","CHATTING","2020-12-14T19:56:52","3410570","False","2020-12-14T19:00:01.43","2026-05-21T13:10:23.079242+00:00"
"37802","41090929","0","5kjRI","소프트캔디","멤버십 가입은 필수💜","CHATTING","2020-12-14T19:56:52","3410570","False","2020-12-14T19:00:01.43","2026-05-21T13:10:23.079242+00:00"
"37802","41090931","0","2jMVA","팅커벨","네이버로 장보면 너무 편하다는요~~","CHATTING","2020-12-14T19:56:52","3410570","False","2020-12-14T19:00:01.43","2026-05-21T13:10:23.079242+00:00"
"37802","41090935","0","6jjMw","홍서연","네이버쇼핑하시면 가입하세용 진짜 꿀🐝🍯🍯🍯","CHATTING","2020-12-14T19:56:52","3410570","False","2020-12-14T19:00:01.43","2026-05-21T13:10:23.079242+00:00"
"37802","41090936","0","433A4","별해랑","고생하셔쌍요","CHATTING","2020-12-14T19:56:52","3410570","False","2020-12-14T19:00:01.43","2026-05-21T13:10:23.079242+00:00"
"37802","41090939","0","1YnZ5","하이이이잉","오늘부터 네이버 플러스 멤버쉽 이용 계속 이어가요","CHATTING","2020-12-14T19:56:52","3410570","False","2020-12-14T19:00:01.43","2026-05-21T13:10:23.079242+00:00"
"37802","41090940","0","34pYw","ss00","최고에요","CHATTING","2020-12-14T19:56:52","3410570","False","2020-12-14T19:00:01.43","2026-05-21T13:10:23.079242+00:00"
"37802","41090943","0","2SoGt","로엔","쇼핑 혜택 아주 좋으네여","CHATTING","2020-12-14T19:56:53","3411570","False","2020-12-14T19:00:01.43","2026-05-21T13:10:23.079242+00:00"
"37802","41090944","0","4E7uL","도비는 자유","기존 가입자들도 많이 챙겨줘요 ㅠㅠㅠ","CHATTING","2020-12-14T19:56:53","3411570","False","2020-12-14T19:00:01.43","2026-05-21T13:10:23.079242+00:00"
"37802","41090946","0","1Ma4s","홀홀","네이버가입 장기 가입자에게도 혜택이있었음좋겠네요","CHATTING","2020-12-14T19:56:53","3411570","False","2020-12-14T19:00:01.43","2026-05-21T13:10:23.079242+00:00"
"37802","41090949","0","4KulN","happyday","추가추가","CHATTING","2020-12-14T19:56:53","3411570","False","2020-12-14T19:00:01.43","2026-05-21T13:10:23.079242+00:00"
"37802","41090951","0","1ngBb","초롱이","넘 유익했어요","CHATTING","2020-12-14T19:56:53","3411570","False","2020-12-14T19:00:01.43","2026-05-21T13:10:23.079242+00:00"
"37802","41090952","0","2uHmO","jin","항상 응원합니다!","CHATTING","2020-12-14T19:56:53","3411570","False","2020-12-14T19:00:01.43","2026-05-21T13:10:23.079242+00:00"
"37802","41090953","0","3o1kT","나야뇨러","진짜 좋네요 ㅎㅎ","CHATTING","2020-12-14T19:56:53","3411570","False","2020-12-14T19:00:01.43","2026-05-21T13:10:23.079242+00:00"
"37802","41090954","0","1ME7B","꿀자몽","멤버십은 이제 진짜 찐 필수예요","CHATTING","2020-12-14T19:56:53","3411570","False","2020-12-14T19:00:01.43","2026-05-21T13:10:23.079242+00:00"
"37802","41090955","0","1b5Ee","몽랑","대박 짱 짱","CHATTING","2020-12-14T19:56:53","3411570","False","2020-12-14T19:00:01.43","2026-05-21T13:10:23.079242+00:00"
"37802","41090956","0","5afUS","초록","좋아보여요","CHATTING","2020-12-14T19:56:53","3411570","False","2020-12-14T19:00:01.43","2026-05-21T13:10:23.079242+00:00"
"37802","41090957","0","59f4u","쿨하자","이미 누리고 있어요 계속 쭈~~욱 누릴꺼예요","CHATTING","2020-12-14T19:56:53","3411570","False","2020-12-14T19:00:01.43","2026-05-21T13:10:23.079242+00:00"
"37802","41090959","0","6fpeZ","달달구리","❤묻지도 따지지도 않고 가입강추요~~ 후회안하실거에요~~~♡♡","CHATTING","2020-12-14T19:56:53","3411570","False","2020-12-14T19:00:01.43","2026-05-21T13:10:23.079242+00:00"
"37802","41090960","0","vEdt","매일매일맑음","안녕 재미나게 봤어여","CHATTING","2020-12-14T19:56:53","3411570","False","2020-12-14T19:00:01.43","2026-05-21T13:10:23.079242+00:00"
"37802","41090961","0","17b0r","히뚜다히뚜","네이버 멤버십 너무너무 잘쓰고 있어요~!!!!!!!!노래도 너무너무 잘듣고 있구요~장보기도 꿀혜택이예요~!!!12개월 당첨 가즈아~!!!!!!!!!!!!!!","CHATTING","2020-12-14T19:56:53","3411570","False","2020-12-14T19:00:01.43","2026-05-21T13:10:23.079741+00:00"
"37802","41090963","0","ceP3j","kds","네이버멤버십 감동이에요","CHATTING","2020-12-14T19:56:53","3411570","False","2020-12-14T19:00:01.43","2026-05-21T13:10:23.079741+00:00"
"37802","41090965","0","68KsF","리리","와우와우","CHATTING","2020-12-14T19:56:53","3411570","False","2020-12-14T19:00:01.43","2026-05-21T13:10:23.079741+00:00"
"37802","41090966","0","6iUT","모모","한시간 내내 응원중~ 적립금 팍팍~다양한 콘텐츠 혜택 팍팍팍~ 열심히 응원합니다 ~ 네이버 플러스 멤버십 대박나세요~","CHATTING","2020-12-14T19:56:53","3411570","False","2020-12-14T19:00:01.43","2026-05-21T13:10:23.079741+00:00"
"37802","41090970","0","4raA6","흰둥이","감사합니다","CHATTING","2020-12-14T19:56:54","3412570","False","2020-12-14T19:00:01.43","2026-05-21T13:10:23.079741+00:00"
"37802","41090973","0","BsXW","다이나믹","정말 한시간즐거웠어요 네이버멤버쉽의 혜택 잘알아갑니다","CHATTING","2020-12-14T19:56:54","3412570","False","2020-12-14T19:00:01.43","2026-05-21T13:10:23.079741+00:00"
"37802","41090977","0","39OTn","꾸루","롯데마트 5만원 이상 구매시 1만원 할인되요!👍🏻👍🏻👍🏻👍🏻","CHATTING","2020-12-14T19:56:54","3412570","False","2020-12-14T19:00:01.43","2026-05-21T13:10:23.079741+00:00"
"37802","41090978","0","3g9LC","그린애플","방송 끝나고 바로 쇼핑하러 가야겠어요","CHATTING","2020-12-14T19:56:54","3412570","False","2020-12-14T19:00:01.43","2026-05-21T13:10:23.079741+00:00"
"37802","41090981","0","8LElj","거울","넘 좋아보여요","CHATTING","2020-12-14T19:56:54","3412570","False","2020-12-14T19:00:01.43","2026-05-21T13:10:23.079741+00:00"
"37802","41090982","0","4TAS1","sojo****","좋은정보","CHATTING","2020-12-14T19:56:54","3412570","False","2020-12-14T19:00:01.43","2026-05-21T13:10:23.079741+00:00"
"37802","41090984","0","9hmVp","Zzzzzz","Wow","CHATTING","2020-12-14T19:56:54","3412570","False","2020-12-14T19:00:01.43","2026-05-21T13:10:23.079741+00:00"
"37802","41090985","0","2h8o3","빵빵대박","네이버 사랑해요 💚💚💚","CHATTING","2020-12-14T19:56:54","3412570","False","2020-12-14T19:00:01.43","2026-05-21T13:10:23.079741+00:00"
"37802","41090989","0","2597N","슈크림카스테라","네이버","CHATTING","2020-12-14T19:56:54","3412570","False","2020-12-14T19:00:01.43","2026-05-21T13:10:23.079741+00:00"
"37802","41090990","0","4Efja","말카롱","네이버 사랑해요","CHATTING","2020-12-14T19:56:54","3412570","False","2020-12-14T19:00:01.43","2026-05-21T13:10:23.079741+00:00"
"37802","41090991","0","8kV5A","루니","네이버 향기가 나는 담당자님 정말 멋지신분","CHATTING","2020-12-14T19:56:54","3412570","False","2020-12-14T19:00:01.43","2026-05-21T13:10:23.079741+00:00"
"37802","41090994","0","3tude","미니KIM","짜릿하게 즐겨볼게요 네이버플러스멤버십","CHATTING","2020-12-14T19:56:54","3412570","False","2020-12-14T19:00:01.43","2026-05-21T13:10:23.079741+00:00"
"37802","41090995","0","3xNGe","차디찬글라스","아쉬워요 ㅠㅠㅠ","CHATTING","2020-12-14T19:56:54","3412570","False","2020-12-14T19:00:01.43","2026-05-21T13:10:23.079741+00:00"
"37802","41090997","0","2WzkD","꿍","멤버쉽 추가적립 꼭 챙겨야죠","CHATTING","2020-12-14T19:56:55","3413570","False","2020-12-14T19:00:01.43","2026-05-21T13:10:23.079741+00:00"
"37802","41090998","0","IVvI","루메나","네이버 플러스멤버십은 사랑이네요💖💖💖💖💖💖💖💖💖💖💖💖💖💖💖💖💖💖","CHATTING","2020-12-14T19:56:55","3413570","False","2020-12-14T19:00:01.43","2026-05-21T13:10:23.079741+00:00"
"37802","41091000","0","Lrcd","햄","하루하루 네이버 때문에 정말","CHATTING","2020-12-14T19:56:55","3413570","False","2020-12-14T19:00:01.43","2026-05-21T13:10:23.079741+00:00"
"37802","41091001","0","Nz51","skfl09","ㅠㅠㅠㅠㅠㅠㅠㅠㅠㅠ벌써 끝나네","CHATTING","2020-12-14T19:56:55","3413570","False","2020-12-14T19:00:01.43","2026-05-21T13:10:23.079741+00:00"
"37802","41091002","0","4qco7","달콤","네이버 멤버쉽 혜택 좋은가봐요~^^","CHATTING","2020-12-14T19:56:55","3413570","False","2020-12-14T19:00:01.43","2026-05-21T13:10:23.079741+00:00"
"37802","41091003","0","Eoka","테디공주","지금이라도 멤버십 혜택을 누려야겠어요","CHATTING","2020-12-14T19:56:55","3413570","False","2020-12-14T19:00:01.43","2026-05-21T13:10:23.079741+00:00"
"37802","41091004","0","8F0N1","호","멤버십 반응 뜨겁네요","CHATTING","2020-12-14T19:56:55","3413570","False","2020-12-14T19:00:01.43","2026-05-21T13:10:23.079741+00:00"
"37802","41091005","0","5PrEw","한아름송이","첨 알게되는 정보도 많았네요~","CHATTING","2020-12-14T19:56:55","3413570","False","2020-12-14T19:00:01.43","2026-05-21T13:10:23.079741+00:00"
"37802","41091006","0","3wCpJ","ehgu****","조아요","CHATTING","2020-12-14T19:56:55","3413570","False","2020-12-14T19:00:01.43","2026-05-21T13:10:23.079741+00:00"
"37802","41091010","0","2DoEk","우야별","🥰🥰🥰😍🥰🥰","CHATTING","2020-12-14T19:56:55","3413570","False","2020-12-14T19:00:01.43","2026-05-21T13:10:23.079741+00:00"
"37802","41091011","0","cBQ5Z","룰루랄라","네/네이버 맴버쉽을 이/이라방을 보고 가입하세요 버/버스 떠나기전에 잡으세요!! 혜택짱이에요♥","CHATTING","2020-12-14T19:56:55","3413570","False","2020-12-14T19:00:01.43","2026-05-21T13:10:23.079741+00:00"
"37802","41091012","0","1TY0m","다홍","멤버쉽 가입!!","CHATTING","2020-12-14T19:56:55","3413570","False","2020-12-14T19:00:01.43","2026-05-21T13:10:23.079741+00:00"
"37802","41091013","0","RRel","감자도리","아 너무 감사해요옹^^","CHATTING","2020-12-14T19:56:55","3413570","False","2020-12-14T19:00:01.43","2026-05-21T13:10:23.079741+00:00"
"37802","41091016","0","1gclJ","하늘을담겠죠","네이버 사랑합니다","CHATTING","2020-12-14T19:56:55","3413570","False","2020-12-14T19:00:01.43","2026-05-21T13:10:23.079741+00:00"
"37802","41091017","0","2j7g1","betterthan","벌써 끝났나요 아쉬워요","CHATTING","2020-12-14T19:56:55","3413570","False","2020-12-14T19:00:01.43","2026-05-21T13:10:23.079741+00:00"
"37802","41091018","0","1n2d4","kmsm****","가지마~~~~~~","CHATTING","2020-12-14T19:56:55","3413570","False","2020-12-14T19:00:01.43","2026-05-21T13:10:23.079741+00:00"
"37802","41091020","0","2jMVA","팅커벨","많이 퍼주는 네이버","CHATTING","2020-12-14T19:56:55","3413570","False","2020-12-14T19:00:01.43","2026-05-21T13:10:23.079741+00:00"
"37802","41091022","0","509zJ","노네임","아쉽네요","CHATTING","2020-12-14T19:56:55","3413570","False","2020-12-14T19:00:01.43","2026-05-21T13:10:23.079741+00:00"
"37802","41091026","0","N0pG","아렌트","기가입자 혜택도 다음엔 챙겨주세요","CHATTING","2020-12-14T19:56:56","3414570","False","2020-12-14T19:00:01.43","2026-05-21T13:10:23.079741+00:00"
"37802","41091028","0","1XmJV","지선","네이버 사랑해요","CHATTING","2020-12-14T19:56:56","3414570","False","2020-12-14T19:00:01.43","2026-05-21T13:10:23.079741+00:00"
"37802","41091030","0","14EFc","차차","오늘 9% 혜택이라 샤핑했어요","CHATTING","2020-12-14T19:56:56","3414570","False","2020-12-14T19:00:01.43","2026-05-21T13:10:23.079741+00:00"
"37802","41091031","0","93d9C","안경숙","아ㅏ쉬워ㅜ요","CHATTING","2020-12-14T19:56:56","3414570","False","2020-12-14T19:00:01.43","2026-05-21T13:10:23.079741+00:00"
"37802","41091032","0","BsXW","다이나믹","네이버사랑해요~~","CHATTING","2020-12-14T19:56:56","3414570","False","2020-12-14T19:00:01.43","2026-05-21T13:10:23.079741+00:00"
"37802","41091034","0","4dDeT","S2뽁이얌S2","가입했어용~!!!!설명~아주 귀에 쏙쏙 들어오네요~!!!!!12개월 쏘아 주세용~!!!!!!!!!!!!뽕 뽑게해주세용~!!!!!","CHATTING","2020-12-14T19:56:56","3414570","False","2020-12-14T19:00:01.43","2026-05-21T13:10:23.079741+00:00"
"37802","41091037","0","3HGha","쁘힛","저는 어제 재결제라 못받는답니다 1개월추가","CHATTING","2020-12-14T19:56:56","3414570","False","2020-12-14T19:00:01.43","2026-05-21T13:10:23.079741+00:00"
"37802","41091038","0","crXR9","맨날행복하자","제일 열심히 본 라방이네요~~~","CHATTING","2020-12-14T19:56:56","3414570","False","2020-12-14T19:00:01.43","2026-05-21T13:10:23.079741+00:00"
"37802","41091039","0","7xGeu","없음","오메 벌써....","CHATTING","2020-12-14T19:56:56","3414570","False","2020-12-14T19:00:01.43","2026-05-21T13:10:23.079741+00:00"
"37802","41091040","0","PRUn","부슬비","만나서 반가웠어요~~^^","CHATTING","2020-12-14T19:56:56","3414570","False","2020-12-14T19:00:01.43","2026-05-21T13:10:23.079741+00:00"
"37802","41091042","0","6DKi7","꾸리쿵","ㅋㅋㅋㅋㅋㅋ사랑해요","CHATTING","2020-12-14T19:56:56","3414570","False","2020-12-14T19:00:01.43","2026-05-21T13:10:23.079741+00:00"
"37802","41091043","0","4HzT4","타신","기존가입자도 ㅜㅜ","CHATTING","2020-12-14T19:56:56","3414570","False","2020-12-14T19:00:01.43","2026-05-21T13:10:23.079741+00:00"
"37802","41091046","0","1ivqa","rtd","추천 많이 할게요 네이버 화이팅","CHATTING","2020-12-14T19:56:56","3414570","False","2020-12-14T19:00:01.43","2026-05-21T13:10:23.079741+00:00"
"37802","41091047","0","1xpPz","빅시스터","감사해요","CHATTING","2020-12-14T19:56:56","3414570","False","2020-12-14T19:00:01.43","2026-05-21T13:10:23.079741+00:00"
"37802","41091048","0","1WqmI","라스피 raspy","ㅋㅋㅋㅋㅋ","CHATTING","2020-12-14T19:56:56","3414570","False","2020-12-14T19:00:01.43","2026-05-21T13:10:23.079741+00:00"
"37802","41091052","0","1lDaD","해피데이","오늘의 결론 3디다스는 안사는걸로.ㅋㅋ","CHATTING","2020-12-14T19:56:56","3414570","False","2020-12-14T19:00:01.43","2026-05-21T13:10:23.079741+00:00"
"37802","41091053","0","cTROj","엄마라서","지금이라도 알았으니 온가족이 함께 가입하고 혜택받고...사은품 공유 이벤트까지 도전 할게요 사랑합니다 네이버 💗💚❤💗💚❤","CHATTING","2020-12-14T19:56:56","3414570","False","2020-12-14T19:00:01.43","2026-05-21T13:10:23.079741+00:00"
"37802","41091054","0","3a70M","Holly","안뇽","CHATTING","2020-12-14T19:56:56","3414570","False","2020-12-14T19:00:01.43","2026-05-21T13:10:23.079741+00:00"
"37802","41091056","0","xnaJ","아들부자님","좋아♡가자아♡","CHATTING","2020-12-14T19:56:56","3414570","False","2020-12-14T19:00:01.43","2026-05-21T13:10:23.079741+00:00"
"37802","41091059","0","1K8hN","쌈지","네이버멤버쉽필수","CHATTING","2020-12-14T19:56:56","3414570","False","2020-12-14T19:00:01.43","2026-05-21T13:10:23.079741+00:00"
"37802","41091060","0","2wWOG","완달이","계속 애용할 예정이에요 감사합니다","CHATTING","2020-12-14T19:56:56","3414570","False","2020-12-14T19:00:01.43","2026-05-21T13:10:23.079741+00:00"
"37802","41091061","0","1sCnO","블랙로즈","대박","CHATTING","2020-12-14T19:56:56","3414570","False","2020-12-14T19:00:01.43","2026-05-21T13:10:23.079741+00:00"
"37802","41091063","0","2AERX","달콤케이쿠","다들 가입하세요","CHATTING","2020-12-14T19:56:56","3414570","False","2020-12-14T19:00:01.43","2026-05-21T13:10:23.079741+00:00"
"37802","41091067","0","1N28W","수현맘","요즘 코로나시대..어디 나가서 맘껏 쇼핑도 잘못하는데 네이버에서 쇼핑도 하고 적립도 많이 되고 할인도 많이 되고~남편없인 살아도 네이버 없이는 못살아요❤❤❤❤❤","CHATTING","2020-12-14T19:56:57","3415570","False","2020-12-14T19:00:01.43","2026-05-21T13:10:23.079741+00:00"
"37802","41091069","0","1pYrh","소해","안녕","CHATTING","2020-12-14T19:56:57","3415570","False","2020-12-14T19:00:01.43","2026-05-21T13:10:23.079741+00:00"
"37802","41091070","0","1ZTfG","남이","다들 코로나 조심하세요!!!!!! 감사합니당","CHATTING","2020-12-14T19:56:57","3415570","False","2020-12-14T19:00:01.43","2026-05-21T13:10:23.079741+00:00"
"37802","41091071","0","4KulN","happyday","네이버 찐사랑","CHATTING","2020-12-14T19:56:57","3415570","False","2020-12-14T19:00:01.43","2026-05-21T13:10:23.079741+00:00"
"37802","41091072","0","2bGB8","그린","👀👍네이버멤버십 혜택이 정말 꿀이에요! 쇼핑하는 재미가 쏠쏠합니다. 돈 썼는데도 마음이 풍요로워져요😊 네이버 시리즈로 웹툰, 소설도 많이보는데 쿠키까지!🍪 최고다❤💓12개월가즈아","CHATTING","2020-12-14T19:56:57","3415570","False","2020-12-14T19:00:01.43","2026-05-21T13:10:23.079741+00:00"
"37802","41091073","0","1m8u4","워너원워너블","정말 짱이죠짱 ㅠㅠ 멤버십..","CHATTING","2020-12-14T19:56:57","3415570","False","2020-12-14T19:00:01.43","2026-05-21T13:10:23.079741+00:00"
"37802","41091074","0","2MVsT","nsto****","2개월 무료~?!!","CHATTING","2020-12-14T19:56:57","3415570","False","2020-12-14T19:00:01.43","2026-05-21T13:10:23.079741+00:00"
"37802","41091076","0","3D8VY","맛집조하","끝나면 장바보러가야겠어요 ㅎㅎ","CHATTING","2020-12-14T19:56:57","3415570","False","2020-12-14T19:00:01.43","2026-05-21T13:10:23.079741+00:00"
"37802","41091078","0","2gzTu","로미","밖에 못나가서 맨날 네이버쇼핑 구경하고 구입해요! 혜택도많고 사용도 편한 네이버플러스멤버쉽 응원합니다!!","CHATTING","2020-12-14T19:56:57","3415570","False","2020-12-14T19:00:01.43","2026-05-21T13:10:23.079741+00:00"
"37802","41091079","0","cY5Ud","dld","장봐쌍요","CHATTING","2020-12-14T19:56:57","3415570","False","2020-12-14T19:00:01.43","2026-05-21T13:10:23.079741+00:00"
"37802","41091080","0","33MdR","어치비이","우와 오늘 방송 너무너무 재밌고 유익했어요!! 네이버 사랑해요!","CHATTING","2020-12-14T19:56:57","3415570","False","2020-12-14T19:00:01.43","2026-05-21T13:10:23.079741+00:00"
"37802","41091081","0","d8dXO","여간내기","재가입지도 half 혜택!! 주세염","CHATTING","2020-12-14T19:56:57","3415570","False","2020-12-14T19:00:01.43","2026-05-21T13:10:23.079741+00:00"
"37802","41091082","0","71Vk9","shine","끝나가니 아쉽네요","CHATTING","2020-12-14T19:56:57","3415570","False","2020-12-14T19:00:01.43","2026-05-21T13:10:23.079741+00:00"
"37802","41091083","0","4vnUI","디비디비딥","네이버 멤버십 ㅎㅎㅎㅎ","CHATTING","2020-12-14T19:56:57","3415570","False","2020-12-14T19:00:01.43","2026-05-21T13:10:23.079741+00:00"
"37802","41091084","0","1LeYg","딩가딩가","혜택이 이렇게 다양한줄 몰랐어요","CHATTING","2020-12-14T19:56:57","3415570","False","2020-12-14T19:00:01.43","2026-05-21T13:10:23.079741+00:00"
"37802","41091086","0","BsXW","다이나믹","안녕!!","CHATTING","2020-12-14T19:56:57","3415570","False","2020-12-14T19:00:01.43","2026-05-21T13:10:23.079741+00:00"
"37802","41091088","0","5oTLP","똘랑","네이버 사랑해요","CHATTING","2020-12-14T19:56:57","3415570","False","2020-12-14T19:00:01.43","2026-05-21T13:10:23.079741+00:00"
"37802","41091090","0","3HGha","쁘힛","아쉬워요","CHATTING","2020-12-14T19:56:57","3415570","False","2020-12-14T19:00:01.43","2026-05-21T13:10:23.079741+00:00"
"37802","41091091","0","1y1gn","박현주","코로나시대 필수 현명한 쇼핑은 네이버","CHATTING","2020-12-14T19:56:57","3415570","False","2020-12-14T19:00:01.43","2026-05-21T13:10:23.079741+00:00"
"37802","41091092","0","1ngBb","초롱이","감사합니다~!!","CHATTING","2020-12-14T19:56:57","3415570","False","2020-12-14T19:00:01.43","2026-05-21T13:10:23.079741+00:00"
"37802","41091094","0","Rp76","Effort","잘가요","CHATTING","2020-12-14T19:56:57","3415570","False","2020-12-14T19:00:01.43","2026-05-21T13:10:23.079741+00:00"
"37802","41091095","0","18YRd","흐리미","안뇨옹","CHATTING","2020-12-14T19:56:57","3415570","False","2020-12-14T19:00:01.43","2026-05-21T13:10:23.079741+00:00"
"37802","41091096","0","SNEz","skvy****","멤버십 짱 좋음","CHATTING","2020-12-14T19:56:57","3415570","False","2020-12-14T19:00:01.43","2026-05-21T13:10:23.079741+00:00"
"37802","41091097","0","32wS","메리뽕","2개월 뮤료인가요","CHATTING","2020-12-14T19:56:57","3415570","False","2020-12-14T19:00:01.43","2026-05-21T13:10:23.079741+00:00"
"37802","41091098","0","ddgp","eman****","안뇽","CHATTING","2020-12-14T19:56:57","3415570","False","2020-12-14T19:00:01.43","2026-05-21T13:10:23.079741+00:00"
"37802","41091099","0","Qz3M","꿈꾸는 나","쇼핑 많이 안 해서 정말 고민되네요","CHATTING","2020-12-14T19:56:57","3415570","False","2020-12-14T19:00:01.43","2026-05-21T13:10:23.079741+00:00"
"37802","41091100","0","2GHM0","젤리킹","와우","CHATTING","2020-12-14T19:56:57","3415570","False","2020-12-14T19:00:01.43","2026-05-21T13:10:23.079741+00:00"
"37802","41091101","0","3PJtt","까시","네이버 ㅈㅎ으다 ㅎㅎㅎ","CHATTING","2020-12-14T19:56:57","3415570","False","2020-12-14T19:00:01.43","2026-05-21T13:10:23.079741+00:00"
"37802","41091102","0","1ZVcS","하우와우","가전 구매할 땐 꼭 네이버","CHATTING","2020-12-14T19:56:57","3415570","False","2020-12-14T19:00:01.43","2026-05-21T13:10:23.079741+00:00"
"37802","41091103","0","3tude","미니KIM","짜릿하게 즐겨볼게요 네이버플러스멤버십","CHATTING","2020-12-14T19:56:57","3415570","False","2020-12-14T19:00:01.43","2026-05-21T13:10:23.079741+00:00"
"37802","41091105","0","2IwLm","날씬해","사랑합니다 네이버","CHATTING","2020-12-14T19:56:58","3416570","False","2020-12-14T19:00:01.43","2026-05-21T13:10:23.079741+00:00"
"37802","41091107","0","133Zq","하루하나","너무 아쉬워요","CHATTING","2020-12-14T19:56:58","3416570","False","2020-12-14T19:00:01.43","2026-05-21T13:10:23.079741+00:00"
"37802","41091108","0","4XDaG","메탈기관총","주판으로 기타치세요.","CHATTING","2020-12-14T19:56:58","3416570","False","2020-12-14T19:00:01.43","2026-05-21T13:10:23.079741+00:00"
"37802","41091110","0","3xNGe","차디찬글라스","연장방송 가즈알","CHATTING","2020-12-14T19:56:58","3416570","False","2020-12-14T19:00:01.43","2026-05-21T13:10:23.079741+00:00"
"37802","41091111","0","1UWKd","sea3****","멤버쉽가입했어요","CHATTING","2020-12-14T19:56:58","3416570","False","2020-12-14T19:00:01.43","2026-05-21T13:10:23.079741+00:00"
"37802","41091112","0","2FJpA","슬기","네이버사랑해용","CHATTING","2020-12-14T19:56:58","3416570","False","2020-12-14T19:00:01.43","2026-05-21T13:10:23.079741+00:00"
"37802","41091113","0","OviF","두둥s","네이버 알랴부~~","CHATTING","2020-12-14T19:56:58","3416570","False","2020-12-14T19:00:01.43","2026-05-21T13:10:23.079741+00:00"
"37802","41091114","0","1pBUa","멍","네이버 사랑해요!!","CHATTING","2020-12-14T19:56:58","3416570","False","2020-12-14T19:00:01.43","2026-05-21T13:10:23.079741+00:00"
"37802","41091116","0","2h8o3","빵빵대박","안녕💚💚💚","CHATTING","2020-12-14T19:56:58","3416570","False","2020-12-14T19:00:01.43","2026-05-21T13:10:23.079741+00:00"
"37802","41091117","0","17Xcx","째미야","멤버쉽 최고! 와와~","CHATTING","2020-12-14T19:56:58","3416570","False","2020-12-14T19:00:01.43","2026-05-21T13:10:23.079741+00:00"
"37802","41091120","0","1EbPT","지퓨어","네이버 향기는 무엇? ㅋ","CHATTING","2020-12-14T19:56:58","3416570","False","2020-12-14T19:00:01.43","2026-05-21T13:10:23.079741+00:00"
"37802","41091121","0","2i6uN","아오","사랑해요❤","CHATTING","2020-12-14T19:56:58","3416570","False","2020-12-14T19:00:01.43","2026-05-21T13:10:23.079741+00:00"
"37802","41091122","0","1aZd8","노나노","가입햇어용~~~","CHATTING","2020-12-14T19:56:58","3416570","False","2020-12-14T19:00:01.43","2026-05-21T13:10:23.079741+00:00"
"37802","41091124","0","2AuCv","구름속의 낙원","네이버는 사랑입니다","CHATTING","2020-12-14T19:56:58","3416570","False","2020-12-14T19:00:01.43","2026-05-21T13:10:23.079741+00:00"
"37802","41091129","0","6LBjK","Emilybaby","네이버 사랑해요","CHATTING","2020-12-14T19:56:59","3417570","False","2020-12-14T19:00:01.43","2026-05-21T13:10:23.079741+00:00"
"37802","41091130","0","3RLYV","참말이용","네이버 네버벌써끝?","CHATTING","2020-12-14T19:56:59","3417570","False","2020-12-14T19:00:01.43","2026-05-21T13:10:23.079741+00:00"
"37802","41091131","0","qME0","애옹이","두분 고생많으셨어요 감사합니다~♡♡♡ 네이버 사랑해요♡♡","CHATTING","2020-12-14T19:56:59","3417570","False","2020-12-14T19:00:01.43","2026-05-21T13:10:23.079741+00:00"
"37802","41091133","0","39OTn","꾸루","롯데마트 5만원 이상 구매시 1만원 할인되요!👍🏻👍🏻👍🏻👍🏻","CHATTING","2020-12-14T19:56:59","3417570","False","2020-12-14T19:00:01.43","2026-05-21T13:10:23.079741+00:00"
"37802","41091134","0","2qu5H","fsyh****","삼성 라이브 봐야지히~~","CHATTING","2020-12-14T19:56:59","3417570","False","2020-12-14T19:00:01.43","2026-05-21T13:10:23.079741+00:00"
"37802","41091135","0","4E7uL","도비는 자유","담당자님 화이팅","CHATTING","2020-12-14T19:56:59","3417570","False","2020-12-14T19:00:01.43","2026-05-21T13:10:23.079741+00:00"
"37802","41091136","0","2UbXS","뚱이","네이버멤버십 기존구매자예요! 왜진작 몰랐는지 후회할정도 . 가입가격 부담스럽지않고요 그것마저도 쿠키로 받는셈에다 물건구매하더라도 적립금너무 쏠쏠해요. 사랑해요 네이버🥰🥰🥰🥰","CHATTING","2020-12-14T19:56:59","3417570","False","2020-12-14T19:00:01.43","2026-05-21T13:10:23.079741+00:00"
"37802","41091137","0","4yshT","Jasmine","우왕","CHATTING","2020-12-14T19:56:59","3417570","False","2020-12-14T19:00:01.43","2026-05-21T13:10:23.079741+00:00"
"37802","41091138","0","3HGha","쁘힛","헐","CHATTING","2020-12-14T19:56:59","3417570","False","2020-12-14T19:00:01.43","2026-05-21T13:10:23.079741+00:00"
"37802","41091139","0","1gIyg","앙마","혜택 설명할게 많죠 ㅋㅋ","CHATTING","2020-12-14T19:56:59","3417570","False","2020-12-14T19:00:01.43","2026-05-21T13:10:23.079741+00:00"
"37802","41091140","0","cTRWT","잠이와요","바로 가입하고 크리스마스 선물....연말 연시 선물 구매시 혜택만 받아도.....그냥 웃음이 나요 공짜는 다 좋으니까요😄😊😃☺","CHATTING","2020-12-14T19:56:59","3417570","False","2020-12-14T19:00:01.43","2026-05-21T13:10:23.079741+00:00"
"37802","41091141","0","5CTdc","나는나","추첨은어디서확인하나요?","CHATTING","2020-12-14T19:56:59","3417570","False","2020-12-14T19:00:01.43","2026-05-21T13:10:23.079741+00:00"
"37802","41091143","0","3Tf08","요슈아","벌써 1시간 지나갔네요","CHATTING","2020-12-14T19:56:59","3417570","False","2020-12-14T19:00:01.43","2026-05-21T13:10:23.079741+00:00"
"37802","41091144","0","HeqD","행운의여신","안뇽","CHATTING","2020-12-14T19:56:59","3417570","False","2020-12-14T19:00:01.43","2026-05-21T13:10:23.079741+00:00"
"37802","41091147","0","2YQLZ","귤냥이","고마워여","CHATTING","2020-12-14T19:56:59","3417570","False","2020-12-14T19:00:01.43","2026-05-21T13:10:23.079741+00:00"
"37802","41091150","0","crXR9","맨날행복하자","네이버 사랑해요..^^","CHATTING","2020-12-14T19:56:59","3417570","False","2020-12-14T19:00:01.43","2026-05-21T13:10:23.079741+00:00"
"37802","41091154","0","6iUT","모모","한시간 내내 응원중~ 적립금 팍팍~다양한 콘텐츠 혜택 팍팍팍~ 열심히 응원합니다 ~ 네이버 플러스 멤버십 대박나세요~","CHATTING","2020-12-14T19:56:59","3417570","False","2020-12-14T19:00:01.43","2026-05-21T13:10:23.079741+00:00"
"37802","41091155","0","4raA6","흰둥이","초대왕","CHATTING","2020-12-14T19:56:59","3417570","False","2020-12-14T19:00:01.43","2026-05-21T13:10:23.079741+00:00"
"37802","41091156","0","3PSi9","와웅","안녕~~~","CHATTING","2020-12-14T19:56:59","3417570","False","2020-12-14T19:00:01.43","2026-05-21T13:10:23.079741+00:00"
"37802","41091157","0","2rrlC","시리아나","역대급 멤버쉽","CHATTING","2020-12-14T19:56:59","3417570","False","2020-12-14T19:00:01.43","2026-05-21T13:10:23.079741+00:00"
"37802","41091158","0","3KpYp","yyy","사랑해용💙💙","CHATTING","2020-12-14T19:57:00","3418570","False","2020-12-14T19:00:01.43","2026-05-21T13:10:23.079741+00:00"
"37802","41091160","0","6LBjK","Emilybaby","ㅋㅋㅋㅋㅋ","CHATTING","2020-12-14T19:57:00","3418570","False","2020-12-14T19:00:01.43","2026-05-21T13:10:23.079741+00:00"
"37802","41091161","0","1SKQi","애플소다","^^:","CHATTING","2020-12-14T19:57:00","3418570","False","2020-12-14T19:00:01.43","2026-05-21T13:10:23.079741+00:00"
"37802","41091165","0","4KulN","happyday","와우","CHATTING","2020-12-14T19:57:00","3418570","False","2020-12-14T19:00:01.43","2026-05-21T13:10:23.079741+00:00"
"37802","41091167","0","2GHM0","젤리킹","초대왕","CHATTING","2020-12-14T19:57:00","3418570","False","2020-12-14T19:00:01.43","2026-05-21T13:10:23.079741+00:00"
"37802","41091169","0","5jE7j","리코렛","네이버플러스 대박","CHATTING","2020-12-14T19:57:00","3418570","False","2020-12-14T19:00:01.43","2026-05-21T13:10:23.079741+00:00"
"37802","41091170","0","107nN","루시","네이버 사랑해요","CHATTING","2020-12-14T19:57:00","3418570","False","2020-12-14T19:00:01.43","2026-05-21T13:10:23.079741+00:00"
"37802","41091171","0","8UnSg","고려왕","와","CHATTING","2020-12-14T19:57:00","3418570","False","2020-12-14T19:00:01.43","2026-05-21T13:10:23.079741+00:00"
"37802","41091172","0","ddnAZ","장돌","사랑해요 네이버","CHATTING","2020-12-14T19:57:00","3418570","False","2020-12-14T19:00:01.43","2026-05-21T13:10:23.079741+00:00"
"37802","41091174","0","3DZm0","하루하늘","기존 사용자 좀 ㅠㅠ","CHATTING","2020-12-14T19:57:00","3418570","False","2020-12-14T19:00:01.43","2026-05-21T13:10:23.079741+00:00"
"37802","41091175","0","1ME7B","꿀자몽","네이버 함께해요","CHATTING","2020-12-14T19:57:00","3418570","False","2020-12-14T19:00:01.43","2026-05-21T13:10:23.079741+00:00"
"37802","41091176","0","QGWs","한sound","오잉","CHATTING","2020-12-14T19:57:00","3418570","False","2020-12-14T19:00:01.43","2026-05-21T13:10:23.079741+00:00"
"37802","41091177","0","5PrEw","한아름송이","아쉬워요~","CHATTING","2020-12-14T19:57:00","3418570","False","2020-12-14T19:00:01.43","2026-05-21T13:10:23.079741+00:00"
"37802","41091179","0","3a0PW","겨울홀씨20","💖💖 네이버 플러스 멤버쉽 💗💗 집중탐구 보길 잘했어여ㅛ","CHATTING","2020-12-14T19:57:00","3418570","False","2020-12-14T19:00:01.43","2026-05-21T13:10:23.079741+00:00"
"37802","41091180","0","2i3PD","사과셋","2021년은 모두 건강하고 복받고 쇼핑도 즐겁게 많이 했으면 좋겠습니다","CHATTING","2020-12-14T19:57:00","3418570","False","2020-12-14T19:00:01.43","2026-05-21T13:10:23.079741+00:00"
"37802","41091185","0","3tude","미니KIM","짜릿하게 즐겨볼게요 네이버플러스멤버십","CHATTING","2020-12-14T19:57:00","3418570","False","2020-12-14T19:00:01.43","2026-05-21T13:10:23.079741+00:00"
"37802","41091187","0","2gpV8","올리비아","감사합니다.","CHATTING","2020-12-14T19:57:00","3418570","False","2020-12-14T19:00:01.43","2026-05-21T13:10:23.079741+00:00"
"37802","41091188","0","5SO2l","별","♥♥♥♥♥♥♥","CHATTING","2020-12-14T19:57:00","3418570","False","2020-12-14T19:00:01.43","2026-05-21T13:10:23.079741+00:00"
"37802","41091189","0","485rz","ㄱㄱㄱ","우왕 관리자님 댓글 보고 의견 받아주시는거 너무 짱인거 아닌가여? 마음씨가❤️","CHATTING","2020-12-14T19:57:00","3418570","False","2020-12-14T19:00:01.43","2026-05-21T13:10:23.079741+00:00"
"37802","41091190","0","1TY0m","다홍","와우","CHATTING","2020-12-14T19:57:00","3418570","False","2020-12-14T19:00:01.43","2026-05-21T13:10:23.079741+00:00"
"37802","41091192","0","cKccM","happy","와웅","CHATTING","2020-12-14T19:57:01","3419570","False","2020-12-14T19:00:01.43","2026-05-21T13:10:23.079741+00:00"
"37802","41091193","0","2EJRY","꼼지락","ㅊㅋㅊㅋ","CHATTING","2020-12-14T19:57:01","3419570","False","2020-12-14T19:00:01.43","2026-05-21T13:10:23.079741+00:00"
"37802","41091194","0","3uy3W","미사","감사해요","CHATTING","2020-12-14T19:57:01","3419570","False","2020-12-14T19:00:01.43","2026-05-21T13:10:23.079741+00:00"
"37802","41091195","0","1m3uY","연지빛","안녕","CHATTING","2020-12-14T19:57:01","3419570","False","2020-12-14T19:00:01.43","2026-05-21T13:10:23.079741+00:00"
"37802","41091196","0","489nE","zzangzzang","짱짱","CHATTING","2020-12-14T19:57:01","3419570","False","2020-12-14T19:00:01.43","2026-05-21T13:10:23.079741+00:00"
"37802","41091201","0","RRel","감자도리","네이버사랑해요","CHATTING","2020-12-14T19:57:01","3419570","False","2020-12-14T19:00:01.43","2026-05-21T13:10:23.079741+00:00"
"37802","41091202","0","6aJDX","랄라","안녕","CHATTING","2020-12-14T19:57:01","3419570","False","2020-12-14T19:00:01.43","2026-05-21T13:10:23.079741+00:00"
"37802","41091203","0","3aqgG","모구모구","싸랑해여","CHATTING","2020-12-14T19:57:01","3419570","False","2020-12-14T19:00:01.43","2026-05-21T13:10:23.079741+00:00"
"37802","41091204","0","2KCJH","Search Highlight","사랑합니다","CHATTING","2020-12-14T19:57:01","3419570","False","2020-12-14T19:00:01.43","2026-05-21T13:10:23.079741+00:00"
"37802","41091206","0","2gnJW","슬기","안녕!!!","CHATTING","2020-12-14T19:57:01","3419570","False","2020-12-14T19:00:01.43","2026-05-21T13:10:23.079741+00:00"
"37802","41091208","0","8ovUm","cducky","와","CHATTING","2020-12-14T19:57:01","3419570","False","2020-12-14T19:00:01.43","2026-05-21T13:10:23.079741+00:00"
"37802","41091212","0","2dB4Y","caffelatte","그꺄👋👋👋👋","CHATTING","2020-12-14T19:57:01","3419570","False","2020-12-14T19:00:01.43","2026-05-21T13:10:23.079741+00:00"
"37802","41091213","0","2e6jg","지기","사랑해요~~~~~~~~~~~ 감사합니다~~~~~~~~~~~~","CHATTING","2020-12-14T19:57:01","3419570","False","2020-12-14T19:00:01.43","2026-05-21T13:10:23.079741+00:00"
"37802","41091214","0","4C8pH","코쿠쿠","오늘가입 ㅋ","CHATTING","2020-12-14T19:57:01","3419570","False","2020-12-14T19:00:01.43","2026-05-21T13:10:23.079741+00:00"
"37802","41091215","0","1N28W","수현맘","요즘 코로나시대..어디 나가서 맘껏 쇼핑도 잘못하는데 네이버에서 쇼핑도 하고 적립도 많이 되고 할인도 많이 되고~남편없인 살아도 네이버 없이는 못살아요❤❤❤❤❤","CHATTING","2020-12-14T19:57:01","3419570","False","2020-12-14T19:00:01.43","2026-05-21T13:10:23.079741+00:00"
"37802","41091216","0","66vGh","왕눈이","안녕~~","CHATTING","2020-12-14T19:57:01","3419570","False","2020-12-14T19:00:01.43","2026-05-21T13:10:23.079741+00:00"
"37802","41091218","0","1n2d4","kmsm****","ㅋㅋㅋㅋㅋㄱㅋ","CHATTING","2020-12-14T19:57:01","3419570","False","2020-12-14T19:00:01.43","2026-05-21T13:10:23.079741+00:00"
"37802","41091219","0","3ZsXb","qeqeqeqeq","네이버 사랑해요","CHATTING","2020-12-14T19:57:01","3419570","False","2020-12-14T19:00:01.43","2026-05-21T13:10:23.079741+00:00"
"37802","41091221","0","2E6Y0","코코별","빠이빠이","CHATTING","2020-12-14T19:57:01","3419570","False","2020-12-14T19:00:01.43","2026-05-21T13:10:23.079741+00:00"
"37802","41091222","0","8UnSg","고려왕","벌써","CHATTING","2020-12-14T19:57:01","3419570","False","2020-12-14T19:00:01.43","2026-05-21T13:10:23.079741+00:00"
"37802","41091225","0","O8wJ","Poincare","ㅊㅋㅊㅋ","CHATTING","2020-12-14T19:57:01","3419570","False","2020-12-14T19:00:01.43","2026-05-21T13:10:23.079741+00:00"
"37802","41091226","0","3HGha","쁘힛","초대왕이벌써?","CHATTING","2020-12-14T19:57:01","3419570","False","2020-12-14T19:00:01.43","2026-05-21T13:10:23.079741+00:00"
"37802","41091227","0","33MdR","어치비이","우와 오늘 짱이었어융","CHATTING","2020-12-14T19:57:02","3420570","False","2020-12-14T19:00:01.43","2026-05-21T13:10:23.079741+00:00"
"37802","41091229","0","2gpV8","올리비아","네이;ㅂ1","CHATTING","2020-12-14T19:57:02","3420570","False","2020-12-14T19:00:01.43","2026-05-21T13:10:23.079741+00:00"
"37802","41091233","0","3oAdM","rlad****","넹바 ㅇㅇ으나힑[여","CHATTING","2020-12-14T19:57:02","3420570","False","2020-12-14T19:00:01.43","2026-05-21T13:10:23.079741+00:00"
"37802","41091234","0","OviF","두둥s","짜","CHATTING","2020-12-14T19:57:02","3420570","False","2020-12-14T19:00:01.43","2026-05-21T13:10:23.079741+00:00"
"37802","41091235","0","1c0gg","LHY","와 윈디느","CHATTING","2020-12-14T19:57:02","3420570","False","2020-12-14T19:00:01.43","2026-05-21T13:10:23.079741+00:00"
"37802","41091236","0","2IwLm","날씬해","네이버 최고","CHATTING","2020-12-14T19:57:02","3420570","False","2020-12-14T19:00:01.43","2026-05-21T13:10:23.079741+00:00"
"37802","41091237","0","1crUD","윤다다","멤뱌쉽 짱짱","CHATTING","2020-12-14T19:57:02","3420570","False","2020-12-14T19:00:01.43","2026-05-21T13:10:23.079741+00:00"
"37802","41091238","0","50sfT","이능2","빠2","CHATTING","2020-12-14T19:57:02","3420570","False","2020-12-14T19:00:01.43","2026-05-21T13:10:23.079741+00:00"
"37802","41091239","0","JUIt","소리마마","다음은 기존가입자 화이팅!","CHATTING","2020-12-14T19:57:02","3420570","False","2020-12-14T19:00:01.43","2026-05-21T13:10:23.079741+00:00"
"37802","41091241","0","VKag","골드후아유","초대왕 부럽다","CHATTING","2020-12-14T19:57:02","3420570","False","2020-12-14T19:00:01.43","2026-05-21T13:10:23.079741+00:00"
"37802","41091242","0","5dY47","아카시아","너무 좋았어요 방송","CHATTING","2020-12-14T19:57:02","3420570","False","2020-12-14T19:00:01.43","2026-05-21T13:10:23.079741+00:00"
"37802","41091243","0","1jT6a","으랏차차","네이버 나도 사랑","CHATTING","2020-12-14T19:57:02","3420570","False","2020-12-14T19:00:01.43","2026-05-21T13:10:23.079741+00:00"
"37802","41091246","0","5VrUJ","tenfkd13","좋어","CHATTING","2020-12-14T19:57:02","3420570","False","2020-12-14T19:00:01.43","2026-05-21T13:10:23.079741+00:00"
"37802","41091247","0","6jjMw","홍서연","네이버쇼핑하시면 가입하세용 진짜 꿀🐝🍯🍯🍯","CHATTING","2020-12-14T19:57:02","3420570","False","2020-12-14T19:00:01.43","2026-05-21T13:10:23.079741+00:00"
"37802","41091248","0","2tjXq","참이","ㅋㅋㅋㅋㅋㅋㅌㅋㅋㅋㅋㅋㅌㅌ","CHATTING","2020-12-14T19:57:02","3420570","False","2020-12-14T19:00:01.43","2026-05-21T13:10:23.079741+00:00"
"37802","41091249","0","5oTLP","똘랑","짱짱","CHATTING","2020-12-14T19:57:02","3420570","False","2020-12-14T19:00:01.43","2026-05-21T13:10:23.079741+00:00"
"37802","41091251","0","3GU12","전지적S급","💕💕💕💕💕","CHATTING","2020-12-14T19:57:02","3420570","False","2020-12-14T19:00:01.43","2026-05-21T13:10:23.079741+00:00"
"37802","41091252","0","26oio","배려","네이버 사랑해요♡♡♡♡","CHATTING","2020-12-14T19:57:02","3420570","False","2020-12-14T19:00:01.43","2026-05-21T13:10:23.079741+00:00"
"37802","41091253","0","62IZK","안수연","우왕!!","CHATTING","2020-12-14T19:57:02","3420570","False","2020-12-14T19:00:01.43","2026-05-21T13:10:23.079741+00:00"
"37802","41091254","0","3JBbL","라이트","네이버 사랑해요","CHATTING","2020-12-14T19:57:02","3420570","False","2020-12-14T19:00:01.43","2026-05-21T13:10:23.079741+00:00"
"37802","41091255","0","2YQLZ","귤냥이","네이버 사랑합니다","CHATTING","2020-12-14T19:57:02","3420570","False","2020-12-14T19:00:01.43","2026-05-21T13:10:23.079741+00:00"
"37802","41091256","0","O8wJ","Poincare","대박","CHATTING","2020-12-14T19:57:02","3420570","False","2020-12-14T19:00:01.43","2026-05-21T13:10:23.079741+00:00"
"37802","41091257","0","4qco7","달콤","응원해요~^^","CHATTING","2020-12-14T19:57:02","3420570","False","2020-12-14T19:00:01.43","2026-05-21T13:10:23.079741+00:00"
"37802","41091258","0","7Gy2i","xx","대박대박","CHATTING","2020-12-14T19:57:02","3420570","False","2020-12-14T19:00:01.43","2026-05-21T13:10:23.079741+00:00"
"37802","41091259","0","RRel","감자도리","ㅋ-ㄴㄴㄴ","CHATTING","2020-12-14T19:57:02","3420570","False","2020-12-14T19:00:01.43","2026-05-21T13:10:23.079741+00:00"
"37802","41091260","0","4pbZ1","lost27","네이버 멤버십 사랑합니다아","CHATTING","2020-12-14T19:57:02","3420570","False","2020-12-14T19:00:01.43","2026-05-21T13:10:23.079741+00:00"
"37802","41091261","0","433A4","별해랑","ㅇㄴ","CHATTING","2020-12-14T19:57:03","3421570","False","2020-12-14T19:00:01.43","2026-05-21T13:10:23.079741+00:00"
"37802","41091262","0","1OubJ","핑","ㅋㅋㅋㅋ","CHATTING","2020-12-14T19:57:03","3421570","False","2020-12-14T19:00:01.43","2026-05-21T13:10:23.079741+00:00"
"37802","41091264","0","39OTn","꾸루","롯데마트 5만원 이상 구매시 1만원 할인되요!👍🏻👍🏻👍🏻👍🏻","CHATTING","2020-12-14T19:57:03","3421570","False","2020-12-14T19:00:01.43","2026-05-21T13:10:23.079741+00:00"
"37802","41091266","0","2CMX0","히히","ㅋㅋㅋ","CHATTING","2020-12-14T19:57:03","3421570","False","2020-12-14T19:00:01.43","2026-05-21T13:10:23.079741+00:00"
"37802","41091268","0","2h8o3","빵빵대박","네이버 짱💚💚💚","CHATTING","2020-12-14T19:57:03","3421570","False","2020-12-14T19:00:01.43","2026-05-21T13:10:23.079741+00:00"
"37802","41091269","0","4edVw","무지개","네이버 사랑해요~~~","CHATTING","2020-12-14T19:57:03","3421570","False","2020-12-14T19:00:01.43","2026-05-21T13:10:23.079741+00:00"
"37802","41091270","0","1wWiK","미요미","가지마욧","CHATTING","2020-12-14T19:57:03","3421570","False","2020-12-14T19:00:01.43","2026-05-21T13:10:23.079741+00:00"
"37802","41091274","0","1aBuS","리스펙","ㅊㅋㅊㅋ","CHATTING","2020-12-14T19:57:03","3421570","False","2020-12-14T19:00:01.43","2026-05-21T13:10:23.079741+00:00"
"37802","41091275","0","1ZVcS","하우와우","우와.. 초대왕 발표났나요.","CHATTING","2020-12-14T19:57:03","3421570","False","2020-12-14T19:00:01.43","2026-05-21T13:10:23.079741+00:00"
"37802","41091276","0","3D8VY","맛집조하","ㅎㅎㅎ","CHATTING","2020-12-14T19:57:03","3421570","False","2020-12-14T19:00:01.43","2026-05-21T13:10:23.079741+00:00"
"37802","41091277","0","509zJ","노네임","안녕~","CHATTING","2020-12-14T19:57:03","3421570","False","2020-12-14T19:00:01.43","2026-05-21T13:10:23.080743+00:00"
"37802","41091279","0","6PDyU","카이로스","ㅋㅋㅋㅋ","CHATTING","2020-12-14T19:57:03","3421570","False","2020-12-14T19:00:01.43","2026-05-21T13:10:23.080743+00:00"
"37802","41091280","0","2M6gc","하늘색달빛","벌써 끝이군요","CHATTING","2020-12-14T19:57:03","3421570","False","2020-12-14T19:00:01.43","2026-05-21T13:10:23.080743+00:00"
"37802","41091281","0","1tU28","뱃살공주","ㅊㅋㅊㅋ","CHATTING","2020-12-14T19:57:03","3421570","False","2020-12-14T19:00:01.43","2026-05-21T13:10:23.080743+00:00"
"37802","41091283","0","17Xcx","째미야","네이버 최고~~","CHATTING","2020-12-14T19:57:03","3421570","False","2020-12-14T19:00:01.43","2026-05-21T13:10:23.080743+00:00"
"37802","41091285","0","3tude","미니KIM","짜릿하게 즐겨볼게요 네이버플러스멤버십","CHATTING","2020-12-14T19:57:03","3421570","False","2020-12-14T19:00:01.43","2026-05-21T13:10:23.080743+00:00"
"37802","41091286","0","NHmy","꼬맹이빈","ㅋㅋㅋㅋㅋ","CHATTING","2020-12-14T19:57:04","3422570","False","2020-12-14T19:00:01.43","2026-05-21T13:10:23.080743+00:00"
"37802","41091287","0","3nrpA","wd53****","ㅎㅎㅎ","CHATTING","2020-12-14T19:57:04","3422570","False","2020-12-14T19:00:01.43","2026-05-21T13:10:23.080743+00:00"
"37802","41091288","0","1SKQi","애플소다","쇼핑왕","CHATTING","2020-12-14T19:57:04","3422570","False","2020-12-14T19:00:01.43","2026-05-21T13:10:23.080743+00:00"
"37802","41091290","0","4nLhA","PANDA","알찬 방송 감사해용","CHATTING","2020-12-14T19:57:04","3422570","False","2020-12-14T19:00:01.43","2026-05-21T13:10:23.080743+00:00"
"37802","41091291","0","13Z7Z","nomal","안녕~","CHATTING","2020-12-14T19:57:04","3422570","False","2020-12-14T19:00:01.43","2026-05-21T13:10:23.080743+00:00"
"37802","41091292","0","2exkp","프릴","유료가입은 네이버플러스가 첨이에요","CHATTING","2020-12-14T19:57:04","3422570","False","2020-12-14T19:00:01.43","2026-05-21T13:10:23.080743+00:00"
"37802","41091293","0","2KCJH","Search Highlight","짱","CHATTING","2020-12-14T19:57:04","3422570","False","2020-12-14T19:00:01.43","2026-05-21T13:10:23.080743+00:00"
"37802","41091294","0","17b0r","히뚜다히뚜","네이버 멤버십 너무너무 잘쓰고 있어요~!!!!!!!!노래도 너무너무 잘듣고 있구요~장보기도 꿀혜택이예요~!!!12개월 당첨 가즈아~!!!!!!!!!!!!!!","CHATTING","2020-12-14T19:57:04","3422570","False","2020-12-14T19:00:01.43","2026-05-21T13:10:23.080743+00:00"
"37802","41091296","0","3Mg3A","모아이","네이버는 사랑입니당","CHATTING","2020-12-14T19:57:04","3422570","False","2020-12-14T19:00:01.43","2026-05-21T13:10:23.080743+00:00"
"37802","41091297","0","2fJH4","마보이","알찬 제품이에요","CHATTING","2020-12-14T19:57:04","3422570","False","2020-12-14T19:00:01.43","2026-05-21T13:10:23.080743+00:00"
"37802","41091298","0","9HGBT","헤헹","안녕~~ ♡♡♡","CHATTING","2020-12-14T19:57:04","3422570","False","2020-12-14T19:00:01.43","2026-05-21T13:10:23.080743+00:00"
"37802","41091300","0","2vVJq","헨이","감사합니당","CHATTING","2020-12-14T19:57:04","3422570","False","2020-12-14T19:00:01.43","2026-05-21T13:10:23.080743+00:00"
"37802","41091301","0","2pBil","페퍼","와 ㅊㅋㅊㅋ","CHATTING","2020-12-14T19:57:04","3422570","False","2020-12-14T19:00:01.43","2026-05-21T13:10:23.080743+00:00"
"37802","41091303","0","2GHM0","젤리킹","ㅊㅋㅊㅋ","CHATTING","2020-12-14T19:57:04","3422570","False","2020-12-14T19:00:01.43","2026-05-21T13:10:23.080743+00:00"
"37802","41091304","0","OviF","두둥s","짱ㅎㅎㅎㅎ","CHATTING","2020-12-14T19:57:04","3422570","False","2020-12-14T19:00:01.43","2026-05-21T13:10:23.080743+00:00"
"37802","41091305","0","3yOPk","어글리","네이버 담당자님 짱 👍","CHATTING","2020-12-14T19:57:04","3422570","False","2020-12-14T19:00:01.43","2026-05-21T13:10:23.080743+00:00"
"37802","41091307","0","1LeYg","딩가딩가","와","CHATTING","2020-12-14T19:57:04","3422570","False","2020-12-14T19:00:01.43","2026-05-21T13:10:23.080743+00:00"
"37802","41091310","0","5I10t","별","네이버쨩","CHATTING","2020-12-14T19:57:04","3422570","False","2020-12-14T19:00:01.43","2026-05-21T13:10:23.080743+00:00"
"37802","41091311","0","4XDaG","메탈기관총","네이버 사랑해요 네이버 장","CHATTING","2020-12-14T19:57:04","3422570","False","2020-12-14T19:00:01.43","2026-05-21T13:10:23.080743+00:00"
"37802","41091314","0","4HdI7","륜","네이버 최고에요~~!!","CHATTING","2020-12-14T19:57:05","3423570","False","2020-12-14T19:00:01.43","2026-05-21T13:10:23.080743+00:00"
"37802","41091315","0","4KulN","happyday","1위 오모","CHATTING","2020-12-14T19:57:05","3423570","False","2020-12-14T19:00:01.43","2026-05-21T13:10:23.080743+00:00"
"37802","41091316","0","2AuCv","구름속의 낙원","주식왕","CHATTING","2020-12-14T19:57:05","3423570","False","2020-12-14T19:00:01.43","2026-05-21T13:10:23.080743+00:00"
"37802","41091317","0","1RimI","Khan","ㅋㅋ","CHATTING","2020-12-14T19:57:05","3423570","False","2020-12-14T19:00:01.43","2026-05-21T13:10:23.080743+00:00"
"37802","41091318","0","3Mqqp","뽀또","안녕","CHATTING","2020-12-14T19:57:05","3423570","False","2020-12-14T19:00:01.43","2026-05-21T13:10:23.080743+00:00"
"37802","41091321","0","cbtyA","하리","ㄹㄹㅎ","CHATTING","2020-12-14T19:57:05","3423570","False","2020-12-14T19:00:01.43","2026-05-21T13:10:23.080743+00:00"
"37802","41091322","0","vznV","ssoo","사랑해용","CHATTING","2020-12-14T19:57:05","3423570","False","2020-12-14T19:00:01.43","2026-05-21T13:10:23.080743+00:00"
"37802","41091323","0","1U9Qg","냐옹이","ㅋㅋㅋㅋㅋㅋㅋㅋㅋㅋㅋㅋ","CHATTING","2020-12-14T19:57:05","3423570","False","2020-12-14T19:00:01.43","2026-05-21T13:10:23.080743+00:00"
"37802","41091325","0","7xGeu","없음","나도 네이버 사랑해요","CHATTING","2020-12-14T19:57:05","3423570","False","2020-12-14T19:00:01.43","2026-05-21T13:10:23.080743+00:00"
"37802","41091327","0","Rp76","Effort","ㅋㅋㅋㅋㅋ","CHATTING","2020-12-14T19:57:05","3423570","False","2020-12-14T19:00:01.43","2026-05-21T13:10:23.080743+00:00"
"37802","41091328","0","dbp7C","yoo","ㅋㅋㅋ","CHATTING","2020-12-14T19:57:05","3423570","False","2020-12-14T19:00:01.43","2026-05-21T13:10:23.080743+00:00"
"37802","41091329","0","66UM","anti****","와 초대왕 장난 아니네요","CHATTING","2020-12-14T19:57:05","3423570","False","2020-12-14T19:00:01.43","2026-05-21T13:10:23.080743+00:00"
"37802","41091330","0","9hmVp","Zzzzzz","헐","CHATTING","2020-12-14T19:57:05","3423570","False","2020-12-14T19:00:01.43","2026-05-21T13:10:23.080743+00:00"
"37802","41091331","0","4hnUu","귤오렌지레몬","ㅋㅋ우왕","CHATTING","2020-12-14T19:57:05","3423570","False","2020-12-14T19:00:01.43","2026-05-21T13:10:23.080743+00:00"
"37802","41091332","0","uL6h","마리","와 축하해요~","CHATTING","2020-12-14T19:57:05","3423570","False","2020-12-14T19:00:01.43","2026-05-21T13:10:23.080743+00:00"
"37802","41091335","0","v7i0","동물원꿀벌","네이버 사랑해여여어어ㅓ","CHATTING","2020-12-14T19:57:05","3423570","False","2020-12-14T19:00:01.43","2026-05-21T13:10:23.080743+00:00"
"37802","41091336","0","1Ma4s","홀홀","잘보고가요","CHATTING","2020-12-14T19:57:05","3423570","False","2020-12-14T19:00:01.43","2026-05-21T13:10:23.080743+00:00"
"37802","41091337","0","ULV7","박제동","주식주식~","CHATTING","2020-12-14T19:57:05","3423570","False","2020-12-14T19:00:01.43","2026-05-21T13:10:23.080743+00:00"
"37802","41091338","0","3Ra7V","lyn","혜택이 정말 다양하네요","CHATTING","2020-12-14T19:57:05","3423570","False","2020-12-14T19:00:01.43","2026-05-21T13:10:23.080743+00:00"
"37802","41091339","0","2eN5f","홍이맘","축하합니다","CHATTING","2020-12-14T19:57:05","3423570","False","2020-12-14T19:00:01.43","2026-05-21T13:10:23.080743+00:00"
"37802","41091340","0","12lAj","김희선","네이버 짱","CHATTING","2020-12-14T19:57:05","3423570","False","2020-12-14T19:00:01.43","2026-05-21T13:10:23.080743+00:00"
"37802","41091341","0","2F7rj","파란구름","또 만나요 ㅎㅎ ㅋㅋㅋ","CHATTING","2020-12-14T19:57:05","3423570","False","2020-12-14T19:00:01.43","2026-05-21T13:10:23.080743+00:00"
"37802","41091342","0","alKuA","김형준","올라라!!~~~","CHATTING","2020-12-14T19:57:05","3423570","False","2020-12-14T19:00:01.43","2026-05-21T13:10:23.080743+00:00"
"37802","41091343","0","5lfZt","RoSe","추첨은안하나용?","CHATTING","2020-12-14T19:57:06","3424570","False","2020-12-14T19:00:01.43","2026-05-21T13:10:23.080743+00:00"
"37802","41091344","0","1T8uZ","봄바람","와우","CHATTING","2020-12-14T19:57:06","3424570","False","2020-12-14T19:00:01.43","2026-05-21T13:10:23.080743+00:00"
"37802","41091345","0","4XDaG","메탈기관총","2ㅏㅇ","CHATTING","2020-12-14T19:57:06","3424570","False","2020-12-14T19:00:01.43","2026-05-21T13:10:23.080743+00:00"
"37802","41091346","0","20G7R","JJ77","두분 다 네이버 찐팬이시네요 ㅋㅋㅋㅋ","CHATTING","2020-12-14T19:57:06","3424570","False","2020-12-14T19:00:01.43","2026-05-21T13:10:23.080743+00:00"
"37802","41091347","0","17BOC","지완이모","대박","CHATTING","2020-12-14T19:57:06","3424570","False","2020-12-14T19:00:01.43","2026-05-21T13:10:23.080743+00:00"
"37802","41091349","0","1m9vY","메가톤","좋은말만♡♡♡♡♡♡","CHATTING","2020-12-14T19:57:06","3424570","False","2020-12-14T19:00:01.43","2026-05-21T13:10:23.080743+00:00"
"37802","41091350","0","IVvI","루메나","대박대박","CHATTING","2020-12-14T19:57:06","3424570","False","2020-12-14T19:00:01.43","2026-05-21T13:10:23.080743+00:00"
"37802","41091352","0","H2sx","폴로","네이버☆짱","CHATTING","2020-12-14T19:57:06","3424570","False","2020-12-14T19:00:01.43","2026-05-21T13:10:23.080743+00:00"
"37802","41091353","0","3g9LC","그린애플","ㅊㅋㅊㅋ","CHATTING","2020-12-14T19:57:06","3424570","False","2020-12-14T19:00:01.43","2026-05-21T13:10:23.080743+00:00"
"37802","41091355","0","2FJpA","슬기","네이버는 사랑입니다.","CHATTING","2020-12-14T19:57:06","3424570","False","2020-12-14T19:00:01.43","2026-05-21T13:10:23.080743+00:00"
"37802","41091356","0","3KpYp","yyy","짱💙💙💙💙💙💙👍👍👍👍👍👍👍","CHATTING","2020-12-14T19:57:06","3424570","False","2020-12-14T19:00:01.43","2026-05-21T13:10:23.080743+00:00"
"37802","41091357","0","2uHmO","jin","사랑해요♡♡ 네이버플러스멤버십","CHATTING","2020-12-14T19:57:06","3424570","False","2020-12-14T19:00:01.43","2026-05-21T13:10:23.080743+00:00"
"37802","41091361","0","2cYmf","뽀","네이버 사랑해요ㅋㅋㅋ","CHATTING","2020-12-14T19:57:06","3424570","False","2020-12-14T19:00:01.43","2026-05-21T13:10:23.080743+00:00"
"37802","41091365","0","1z1Hq","허버트","ㅋㅋㅋ","CHATTING","2020-12-14T19:57:06","3424570","False","2020-12-14T19:00:01.43","2026-05-21T13:10:23.080743+00:00"
"37802","41091367","0","vEdt","매일매일맑음","꺄아아","CHATTING","2020-12-14T19:57:06","3424570","False","2020-12-14T19:00:01.43","2026-05-21T13:10:23.080743+00:00"
"37802","41091369","0","8kV5A","루니","네이버 짱짱💚💚💚💚💚💚💚","CHATTING","2020-12-14T19:57:06","3424570","False","2020-12-14T19:00:01.43","2026-05-21T13:10:23.080743+00:00"
"37802","41091371","0","5oTLP","똘랑","주가 많이 올라라","CHATTING","2020-12-14T19:57:06","3424570","False","2020-12-14T19:00:01.43","2026-05-21T13:10:23.080743+00:00"
"37802","41091372","0","3tude","미니KIM","짜릿하게 즐겨볼게요 네이버플러스멤버십","CHATTING","2020-12-14T19:57:06","3424570","False","2020-12-14T19:00:01.43","2026-05-21T13:10:23.080743+00:00"
"37802","41091373","0","2c5Fw","mmhm","축하합니다","CHATTING","2020-12-14T19:57:06","3424570","False","2020-12-14T19:00:01.43","2026-05-21T13:10:23.080743+00:00"
"37802","41091374","0","xnaJ","아들부자님","고고0네이버짱","CHATTING","2020-12-14T19:57:06","3424570","False","2020-12-14T19:00:01.43","2026-05-21T13:10:23.080743+00:00"
"37802","41091376","0","35Bhb","bad_****","방송재밌어요","CHATTING","2020-12-14T19:57:06","3424570","False","2020-12-14T19:00:01.43","2026-05-21T13:10:23.080743+00:00"
"37802","41091377","0","4dDeT","S2뽁이얌S2","가입했어용~!!!!설명~아주 귀에 쏙쏙 들어오네요~!!!!!12개월 쏘아 주세용~!!!!!!!!!!!!뽕 뽑게해주세용~!!!!!","CHATTING","2020-12-14T19:57:06","3424570","False","2020-12-14T19:00:01.43","2026-05-21T13:10:23.080743+00:00"
"37802","41091378","0","13fLo","슈루","네이버짱","CHATTING","2020-12-14T19:57:06","3424570","False","2020-12-14T19:00:01.43","2026-05-21T13:10:23.080743+00:00"
"37802","41091379","0","3ZsXb","qeqeqeqeq","네이버 짬","CHATTING","2020-12-14T19:57:06","3424570","False","2020-12-14T19:00:01.43","2026-05-21T13:10:23.080743+00:00"
"37802","41091380","0","2xHMs","마법기사","잘가요 ㅋㅋㅋ","CHATTING","2020-12-14T19:57:06","3424570","False","2020-12-14T19:00:01.43","2026-05-21T13:10:23.080743+00:00"
"37802","41091381","0","XNC5","안녕이란","그건좀","CHATTING","2020-12-14T19:57:07","3425570","False","2020-12-14T19:00:01.43","2026-05-21T13:10:23.080743+00:00"
"37802","41091382","0","2tjXq","참이","주가 ㅋㅋㅋㅋㅋㅋㅋㅋ","CHATTING","2020-12-14T19:57:07","3425570","False","2020-12-14T19:00:01.43","2026-05-21T13:10:23.080743+00:00"
"37802","41091383","0","HWRE","초록","사랑해요 ^~~👍👍👍👍","CHATTING","2020-12-14T19:57:07","3425570","False","2020-12-14T19:00:01.43","2026-05-21T13:10:23.080743+00:00"
"37802","41091385","0","5I10t","별","사랑해요~~","CHATTING","2020-12-14T19:57:07","3425570","False","2020-12-14T19:00:01.43","2026-05-21T13:10:23.080743+00:00"
"37802","41091386","0","HeqD","행운의여신","사랑합니다 응원합니다^^","CHATTING","2020-12-14T19:57:07","3425570","False","2020-12-14T19:00:01.43","2026-05-21T13:10:23.080743+00:00"
"37802","41091387","0","4oVpv","하나야","뽕을 뽑자 뽕을뽑자 뽕뽕뽕...ㅎ📷🎥💻📺📱요즘 같은 언택트 시기에 영화보는것이 쉽지는 않지만 가장 많이 이용할것 같아요📷🎥💻📺📱","CHATTING","2020-12-14T19:57:07","3425570","False","2020-12-14T19:00:01.43","2026-05-21T13:10:23.080743+00:00"
"37802","41091388","0","2IwLm","날씬해","네이버 항상 이용합니다","CHATTING","2020-12-14T19:57:07","3425570","False","2020-12-14T19:00:01.43","2026-05-21T13:10:23.080743+00:00"
"37802","41091389","0","IaJV","isou****","짱!!","CHATTING","2020-12-14T19:57:07","3425570","False","2020-12-14T19:00:01.43","2026-05-21T13:10:23.080743+00:00"
"37802","41091390","0","3HGha","쁘힛","부럽루버","CHATTING","2020-12-14T19:57:07","3425570","False","2020-12-14T19:00:01.43","2026-05-21T13:10:23.080743+00:00"
"37802","41091391","0","1KhTG","쿠드랴프카","사랑해요!!1","CHATTING","2020-12-14T19:57:07","3425570","False","2020-12-14T19:00:01.43","2026-05-21T13:10:23.080743+00:00"
"37802","41091393","0","bhdJ","카이사르","오~~~~","CHATTING","2020-12-14T19:57:07","3425570","False","2020-12-14T19:00:01.43","2026-05-21T13:10:23.080743+00:00"
"37802","41091394","0","H0Ul","woni","감사합니다♡","CHATTING","2020-12-14T19:57:07","3425570","False","2020-12-14T19:00:01.43","2026-05-21T13:10:23.080743+00:00"
"37802","41091395","0","4lPBj","SKY","좋다 좋아","CHATTING","2020-12-14T19:57:07","3425570","False","2020-12-14T19:00:01.43","2026-05-21T13:10:23.080743+00:00"
"37802","41091396","0","26oio","배려","♡♡♡♡♡♡♡♡♡♡♡♡","CHATTING","2020-12-14T19:57:07","3425570","False","2020-12-14T19:00:01.43","2026-05-21T13:10:23.080743+00:00"
"37802","41091398","0","1UDp6","육하","사랑해요","CHATTING","2020-12-14T19:57:07","3425570","False","2020-12-14T19:00:01.43","2026-05-21T13:10:23.080743+00:00"
"37802","41091400","0","2tjLj","복불복인생","ㅋㅋㅋ 주가가 왜 나와?","CHATTING","2020-12-14T19:57:07","3425570","False","2020-12-14T19:00:01.43","2026-05-21T13:10:23.080743+00:00"
"37802","41091402","0","Nz51","skfl09","네이버 사랑해요!!","CHATTING","2020-12-14T19:57:07","3425570","False","2020-12-14T19:00:01.43","2026-05-21T13:10:23.080743+00:00"
"37802","41091403","0","1YnZ5","하이이이잉","와우 초대왕 축하합니다","CHATTING","2020-12-14T19:57:07","3425570","False","2020-12-14T19:00:01.43","2026-05-21T13:10:23.080743+00:00"
"37802","41091404","0","1weTs","오리날다","최고","CHATTING","2020-12-14T19:57:07","3425570","False","2020-12-14T19:00:01.43","2026-05-21T13:10:23.080743+00:00"
"37802","41091407","0","QGWs","한sound","끝이네요","CHATTING","2020-12-14T19:57:07","3425570","False","2020-12-14T19:00:01.43","2026-05-21T13:10:23.080743+00:00"
"37802","41091409","0","4cjJG","Mida","ㅋㅋㅋㅋㅋㅋㅋㅋㅋㅋㅋ","CHATTING","2020-12-14T19:57:08","3426570","False","2020-12-14T19:00:01.43","2026-05-21T13:10:23.080743+00:00"
"37802","41091410","0","y0CE","xxsz****","올라올라","CHATTING","2020-12-14T19:57:08","3426570","False","2020-12-14T19:00:01.43","2026-05-21T13:10:23.080743+00:00"
"37802","41091411","0","1gIyg","앙마","급 종료 ㅋㅋㅋ","CHATTING","2020-12-14T19:57:08","3426570","False","2020-12-14T19:00:01.43","2026-05-21T13:10:23.080743+00:00"
"37802","41091413","0","NHmy","꼬맹이빈","주가 ㅋㅋㅋㅋ","CHATTING","2020-12-14T19:57:08","3426570","False","2020-12-14T19:00:01.43","2026-05-21T13:10:23.080743+00:00"
"37802","41091417","0","4C8pH","코쿠쿠","라뷰 네이버","CHATTING","2020-12-14T19:57:08","3426570","False","2020-12-14T19:00:01.43","2026-05-21T13:10:23.080743+00:00"
"37802","41091418","0","2IrUp","아이리스","ㅎㅎㅎㅎ","CHATTING","2020-12-14T19:57:08","3426570","False","2020-12-14T19:00:01.43","2026-05-21T13:10:23.080743+00:00"
"37802","41091419","0","1MkJO","aoneco","ㅋㅋㅋㅋㅋㅋㅋㅋㅋ","CHATTING","2020-12-14T19:57:08","3426570","False","2020-12-14T19:00:01.43","2026-05-21T13:10:23.080743+00:00"
"37802","41091420","0","3Pklp","love****","축하합니다","CHATTING","2020-12-14T19:57:08","3426570","False","2020-12-14T19:00:01.43","2026-05-21T13:10:23.080743+00:00"
"37802","41091421","0","1ivqa","rtd","삼성 한다!!!!","CHATTING","2020-12-14T19:57:08","3426570","False","2020-12-14T19:00:01.43","2026-05-21T13:10:23.080743+00:00"
"37802","41091422","0","NXQ8","자몽","바바","CHATTING","2020-12-14T19:57:08","3426570","False","2020-12-14T19:00:01.43","2026-05-21T13:10:23.080743+00:00"
"37802","41091423","0","54Wor","체크","네이버플러스멤버십 .ㅇ.ㅇ","CHATTING","2020-12-14T19:57:08","3426570","False","2020-12-14T19:00:01.43","2026-05-21T13:10:23.080743+00:00"
"37802","41091426","0","2FptC","mie2****","사랑해야","CHATTING","2020-12-14T19:57:08","3426570","False","2020-12-14T19:00:01.43","2026-05-21T13:10:23.080743+00:00"
"37802","41091427","0","5rgdw","gun","재밌어요","CHATTING","2020-12-14T19:57:08","3426570","False","2020-12-14T19:00:01.43","2026-05-21T13:10:23.080743+00:00"
"37802","41091428","0","2dB4Y","caffelatte","네이버🥰🥰🥰🥰","CHATTING","2020-12-14T19:57:08","3426570","False","2020-12-14T19:00:01.43","2026-05-21T13:10:23.080743+00:00"
"37802","41091429","0","1pYrh","소해","ㅋㅋㅋㅋㅋ","CHATTING","2020-12-14T19:57:08","3426570","False","2020-12-14T19:00:01.43","2026-05-21T13:10:23.080743+00:00"
"37802","41091430","0","2h8o3","빵빵대박","ㅋㅋㅋㅋㅋㅋㅋㅋㅋㅋㅋ","CHATTING","2020-12-14T19:57:08","3426570","False","2020-12-14T19:00:01.43","2026-05-21T13:10:23.081246+00:00"
"37802","41091431","0","6iUT","모모","한시간 내내 응원중~ 적립금 팍팍~다양한 콘텐츠 혜택 팍팍팍~ 열심히 응원합니다 ~ 네이버 플러스 멤버십 대박나세요~","CHATTING","2020-12-14T19:57:08","3426570","False","2020-12-14T19:00:01.43","2026-05-21T13:10:23.081246+00:00"
"37802","41091432","0","2uzhD","수학선쉔님","짱","CHATTING","2020-12-14T19:57:08","3426570","False","2020-12-14T19:00:01.43","2026-05-21T13:10:23.081246+00:00"
"37802","41091433","0","2M6gc","하늘색달빛","잼언니 ㅋㅋㅋ","CHATTING","2020-12-14T19:57:08","3426570","False","2020-12-14T19:00:01.43","2026-05-21T13:10:23.081246+00:00"
"37802","41091434","0","33MdR","어치비이","네이버 불타올라라 퐈이어어엉어어","CHATTING","2020-12-14T19:57:08","3426570","False","2020-12-14T19:00:01.43","2026-05-21T13:10:23.081246+00:00"
"37802","41091436","0","5kjRI","소프트캔디","ㅋㅋㅋㅋㅋㅋㅋㅋㅋ","CHATTING","2020-12-14T19:57:09","3427570","False","2020-12-14T19:00:01.43","2026-05-21T13:10:23.081246+00:00"
"37802","41091437","0","1GxYy","simporori","와","CHATTING","2020-12-14T19:57:09","3427570","False","2020-12-14T19:00:01.43","2026-05-21T13:10:23.081246+00:00"
"37802","41091438","0","2gnJW","슬기","주가 ㅋㅋㅋ 주식 사셨나요 ㅋㅋㅋ","CHATTING","2020-12-14T19:57:09","3427570","False","2020-12-14T19:00:01.43","2026-05-21T13:10:23.081246+00:00"
"37802","41091439","0","1J4m9","쑤기","ㅋㅋㅋ","CHATTING","2020-12-14T19:57:09","3427570","False","2020-12-14T19:00:01.43","2026-05-21T13:10:23.081246+00:00"
"37802","41091442","0","3iX4B","NSBP","여기서 주식이?","CHATTING","2020-12-14T19:57:09","3427570","False","2020-12-14T19:00:01.43","2026-05-21T13:10:23.081246+00:00"
"37802","41091443","0","hwMz","레디","초대왕 대박","CHATTING","2020-12-14T19:57:09","3427570","False","2020-12-14T19:00:01.43","2026-05-21T13:10:23.081246+00:00"
"37802","41091444","0","3HGha","쁘힛","><","CHATTING","2020-12-14T19:57:09","3427570","False","2020-12-14T19:00:01.43","2026-05-21T13:10:23.081246+00:00"
"37802","41091445","0","29jnN","rharhadl","안녕","CHATTING","2020-12-14T19:57:09","3427570","False","2020-12-14T19:00:01.43","2026-05-21T13:10:23.081246+00:00"
"37802","41091447","0","36rcG","하이","주가 조작설","CHATTING","2020-12-14T19:57:09","3427570","False","2020-12-14T19:00:01.43","2026-05-21T13:10:23.081246+00:00"
"37802","41091448","0","1rPXQ","nach****","ㅋㅋㅋㅋㅋㅋ","CHATTING","2020-12-14T19:57:09","3427570","False","2020-12-14T19:00:01.43","2026-05-21T13:10:23.081246+00:00"
"37802","41091449","0","3INo3","hhh","멤버십 다시 시작했어요~","CHATTING","2020-12-14T19:57:09","3427570","False","2020-12-14T19:00:01.43","2026-05-21T13:10:23.081246+00:00"
"37802","41091450","0","1N28W","수현맘","요즘 코로나시대..어디 나가서 맘껏 쇼핑도 잘못하는데 네이버에서 쇼핑도 하고 적립도 많이 되고 할인도 많이 되고~남편없인 살아도 네이버 없이는 못살아요❤❤❤❤❤","CHATTING","2020-12-14T19:57:09","3427570","False","2020-12-14T19:00:01.43","2026-05-21T13:10:23.081246+00:00"
"37802","41091451","0","u8E6","꼬맹이","💚💙나를 위한 선물🎁🎁가족을 위한 선물🎁🎁친구를 위한 선물🎁🎁네이버로💛🧡","CHATTING","2020-12-14T19:57:09","3427570","False","2020-12-14T19:00:01.43","2026-05-21T13:10:23.081246+00:00"
"37802","41091453","0","6DqfR","carpediem","사랑해요~","CHATTING","2020-12-14T19:57:09","3427570","False","2020-12-14T19:00:01.43","2026-05-21T13:10:23.081246+00:00"
"37802","41091454","0","17Xcx","째미야","네이버 짱짱","CHATTING","2020-12-14T19:57:09","3427570","False","2020-12-14T19:00:01.43","2026-05-21T13:10:23.081246+00:00"
"37802","41091455","0","3Ra7V","lyn","네이버 사랑해요~","CHATTING","2020-12-14T19:57:09","3427570","False","2020-12-14T19:00:01.43","2026-05-21T13:10:23.081246+00:00"
"37802","41091456","0","1n2d4","kmsm****","네이버 주식 상한가가즈아","CHATTING","2020-12-14T19:57:09","3427570","False","2020-12-14T19:00:01.43","2026-05-21T13:10:23.081246+00:00"
"37802","41091457","0","17b0r","히뚜다히뚜","네이버 멤버십 너무너무 잘쓰고 있어요~!!!!!!!!노래도 너무너무 잘듣고 있구요~장보기도 꿀혜택이예요~!!!12개월 당첨 가즈아~!!!!!!!!!!!!!!","CHATTING","2020-12-14T19:57:09","3427570","False","2020-12-14T19:00:01.43","2026-05-21T13:10:23.081246+00:00"
"37802","41091458","0","muZc","PDCIB","사랑합니다🥰🥰🥰","CHATTING","2020-12-14T19:57:09","3427570","False","2020-12-14T19:00:01.43","2026-05-21T13:10:23.081246+00:00"
"37802","41091459","0","FFUi","오타다컴","ㅋㅋㅋㅋ","CHATTING","2020-12-14T19:57:09","3427570","False","2020-12-14T19:00:01.43","2026-05-21T13:10:23.081246+00:00"
"37802","41091460","0","1BTUs","아라리","진짜 찐이득!!!!네이버 멤버쉽!!!!❤️❤️❤️❤️❤️모르는 사람 없게 해주세요!!!!!!!!!!!❤️❤️❤️❤️❤️❤️❤️❤️","CHATTING","2020-12-14T19:57:09","3427570","False","2020-12-14T19:00:01.43","2026-05-21T13:10:23.081246+00:00"
"37802","41091461","0","59f4u","쿨하자","초대왕 축하드려요","CHATTING","2020-12-14T19:57:09","3427570","False","2020-12-14T19:00:01.43","2026-05-21T13:10:23.081246+00:00"
"37802","41091466","0","cZv3d","소쩍꿍","검색기능에 제일먼저 선택하는것이 최저가로 하고 있는 구매자입니다..ㅎㅎ혜자라는 말을 이해못했어요 이것이 바로 혜자입니다👡👠👢👕","CHATTING","2020-12-14T19:57:09","3427570","False","2020-12-14T19:00:01.43","2026-05-21T13:10:23.081246+00:00"
"37802","41091467","0","5g9mS","몽쉘","헐 부럽다","CHATTING","2020-12-14T19:57:10","3428570","False","2020-12-14T19:00:01.43","2026-05-21T13:10:23.081246+00:00"
"37802","41091468","0","4E7uL","도비는 자유","초대왕 또 거기네 ㅋㅋㅋㅋ","CHATTING","2020-12-14T19:57:10","3428570","False","2020-12-14T19:00:01.43","2026-05-21T13:10:23.081246+00:00"
"37802","41091472","0","3daVg","5700xt","사랑해요","CHATTING","2020-12-14T19:57:10","3428570","False","2020-12-14T19:00:01.43","2026-05-21T13:10:23.081246+00:00"
"37802","41091473","0","cbtyA","하리","대박","CHATTING","2020-12-14T19:57:10","3428570","False","2020-12-14T19:00:01.43","2026-05-21T13:10:23.081246+00:00"
"37802","41091475","0","2p5Sm","모다피","네이버화이팅~","CHATTING","2020-12-14T19:57:10","3428570","False","2020-12-14T19:00:01.43","2026-05-21T13:10:23.081246+00:00"
"37802","41091476","0","1pwBz","스타디오","벌써 가입했는데ㅠ 오전에ㅠㅜ","CHATTING","2020-12-14T19:57:10","3428570","False","2020-12-14T19:00:01.43","2026-05-21T13:10:23.081246+00:00"
"37802","41091478","0","4CzDQ","yagu****","ㅋㅋㅋ","CHATTING","2020-12-14T19:57:10","3428570","False","2020-12-14T19:00:01.43","2026-05-21T13:10:23.081246+00:00"
"37802","41091480","0","2axNS","몽몽이","ㅋㅋㅋㅋㅋㅋ","CHATTING","2020-12-14T19:57:10","3428570","False","2020-12-14T19:00:01.43","2026-05-21T13:10:23.081246+00:00"
"37802","41091481","0","cQT4M","gy65****","네이","CHATTING","2020-12-14T19:57:10","3428570","False","2020-12-14T19:00:01.43","2026-05-21T13:10:23.081246+00:00"
"37802","41091483","0","1w0TT","쪼꼬","ㅎㅎㅎㅎㅎ","CHATTING","2020-12-14T19:57:10","3428570","False","2020-12-14T19:00:01.43","2026-05-21T13:10:23.081246+00:00"
"37802","41091484","0","3j99a","syco****","넘 갑작스럽게 끈ㅌ나버렸어","CHATTING","2020-12-14T19:57:10","3428570","False","2020-12-14T19:00:01.43","2026-05-21T13:10:23.081246+00:00"
"37802","41091485","0","5No4e","김언니","안뇽~~~네이버 쨩~~~","CHATTING","2020-12-14T19:57:10","3428570","False","2020-12-14T19:00:01.43","2026-05-21T13:10:23.081246+00:00"
"37802","41091486","0","5KM9L","두두러브","요즘푹빠져있어여","CHATTING","2020-12-14T19:57:10","3428570","False","2020-12-14T19:00:01.43","2026-05-21T13:10:23.081246+00:00"
"37802","41091487","0","gdmE","웅계","ㅎㅎㅎ 네이보짱","CHATTING","2020-12-14T19:57:10","3428570","False","2020-12-14T19:00:01.43","2026-05-21T13:10:23.081246+00:00"
"37802","41091489","0","5pC2W","미달이","좋은 네이버 향기가 나는 담당자님 최고~~!!^^","CHATTING","2020-12-14T19:57:10","3428570","False","2020-12-14T19:00:01.43","2026-05-21T13:10:23.081246+00:00"
"37802","41091490","0","cBQ5Z","룰루랄라","ㅊㅎㅊㅎ","CHATTING","2020-12-14T19:57:11","3429570","False","2020-12-14T19:00:01.43","2026-05-21T13:10:23.081246+00:00"
"37802","41091495","0","1in0M","통통","ㅋ","CHATTING","2020-12-14T19:57:11","3429570","False","2020-12-14T19:00:01.43","2026-05-21T13:10:23.081246+00:00"
"37802","41091496","0","1DuDm","키렌","와우 사랑해요~! 응원합니다","CHATTING","2020-12-14T19:57:11","3429570","False","2020-12-14T19:00:01.43","2026-05-21T13:10:23.081246+00:00"
"37802","41091497","0","xnaJ","아들부자님","고고","CHATTING","2020-12-14T19:57:11","3429570","False","2020-12-14T19:00:01.43","2026-05-21T13:10:23.081246+00:00"
"37802","41091498","0","6DKi7","꾸리쿵","ㅎㅎㅎ축하드립니다","CHATTING","2020-12-14T19:57:11","3429570","False","2020-12-14T19:00:01.43","2026-05-21T13:10:23.081246+00:00"
"37802","41091500","0","clpMe","wls","저도사랑합니다","CHATTING","2020-12-14T19:57:11","3429570","False","2020-12-14T19:00:01.43","2026-05-21T13:10:23.081246+00:00"
"37802","41091501","0","4KulN","happyday","대박","CHATTING","2020-12-14T19:57:11","3429570","False","2020-12-14T19:00:01.43","2026-05-21T13:10:23.081246+00:00"
"37802","41091502","0","2nJDt","말하는대로","라방 덕분에 가입했으니","CHATTING","2020-12-14T19:57:11","3429570","False","2020-12-14T19:00:01.43","2026-05-21T13:10:23.081246+00:00"
"37802","41091505","0","1GxYy","simporori","네이버 사랑해요","CHATTING","2020-12-14T19:57:11","3429570","False","2020-12-14T19:00:01.43","2026-05-21T13:10:23.081246+00:00"
"37802","41091507","0","1IPJr","프리러브","빠이","CHATTING","2020-12-14T19:57:11","3429570","False","2020-12-14T19:00:01.43","2026-05-21T13:10:23.081246+00:00"
"37802","41091508","0","1RimI","Khan","재밌음","CHATTING","2020-12-14T19:57:11","3429570","False","2020-12-14T19:00:01.43","2026-05-21T13:10:23.081246+00:00"
"37802","41091509","0","cBQ5Z","룰루랄라","ㅊㅎㅊㅎㅊㅎㅊㅎ","CHATTING","2020-12-14T19:57:11","3429570","False","2020-12-14T19:00:01.43","2026-05-21T13:10:23.081246+00:00"
"37802","41091511","0","1nNpo","직쏘Jigsaw","네이버 짱~~나도 사랑해요~","CHATTING","2020-12-14T19:57:11","3429570","False","2020-12-14T19:00:01.43","2026-05-21T13:10:23.081246+00:00"
"37802","41091512","0","1LeYg","딩가딩가","♥♥","CHATTING","2020-12-14T19:57:11","3429570","False","2020-12-14T19:00:01.43","2026-05-21T13:10:23.081246+00:00"
"37802","41091513","0","3tude","미니KIM","짜릿하게 즐겨볼게요 네이버플러스멤버십","CHATTING","2020-12-14T19:57:11","3429570","False","2020-12-14T19:00:01.43","2026-05-21T13:10:23.081246+00:00"
"37802","41091514","0","1lDaD","해피데이","네이버 주가 올르면 머뎌","CHATTING","2020-12-14T19:57:11","3429570","False","2020-12-14T19:00:01.43","2026-05-21T13:10:23.081246+00:00"
"37802","41091516","0","3xNGe","차디찬글라스","축하드려요","CHATTING","2020-12-14T19:57:12","3430570","False","2020-12-14T19:00:01.43","2026-05-21T13:10:23.081246+00:00"
"37802","41091517","0","1Sijt","ccccccc","너무 좋네요","CHATTING","2020-12-14T19:57:12","3430570","False","2020-12-14T19:00:01.43","2026-05-21T13:10:23.081246+00:00"
"37802","41091518","0","4nLhA","PANDA","👏👏👏👏","CHATTING","2020-12-14T19:57:12","3430570","False","2020-12-14T19:00:01.43","2026-05-21T13:10:23.081246+00:00"
"37802","41091520","0","4dDeT","S2뽁이얌S2","가입했어용~!!!!설명~아주 귀에 쏙쏙 들어오네요~!!!!!12개월 쏘아 주세용~!!!!!!!!!!!!뽕 뽑게해주세용~!!!!!","CHATTING","2020-12-14T19:57:12","3430570","False","2020-12-14T19:00:01.43","2026-05-21T13:10:23.081246+00:00"
"37802","41091521","0","3aZSg","이뽀이뽀","저도 사랑해요","CHATTING","2020-12-14T19:57:12","3430570","False","2020-12-14T19:00:01.43","2026-05-21T13:10:23.081246+00:00"
"37802","41091522","0","1D8JX","파인트리","끝났나요","CHATTING","2020-12-14T19:57:12","3430570","False","2020-12-14T19:00:01.43","2026-05-21T13:10:23.081246+00:00"
"37802","41091523","0","1CIsL","mossrose","ㅋㅋㅋ","CHATTING","2020-12-14T19:57:12","3430570","False","2020-12-14T19:00:01.43","2026-05-21T13:10:23.081246+00:00"
"37802","41091524","0","4m4AZ","고마워","다음에 또 만나요!!","CHATTING","2020-12-14T19:57:12","3430570","False","2020-12-14T19:00:01.43","2026-05-21T13:10:23.081246+00:00"
"37802","41091525","0","1CTeV","하엘","향기로운 네이버 향기나는 잘생긴 최고 미남 담당자님 기존 멤버십데이 부탁드려요","CHATTING","2020-12-14T19:57:12","3430570","False","2020-12-14T19:00:01.43","2026-05-21T13:10:23.081246+00:00"
"37802","41091526","0","1SlM4","밴드닥터","ㅋㅋㅋ","CHATTING","2020-12-14T19:57:12","3430570","False","2020-12-14T19:00:01.43","2026-05-21T13:10:23.081246+00:00"
"37802","41091527","0","6sdMy","고사리","♥♥♥","CHATTING","2020-12-14T19:57:12","3430570","False","2020-12-14T19:00:01.43","2026-05-21T13:10:23.081246+00:00"
"37802","41091528","0","3rwOK","safe****","초대왕 축하합니다","CHATTING","2020-12-14T19:57:12","3430570","False","2020-12-14T19:00:01.43","2026-05-21T13:10:23.081246+00:00"
"37802","41091531","0","3P5A4","ljh0****","가격도 역대급입니다","CHATTING","2020-12-14T19:57:12","3430570","False","2020-12-14T19:00:01.43","2026-05-21T13:10:23.081246+00:00"
"37802","41091532","0","2cdgb","모카","아 안돼... 국민카드 누적 결제예요?? 이거 꼭 좀 알려주세요","CHATTING","2020-12-14T19:57:12","3430570","False","2020-12-14T19:00:01.43","2026-05-21T13:10:23.081246+00:00"
"37802","41091535","0","1y1gn","박현주","축하드립니다","CHATTING","2020-12-14T19:57:12","3430570","False","2020-12-14T19:00:01.43","2026-05-21T13:10:23.081246+00:00"
"37802","41091537","0","5lfZt","RoSe","저 기존가입자예요ㅎ","CHATTING","2020-12-14T19:57:12","3430570","False","2020-12-14T19:00:01.43","2026-05-21T13:10:23.081246+00:00"
"37802","41091538","0","1TY0m","다홍","사랑해요","CHATTING","2020-12-14T19:57:12","3430570","False","2020-12-14T19:00:01.43","2026-05-21T13:10:23.081246+00:00"
"37802","41091539","0","2FJpA","슬기","주가 중효합니다ㅋㅋ","CHATTING","2020-12-14T19:57:12","3430570","False","2020-12-14T19:00:01.43","2026-05-21T13:10:23.081246+00:00"
"37802","41091540","0","62IZK","안수연","ㅋㅋㅋ주가","CHATTING","2020-12-14T19:57:12","3430570","False","2020-12-14T19:00:01.43","2026-05-21T13:10:23.081246+00:00"
"37802","41091541","0","5NOce","셔니","저도 네이버 사랑해요","CHATTING","2020-12-14T19:57:12","3430570","False","2020-12-14T19:00:01.43","2026-05-21T13:10:23.081246+00:00"
"37802","41091542","0","1ZVcS","하우와우","몇명 초대하셨는지 궁금~~","CHATTING","2020-12-14T19:57:12","3430570","False","2020-12-14T19:00:01.43","2026-05-21T13:10:23.081246+00:00"
"37802","41091546","0","9sAdV","서야","네이버 주식 사야되나요 ㅋㅋ","CHATTING","2020-12-14T19:57:13","3431570","False","2020-12-14T19:00:01.43","2026-05-21T13:10:23.081246+00:00"
"37802","41091547","0","6fpeZ","달달구리","고생많으셨어요~~☺","CHATTING","2020-12-14T19:57:13","3431570","False","2020-12-14T19:00:01.43","2026-05-21T13:10:23.081246+00:00"
"37802","41091548","0","clpMe","wls","안녕","CHATTING","2020-12-14T19:57:13","3431570","False","2020-12-14T19:00:01.43","2026-05-21T13:10:23.081246+00:00"
"37802","41091550","0","2JgGY","leis****","장보기는 않해 봤는데 한번 장보기도 해봐야 겠어요","CHATTING","2020-12-14T19:57:13","3431570","False","2020-12-14T19:00:01.43","2026-05-21T13:10:23.081246+00:00"
"37802","41091551","0","2bGB8","그린","👀👍네이버멤버십 혜택이 정말 꿀이에요! 쇼핑하는 재미가 쏠쏠합니다. 돈 썼는데도 마음이 풍요로워져요😊 네이버 시리즈로 웹툰, 소설도 많이보는데 쿠키까지!🍪 최고다❤💓12개월가즈아","CHATTING","2020-12-14T19:57:13","3431570","False","2020-12-14T19:00:01.43","2026-05-21T13:10:23.081246+00:00"
"37802","41091554","0","2cYmf","뽀","주식시러갈게요","CHATTING","2020-12-14T19:57:13","3431570","False","2020-12-14T19:00:01.43","2026-05-21T13:10:23.081246+00:00"
"37802","41091556","0","1nfWM","jiya****","멩버십 벌써~~~가입 되어있죠~ 요즘 혜택많아 좋네요","CHATTING","2020-12-14T19:57:13","3431570","False","2020-12-14T19:00:01.43","2026-05-21T13:10:23.081246+00:00"
"37802","41091557","0","3nQ3F","촉호칩","불타올라랑","CHATTING","2020-12-14T19:57:13","3431570","False","2020-12-14T19:00:01.43","2026-05-21T13:10:23.081246+00:00"
"37802","41091559","0","3bvT3","데스낫","ㅂ","CHATTING","2020-12-14T19:57:13","3431570","False","2020-12-14T19:00:01.43","2026-05-21T13:10:23.081246+00:00"
"37802","41091560","0","cBQ5Z","룰루랄라","ㅊㅎㅊㅎ","CHATTING","2020-12-14T19:57:13","3431570","False","2020-12-14T19:00:01.43","2026-05-21T13:10:23.081246+00:00"
"37802","41091561","0","cQJze","nhw","❤❤❤❤❤❤","CHATTING","2020-12-14T19:57:13","3431570","False","2020-12-14T19:00:01.43","2026-05-21T13:10:23.081246+00:00"
"37802","41091563","0","4HdI7","륜","초대왕 축하드려요","CHATTING","2020-12-14T19:57:13","3431570","False","2020-12-14T19:00:01.43","2026-05-21T13:10:23.081246+00:00"
"37802","41091564","0","1SJWw","케페","네이버짱","CHATTING","2020-12-14T19:57:13","3431570","False","2020-12-14T19:00:01.43","2026-05-21T13:10:23.081246+00:00"
"37802","41091565","0","6d6I6","블루베리","이야~","CHATTING","2020-12-14T19:57:13","3431570","False","2020-12-14T19:00:01.43","2026-05-21T13:10:23.081246+00:00"
"37802","41091566","0","6EYbO","와우방방","역대급방ㅅ송입니다","CHATTING","2020-12-14T19:57:13","3431570","False","2020-12-14T19:00:01.43","2026-05-21T13:10:23.081246+00:00"
"37802","41091568","0","5VrUJ","tenfkd13","ㅋㅋㅋㅋㅋㅋ","CHATTING","2020-12-14T19:57:14","3432570","False","2020-12-14T19:00:01.43","2026-05-21T13:10:23.081246+00:00"
"37802","41091569","0","aHSBo","미누비누","방송","CHATTING","2020-12-14T19:57:14","3432570","False","2020-12-14T19:00:01.43","2026-05-21T13:10:23.081246+00:00"
"37802","41091570","0","3ZsXb","qeqeqeqeq","불타올라라","CHATTING","2020-12-14T19:57:14","3432570","False","2020-12-14T19:00:01.43","2026-05-21T13:10:23.081246+00:00"
"37802","41091573","0","2i6uN","아오","ㅋㅋ사랑해요❤❤❤❤","CHATTING","2020-12-14T19:57:14","3432570","False","2020-12-14T19:00:01.43","2026-05-21T13:10:23.081246+00:00"
"37802","41091574","0","4Qe1H","한주합니다만","몇명을 초대햇을까나 ㅋㅋ","CHATTING","2020-12-14T19:57:14","3432570","False","2020-12-14T19:00:01.43","2026-05-21T13:10:23.081246+00:00"
"37802","41091575","0","6aJDX","랄라","네이버 최고","CHATTING","2020-12-14T19:57:14","3432570","False","2020-12-14T19:00:01.43","2026-05-21T13:10:23.081246+00:00"
"37802","41091578","0","3KpYp","yyy","주가사러가야되나여~💙💙👍👍","CHATTING","2020-12-14T19:57:14","3432570","False","2020-12-14T19:00:01.43","2026-05-21T13:10:23.081246+00:00"
"37802","41091579","0","VKag","골드후아유","주식사야지","CHATTING","2020-12-14T19:57:14","3432570","False","2020-12-14T19:00:01.43","2026-05-21T13:10:23.081246+00:00"
"37802","41091580","0","7w3Il","빵빵빵","혜택이 대박이예요","CHATTING","2020-12-14T19:57:14","3432570","False","2020-12-14T19:00:01.43","2026-05-21T13:10:23.081246+00:00"
"37802","41091583","0","2N4Oj","아낌없이","네이버 최고요","CHATTING","2020-12-14T19:57:14","3432570","False","2020-12-14T19:00:01.43","2026-05-21T13:10:23.081746+00:00"
"37802","41091585","0","Q8iW","지존해커","멤버쉽 또 구매","CHATTING","2020-12-14T19:57:14","3432570","False","2020-12-14T19:00:01.43","2026-05-21T13:10:23.081746+00:00"
"37802","41091587","0","9zPYs","내 고향 오그리마","♥♥♥♥♥","CHATTING","2020-12-14T19:57:14","3432570","False","2020-12-14T19:00:01.43","2026-05-21T13:10:23.081746+00:00"
"37802","41091589","0","3aqgG","모구모구","네이버는 사랑","CHATTING","2020-12-14T19:57:14","3432570","False","2020-12-14T19:00:01.43","2026-05-21T13:10:23.081746+00:00"
"37802","41091591","0","5PrEw","한아름송이","ㅋㅋㅋㅋㅋㅋㅋㅋㅋㅋㅋㅋ","CHATTING","2020-12-14T19:57:14","3432570","False","2020-12-14T19:00:01.43","2026-05-21T13:10:23.081746+00:00"
"37802","41091593","0","2AERX","달콤케이쿠","와 ㅊㅋㅊㅋㅊ","CHATTING","2020-12-14T19:57:15","3433570","False","2020-12-14T19:00:01.43","2026-05-21T13:10:23.081746+00:00"
"37802","41091594","0","3k1zY","뽀짝뽀짝","너무재밌었어요!!","CHATTING","2020-12-14T19:57:15","3433570","False","2020-12-14T19:00:01.43","2026-05-21T13:10:23.081746+00:00"
"37802","41091596","0","cBQ5Z","룰루랄라","ㅊㅎㅊㅎㅊㅎㅊㅎ","CHATTING","2020-12-14T19:57:15","3433570","False","2020-12-14T19:00:01.43","2026-05-21T13:10:23.081746+00:00"
"37802","41091599","0","12lAj","김희선","가지마여","CHATTING","2020-12-14T19:57:15","3433570","False","2020-12-14T19:00:01.43","2026-05-21T13:10:23.081746+00:00"
"37802","41091600","0","4hnUu","귤오렌지레몬","ㅋㅋ대단하시네요","CHATTING","2020-12-14T19:57:15","3433570","False","2020-12-14T19:00:01.43","2026-05-21T13:10:23.081746+00:00"
"37802","41091603","0","3bQJm","ehsr****","초대왕 대박이네요","CHATTING","2020-12-14T19:57:15","3433570","False","2020-12-14T19:00:01.43","2026-05-21T13:10:23.081746+00:00"
"37802","41091604","0","17b0r","히뚜다히뚜","네이버 멤버십 너무너무 잘쓰고 있어요~!!!!!!!!노래도 너무너무 잘듣고 있구요~장보기도 꿀혜택이예요~!!!12개월 당첨 가즈아~!!!!!!!!!!!!!!","CHATTING","2020-12-14T19:57:15","3433570","False","2020-12-14T19:00:01.43","2026-05-21T13:10:23.081746+00:00"
"37802","41091606","0","7b7Ud","해바라기그녀","네이버사랑해 안녕","CHATTING","2020-12-14T19:57:15","3433570","False","2020-12-14T19:00:01.43","2026-05-21T13:10:23.081746+00:00"
"37802","41091607","0","8kV5A","루니","네이버 정말 사랑합니다","CHATTING","2020-12-14T19:57:15","3433570","False","2020-12-14T19:00:01.43","2026-05-21T13:10:23.081746+00:00"
"37802","41091608","0","4E7uL","도비는 자유","오랜만에 스트레스 으으","CHATTING","2020-12-14T19:57:15","3433570","False","2020-12-14T19:00:01.43","2026-05-21T13:10:23.081746+00:00"
"37802","41091609","0","cbtyA","하리","대박","CHATTING","2020-12-14T19:57:15","3433570","False","2020-12-14T19:00:01.43","2026-05-21T13:10:23.081746+00:00"
"37802","41091610","0","1gm7d","밥토깽","사랑해요","CHATTING","2020-12-14T19:57:15","3433570","False","2020-12-14T19:00:01.43","2026-05-21T13:10:23.081746+00:00"
"37802","41091611","0","1rPXQ","nach****","추카추카","CHATTING","2020-12-14T19:57:15","3433570","False","2020-12-14T19:00:01.43","2026-05-21T13:10:23.081746+00:00"
"37802","41091612","0","pv4J","순수소녀","사랑합니다","CHATTING","2020-12-14T19:57:15","3433570","False","2020-12-14T19:00:01.43","2026-05-21T13:10:23.081746+00:00"
"37802","41091614","0","1YV8u","jjyu****","빠이","CHATTING","2020-12-14T19:57:15","3433570","False","2020-12-14T19:00:01.43","2026-05-21T13:10:23.081746+00:00"
"37802","41091615","0","6d6I6","블루베리","초대왕~","CHATTING","2020-12-14T19:57:15","3433570","False","2020-12-14T19:00:01.43","2026-05-21T13:10:23.081746+00:00"
"37802","41091616","0","2YQLZ","귤냥이","네이버 주식 사야하나여 ㅎㅎㅎ","CHATTING","2020-12-14T19:57:15","3433570","False","2020-12-14T19:00:01.43","2026-05-21T13:10:23.081746+00:00"
"37802","41091619","0","2IWuj","리야","딸랑딸랑 잘한다 ㅋㅋㅋ","CHATTING","2020-12-14T19:57:15","3433570","False","2020-12-14T19:00:01.43","2026-05-21T13:10:23.081746+00:00"
"37802","41091622","0","RRel","감자도리","네이버주싣사셧나요","CHATTING","2020-12-14T19:57:15","3433570","False","2020-12-14T19:00:01.43","2026-05-21T13:10:23.081746+00:00"
"37802","41091623","0","xnaJ","아들부자님","네이버짱","CHATTING","2020-12-14T19:57:15","3433570","False","2020-12-14T19:00:01.43","2026-05-21T13:10:23.081746+00:00"
"37802","41091624","0","2cdgb","모카","ㅠㅠ","CHATTING","2020-12-14T19:57:15","3433570","False","2020-12-14T19:00:01.43","2026-05-21T13:10:23.081746+00:00"
"37802","41091625","0","4KulN","happyday","ㅠㅠ","CHATTING","2020-12-14T19:57:15","3433570","False","2020-12-14T19:00:01.43","2026-05-21T13:10:23.081746+00:00"
"37802","41091626","0","133Zq","하루하나","네이버 오래오래 함께해요!","CHATTING","2020-12-14T19:57:16","3434570","False","2020-12-14T19:00:01.43","2026-05-21T13:10:23.081746+00:00"
"37802","41091628","0","8opv1","요지야","네이버 사랑사랑","CHATTING","2020-12-14T19:57:16","3434570","False","2020-12-14T19:00:01.43","2026-05-21T13:10:23.081746+00:00"
"37802","41091629","0","54Wor","체크","아","CHATTING","2020-12-14T19:57:16","3434570","False","2020-12-14T19:00:01.43","2026-05-21T13:10:23.081746+00:00"
"37802","41091633","0","aM69y","silver","사랑해요","CHATTING","2020-12-14T19:57:16","3434570","False","2020-12-14T19:00:01.43","2026-05-21T13:10:23.081746+00:00"
"37802","41091635","0","1v2y3","김수정","아 벌써 ㅠㅠ","CHATTING","2020-12-14T19:57:16","3434570","False","2020-12-14T19:00:01.43","2026-05-21T13:10:23.081746+00:00"
"37802","41091640","0","1MyNv","Ek","네이버 짱!!","CHATTING","2020-12-14T19:57:16","3434570","False","2020-12-14T19:00:01.43","2026-05-21T13:10:23.081746+00:00"
"37802","41091641","0","v7i0","동물원꿀벌","우왕아앙","CHATTING","2020-12-14T19:57:16","3434570","False","2020-12-14T19:00:01.43","2026-05-21T13:10:23.081746+00:00"
"37802","41091643","0","7xGeu","없음","네이버 주식 가지고 계시나욬ㅋㅋㅋㅋ","CHATTING","2020-12-14T19:57:16","3434570","False","2020-12-14T19:00:01.43","2026-05-21T13:10:23.081746+00:00"
"37802","41091646","0","5oTLP","똘랑","그럼여 중요해요","CHATTING","2020-12-14T19:57:17","3435570","False","2020-12-14T19:00:01.43","2026-05-21T13:10:23.081746+00:00"
"37802","41091648","0","3C2qJ","요정","와 초대왕축하해요 ㅎㅎㅎ","CHATTING","2020-12-14T19:57:17","3435570","False","2020-12-14T19:00:01.43","2026-05-21T13:10:23.081746+00:00"
"37802","41091649","0","cbtyA","하리","와우","CHATTING","2020-12-14T19:57:17","3435570","False","2020-12-14T19:00:01.43","2026-05-21T13:10:23.081746+00:00"
"37802","41091650","0","485rz","ㄱㄱㄱ","네이버 사랑해요❤️❤️❤️","CHATTING","2020-12-14T19:57:17","3435570","False","2020-12-14T19:00:01.43","2026-05-21T13:10:23.081746+00:00"
"37802","41091651","0","33MdR","어치비이","저 장보러 갑니다......ㅎ","CHATTING","2020-12-14T19:57:17","3435570","False","2020-12-14T19:00:01.43","2026-05-21T13:10:23.081746+00:00"
"37802","41091655","0","5kjRI","소프트캔디","💜네이버는 사랑입니다💜","CHATTING","2020-12-14T19:57:17","3435570","False","2020-12-14T19:00:01.43","2026-05-21T13:10:23.081746+00:00"
"37802","41091656","0","4dQcV","코코쭌","주식하시는구나","CHATTING","2020-12-14T19:57:17","3435570","False","2020-12-14T19:00:01.43","2026-05-21T13:10:23.081746+00:00"
"37802","41091657","0","WSLo","부자마미1","네이버짱","CHATTING","2020-12-14T19:57:17","3435570","False","2020-12-14T19:00:01.43","2026-05-21T13:10:23.081746+00:00"
"37802","41091658","0","40pD1","gta5","네이버 만세","CHATTING","2020-12-14T19:57:17","3435570","False","2020-12-14T19:00:01.43","2026-05-21T13:10:23.081746+00:00"
"37802","41091659","0","373sN","진진","고생많으셨어요!!","CHATTING","2020-12-14T19:57:17","3435570","False","2020-12-14T19:00:01.43","2026-05-21T13:10:23.081746+00:00"
"37802","41091661","0","u8E6","꼬맹이","축하드려요","CHATTING","2020-12-14T19:57:17","3435570","False","2020-12-14T19:00:01.43","2026-05-21T13:10:23.081746+00:00"
"37802","41091662","0","ayHHT","깨알소비러","과연!","CHATTING","2020-12-14T19:57:17","3435570","False","2020-12-14T19:00:01.43","2026-05-21T13:10:23.081746+00:00"
"37802","41091663","0","13Z7Z","nomal","주가 중요해요ㅋㅋㅋ","CHATTING","2020-12-14T19:57:17","3435570","False","2020-12-14T19:00:01.43","2026-05-21T13:10:23.081746+00:00"
"37802","41091664","0","59f4u","쿨하자","이미 가입자입니다","CHATTING","2020-12-14T19:57:18","3436570","False","2020-12-14T19:00:01.43","2026-05-21T13:10:23.081746+00:00"
"37802","41091666","0","VKag","골드후아유","10주간다","CHATTING","2020-12-14T19:57:18","3436570","False","2020-12-14T19:00:01.43","2026-05-21T13:10:23.081746+00:00"
"37802","41091670","0","1JKy5","왈왈","ㅋㅋㅋㅋㅋㅋㅋㅋ","CHATTING","2020-12-14T19:57:18","3436570","False","2020-12-14T19:00:01.43","2026-05-21T13:10:23.081746+00:00"
"37802","41091671","0","ynIl","친절한토깽씨","ㄱ감사합니다","CHATTING","2020-12-14T19:57:18","3436570","False","2020-12-14T19:00:01.43","2026-05-21T13:10:23.081746+00:00"
"37802","41091674","0","O1Sp","whitemov","대박","CHATTING","2020-12-14T19:57:18","3436570","False","2020-12-14T19:00:01.43","2026-05-21T13:10:23.081746+00:00"
"37802","41091675","0","1tU28","뱃살공주","❤️네이버는 제마음속 1위❤️","CHATTING","2020-12-14T19:57:18","3436570","False","2020-12-14T19:00:01.43","2026-05-21T13:10:23.081746+00:00"
"37802","41091677","0","1zSRG","현이맘","사랑해요~~","CHATTING","2020-12-14T19:57:18","3436570","False","2020-12-14T19:00:01.43","2026-05-21T13:10:23.081746+00:00"
"37802","41091679","0","3bx9h","만사형통","많이 가입하셔서 멤버십 혜택 누리시길...^^","CHATTING","2020-12-14T19:57:18","3436570","False","2020-12-14T19:00:01.43","2026-05-21T13:10:23.081746+00:00"
"37802","41091681","0","66UM","anti****","억 너무 급 종료 아니신가요!","CHATTING","2020-12-14T19:57:18","3436570","False","2020-12-14T19:00:01.43","2026-05-21T13:10:23.081746+00:00"
"37802","41091682","0","3ZsXb","qeqeqeqeq","사랑합니다","CHATTING","2020-12-14T19:57:18","3436570","False","2020-12-14T19:00:01.43","2026-05-21T13:10:23.081746+00:00"
"37802","41091683","0","7o8zY","CUILIANHUA","사랑합니다","CHATTING","2020-12-14T19:57:18","3436570","False","2020-12-14T19:00:01.43","2026-05-21T13:10:23.081746+00:00"
"37802","41091684","0","4dDeT","S2뽁이얌S2","가입했어용~!!!!설명~아주 귀에 쏙쏙 들어오네요~!!!!!12개월 쏘아 주세용~!!!!!!!!!!!!뽕 뽑게해주세용~!!!!!","CHATTING","2020-12-14T19:57:18","3436570","False","2020-12-14T19:00:01.43","2026-05-21T13:10:23.081746+00:00"
"37802","41091690","0","1P4Td","그리운","네이버쇼핑 장보기에서는 마트 행사제품도 똑같이 행사하니 망설이지 말고 지금당장 네이버플러스멤버십 가입하고 장보세요!!!","CHATTING","2020-12-14T19:57:19","3437570","False","2020-12-14T19:00:01.43","2026-05-21T13:10:23.081746+00:00"
"37802","41091693","0","2dB4Y","caffelatte","초대왕 ㅋㅋㅋ","CHATTING","2020-12-14T19:57:19","3437570","False","2020-12-14T19:00:01.43","2026-05-21T13:10:23.081746+00:00"
"37802","41091695","0","2Y04z","flai****","대박대박","CHATTING","2020-12-14T19:57:19","3437570","False","2020-12-14T19:00:01.43","2026-05-21T13:10:23.081746+00:00"
"37802","41091698","0","PRUn","부슬비","주식사러 가요~~","CHATTING","2020-12-14T19:57:19","3437570","False","2020-12-14T19:00:01.43","2026-05-21T13:10:23.081746+00:00"
"37802","41091701","0","1v2y3","김수정","더해요","CHATTING","2020-12-14T19:57:19","3437570","False","2020-12-14T19:00:01.43","2026-05-21T13:10:23.081746+00:00"
"37802","41091702","0","d7tu7","yjk","와","CHATTING","2020-12-14T19:57:19","3437570","False","2020-12-14T19:00:01.43","2026-05-21T13:10:23.081746+00:00"
"37802","41091704","0","y0CE","xxsz****","에헤","CHATTING","2020-12-14T19:57:19","3437570","False","2020-12-14T19:00:01.43","2026-05-21T13:10:23.081746+00:00"
"37802","41091705","0","1BZiT","하루","잘 보고 갑니다","CHATTING","2020-12-14T19:57:19","3437570","False","2020-12-14T19:00:01.43","2026-05-21T13:10:23.081746+00:00"
"37802","41091709","0","3tude","미니KIM","짜릿하게 즐겨볼게요 네이버플러스멤버십","CHATTING","2020-12-14T19:57:19","3437570","False","2020-12-14T19:00:01.43","2026-05-21T13:10:23.081746+00:00"
"37802","41091710","0","2AbDB","메기사냥","굳☆☆☆","CHATTING","2020-12-14T19:57:19","3437570","False","2020-12-14T19:00:01.43","2026-05-21T13:10:23.081746+00:00"
"37802","41091712","0","H2sx","폴로","지금 가입해야해","CHATTING","2020-12-14T19:57:19","3437570","False","2020-12-14T19:00:01.43","2026-05-21T13:10:23.081746+00:00"
"37802","41091715","0","2cp6X","보노보노","대박이네요","CHATTING","2020-12-14T19:57:20","3438570","False","2020-12-14T19:00:01.43","2026-05-21T13:10:23.081746+00:00"
"37802","41091718","0","2nJDt","말하는대로","2달무료 이용혜택 잊지말고 넣어주세요 ㅎㅎ","CHATTING","2020-12-14T19:57:20","3438570","False","2020-12-14T19:00:01.43","2026-05-21T13:10:23.081746+00:00"
"37802","41091719","0","c3erd","뿌쀼뿡","벌써끝","CHATTING","2020-12-14T19:57:20","3438570","False","2020-12-14T19:00:01.43","2026-05-21T13:10:23.081746+00:00"
"37802","41091722","0","7KZyr","네티","잼잇으시네요ㅎㅎ","CHATTING","2020-12-14T19:57:20","3438570","False","2020-12-14T19:00:01.43","2026-05-21T13:10:23.081746+00:00"
"37802","41091723","0","1vZp8","kmdm****","와","CHATTING","2020-12-14T19:57:20","3438570","False","2020-12-14T19:00:01.43","2026-05-21T13:10:23.081746+00:00"
"37802","41091725","0","3Mg3A","모아이","네이버멤버십 짱","CHATTING","2020-12-14T19:57:20","3438570","False","2020-12-14T19:00:01.43","2026-05-21T13:10:23.081746+00:00"
"37802","41091730","0","1JKy5","왈왈","주식","CHATTING","2020-12-14T19:57:20","3438570","False","2020-12-14T19:00:01.43","2026-05-21T13:10:23.081746+00:00"
"37802","41091734","0","1SlM4","밴드닥터","축하해요","CHATTING","2020-12-14T19:57:20","3438570","False","2020-12-14T19:00:01.43","2026-05-21T13:10:23.081746+00:00"
"37802","41091735","0","373sN","진진","주식 !!","CHATTING","2020-12-14T19:57:20","3438570","False","2020-12-14T19:00:01.43","2026-05-21T13:10:23.081746+00:00"
"37802","41091738","0","1n2d4","kmsm****","상한가 가즈아","CHATTING","2020-12-14T19:57:20","3438570","False","2020-12-14T19:00:01.43","2026-05-21T13:10:23.081746+00:00"
"37802","41091740","0","2UI4d","버기님","와우","CHATTING","2020-12-14T19:57:21","3439570","False","2020-12-14T19:00:01.43","2026-05-21T13:10:23.081746+00:00"
"37802","41091744","0","3jxzW","말달리자","고생많으셨습니다!","CHATTING","2020-12-14T19:57:21","3439570","False","2020-12-14T19:00:01.43","2026-05-21T13:10:23.081746+00:00"
"37802","41091753","0","fHKa","흙소리로","난 잼오빠 사랑함. ㅋㅋ","CHATTING","2020-12-14T19:57:21","3439570","False","2020-12-14T19:00:01.43","2026-05-21T13:10:23.081746+00:00"
"37802","41091756","0","1xqHk","moon","최고ㅠ_ㅠ","CHATTING","2020-12-14T19:57:21","3439570","False","2020-12-14T19:00:01.43","2026-05-21T13:10:23.081746+00:00"
"37802","41091758","0","2IWuj","리야","사회생활갑","CHATTING","2020-12-14T19:57:22","3440570","False","2020-12-14T19:00:01.43","2026-05-21T13:10:23.081746+00:00"
"37802","41091760","0","17b0r","히뚜다히뚜","네이버 멤버십 너무너무 잘쓰고 있어요~!!!!!!!!노래도 너무너무 잘듣고 있구요~장보기도 꿀혜택이예요~!!!12개월 당첨 가즈아~!!!!!!!!!!!!!!","CHATTING","2020-12-14T19:57:22","3440570","False","2020-12-14T19:00:01.43","2026-05-21T13:10:23.081746+00:00"
"37802","41091762","0","clpMe","wls","불타올라라 ㅋㅋㅋㅋ","CHATTING","2020-12-14T19:57:22","3440570","False","2020-12-14T19:00:01.43","2026-05-21T13:10:23.081746+00:00"
"37802","41091768","0","crrTT","lhh","초대왕","CHATTING","2020-12-14T19:57:22","3440570","False","2020-12-14T19:00:01.43","2026-05-21T13:10:23.081746+00:00"
"37802","41091770","0","4XDaG","메탈기관총","네이버 플러스 멤버십 사랑합니다. 10주년","CHATTING","2020-12-14T19:57:22","3440570","False","2020-12-14T19:00:01.43","2026-05-21T13:10:23.081746+00:00"
"37802","41091776","0","4vnUI","디비디비딥","6개월째 사용중이에요~~~~~♡♡♡","CHATTING","2020-12-14T19:57:22","3440570","False","2020-12-14T19:00:01.43","2026-05-21T13:10:23.081746+00:00"
"37802","41091778","0","2Shms","카멜리아","와","CHATTING","2020-12-14T19:57:22","3440570","False","2020-12-14T19:00:01.43","2026-05-21T13:10:23.081746+00:00"
"37802","41091783","0","3s537","우리우기","방송 잘봣어요..","CHATTING","2020-12-14T19:57:23","3441570","False","2020-12-14T19:00:01.43","2026-05-21T13:10:23.081746+00:00"
"37802","41091785","0","2dB4Y","caffelatte","우왕","CHATTING","2020-12-14T19:57:23","3441570","False","2020-12-14T19:00:01.43","2026-05-21T13:10:23.081746+00:00"
"37802","41091787","0","59f4u","쿨하자","네이버스팜 화이팅","CHATTING","2020-12-14T19:57:23","3441570","False","2020-12-14T19:00:01.43","2026-05-21T13:10:23.081746+00:00"
"37802","41091790","0","54Wor","체크","ㄱㅋㅋ","CHATTING","2020-12-14T19:57:23","3441570","False","2020-12-14T19:00:01.43","2026-05-21T13:10:23.081746+00:00"
"37802","41091792","0","2zbUN","wow","ㅊㅋㅊㅋ","CHATTING","2020-12-14T19:57:23","3441570","False","2020-12-14T19:00:01.43","2026-05-21T13:10:23.081746+00:00"
"37802","41091794","0","25rkJ","후훙","주식","CHATTING","2020-12-14T19:57:23","3441570","False","2020-12-14T19:00:01.43","2026-05-21T13:10:23.081746+00:00"
"37802","41091795","0","2YQLZ","귤냥이","오늘 방송 너무 재미있었어여","CHATTING","2020-12-14T19:57:23","3441570","False","2020-12-14T19:00:01.43","2026-05-21T13:10:23.081746+00:00"
"37802","41091796","0","OYvj","won7****","❤ ♥️ ❤ ♥️ ❤ ❤ ♥️ ❤ ♥️ ❤ ❤ ♥️ ❤ ♥️ ❤","CHATTING","2020-12-14T19:57:24","3442570","False","2020-12-14T19:00:01.43","2026-05-21T13:10:23.081746+00:00"
"37802","41091797","0","4HdI7","륜","혜택최고 ~~!!","CHATTING","2020-12-14T19:57:24","3442570","False","2020-12-14T19:00:01.43","2026-05-21T13:10:23.081746+00:00"
"37802","41091799","0","1QKWS","로꼬","잘보고 갑니다","CHATTING","2020-12-14T19:57:24","3442570","False","2020-12-14T19:00:01.43","2026-05-21T13:10:23.081746+00:00"
"37802","41091801","0","3cnQW","tlaw****","윈디님 추카해용ㅋㅋ","CHATTING","2020-12-14T19:57:24","3442570","False","2020-12-14T19:00:01.43","2026-05-21T13:10:23.081746+00:00"
"37802","41091803","0","2V4bM","꾹꾹이","네이버플러스 멤버십👍👍👍👍","CHATTING","2020-12-14T19:57:24","3442570","False","2020-12-14T19:00:01.43","2026-05-21T13:10:23.081746+00:00"
"37802","41091804","0","1ZVcS","하우와우","축하합니다. 엇? 소리가 끊???","CHATTING","2020-12-14T19:57:24","3442570","False","2020-12-14T19:00:01.43","2026-05-21T13:10:23.082246+00:00"
"37802","41091805","0","373sN","진진","잘 보고 갑니다!!","CHATTING","2020-12-14T19:57:24","3442570","False","2020-12-14T19:00:01.43","2026-05-21T13:10:23.082246+00:00"
"37802","41091806","0","5nPVR","ㅇㅇ","우와 축하드려용~~!!","CHATTING","2020-12-14T19:57:24","3442570","False","2020-12-14T19:00:01.43","2026-05-21T13:10:23.082246+00:00"
"37802","41091808","0","xnaJ","아들부자님","네이버짱~","CHATTING","2020-12-14T19:57:24","3442570","False","2020-12-14T19:00:01.43","2026-05-21T13:10:23.082246+00:00"
"37802","41091809","0","4dDeT","S2뽁이얌S2","가입했어용~!!!!설명~아주 귀에 쏙쏙 들어오네요~!!!!!12개월 쏘아 주세용~!!!!!!!!!!!!뽕 뽑게해주세용~!!!!!","CHATTING","2020-12-14T19:57:24","3442570","False","2020-12-14T19:00:01.43","2026-05-21T13:10:23.082246+00:00"
"37802","41091810","0","19eAm","보니비","잘보고 갑니다","CHATTING","2020-12-14T19:57:24","3442570","False","2020-12-14T19:00:01.43","2026-05-21T13:10:23.082246+00:00"
"37802","41091811","0","dm2ss","sim","감사합니다","CHATTING","2020-12-14T19:57:24","3442570","False","2020-12-14T19:00:01.43","2026-05-21T13:10:23.082246+00:00"
"37802","41091814","0","27BfD","매력이","대박나세요","CHATTING","2020-12-14T19:57:24","3442570","False","2020-12-14T19:00:01.43","2026-05-21T13:10:23.082246+00:00"
"37802","41091819","0","y0CE","xxsz****","어디가심","CHATTING","2020-12-14T19:57:25","3443570","False","2020-12-14T19:00:01.43","2026-05-21T13:10:23.082246+00:00"
"37802","41091821","0","27ObC","hk87****","앵","CHATTING","2020-12-14T19:57:25","3443570","False","2020-12-14T19:00:01.43","2026-05-21T13:10:23.082246+00:00"
"37802","41091822","0","Imzi","얼음공주","축하드려요","CHATTING","2020-12-14T19:57:25","3443570","False","2020-12-14T19:00:01.43","2026-05-21T13:10:23.082246+00:00"
"37802","41091825","0","bxTjt","만리향","축하드려요","CHATTING","2020-12-14T19:57:25","3443570","False","2020-12-14T19:00:01.43","2026-05-21T13:10:23.082246+00:00"
"37802","41091826","0","3MIL","SKY","역시 혜택많은 네이버 플러스 멤버십 !! 아직 가입안하셧다구요? 빨리빨리 혜택 받으세요!!! 역시 네이버 플러스 멤버십 화이팅!!!","CHATTING","2020-12-14T19:57:25","3443570","False","2020-12-14T19:00:01.43","2026-05-21T13:10:23.082246+00:00"
"37802","41091827","0","6jjMw","홍서연","12개월 발표 언제인가요","CHATTING","2020-12-14T19:57:25","3443570","False","2020-12-14T19:00:01.43","2026-05-21T13:10:23.082246+00:00"
"37802","41091828","0","6EZyU","쪼르르르","대박이네요","CHATTING","2020-12-14T19:57:25","3443570","False","2020-12-14T19:00:01.43","2026-05-21T13:10:23.082246+00:00"
"37802","41091829","0","2vgjo","넨네맘마","센스있는 결혼 선물, 집들이 선물, 부모님 선물, 연말 선물.","CHATTING","2020-12-14T19:57:25","3443570","False","2020-12-14T19:00:01.43","2026-05-21T13:10:23.082246+00:00"
"37802","41091830","0","3IYa7","한종성","네이버 주식 너무 비싸 ㅋ","CHATTING","2020-12-14T19:57:25","3443570","False","2020-12-14T19:00:01.43","2026-05-21T13:10:23.082246+00:00"
"37802","41091832","0","5SO2l","별","ㅊㅋ","CHATTING","2020-12-14T19:57:26","3444570","False","2020-12-14T19:00:01.43","2026-05-21T13:10:23.082246+00:00"
"37802","41091833","0","Nz51","skfl09","윈디님 축하드려요~!!!","CHATTING","2020-12-14T19:57:26","3444570","False","2020-12-14T19:00:01.43","2026-05-21T13:10:23.082246+00:00"
"37802","41091834","0","1SKQi","애플소다","^^","CHATTING","2020-12-14T19:57:26","3444570","False","2020-12-14T19:00:01.43","2026-05-21T13:10:23.082246+00:00"
"37802","41091836","0","2tjLj","복불복인생","혜택이 참 좋네요.","CHATTING","2020-12-14T19:57:26","3444570","False","2020-12-14T19:00:01.43","2026-05-21T13:10:23.082246+00:00"
"37802","41091838","0","3uRT","망고","재밌었어용","CHATTING","2020-12-14T19:57:26","3444570","False","2020-12-14T19:00:01.43","2026-05-21T13:10:23.082246+00:00"
"37802","41091839","0","VKag","골드후아유","네이버주식 올랐자나","CHATTING","2020-12-14T19:57:26","3444570","False","2020-12-14T19:00:01.43","2026-05-21T13:10:23.082246+00:00"
"37802","41091840","0","4p8h9","네츄럴","축하드립니다","CHATTING","2020-12-14T19:57:26","3444570","False","2020-12-14T19:00:01.43","2026-05-21T13:10:23.082246+00:00"
"37802","41091841","0","5VrUJ","tenfkd13","축하해요","CHATTING","2020-12-14T19:57:26","3444570","False","2020-12-14T19:00:01.43","2026-05-21T13:10:23.082246+00:00"
"37802","41091843","0","3GIYj","잉여왕","ㅋㅋㅋ ㅊㅋㅊㅋ","CHATTING","2020-12-14T19:57:26","3444570","False","2020-12-14T19:00:01.43","2026-05-21T13:10:23.082246+00:00"
"37802","41091845","0","2uHmO","jin","사랑해요♡♡ 네이버플러스멤버십 !","CHATTING","2020-12-14T19:57:26","3444570","False","2020-12-14T19:00:01.43","2026-05-21T13:10:23.082246+00:00"
"37802","41091846","0","5pC2W","미달이","초대왕 축하드려요","CHATTING","2020-12-14T19:57:26","3444570","False","2020-12-14T19:00:01.43","2026-05-21T13:10:23.082246+00:00"
"37802","41091848","0","1IM1i","난나야","ㅋㅋㅋ","CHATTING","2020-12-14T19:57:26","3444570","False","2020-12-14T19:00:01.43","2026-05-21T13:10:23.082246+00:00"
"37802","41091850","0","3GU12","전지적S급","끝났네 ㅜㅜ 잘가요~","CHATTING","2020-12-14T19:57:26","3444570","False","2020-12-14T19:00:01.43","2026-05-21T13:10:23.082246+00:00"
"37802","41091851","0","4vnUI","디비디비딥","짱","CHATTING","2020-12-14T19:57:26","3444570","False","2020-12-14T19:00:01.43","2026-05-21T13:10:23.082246+00:00"
"37802","41091854","0","bvehE","8888nemesis8888","초대왕 축하합니다","CHATTING","2020-12-14T19:57:26","3444570","False","2020-12-14T19:00:01.43","2026-05-21T13:10:23.082246+00:00"
"37802","41091855","0","1U9Qg","냐옹이","와우 축하해요~~~~~~~~~~~~~~~~~","CHATTING","2020-12-14T19:57:26","3444570","False","2020-12-14T19:00:01.43","2026-05-21T13:10:23.082246+00:00"
"37802","41091856","0","2axNS","몽몽이","해나님 귀엽다 ㅋㅋㅋㅋ","CHATTING","2020-12-14T19:57:26","3444570","False","2020-12-14T19:00:01.43","2026-05-21T13:10:23.082246+00:00"
"37802","41091860","0","275SW","안녕ㅋ","유후","CHATTING","2020-12-14T19:57:27","3445570","False","2020-12-14T19:00:01.43","2026-05-21T13:10:23.082246+00:00"
"37802","41091861","0","cbtyA","하리","와우","CHATTING","2020-12-14T19:57:27","3445570","False","2020-12-14T19:00:01.43","2026-05-21T13:10:23.082246+00:00"
"37802","41091862","0","12CBH","akdlzhf","고생많으셨어요","CHATTING","2020-12-14T19:57:27","3445570","False","2020-12-14T19:00:01.43","2026-05-21T13:10:23.082246+00:00"
"37802","41091863","0","2e6jg","지기","담에 뵈요~~~~~~~~~~~~~~~~ ^^","CHATTING","2020-12-14T19:57:27","3445570","False","2020-12-14T19:00:01.43","2026-05-21T13:10:23.082246+00:00"
"37802","41091865","0","bHuCr","쓰리골드","고생 많으셨습니다","CHATTING","2020-12-14T19:57:27","3445570","False","2020-12-14T19:00:01.43","2026-05-21T13:10:23.082246+00:00"
"37802","41091868","0","1KhTG","쿠드랴프카","벌써 방송이 끝났네 ㅠㅠ","CHATTING","2020-12-14T19:57:28","3446570","False","2020-12-14T19:00:01.43","2026-05-21T13:10:23.082246+00:00"
"37802","41091872","0","3tfrB","유자맘","축하~~~~~~~","CHATTING","2020-12-14T19:57:28","3446570","False","2020-12-14T19:00:01.43","2026-05-21T13:10:23.082246+00:00"
"37802","41091873","0","5ehpF","min","1등 나왔군요","CHATTING","2020-12-14T19:57:28","3446570","False","2020-12-14T19:00:01.43","2026-05-21T13:10:23.082246+00:00"
"37802","41091874","0","3yOPk","어글리","잘보고갑니다","CHATTING","2020-12-14T19:57:28","3446570","False","2020-12-14T19:00:01.43","2026-05-21T13:10:23.082246+00:00"
"37802","41091875","0","83Uvh","서정민","안녕","CHATTING","2020-12-14T19:57:28","3446570","False","2020-12-14T19:00:01.43","2026-05-21T13:10:23.082246+00:00"
"37802","41091876","0","d2qdx","pak","안녕","CHATTING","2020-12-14T19:57:28","3446570","False","2020-12-14T19:00:01.43","2026-05-21T13:10:23.082246+00:00"
"37802","41091877","0","5oTLP","똘랑","우와 축하드려요","CHATTING","2020-12-14T19:57:28","3446570","False","2020-12-14T19:00:01.43","2026-05-21T13:10:23.082246+00:00"
"37802","41091878","0","1Xhhw","루씨맘","우왕","CHATTING","2020-12-14T19:57:29","3447570","False","2020-12-14T19:00:01.43","2026-05-21T13:10:23.082246+00:00"
"37802","41091883","0","BsXW","다이나믹","아주잘쓰고있고 혜택 줄이면 노노야!","CHATTING","2020-12-14T19:57:29","3447570","False","2020-12-14T19:00:01.43","2026-05-21T13:10:23.082246+00:00"
"37802","41091884","0","2fGFK","urip****","잘보았어요","CHATTING","2020-12-14T19:57:29","3447570","False","2020-12-14T19:00:01.43","2026-05-21T13:10:23.082246+00:00"
"37802","41091885","0","1pwBz","스타디오","이미가입자혜택없나여ㅠ","CHATTING","2020-12-14T19:57:29","3447570","False","2020-12-14T19:00:01.43","2026-05-21T13:10:23.082246+00:00"
"37802","41091890","0","JUIt","소리마마","끝났나용","CHATTING","2020-12-14T19:57:29","3447570","False","2020-12-14T19:00:01.43","2026-05-21T13:10:23.082246+00:00"
"37802","41091893","0","3CTQ","깜복88","축하","CHATTING","2020-12-14T19:57:29","3447570","False","2020-12-14T19:00:01.43","2026-05-21T13:10:23.082246+00:00"
"37802","41091894","0","VKag","골드후아유","근데나는없어","CHATTING","2020-12-14T19:57:29","3447570","False","2020-12-14T19:00:01.43","2026-05-21T13:10:23.082246+00:00"
"37802","41091895","0","8PsC7","JW","최고의혜택 멤버십 넘 좋아용","CHATTING","2020-12-14T19:57:29","3447570","False","2020-12-14T19:00:01.43","2026-05-21T13:10:23.082246+00:00"
"37802","41091897","0","1pYrh","소해","와 1위 발표된 분이 계시네요","CHATTING","2020-12-14T19:57:30","3448570","False","2020-12-14T19:00:01.43","2026-05-21T13:10:23.082246+00:00"
"37802","41091900","0","39tJz","이호기","갓성 ♥ 네이버 ♥","CHATTING","2020-12-14T19:57:30","3448570","False","2020-12-14T19:00:01.43","2026-05-21T13:10:23.082246+00:00"
"37802","41091901","0","1D8JX","파인트리","잘 보고 갑니다","CHATTING","2020-12-14T19:57:30","3448570","False","2020-12-14T19:00:01.43","2026-05-21T13:10:23.082246+00:00"
"37802","41091907","0","2gnJW","슬기","꿀잼 방송이었네요","CHATTING","2020-12-14T19:57:30","3448570","False","2020-12-14T19:00:01.43","2026-05-21T13:10:23.082246+00:00"
"37802","41091911","0","RMhc","수면중독","와 초대왕!!대박이네요","CHATTING","2020-12-14T19:57:30","3448570","False","2020-12-14T19:00:01.43","2026-05-21T13:10:23.082246+00:00"
"37802","41091912","0","3tpRX","방긋","초대왕 🎉","CHATTING","2020-12-14T19:57:30","3448570","False","2020-12-14T19:00:01.43","2026-05-21T13:10:23.082246+00:00"
"37802","41091915","0","12lAj","김희선","아아 끝났네여","CHATTING","2020-12-14T19:57:31","3449570","False","2020-12-14T19:00:01.43","2026-05-21T13:10:23.082246+00:00"
"37802","41091916","0","5SO2l","별","ㅊㅋㅊㅋ","CHATTING","2020-12-14T19:57:31","3449570","False","2020-12-14T19:00:01.43","2026-05-21T13:10:23.082246+00:00"
"37802","41091917","0","4pbEk","초파","축하드려요","CHATTING","2020-12-14T19:57:31","3449570","False","2020-12-14T19:00:01.43","2026-05-21T13:10:23.082246+00:00"
"37802","41091919","0","6qKPU","akskdkfk","잘보고아요","CHATTING","2020-12-14T19:57:31","3449570","False","2020-12-14T19:00:01.43","2026-05-21T13:10:23.082246+00:00"
"37802","41091920","0","1Xhhw","루씨맘","ㅊㅋㅊㅋ","CHATTING","2020-12-14T19:57:31","3449570","False","2020-12-14T19:00:01.43","2026-05-21T13:10:23.082246+00:00"
"37802","41091921","0","cbtyA","하리","와우","CHATTING","2020-12-14T19:57:31","3449570","False","2020-12-14T19:00:01.43","2026-05-21T13:10:23.082246+00:00"
"37802","41091922","0","1SKQi","애플소다","끝","CHATTING","2020-12-14T19:57:31","3449570","False","2020-12-14T19:00:01.43","2026-05-21T13:10:23.082246+00:00"
"37802","41091924","0","1m8u4","워너원워너블","앞으로도 자주이용할게요","CHATTING","2020-12-14T19:57:31","3449570","False","2020-12-14T19:00:01.43","2026-05-21T13:10:23.082246+00:00"
"37802","41091927","0","2exkp","프릴","대박ㅎㅎ","CHATTING","2020-12-14T19:57:31","3449570","False","2020-12-14T19:00:01.43","2026-05-21T13:10:23.082246+00:00"
"37802","41091929","0","2cdgb","모카","한시간 순삭이네요...","CHATTING","2020-12-14T19:57:31","3449570","False","2020-12-14T19:00:01.43","2026-05-21T13:10:23.082246+00:00"
"37802","41091931","0","2nJDt","말하는대로","12개월 꼭 당첨되길...","CHATTING","2020-12-14T19:57:31","3449570","False","2020-12-14T19:00:01.43","2026-05-21T13:10:23.082246+00:00"
"37802","41091932","0","1crUD","윤다다","윈디님 대박","CHATTING","2020-12-14T19:57:31","3449570","False","2020-12-14T19:00:01.43","2026-05-21T13:10:23.082246+00:00"
"37802","41091934","0","2DoEk","우야별","네이버 사랑해요~~~💕","CHATTING","2020-12-14T19:57:31","3449570","False","2020-12-14T19:00:01.43","2026-05-21T13:10:23.082246+00:00"
"37802","41091936","0","4HdI7","륜","네이버 더 흥해라~~!!","CHATTING","2020-12-14T19:57:31","3449570","False","2020-12-14T19:00:01.43","2026-05-21T13:10:23.082246+00:00"
"37802","41091938","0","3sp8l","wind****","끝낫당","CHATTING","2020-12-14T19:57:32","3450570","False","2020-12-14T19:00:01.43","2026-05-21T13:10:23.082246+00:00"
"37802","41091940","0","2ZhU3","kthj****","응원합니다","CHATTING","2020-12-14T19:57:32","3450570","False","2020-12-14T19:00:01.43","2026-05-21T13:10:23.082246+00:00"
"37802","41091943","0","4hnUu","귤오렌지레몬","네이버멤버쉽 화이팅 ㅋ","CHATTING","2020-12-14T19:57:32","3450570","False","2020-12-14T19:00:01.43","2026-05-21T13:10:23.082246+00:00"
"37802","41091946","0","dcBzf","cha","고급고급","CHATTING","2020-12-14T19:57:32","3450570","False","2020-12-14T19:00:01.43","2026-05-21T13:10:23.082246+00:00"
"37802","41091947","0","2dB4Y","caffelatte","급 끝나네요! 👋👋👋👋","CHATTING","2020-12-14T19:57:32","3450570","False","2020-12-14T19:00:01.43","2026-05-21T13:10:23.082246+00:00"
"37802","41091948","0","5CTdc","나는나","추첨확인어디서해요?","CHATTING","2020-12-14T19:57:32","3450570","False","2020-12-14T19:00:01.43","2026-05-21T13:10:23.082246+00:00"
"37802","41091952","0","1YV8u","jjyu****","축하드려요","CHATTING","2020-12-14T19:57:32","3450570","False","2020-12-14T19:00:01.43","2026-05-21T13:10:23.082246+00:00"
"37802","41091953","0","6jjMw","홍서연","네이버쇼핑하시면 가입하세용 진짜 꿀🐝🍯🍯🍯","CHATTING","2020-12-14T19:57:32","3450570","False","2020-12-14T19:00:01.43","2026-05-21T13:10:23.082246+00:00"
"37802","41091955","0","5oTLP","똘랑","좋으시겠다","CHATTING","2020-12-14T19:57:32","3450570","False","2020-12-14T19:00:01.43","2026-05-21T13:10:23.082246+00:00"
"37802","41091957","0","31uZx","YoonJ","축하드려요!","CHATTING","2020-12-14T19:57:33","3451570","False","2020-12-14T19:00:01.43","2026-05-21T13:10:23.082246+00:00"
"37802","41091959","0","489nE","zzangzzang","흐","CHATTING","2020-12-14T19:57:33","3451570","False","2020-12-14T19:00:01.43","2026-05-21T13:10:23.082246+00:00"
"37802","41091960","0","v7i0","동물원꿀벌","12개월 당첨 가즈아","CHATTING","2020-12-14T19:57:33","3451570","False","2020-12-14T19:00:01.43","2026-05-21T13:10:23.082246+00:00"
"37802","41091961","0","1gm7d","밥토깽","ㅊㅋㅊㅋ","CHATTING","2020-12-14T19:57:33","3451570","False","2020-12-14T19:00:01.43","2026-05-21T13:10:23.082246+00:00"
"37802","41091964","0","3HA45","애플민트","축하합니다","CHATTING","2020-12-14T19:57:33","3451570","False","2020-12-14T19:00:01.43","2026-05-21T13:10:23.082246+00:00"
"37802","41091966","0","cBQ5Z","룰루랄라","네/네이버 맴버쉽을 이/이라방을 보고 가입하세요 버/버스 떠나기전에 잡으세요!! 혜택짱이에요♥","CHATTING","2020-12-14T19:57:33","3451570","False","2020-12-14T19:00:01.43","2026-05-21T13:10:23.082246+00:00"
"37802","41091968","0","1T8uZ","봄바람","15000포면대체 몇명이져","CHATTING","2020-12-14T19:57:33","3451570","False","2020-12-14T19:00:01.43","2026-05-21T13:10:23.082246+00:00"
"37802","41091969","0","1lDaD","해피데이","인자 가서 밥이나 먹어야겠네유 배고파 죽것슈","CHATTING","2020-12-14T19:57:33","3451570","False","2020-12-14T19:00:01.43","2026-05-21T13:10:23.082246+00:00"
"37802","41091971","0","3KpYp","yyy","우왕~","CHATTING","2020-12-14T19:57:33","3451570","False","2020-12-14T19:00:01.43","2026-05-21T13:10:23.082246+00:00"
"37802","41091973","0","RceQ","maakun","안녕","CHATTING","2020-12-14T19:57:33","3451570","False","2020-12-14T19:00:01.43","2026-05-21T13:10:23.082246+00:00"
"37802","41091975","0","3uy3W","미사","축하드려요","CHATTING","2020-12-14T19:57:33","3451570","False","2020-12-14T19:00:01.43","2026-05-21T13:10:23.082246+00:00"
"37802","41091977","0","2byt9","필로","우와 ㅊㅋ","CHATTING","2020-12-14T19:57:33","3451570","False","2020-12-14T19:00:01.43","2026-05-21T13:10:23.082246+00:00"
"37802","41091978","0","HjCT","냐하하","와","CHATTING","2020-12-14T19:57:34","3452570","False","2020-12-14T19:00:01.43","2026-05-21T13:10:23.082246+00:00"
"37802","41091980","0","xnaJ","아들부자님","축하축하","CHATTING","2020-12-14T19:57:34","3452570","False","2020-12-14T19:00:01.43","2026-05-21T13:10:23.082246+00:00"
"37802","41091983","0","43r4w","민민맘","윈디님 추카","CHATTING","2020-12-14T19:57:34","3452570","False","2020-12-14T19:00:01.43","2026-05-21T13:10:23.082246+00:00"
"37802","41091984","0","4qsPv","소히","축하해용❤","CHATTING","2020-12-14T19:57:34","3452570","False","2020-12-14T19:00:01.43","2026-05-21T13:10:23.082246+00:00"
"37802","41091985","0","RRel","감자도리","ㅜㅜ","CHATTING","2020-12-14T19:57:34","3452570","False","2020-12-14T19:00:01.43","2026-05-21T13:10:23.082246+00:00"
"37802","41091992","0","4p8j9","샹들리","축하합니다","CHATTING","2020-12-14T19:57:35","3453570","False","2020-12-14T19:00:01.43","2026-05-21T13:10:23.082246+00:00"
"37802","41091994","0","2sWAJ","반짝반짝","좋은 혜택 고마워요","CHATTING","2020-12-14T19:57:35","3453570","False","2020-12-14T19:00:01.43","2026-05-21T13:10:23.082246+00:00"
"37802","41091996","0","bHuCr","쓰리골드","바 이~~~","CHATTING","2020-12-14T19:57:35","3453570","False","2020-12-14T19:00:01.43","2026-05-21T13:10:23.082246+00:00"
"37802","41091997","0","cbtyA","하리","대박","CHATTING","2020-12-14T19:57:35","3453570","False","2020-12-14T19:00:01.43","2026-05-21T13:10:23.082246+00:00"
"37802","41091998","0","2Shms","카멜리아","초대왕 축하드립니다","CHATTING","2020-12-14T19:57:35","3453570","False","2020-12-14T19:00:01.43","2026-05-21T13:10:23.082246+00:00"
"37802","41092001","0","2Yj66","뭘보니","축하드려요용","CHATTING","2020-12-14T19:57:35","3453570","False","2020-12-14T19:00:01.43","2026-05-21T13:10:23.082246+00:00"
"37802","41092002","0","42GeK","영재","축하해요","CHATTING","2020-12-14T19:57:35","3453570","False","2020-12-14T19:00:01.43","2026-05-21T13:10:23.082246+00:00"
"37802","41092003","0","5oTLP","똘랑","부랍습니다","CHATTING","2020-12-14T19:57:35","3453570","False","2020-12-14T19:00:01.43","2026-05-21T13:10:23.082246+00:00"
"37802","41092004","0","1crUD","윤다다","30명이나???ㄷㄷㅈㄷ","CHATTING","2020-12-14T19:57:35","3453570","False","2020-12-14T19:00:01.43","2026-05-21T13:10:23.082246+00:00"
"37802","41092005","0","1YnZ5","하이이이잉","벌써 끝났네요","CHATTING","2020-12-14T19:57:35","3453570","False","2020-12-14T19:00:01.43","2026-05-21T13:10:23.082246+00:00"
"37802","41092007","0","2i6uN","아오","끝인가요?","CHATTING","2020-12-14T19:57:35","3453570","False","2020-12-14T19:00:01.43","2026-05-21T13:10:23.082246+00:00"
"37802","41092008","0","cBQ5Z","룰루랄라","네/네이버 맴버쉽을 이/이라방을 보고 가입하세요 버/버스 떠나기전에 잡으세요!! 혜택짱이에요♥","CHATTING","2020-12-14T19:57:35","3453570","False","2020-12-14T19:00:01.43","2026-05-21T13:10:23.082246+00:00"
"37802","41092013","0","1P4Td","그리운","초대왕 축하드립니다","CHATTING","2020-12-14T19:57:36","3454570","False","2020-12-14T19:00:01.43","2026-05-21T13:10:23.082246+00:00"
"37802","41092016","0","23WXJ","wrme****","대박나세요","CHATTING","2020-12-14T19:57:36","3454570","False","2020-12-14T19:00:01.43","2026-05-21T13:10:23.082246+00:00"
"37802","41092018","0","D7qy","cloe****","나도 12개월권 줘요!!","CHATTING","2020-12-14T19:57:36","3454570","False","2020-12-14T19:00:01.43","2026-05-21T13:10:23.082246+00:00"
"37802","41092020","0","1TY0m","다홍","끝났네ㅠㅠ","CHATTING","2020-12-14T19:57:36","3454570","False","2020-12-14T19:00:01.43","2026-05-21T13:10:23.082246+00:00"
"37802","41092023","0","8kV5A","루니","진짜 재밌었어여","CHATTING","2020-12-14T19:57:37","3455570","False","2020-12-14T19:00:01.43","2026-05-21T13:10:23.082246+00:00"
"37802","41092024","0","2FJpA","슬기","ㅊㅋㅊㅋ","CHATTING","2020-12-14T19:57:37","3455570","False","2020-12-14T19:00:01.43","2026-05-21T13:10:23.082246+00:00"
"37802","41092026","0","3tfrB","유자맘","대단하세요","CHATTING","2020-12-14T19:57:37","3455570","False","2020-12-14T19:00:01.43","2026-05-21T13:10:23.082246+00:00"
"37802","41092029","0","2YjZg","별이별이","바잉","CHATTING","2020-12-14T19:57:37","3455570","False","2020-12-14T19:00:01.43","2026-05-21T13:10:23.082246+00:00"
"37802","41092030","0","4vnUI","디비디비딥","잘보구갑니당 ㅎㅎㅎ","CHATTING","2020-12-14T19:57:37","3455570","False","2020-12-14T19:00:01.43","2026-05-21T13:10:23.082246+00:00"
"37802","41092031","0","6fpeZ","달달구리","ㅊㅋㅊㅋ","CHATTING","2020-12-14T19:57:37","3455570","False","2020-12-14T19:00:01.43","2026-05-21T13:10:23.082246+00:00"
"37802","41092032","0","5n2qC","은서니55","이번엔 영화한편선택했어용","CHATTING","2020-12-14T19:57:37","3455570","False","2020-12-14T19:00:01.43","2026-05-21T13:10:23.082246+00:00"
"37802","41092034","0","1Xhhw","루씨맘","ㅊㅋㅊㅋ","CHATTING","2020-12-14T19:57:37","3455570","False","2020-12-14T19:00:01.43","2026-05-21T13:10:23.082246+00:00"
"37802","41092035","0","djSum","min","띠용 끝나써여","CHATTING","2020-12-14T19:57:37","3455570","False","2020-12-14T19:00:01.43","2026-05-21T13:10:23.082246+00:00"
"37802","41092039","0","1XmJV","지선","네이버 대박나세요","CHATTING","2020-12-14T19:57:37","3455570","False","2020-12-14T19:00:01.43","2026-05-21T13:10:23.082246+00:00"
"37802","41092041","0","7KZyr","네티","초대왕은머에요?","CHATTING","2020-12-14T19:57:37","3455570","False","2020-12-14T19:00:01.43","2026-05-21T13:10:23.082246+00:00"
"37802","41092042","0","2NsOx","두리몽실","ㅊㅋㅊㅋ","CHATTING","2020-12-14T19:57:38","3456570","False","2020-12-14T19:00:01.43","2026-05-21T13:10:23.082246+00:00"
"37802","41092044","0","3aqgG","모구모구","와 만오처넌","CHATTING","2020-12-14T19:57:38","3456570","False","2020-12-14T19:00:01.43","2026-05-21T13:10:23.082246+00:00"
"37802","41092046","0","1BDx2","자녀사랑","응원합니다","CHATTING","2020-12-14T19:57:38","3456570","False","2020-12-14T19:00:01.43","2026-05-21T13:10:23.082246+00:00"
"37802","41092048","0","1U9Qg","냐옹이","윈디님 축하해요`","CHATTING","2020-12-14T19:57:38","3456570","False","2020-12-14T19:00:01.43","2026-05-21T13:10:23.082246+00:00"
"37802","41092050","0","4f4QN","클라라","대박","CHATTING","2020-12-14T19:57:38","3456570","False","2020-12-14T19:00:01.43","2026-05-21T13:10:23.082246+00:00"
"37802","41092052","0","1crUD","윤다다","우왕","CHATTING","2020-12-14T19:57:38","3456570","False","2020-12-14T19:00:01.43","2026-05-21T13:10:23.082246+00:00"
"37802","41092053","0","2gnJW","슬기","최고최고!!","CHATTING","2020-12-14T19:57:38","3456570","False","2020-12-14T19:00:01.43","2026-05-21T13:10:23.082246+00:00"
"37802","41092060","0","2M6gc","하늘색달빛","앗..1등 깜놀..","CHATTING","2020-12-14T19:57:39","3457570","False","2020-12-14T19:00:01.43","2026-05-21T13:10:23.082246+00:00"
"37802","41092061","0","38cnh","바이올렛","와 추카추카","CHATTING","2020-12-14T19:57:39","3457570","False","2020-12-14T19:00:01.43","2026-05-21T13:10:23.082246+00:00"
"37802","41092063","0","3RLYV","참말이용","ㅊㅊㅊ","CHATTING","2020-12-14T19:57:39","3457570","False","2020-12-14T19:00:01.43","2026-05-21T13:10:23.082246+00:00"
"37802","41092065","0","1iXRt","동글동글","축하해요","CHATTING","2020-12-14T19:57:39","3457570","False","2020-12-14T19:00:01.43","2026-05-21T13:10:23.082246+00:00"
"37802","41092066","0","1PRYx","쩌으기","완전 맘에 들어요~","CHATTING","2020-12-14T19:57:39","3457570","False","2020-12-14T19:00:01.43","2026-05-21T13:10:23.082246+00:00"
"37802","41092071","0","csjJH","성이77","잘보고갑니다","CHATTING","2020-12-14T19:57:39","3457570","False","2020-12-14T19:00:01.43","2026-05-21T13:10:23.082246+00:00"
"37802","41092074","0","2e689","starlight","축하드려요~~","CHATTING","2020-12-14T19:57:39","3457570","False","2020-12-14T19:00:01.43","2026-05-21T13:10:23.082246+00:00"
"37802","41092078","0","2hPaa","미라짱","축하드려요","CHATTING","2020-12-14T19:57:40","3458570","False","2020-12-14T19:00:01.43","2026-05-21T13:10:23.082246+00:00"
"37802","41092079","0","xnaJ","아들부자님","측하♡♡","CHATTING","2020-12-14T19:57:40","3458570","False","2020-12-14T19:00:01.43","2026-05-21T13:10:23.082246+00:00"
"37802","41092084","0","50OIa","이여사님","대박나세요","CHATTING","2020-12-14T19:57:40","3458570","False","2020-12-14T19:00:01.43","2026-05-21T13:10:23.082246+00:00"
"37802","41092087","0","3tpRX","방긋","추카추카","CHATTING","2020-12-14T19:57:40","3458570","False","2020-12-14T19:00:01.43","2026-05-21T13:10:23.082246+00:00"
"37802","41092088","0","mYK8","스","축하드립니다","CHATTING","2020-12-14T19:57:40","3458570","False","2020-12-14T19:00:01.43","2026-05-21T13:10:23.082246+00:00"
"37802","41092090","0","3KpYp","yyy","👏🏻👏🏻👏🏻👏🏻👏🏻💙","CHATTING","2020-12-14T19:57:40","3458570","False","2020-12-14T19:00:01.43","2026-05-21T13:10:23.082246+00:00"
"37802","41092091","0","2exkp","프릴","초대왕님 축하드립니다","CHATTING","2020-12-14T19:57:40","3458570","False","2020-12-14T19:00:01.43","2026-05-21T13:10:23.082246+00:00"
"37802","41092092","0","3tude","미니KIM","짜릿하게 즐겨볼게요 네이버플러스멤버십","CHATTING","2020-12-14T19:57:40","3458570","False","2020-12-14T19:00:01.43","2026-05-21T13:10:23.082246+00:00"
"37802","41092095","0","1k6hx","잠수부","일찍 끝나네요","CHATTING","2020-12-14T19:57:41","3459570","False","2020-12-14T19:00:01.43","2026-05-21T13:10:23.082246+00:00"
"37802","41092096","0","1nvhf","쟌이","축하드립니당!","CHATTING","2020-12-14T19:57:41","3459570","False","2020-12-14T19:00:01.43","2026-05-21T13:10:23.082246+00:00"
"37802","41092097","0","1SHM9","애프리콧","끝?","CHATTING","2020-12-14T19:57:41","3459570","False","2020-12-14T19:00:01.43","2026-05-21T13:10:23.082246+00:00"
"37802","41092099","0","6DuCd","Jean","당첨 원추!!","CHATTING","2020-12-14T19:57:41","3459570","False","2020-12-14T19:00:01.43","2026-05-21T13:10:23.082246+00:00"
"37802","41092102","0","3PJtt","까시","잘보고 갑니다 ㅎㅎ","CHATTING","2020-12-14T19:57:41","3459570","False","2020-12-14T19:00:01.43","2026-05-21T13:10:23.082246+00:00"
"37802","41092103","0","cbtyA","하리","대박","CHATTING","2020-12-14T19:57:41","3459570","False","2020-12-14T19:00:01.43","2026-05-21T13:10:23.082246+00:00"
"37802","41092108","0","7IMPb","하늘살이","ㅊㅋ","CHATTING","2020-12-14T19:57:41","3459570","False","2020-12-14T19:00:01.43","2026-05-21T13:10:23.082246+00:00"
"37802","41092115","0","5G8NA","gneik","끝났나요?? ㅜㅜ","CHATTING","2020-12-14T19:57:42","3460570","False","2020-12-14T19:00:01.43","2026-05-21T13:10:23.082246+00:00"
"37802","41092116","0","1VV4F","단","초대왕 축하축하드려요!!","CHATTING","2020-12-14T19:57:42","3460570","False","2020-12-14T19:00:01.43","2026-05-21T13:10:23.082246+00:00"
"37802","41092120","0","diJLm","파파짱","축하드려요","CHATTING","2020-12-14T19:57:42","3460570","False","2020-12-14T19:00:01.43","2026-05-21T13:10:23.082246+00:00"
"37802","41092121","0","xiZO","달천새댁","저는 제품 구매하러 가용~~~","CHATTING","2020-12-14T19:57:42","3460570","False","2020-12-14T19:00:01.43","2026-05-21T13:10:23.082246+00:00"
"37802","41092122","0","cC2s2","dms","바잉","CHATTING","2020-12-14T19:57:42","3460570","False","2020-12-14T19:00:01.43","2026-05-21T13:10:23.082246+00:00"
"37802","41092129","0","4SOli","막냉이","축하합니다","CHATTING","2020-12-14T19:57:42","3460570","False","2020-12-14T19:00:01.43","2026-05-21T13:10:23.082246+00:00"
"37802","41092130","0","2i6uN","아오","ㅋㅋㅋㅋㅋㅋㅋㅋㅋ","CHATTING","2020-12-14T19:57:42","3460570","False","2020-12-14T19:00:01.43","2026-05-21T13:10:23.082246+00:00"
"37802","41092131","0","13fLo","슈루","네이버멤버쉽 좋습니더","CHATTING","2020-12-14T19:57:42","3460570","False","2020-12-14T19:00:01.43","2026-05-21T13:10:23.082246+00:00"
"37802","41092133","0","gdmE","웅계","초대왕대박이더","CHATTING","2020-12-14T19:57:42","3460570","False","2020-12-14T19:00:01.43","2026-05-21T13:10:23.082246+00:00"
"37802","41092136","0","IByM","Min","축하드려요","CHATTING","2020-12-14T19:57:43","3461570","False","2020-12-14T19:00:01.43","2026-05-21T13:10:23.082246+00:00"
"37802","41092137","0","2IwLm","날씬해","대박 1등","CHATTING","2020-12-14T19:57:43","3461570","False","2020-12-14T19:00:01.43","2026-05-21T13:10:23.082246+00:00"
"37802","41092138","0","1ivqa","rtd","1위분 축하드립니다","CHATTING","2020-12-14T19:57:43","3461570","False","2020-12-14T19:00:01.43","2026-05-21T13:10:23.082246+00:00"
"37802","41092141","0","17BOC","지완이모","초대왕 축하","CHATTING","2020-12-14T19:57:43","3461570","False","2020-12-14T19:00:01.43","2026-05-21T13:10:23.082246+00:00"
"37802","41092143","0","3C2qJ","요정","12개월권 꼭 갖고싶당~~","CHATTING","2020-12-14T19:57:43","3461570","False","2020-12-14T19:00:01.43","2026-05-21T13:10:23.082246+00:00"
"37802","41092144","0","2hPaa","미라짱","부럽","CHATTING","2020-12-14T19:57:43","3461570","False","2020-12-14T19:00:01.43","2026-05-21T13:10:23.082246+00:00"
"37802","41092148","0","IVvI","루메나","1등 축하드려요","CHATTING","2020-12-14T19:57:43","3461570","False","2020-12-14T19:00:01.43","2026-05-21T13:10:23.082246+00:00"
"37802","41092162","0","24jB","왕난","축하드려요","CHATTING","2020-12-14T19:57:44","3462570","False","2020-12-14T19:00:01.43","2026-05-21T13:10:23.082246+00:00"
"37802","41092164","0","41iGH","밥 주세요","최고최고","CHATTING","2020-12-14T19:57:44","3462570","False","2020-12-14T19:00:01.43","2026-05-21T13:10:23.082246+00:00"
"37802","41092166","0","3SnsH","하얀초코바","ㅊㅋㅊㅋ","CHATTING","2020-12-14T19:57:44","3462570","False","2020-12-14T19:00:01.43","2026-05-21T13:10:23.082246+00:00"
"37802","41092168","0","1P6Ch","kyo","안녕","CHATTING","2020-12-14T19:57:45","3463570","False","2020-12-14T19:00:01.43","2026-05-21T13:10:23.082246+00:00"
"37802","41092169","0","99x67","JJJ","축하","CHATTING","2020-12-14T19:57:45","3463570","False","2020-12-14T19:00:01.43","2026-05-21T13:10:23.082246+00:00"
"37802","41092170","0","1YR2t","코콧콧","추카","CHATTING","2020-12-14T19:57:45","3463570","False","2020-12-14T19:00:01.43","2026-05-21T13:10:23.082246+00:00"
"37802","41092174","0","GzSS","케이엠제이","재밌었어요~^^","CHATTING","2020-12-14T19:57:45","3463570","False","2020-12-14T19:00:01.43","2026-05-21T13:10:23.082246+00:00"
"37802","41092175","0","20G7R","JJ77","초대왕 1위하신 분도 축하드립니다~","CHATTING","2020-12-14T19:57:45","3463570","False","2020-12-14T19:00:01.43","2026-05-21T13:10:23.082246+00:00"
"37802","41092177","0","1CTeV","하엘","축하드립니다","CHATTING","2020-12-14T19:57:45","3463570","False","2020-12-14T19:00:01.43","2026-05-21T13:10:23.082246+00:00"
"37802","41092178","0","2i6uN","아오","ㅊㅋ","CHATTING","2020-12-14T19:57:45","3463570","False","2020-12-14T19:00:01.43","2026-05-21T13:10:23.082246+00:00"
"37802","41092179","0","cbtyA","하리","와우","CHATTING","2020-12-14T19:57:45","3463570","False","2020-12-14T19:00:01.43","2026-05-21T13:10:23.082246+00:00"
"37802","41092180","0","39OTn","꾸루","초대왕 멋지세요!!!👍🏻","CHATTING","2020-12-14T19:57:45","3463570","False","2020-12-14T19:00:01.43","2026-05-21T13:10:23.082246+00:00"
"37802","41092181","0","6DKi7","꾸리쿵","12개월권 발표는 언제하나용 ㄹㄹ","CHATTING","2020-12-14T19:57:45","3463570","False","2020-12-14T19:00:01.43","2026-05-21T13:10:23.082246+00:00"
"37802","41092182","0","1CO9C","초꼬","오호 축하드려요","CHATTING","2020-12-14T19:57:45","3463570","False","2020-12-14T19:00:01.43","2026-05-21T13:10:23.082246+00:00"
"37802","41092184","0","6jjMw","홍서연","와 축하드려요","CHATTING","2020-12-14T19:57:46","3464570","False","2020-12-14T19:00:01.43","2026-05-21T13:10:23.082246+00:00"
"37802","41092186","0","2eJCU","402a****","멤버쉽 가입했어요","CHATTING","2020-12-14T19:57:46","3464570","False","2020-12-14T19:00:01.43","2026-05-21T13:10:23.082246+00:00"
"37802","41092187","0","cTWqo","cre","잘보고갑니다 가입해야지","CHATTING","2020-12-14T19:57:46","3464570","False","2020-12-14T19:00:01.43","2026-05-21T13:10:23.082246+00:00"
"37802","41092189","0","IVvI","루메나","오늘 방송 잘 보고갑니다","CHATTING","2020-12-14T19:57:46","3464570","False","2020-12-14T19:00:01.43","2026-05-21T13:10:23.082246+00:00"
"37802","41092193","0","2nJDt","말하는대로","ㅊㅋ드려요 초대왕 우와~","CHATTING","2020-12-14T19:57:46","3464570","False","2020-12-14T19:00:01.43","2026-05-21T13:10:23.082246+00:00"
"37802","41092194","0","5V6oN","이찬우","축하합니다~","CHATTING","2020-12-14T19:57:46","3464570","False","2020-12-14T19:00:01.43","2026-05-21T13:10:23.082246+00:00"
"37802","41092195","0","2M6gc","하늘색달빛","다른 곳에서 닉이 윈디인데...","CHATTING","2020-12-14T19:57:46","3464570","False","2020-12-14T19:00:01.43","2026-05-21T13:10:23.082246+00:00"
"37802","41092197","0","2exkp","프릴","ㅋㅋ","CHATTING","2020-12-14T19:57:47","3465570","False","2020-12-14T19:00:01.43","2026-05-21T13:10:23.082246+00:00"
"37802","41092199","0","cbtyA","하리","와우","CHATTING","2020-12-14T19:57:47","3465570","False","2020-12-14T19:00:01.43","2026-05-21T13:10:23.082246+00:00"
"37802","41092200","0","2wWOG","완달이","축하합니당","CHATTING","2020-12-14T19:57:47","3465570","False","2020-12-14T19:00:01.43","2026-05-21T13:10:23.082246+00:00"
"37802","41092201","0","6uUBH","Good찌","😊😊","CHATTING","2020-12-14T19:57:47","3465570","False","2020-12-14T19:00:01.43","2026-05-21T13:10:23.082246+00:00"
"37802","41092203","0","cBQ5Z","룰루랄라","네/네이버 맴버쉽을 이/이라방을 보고 가입하세요 버/버스 떠나기전에 잡으세요!! 혜택짱이에요♥","CHATTING","2020-12-14T19:57:47","3465570","False","2020-12-14T19:00:01.43","2026-05-21T13:10:23.082246+00:00"
"37802","41092204","0","JklT","3Y","ㅊㅋㅊㅋ","CHATTING","2020-12-14T19:57:47","3465570","False","2020-12-14T19:00:01.43","2026-05-21T13:10:23.082246+00:00"
"37802","41092205","0","y0CE","xxsz****","이런","CHATTING","2020-12-14T19:57:47","3465570","False","2020-12-14T19:00:01.43","2026-05-21T13:10:23.082246+00:00"
"37802","41092206","0","1VBTw","별빛속에","우와","CHATTING","2020-12-14T19:57:47","3465570","False","2020-12-14T19:00:01.43","2026-05-21T13:10:23.082246+00:00"
"37802","41092213","0","WSLo","부자마미1","축하드려요","CHATTING","2020-12-14T19:57:48","3466570","False","2020-12-14T19:00:01.43","2026-05-21T13:10:23.082246+00:00"
"37802","41092216","0","1pYrh","소해","축하드립니다","CHATTING","2020-12-14T19:57:48","3466570","False","2020-12-14T19:00:01.43","2026-05-21T13:10:23.082246+00:00"
"37802","41092219","0","5CBfJ","꽃토끼","8시까지 아닌가요?","CHATTING","2020-12-14T19:57:48","3466570","False","2020-12-14T19:00:01.43","2026-05-21T13:10:23.082246+00:00"
"37802","41092224","0","5T3Ro","AngelCasthle","와 1등 대박","CHATTING","2020-12-14T19:57:48","3466570","False","2020-12-14T19:00:01.43","2026-05-21T13:10:23.082246+00:00"
"37802","41092226","0","2cdgb","모카","라방 처음부터 다 참여한건 처음인듯....","CHATTING","2020-12-14T19:57:48","3466570","False","2020-12-14T19:00:01.43","2026-05-21T13:10:23.082246+00:00"
"37802","41092227","0","15Lu8","제로곰","우와 ㅎㅎ","CHATTING","2020-12-14T19:57:48","3466570","False","2020-12-14T19:00:01.43","2026-05-21T13:10:23.082246+00:00"
"37802","41092228","0","6ojwo","샤콘느","ㅊㅋ","CHATTING","2020-12-14T19:57:48","3466570","False","2020-12-14T19:00:01.43","2026-05-21T13:10:23.082246+00:00"
"37802","41092229","0","dbQP","퍼플","추카드려요","CHATTING","2020-12-14T19:57:49","3467570","False","2020-12-14T19:00:01.43","2026-05-21T13:10:23.082246+00:00"
"37802","41092230","0","8pFeL","수수","축하해요","CHATTING","2020-12-14T19:57:49","3467570","False","2020-12-14T19:00:01.43","2026-05-21T13:10:23.082246+00:00"
"37802","41092232","0","2FJpA","슬기","ㅋㅋㅋㅋㅋㅋㅋ우와초대왕","CHATTING","2020-12-14T19:57:49","3467570","False","2020-12-14T19:00:01.43","2026-05-21T13:10:23.082246+00:00"
"37802","41092233","0","cBQ5Z","룰루랄라","네/네이버 맴버쉽을 이/이라방을 보고 가입하세요 버/버스 떠나기전에 잡으세요!! 혜택짱이에요♥","CHATTING","2020-12-14T19:57:49","3467570","False","2020-12-14T19:00:01.43","2026-05-21T13:10:23.082246+00:00"
"37802","41092238","0","3ZsXb","qeqeqeqeq","초대왕 축하드려용","CHATTING","2020-12-14T19:57:49","3467570","False","2020-12-14T19:00:01.43","2026-05-21T13:10:23.082246+00:00"
"37802","41092239","0","3PNvk","kyji****","qkdl","CHATTING","2020-12-14T19:57:49","3467570","False","2020-12-14T19:00:01.43","2026-05-21T13:10:23.082246+00:00"
"37802","41092250","0","2gnJW","슬기","숫자가 줄기는 커녕 오히려 늘고있어 ㅋㅋㅋㅋ","CHATTING","2020-12-14T19:57:49","3467570","False","2020-12-14T19:00:01.43","2026-05-21T13:10:23.083249+00:00"
"37802","41092252","0","cWaZK","sic","초대왕 대박","CHATTING","2020-12-14T19:57:50","3468570","False","2020-12-14T19:00:01.43","2026-05-21T13:10:23.083249+00:00"
"37802","41092253","0","Rmer","겸둥이","잘보고갑니다","CHATTING","2020-12-14T19:57:50","3468570","False","2020-12-14T19:00:01.43","2026-05-21T13:10:23.083249+00:00"
"37802","41092254","0","GzSS","케이엠제이","축하드려요 ~^^","CHATTING","2020-12-14T19:57:50","3468570","False","2020-12-14T19:00:01.43","2026-05-21T13:10:23.083249+00:00"
"37802","41092260","0","30RKd","올리브","초대왕ㅋㅋ 이런거왜함","CHATTING","2020-12-14T19:57:50","3468570","False","2020-12-14T19:00:01.43","2026-05-21T13:10:23.083249+00:00"
"37802","41092261","0","4a8JH","은하수별빛","잘보고 갑니다","CHATTING","2020-12-14T19:57:50","3468570","False","2020-12-14T19:00:01.43","2026-05-21T13:10:23.083249+00:00"
"37802","41092263","0","8O2zY","두녕이","ㅡ.ㅡ","CHATTING","2020-12-14T19:57:50","3468570","False","2020-12-14T19:00:01.43","2026-05-21T13:10:23.083249+00:00"
"37802","41092264","0","27QMn","안녕하십니캬","좋습니다 네이버 플러스","CHATTING","2020-12-14T19:57:50","3468570","False","2020-12-14T19:00:01.43","2026-05-21T13:10:23.083249+00:00"
"37802","41092267","0","xnaJ","아들부자님","측하축하","CHATTING","2020-12-14T19:57:50","3468570","False","2020-12-14T19:00:01.43","2026-05-21T13:10:23.083249+00:00"
"37802","41092268","0","Fwrz","꿀밤","와","CHATTING","2020-12-14T19:57:50","3468570","False","2020-12-14T19:00:01.43","2026-05-21T13:10:23.083249+00:00"
"37802","41092269","0","2besK","내쉬","초대왕 왜 하는겨 예전보던 사람이네","CHATTING","2020-12-14T19:57:50","3468570","False","2020-12-14T19:00:01.43","2026-05-21T13:10:23.083249+00:00"
"37802","41092271","0","485rz","ㄱㄱㄱ","1등 축하축하루~~~~","CHATTING","2020-12-14T19:57:50","3468570","False","2020-12-14T19:00:01.43","2026-05-21T13:10:23.083249+00:00"
"37802","41092274","0","5jE7j","리코렛","당첨 축사새요","CHATTING","2020-12-14T19:57:50","3468570","False","2020-12-14T19:00:01.43","2026-05-21T13:10:23.083249+00:00"
"37802","41092275","0","6EZyU","쪼르르르","넘 좋네요 ㅎㅎㅎ","CHATTING","2020-12-14T19:57:50","3468570","False","2020-12-14T19:00:01.43","2026-05-21T13:10:23.083249+00:00"
"37802","41092276","0","2UtG3","이루리","갑자기 끝나네...","CHATTING","2020-12-14T19:57:50","3468570","False","2020-12-14T19:00:01.43","2026-05-21T13:10:23.083249+00:00"
"37802","41092278","0","ZWX1","사콩다리","초대왕 축하드려요","CHATTING","2020-12-14T19:57:51","3469570","False","2020-12-14T19:00:01.43","2026-05-21T13:10:23.083249+00:00"
"37802","41092281","0","8ovUm","cducky","축하합니다","CHATTING","2020-12-14T19:57:51","3469570","False","2020-12-14T19:00:01.43","2026-05-21T13:10:23.083249+00:00"
"37802","41092282","0","5pC2W","미달이","즐거운 시간이었어요..ㅎㅎㅎ","CHATTING","2020-12-14T19:57:51","3469570","False","2020-12-14T19:00:01.43","2026-05-21T13:10:23.083249+00:00"
"37802","41092284","0","2gcnO","아오야요","끝났어요?","CHATTING","2020-12-14T19:57:51","3469570","False","2020-12-14T19:00:01.43","2026-05-21T13:10:23.083249+00:00"
"37802","41092285","0","1Kokh","0woo****","축하합니다!!","CHATTING","2020-12-14T19:57:51","3469570","False","2020-12-14T19:00:01.43","2026-05-21T13:10:23.083249+00:00"
"37802","41092287","0","1SKQi","애플소다","추첨","CHATTING","2020-12-14T19:57:51","3469570","False","2020-12-14T19:00:01.43","2026-05-21T13:10:23.083249+00:00"
"37802","41092288","0","cBQ5Z","룰루랄라","네/네이버 맴버쉽을 이/이라방을 보고 가입하세요 버/버스 떠나기전에 잡으세요!! 혜택짱이에요♥","CHATTING","2020-12-14T19:57:51","3469570","False","2020-12-14T19:00:01.43","2026-05-21T13:10:23.083249+00:00"
"37802","41092290","0","dbQP","퍼플","부럽습니다.","CHATTING","2020-12-14T19:57:52","3470570","False","2020-12-14T19:00:01.43","2026-05-21T13:10:23.083249+00:00"
"37802","41092292","0","3HJk1","n4721","우왕 축하해요!!!","CHATTING","2020-12-14T19:57:52","3470570","False","2020-12-14T19:00:01.43","2026-05-21T13:10:23.083249+00:00"
"37802","41092294","0","4dQcV","코코쭌","축하드려요","CHATTING","2020-12-14T19:57:52","3470570","False","2020-12-14T19:00:01.43","2026-05-21T13:10:23.083249+00:00"
"37802","41092296","0","3KpYp","yyy","💙💙💙💙💙👍👍👍👍","CHATTING","2020-12-14T19:57:52","3470570","False","2020-12-14T19:00:01.43","2026-05-21T13:10:23.083249+00:00"
"37802","41092304","0","3ceWy","sriracha","헐 초대와이 벌써","CHATTING","2020-12-14T19:57:52","3470570","False","2020-12-14T19:00:01.43","2026-05-21T13:10:23.083249+00:00"
"37802","41092306","0","2i6uN","아오","초대와 추카드려요","CHATTING","2020-12-14T19:57:52","3470570","False","2020-12-14T19:00:01.43","2026-05-21T13:10:23.083249+00:00"
"37802","41092307","0","3tpRX","방긋","100은 언제 발표하나요?","CHATTING","2020-12-14T19:57:52","3470570","False","2020-12-14T19:00:01.43","2026-05-21T13:10:23.083249+00:00"
"37802","41092308","0","6FcTP","수리","우와 일위발표ㅎㅎ 축하드립니다","CHATTING","2020-12-14T19:57:53","3471570","False","2020-12-14T19:00:01.43","2026-05-21T13:10:23.083249+00:00"
"37802","41092312","0","1Xljq","com1180","초대왕?","CHATTING","2020-12-14T19:57:53","3471570","False","2020-12-14T19:00:01.43","2026-05-21T13:10:23.083249+00:00"
"37802","41092316","0","3fCb9","라플라스","대박이네요","CHATTING","2020-12-14T19:57:53","3471570","False","2020-12-14T19:00:01.43","2026-05-21T13:10:23.083249+00:00"
"37802","41092319","0","2YNOL","새로운나","축하드려요!!","CHATTING","2020-12-14T19:57:53","3471570","False","2020-12-14T19:00:01.43","2026-05-21T13:10:23.083249+00:00"
"37802","41092322","0","1c0gg","LHY","12개월 꼭 갖고 싶네여ㅠㅠㅠㅠ","CHATTING","2020-12-14T19:57:53","3471570","False","2020-12-14T19:00:01.43","2026-05-21T13:10:23.083249+00:00"
"37802","41092323","0","5kAEW","여우야","추카추카","CHATTING","2020-12-14T19:57:53","3471570","False","2020-12-14T19:00:01.43","2026-05-21T13:10:23.083249+00:00"
"37802","41092324","0","zQOr","자몽","축하드려용","CHATTING","2020-12-14T19:57:53","3471570","False","2020-12-14T19:00:01.43","2026-05-21T13:10:23.083249+00:00"
"37802","41092328","0","27mHd","jaem****","추카추카","CHATTING","2020-12-14T19:57:53","3471570","False","2020-12-14T19:00:01.43","2026-05-21T13:10:23.083249+00:00"
"37802","41092329","0","PRUn","부슬비","ㅊㅋㅊㅋ","CHATTING","2020-12-14T19:57:54","3472570","False","2020-12-14T19:00:01.43","2026-05-21T13:10:23.083249+00:00"
"37802","41092336","0","3s537","우리우기","잘보고 가요..","CHATTING","2020-12-14T19:57:54","3472570","False","2020-12-14T19:00:01.43","2026-05-21T13:10:23.083249+00:00"
"37802","41092337","0","2b1xB","데스티니","대박","CHATTING","2020-12-14T19:57:54","3472570","False","2020-12-14T19:00:01.43","2026-05-21T13:10:23.083249+00:00"
"37802","41092344","0","qIZ5","빵상","축하드려요","CHATTING","2020-12-14T19:57:55","3473570","False","2020-12-14T19:00:01.43","2026-05-21T13:10:23.083249+00:00"
"37802","41092346","0","3C2qJ","요정","멤버십 자주쓰니까 꼭 쓰고싶어요","CHATTING","2020-12-14T19:57:55","3473570","False","2020-12-14T19:00:01.43","2026-05-21T13:10:23.083249+00:00"
"37802","41092351","0","5Iztc","감자","축하드려요~","CHATTING","2020-12-14T19:57:55","3473570","False","2020-12-14T19:00:01.43","2026-05-21T13:10:23.083249+00:00"
"37802","41092352","0","xnaJ","아들부자님","네이버짱","CHATTING","2020-12-14T19:57:55","3473570","False","2020-12-14T19:00:01.43","2026-05-21T13:10:23.083249+00:00"
"37802","41092354","0","5jE7j","리코렛","축하해요","CHATTING","2020-12-14T19:57:55","3473570","False","2020-12-14T19:00:01.43","2026-05-21T13:10:23.083249+00:00"
"37802","41092357","0","4Qgfd","지기","ㅜㅜ","CHATTING","2020-12-14T19:57:55","3473570","False","2020-12-14T19:00:01.43","2026-05-21T13:10:23.083249+00:00"
"37802","41092358","0","2OsEV","hun6****","ㅊㅋㅊㅋ","CHATTING","2020-12-14T19:57:55","3473570","False","2020-12-14T19:00:01.43","2026-05-21T13:10:23.083249+00:00"
"37802","41092359","0","1YnZ5","하이이이잉","축하축하합니다 이제 또 가야겠어요 쇼핑하러 고고","CHATTING","2020-12-14T19:57:55","3473570","False","2020-12-14T19:00:01.43","2026-05-21T13:10:23.083249+00:00"
"37802","41092360","0","28Ztu","안녕","축하합니다","CHATTING","2020-12-14T19:57:55","3473570","False","2020-12-14T19:00:01.43","2026-05-21T13:10:23.083249+00:00"
"37802","41092363","0","1SKQi","애플소다","언제하나요","CHATTING","2020-12-14T19:57:55","3473570","False","2020-12-14T19:00:01.43","2026-05-21T13:10:23.083249+00:00"
"37802","41092369","0","XzNK","엠노트","축하","CHATTING","2020-12-14T19:57:56","3474570","False","2020-12-14T19:00:01.43","2026-05-21T13:10:23.083249+00:00"
"37802","41092375","0","2jrud","simgy","축하드려요","CHATTING","2020-12-14T19:57:56","3474570","False","2020-12-14T19:00:01.43","2026-05-21T13:10:23.083249+00:00"
"37802","41092376","0","H2sx","폴로","네이버 혜택 짱 좋아용","CHATTING","2020-12-14T19:57:56","3474570","False","2020-12-14T19:00:01.43","2026-05-21T13:10:23.083249+00:00"
"37802","41092381","0","1BYIA","꽃슈","츄카","CHATTING","2020-12-14T19:57:56","3474570","False","2020-12-14T19:00:01.43","2026-05-21T13:10:23.083249+00:00"
"37802","41092382","0","1k6hx","잠수부","한명만?","CHATTING","2020-12-14T19:57:56","3474570","False","2020-12-14T19:00:01.43","2026-05-21T13:10:23.083249+00:00"
"37802","41092384","0","45jEu","TnT","부럽","CHATTING","2020-12-14T19:57:56","3474570","False","2020-12-14T19:00:01.43","2026-05-21T13:10:23.083249+00:00"
"37802","41092396","0","25QVk","hp70****","바잉","CHATTING","2020-12-14T19:57:57","3475570","False","2020-12-14T19:00:01.43","2026-05-21T13:10:23.083249+00:00"
"37802","41092405","0","4HdI7","륜","이제 나가야하는데 못나가겠어요","CHATTING","2020-12-14T19:57:57","3475570","False","2020-12-14T19:00:01.43","2026-05-21T13:10:23.083249+00:00"
"37802","41092407","0","3cjRq","두리번","축하드려요","CHATTING","2020-12-14T19:57:57","3475570","False","2020-12-14T19:00:01.43","2026-05-21T13:10:23.083249+00:00"
"37802","41092408","0","3IO5Y","눈사람","추카추카","CHATTING","2020-12-14T19:57:57","3475570","False","2020-12-14T19:00:01.43","2026-05-21T13:10:23.083249+00:00"
"37802","41092410","0","74BEH","하늘비","축하드려요~","CHATTING","2020-12-14T19:57:58","3476570","False","2020-12-14T19:00:01.43","2026-05-21T13:10:23.083249+00:00"
"37802","41092411","0","8kV5A","루니","초대왕 ㅊㅋㅊㅋ","CHATTING","2020-12-14T19:57:58","3476570","False","2020-12-14T19:00:01.43","2026-05-21T13:10:23.083249+00:00"
"37802","41092423","0","2oCBr","sujg****","추카드려유","CHATTING","2020-12-14T19:57:58","3476570","False","2020-12-14T19:00:01.43","2026-05-21T13:10:23.083249+00:00"
"37802","41092427","0","4gIFK","밤밤","ㅊㅋㅊㅋ","CHATTING","2020-12-14T19:57:58","3476570","False","2020-12-14T19:00:01.43","2026-05-21T13:10:23.083249+00:00"
"37802","41092429","0","54Wor","체크","초대왕축하드려영","CHATTING","2020-12-14T19:57:58","3476570","False","2020-12-14T19:00:01.43","2026-05-21T13:10:23.083249+00:00"
"37802","41092430","0","3qOth","000","초대왕?","CHATTING","2020-12-14T19:57:58","3476570","False","2020-12-14T19:00:01.43","2026-05-21T13:10:23.083249+00:00"
"37802","41092431","0","5kO5W","크림슨","축하드려요","CHATTING","2020-12-14T19:57:58","3476570","False","2020-12-14T19:00:01.43","2026-05-21T13:10:23.083249+00:00"
"37802","41092434","0","VKag","골드후아유","갑자기끝났어","CHATTING","2020-12-14T19:57:58","3476570","False","2020-12-14T19:00:01.43","2026-05-21T13:10:23.083249+00:00"
"37802","41092437","0","csz0l","ran","대박~","CHATTING","2020-12-14T19:57:58","3476570","False","2020-12-14T19:00:01.43","2026-05-21T13:10:23.083249+00:00"
"37802","41092441","0","5SO2l","별","ㅊㅋㅊㅋ","CHATTING","2020-12-14T19:57:59","3477570","False","2020-12-14T19:00:01.43","2026-05-21T13:10:23.083249+00:00"
"37802","41092445","0","1P4Td","그리운","멤버십 회원 여러분 지금 당장 장보기 하러 가세요~~~~~~~~~~","CHATTING","2020-12-14T19:57:59","3477570","False","2020-12-14T19:00:01.43","2026-05-21T13:10:23.083249+00:00"
"37802","41092446","0","3D9Ae","DAORI","ㅊㅋ","CHATTING","2020-12-14T19:57:59","3477570","False","2020-12-14T19:00:01.43","2026-05-21T13:10:23.083249+00:00"
"37802","41092450","0","3GU12","전지적S급","혜택 계속 많이 부탁드립니다 잘쓸게요","CHATTING","2020-12-14T19:57:59","3477570","False","2020-12-14T19:00:01.43","2026-05-21T13:10:23.083249+00:00"
"37802","41092454","0","wWCp","add7****","👍","CHATTING","2020-12-14T19:57:59","3477570","False","2020-12-14T19:00:01.43","2026-05-21T13:10:23.083249+00:00"
"37802","41092462","0","34Yv6","skcl****","잘보고가요","CHATTING","2020-12-14T19:57:59","3477570","False","2020-12-14T19:00:01.43","2026-05-21T13:10:23.083249+00:00"
"37802","41092472","0","2tm0c","기연","와 1등분 대박 ㅠㅠ 축하드려요~","CHATTING","2020-12-14T19:58:00","3478570","False","2020-12-14T19:00:01.43","2026-05-21T13:10:23.083249+00:00"
"37802","41092478","0","2uHmO","jin","아쉬워요ㅜ","CHATTING","2020-12-14T19:58:00","3478570","False","2020-12-14T19:00:01.43","2026-05-21T13:10:23.083249+00:00"
"37802","41092480","0","7b7Ud","해바라기그녀","네이버멤버쉽 아주잘쓰고있고","CHATTING","2020-12-14T19:58:00","3478570","False","2020-12-14T19:00:01.43","2026-05-21T13:10:23.083249+00:00"
"37802","41092486","0","6hkvl","TOP","잘보고갑니당","CHATTING","2020-12-14T19:58:00","3478570","False","2020-12-14T19:00:01.43","2026-05-21T13:10:23.083249+00:00"
"37802","41092488","0","6jjMw","홍서연","장보기 해보러 갑니당","CHATTING","2020-12-14T19:58:00","3478570","False","2020-12-14T19:00:01.43","2026-05-21T13:10:23.083249+00:00"
"37802","41092491","0","dlmik","ssu","끝났어요???","CHATTING","2020-12-14T19:58:00","3478570","False","2020-12-14T19:00:01.43","2026-05-21T13:10:23.083249+00:00"
"37802","41092493","0","We0y","man","너무 좋네요","CHATTING","2020-12-14T19:58:00","3478570","False","2020-12-14T19:00:01.43","2026-05-21T13:10:23.083249+00:00"
"37802","41092498","0","4XDaG","메탈기관총","초대왕 ㅊㅋ드립니다. 너무나도 뷰러워요 ㅠㅠㅠㅠㅠㅠㅠ","CHATTING","2020-12-14T19:58:01","3479570","False","2020-12-14T19:00:01.43","2026-05-21T13:10:23.083249+00:00"
"37802","41092513","0","2umHp","킥","축하합니다","CHATTING","2020-12-14T19:58:01","3479570","False","2020-12-14T19:00:01.43","2026-05-21T13:10:23.083249+00:00"
"37802","41092514","0","2i6uN","아오","축하해요","CHATTING","2020-12-14T19:58:01","3479570","False","2020-12-14T19:00:01.43","2026-05-21T13:10:23.083249+00:00"
"37802","41092524","0","csz0l","ran","ㅊㅋㅊㅋ","CHATTING","2020-12-14T19:58:02","3480570","False","2020-12-14T19:00:01.43","2026-05-21T13:10:23.083249+00:00"
"37802","41092525","0","5oTLP","똘랑","대박 대박","CHATTING","2020-12-14T19:58:02","3480570","False","2020-12-14T19:00:01.43","2026-05-21T13:10:23.083249+00:00"
"37802","41092527","0","muZc","PDCIB","초대왕 1위 축하드려요🎉","CHATTING","2020-12-14T19:58:02","3480570","False","2020-12-14T19:00:01.43","2026-05-21T13:10:23.083249+00:00"
"37802","41092528","0","6HqQw","한경미","축하합니다 너무 좋고 대박입니다","CHATTING","2020-12-14T19:58:02","3480570","False","2020-12-14T19:00:01.43","2026-05-21T13:10:23.083249+00:00"
"37802","41092534","0","z3kw","벨루3","초대왕 축하드려요","CHATTING","2020-12-14T19:58:02","3480570","False","2020-12-14T19:00:01.43","2026-05-21T13:10:23.083249+00:00"
"37802","41092543","0","2cdgb","모카","초대왕 축하드려요,!!","CHATTING","2020-12-14T19:58:02","3480570","False","2020-12-14T19:00:01.43","2026-05-21T13:10:23.083249+00:00"
"37802","41092546","0","2vdZe","민둥","네감사합니다","CHATTING","2020-12-14T19:58:02","3480570","False","2020-12-14T19:00:01.43","2026-05-21T13:10:23.083249+00:00"
"37802","41092556","0","8PsC7","JW","초대오아1위축하해요","CHATTING","2020-12-14T19:58:03","3481570","False","2020-12-14T19:00:01.43","2026-05-21T13:10:23.083249+00:00"
"37802","41092558","0","1ZemA","손익분기점","대박나세요","CHATTING","2020-12-14T19:58:03","3481570","False","2020-12-14T19:00:01.43","2026-05-21T13:10:23.083249+00:00"
"37802","41092562","0","30RKd","올리브","겆왕ㅋㅋ","CHATTING","2020-12-14T19:58:03","3481570","False","2020-12-14T19:00:01.43","2026-05-21T13:10:23.083249+00:00"
"37802","41092575","0","1lagd","언년이","ㅜㅜ","CHATTING","2020-12-14T19:58:03","3481570","False","2020-12-14T19:00:01.43","2026-05-21T13:10:23.083249+00:00"
"37802","41092587","0","9S3Do","혀니","축하해요","CHATTING","2020-12-14T19:58:03","3481570","False","2020-12-14T19:00:01.43","2026-05-21T13:10:23.083249+00:00"
"37802","41092589","0","cUuI9","beca","잘보았어요","CHATTING","2020-12-14T19:58:03","3481570","False","2020-12-14T19:00:01.43","2026-05-21T13:10:23.083249+00:00"
"37802","41092601","0","daSDI","ohs","너무 좋네요","CHATTING","2020-12-14T19:58:04","3482570","False","2020-12-14T19:00:01.43","2026-05-21T13:10:23.083249+00:00"
"37802","41092602","0","3O4C7","yn27","초대왕 축하드립니다","CHATTING","2020-12-14T19:58:04","3482570","False","2020-12-14T19:00:01.43","2026-05-21T13:10:23.083249+00:00"
"37802","41092623","0","1SKQi","애플소다","추청은","CHATTING","2020-12-14T19:58:04","3482570","False","2020-12-14T19:00:01.43","2026-05-21T13:10:23.083249+00:00"
"37802","41092624","0","2umHp","킥","초대왕 우와","CHATTING","2020-12-14T19:58:05","3483570","False","2020-12-14T19:00:01.43","2026-05-21T13:10:23.083249+00:00"
"37802","41092625","0","5g9mS","몽쉘","안녕","CHATTING","2020-12-14T19:58:05","3483570","False","2020-12-14T19:00:01.43","2026-05-21T13:10:23.083249+00:00"
"37802","41092632","0","1SrsB","참치","축하합니다","CHATTING","2020-12-14T19:58:05","3483570","False","2020-12-14T19:00:01.43","2026-05-21T13:10:23.083249+00:00"
"37802","41092636","0","VKag","골드후아유","ㅋㅣㅣ기기ㅣㄱ","CHATTING","2020-12-14T19:58:05","3483570","False","2020-12-14T19:00:01.43","2026-05-21T13:10:23.083249+00:00"
"37802","41092637","0","3tfrB","유자맘","방송 끝난건가요?????","CHATTING","2020-12-14T19:58:05","3483570","False","2020-12-14T19:00:01.43","2026-05-21T13:10:23.083249+00:00"
"37802","41092641","0","u8E6","꼬맹이","💚💚12개월 받고 싶은 1인😍😍💚💚","CHATTING","2020-12-14T19:58:05","3483570","False","2020-12-14T19:00:01.43","2026-05-21T13:10:23.083751+00:00"
"37802","41092642","0","7b7Ud","해바라기그녀","좋은혜택 감사요","CHATTING","2020-12-14T19:58:05","3483570","False","2020-12-14T19:00:01.43","2026-05-21T13:10:23.083751+00:00"
"37802","41092650","0","brijc","그레이트게임","잘보고갑니다","CHATTING","2020-12-14T19:58:05","3483570","False","2020-12-14T19:00:01.43","2026-05-21T13:10:23.083751+00:00"
"37802","41092667","0","3sp8l","wind****","십만명 ㄷㄷ","CHATTING","2020-12-14T19:58:06","3484570","False","2020-12-14T19:00:01.43","2026-05-21T13:10:23.083751+00:00"
"37802","41092690","0","6DuCd","Jean","초대왕 기준은 뭐에용 ㅋㅋ","CHATTING","2020-12-14T19:58:06","3484570","False","2020-12-14T19:00:01.43","2026-05-21T13:10:23.083751+00:00"
"37802","41092694","0","cbtyA","하리","와우","CHATTING","2020-12-14T19:58:06","3484570","False","2020-12-14T19:00:01.43","2026-05-21T13:10:23.083751+00:00"
"37802","41092700","0","6fpeZ","달달구리","❤🧡네이버 플러스 멤버쉽 다양한 서비스 무료이용권에 넘사벽 적립금..거기에 간편한 쇼핑 및 결제가 정말 대세임을 입증하는거 같아요~ 가입한거 정말 후회안돼요~🧡💛💚","CHATTING","2020-12-14T19:58:07","3485570","False","2020-12-14T19:00:01.43","2026-05-21T13:10:23.083751+00:00"
"37802","41092703","0","8pFeL","수수","잘보고갑니다","CHATTING","2020-12-14T19:58:07","3485570","False","2020-12-14T19:00:01.43","2026-05-21T13:10:23.083751+00:00"
"37802","41092707","0","2exkp","프릴","즐거웠어요","CHATTING","2020-12-14T19:58:07","3485570","False","2020-12-14T19:00:01.43","2026-05-21T13:10:23.083751+00:00"
"37802","41092710","0","2cWuY","jang****","초대받고 왔어요","CHATTING","2020-12-14T19:58:07","3485570","False","2020-12-14T19:00:01.43","2026-05-21T13:10:23.083751+00:00"
"37802","41092712","0","2uHmO","jin","축하드려요^^","CHATTING","2020-12-14T19:58:07","3485570","False","2020-12-14T19:00:01.43","2026-05-21T13:10:23.083751+00:00"
"37802","41092720","0","3C2qJ","요정","쇼핑할때 웹툰볼때 이용 ㅎㅎ","CHATTING","2020-12-14T19:58:08","3486570","False","2020-12-14T19:00:01.43","2026-05-21T13:10:23.083751+00:00"
"37802","41092721","0","2ZATW","미키블루","축하해요","CHATTING","2020-12-14T19:58:08","3486570","False","2020-12-14T19:00:01.43","2026-05-21T13:10:23.083751+00:00"
"37802","41092729","0","3tpRX","방긋","나두 12개월 혜택받고싶다~^^","CHATTING","2020-12-14T19:58:08","3486570","False","2020-12-14T19:00:01.43","2026-05-21T13:10:23.083751+00:00"
"37802","41092730","0","3GU12","전지적S급","앞으로도 혜택많이많이","CHATTING","2020-12-14T19:58:08","3486570","False","2020-12-14T19:00:01.43","2026-05-21T13:10:23.083751+00:00"
"37802","41092738","0","3i1Vp","봉이","축하해용~","CHATTING","2020-12-14T19:58:08","3486570","False","2020-12-14T19:00:01.43","2026-05-21T13:10:23.083751+00:00"
"37802","41092743","0","1BTUs","아라리","즐거운 방송 고마워요!!!!!!❤️❤️❤️쇼핑하러 가즈아!!!❤️❤️❤️❤️","CHATTING","2020-12-14T19:58:08","3486570","False","2020-12-14T19:00:01.43","2026-05-21T13:10:23.083751+00:00"
"37802","41092744","0","1wH8R","wnpd****","헝...","CHATTING","2020-12-14T19:58:08","3486570","False","2020-12-14T19:00:01.43","2026-05-21T13:10:23.083751+00:00"
"37802","41092746","0","1TAIU","강화도령","축하요","CHATTING","2020-12-14T19:58:08","3486570","False","2020-12-14T19:00:01.43","2026-05-21T13:10:23.083751+00:00"
"37802","41092752","0","c16ho","나무쿤","ㅊㅋㅇ","CHATTING","2020-12-14T19:58:08","3486570","False","2020-12-14T19:00:01.43","2026-05-21T13:10:23.083751+00:00"
"37802","41092753","0","4E7uL","도비는 자유","초대왕 또시작이네","CHATTING","2020-12-14T19:58:08","3486570","False","2020-12-14T19:00:01.43","2026-05-21T13:10:23.083751+00:00"
"37802","41092754","0","6qKPU","akskdkfk","축하합니다","CHATTING","2020-12-14T19:58:08","3486570","False","2020-12-14T19:00:01.43","2026-05-21T13:10:23.083751+00:00"
"37802","41092759","0","5XcO5","Africa toy boy","몇분 초대했나여","CHATTING","2020-12-14T19:58:08","3486570","False","2020-12-14T19:00:01.43","2026-05-21T13:10:23.083751+00:00"
"37802","41092765","0","1W1VU","MM","초대왕 축하드려용","CHATTING","2020-12-14T19:58:09","3487570","False","2020-12-14T19:00:01.43","2026-05-21T13:10:23.083751+00:00"
"37802","41092774","0","54Wor","체크","그럼 이만","CHATTING","2020-12-14T19:58:09","3487570","False","2020-12-14T19:00:01.43","2026-05-21T13:10:23.083751+00:00"
"37802","41092775","0","aPZY4","바람도리","축하합니다","CHATTING","2020-12-14T19:58:09","3487570","False","2020-12-14T19:00:01.43","2026-05-21T13:10:23.083751+00:00"
"37802","41092808","0","2wX2S","카고메","ㅍ좋은상품 소개 감사합니다","CHATTING","2020-12-14T19:58:10","3488570","False","2020-12-14T19:00:01.43","2026-05-21T13:10:23.083751+00:00"
"37802","41092813","0","3z2ER","아낙네","추카추카","CHATTING","2020-12-14T19:58:10","3488570","False","2020-12-14T19:00:01.43","2026-05-21T13:10:23.083751+00:00"
"37802","41092815","0","1SKQi","애플소다","안해요?","CHATTING","2020-12-14T19:58:10","3488570","False","2020-12-14T19:00:01.43","2026-05-21T13:10:23.083751+00:00"
"37802","41092831","0","3IO5Y","눈사람","안녕","CHATTING","2020-12-14T19:58:11","3489570","False","2020-12-14T19:00:01.43","2026-05-21T13:10:23.083751+00:00"
"37802","41092851","0","xnaJ","아들부자님","짱짱네이버♡♡","CHATTING","2020-12-14T19:58:11","3489570","False","2020-12-14T19:00:01.43","2026-05-21T13:10:23.083751+00:00"
"37802","41092865","0","2V4bM","꾹꾹이","네이버 멤버십😍","CHATTING","2020-12-14T19:58:12","3490570","False","2020-12-14T19:00:01.43","2026-05-21T13:10:23.083751+00:00"
"37802","41092876","0","1GyCv","이서","안녕 ~","CHATTING","2020-12-14T19:58:12","3490570","False","2020-12-14T19:00:01.43","2026-05-21T13:10:23.083751+00:00"
"37802","41092879","0","VKag","골드후아유","다음에만나여","CHATTING","2020-12-14T19:58:12","3490570","False","2020-12-14T19:00:01.43","2026-05-21T13:10:23.083751+00:00"
"37802","41092884","0","1vFam","000000","와 초대왕🙊","CHATTING","2020-12-14T19:58:12","3490570","False","2020-12-14T19:00:01.43","2026-05-21T13:10:23.083751+00:00"
"37802","41092888","0","fgwD","kar0****","잘봣어용","CHATTING","2020-12-14T19:58:13","3491570","False","2020-12-14T19:00:01.43","2026-05-21T13:10:23.083751+00:00"
"37802","41092891","0","59f4u","쿨하자","앞으로도 멤버십입니다","CHATTING","2020-12-14T19:58:13","3491570","False","2020-12-14T19:00:01.43","2026-05-21T13:10:23.083751+00:00"
"37802","41092893","0","2OsEV","hun6****","ㅊㅋㅊㅋ","CHATTING","2020-12-14T19:58:13","3491570","False","2020-12-14T19:00:01.43","2026-05-21T13:10:23.083751+00:00"
"37802","41092895","0","iKeV","블루레인","진짜 대박대박","CHATTING","2020-12-14T19:58:13","3491570","False","2020-12-14T19:00:01.43","2026-05-21T13:10:23.083751+00:00"
"37802","41092896","0","5oTLP","똘랑","또 만나요","CHATTING","2020-12-14T19:58:13","3491570","False","2020-12-14T19:00:01.43","2026-05-21T13:10:23.083751+00:00"
"37802","41092905","0","5C056","수천2","상품 좋습니다.","CHATTING","2020-12-14T19:58:13","3491570","False","2020-12-14T19:00:01.43","2026-05-21T13:10:23.083751+00:00"
"37802","41092907","0","qcT","워니","츅하드려요","CHATTING","2020-12-14T19:58:13","3491570","False","2020-12-14T19:00:01.43","2026-05-21T13:10:23.083751+00:00"
"37802","41092909","0","HPcO","nap","벌써 끝났나요","CHATTING","2020-12-14T19:58:13","3491570","False","2020-12-14T19:00:01.43","2026-05-21T13:10:23.083751+00:00"
"37802","41092910","0","1n2d4","kmsm****","네이버 멤버쉽 등에 업고 네이버 상한가 가쥬아","CHATTING","2020-12-14T19:58:13","3491570","False","2020-12-14T19:00:01.43","2026-05-21T13:10:23.083751+00:00"
"37802","41092924","0","u8E6","꼬맹이","💕💚💚네: 네이버는 사랑입니다 이: 이제 랜선 쇼핑은 네이버에서 버: 버선발로 맞이해요 네이버 플러스 멤버십 적립금💚💚💕","CHATTING","2020-12-14T19:58:14","3492570","False","2020-12-14T19:00:01.43","2026-05-21T13:10:23.083751+00:00"
"37802","41092927","0","3m3iB","ymj2****","잘바고갑니다~","CHATTING","2020-12-14T19:58:14","3492570","False","2020-12-14T19:00:01.43","2026-05-21T13:10:23.083751+00:00"
"37802","41092936","0","2IwLm","날씬해","삼성전자 브랜드 데이 구매도 좋나보네요","CHATTING","2020-12-14T19:58:14","3492570","False","2020-12-14T19:00:01.43","2026-05-21T13:10:23.083751+00:00"
"37802","41092952","0","iKeV","블루레인","축하드려요","CHATTING","2020-12-14T19:58:15","3493570","False","2020-12-14T19:00:01.43","2026-05-21T13:10:23.083751+00:00"
"37802","41092956","0","1wTEU","fullwhite","ㅃ2","CHATTING","2020-12-14T19:58:15","3493570","False","2020-12-14T19:00:01.43","2026-05-21T13:10:23.083751+00:00"
"37802","41092967","0","3jxzW","말달리자","다음에 다시만나요","CHATTING","2020-12-14T19:58:15","3493570","False","2020-12-14T19:00:01.43","2026-05-21T13:10:23.083751+00:00"
"37802","41092968","0","6jjMw","홍서연","장보기 해보러 갑니당","CHATTING","2020-12-14T19:58:15","3493570","False","2020-12-14T19:00:01.43","2026-05-21T13:10:23.083751+00:00"
"37802","41092971","0","3tfrB","유자맘","갑자기 끝난것같은 느낌은 뭐죠???ㅎㅎㅎ","CHATTING","2020-12-14T19:58:15","3493570","False","2020-12-14T19:00:01.43","2026-05-21T13:10:23.083751+00:00"
"37802","41092974","0","2FptC","mie2****","축하해요","CHATTING","2020-12-14T19:58:15","3493570","False","2020-12-14T19:00:01.43","2026-05-21T13:10:23.083751+00:00"
"37802","41092988","0","1k6hx","잠수부","잘 보고 갑니다","CHATTING","2020-12-14T19:58:16","3494570","False","2020-12-14T19:00:01.43","2026-05-21T13:10:23.083751+00:00"
"37802","41092999","0","20a66","고고고","우와","CHATTING","2020-12-14T19:58:16","3494570","False","2020-12-14T19:00:01.43","2026-05-21T13:10:23.083751+00:00"
"37802","41093014","0","2ZAbe","아별로더","동영상 기다렸는데 이제 다 봤네요 ~~","CHATTING","2020-12-14T19:58:16","3494570","False","2020-12-14T19:00:01.43","2026-05-21T13:10:23.083751+00:00"
"37802","41093016","0","NWPt","kktk****","축하드려요","CHATTING","2020-12-14T19:58:16","3494570","False","2020-12-14T19:00:01.43","2026-05-21T13:10:23.083751+00:00"
"37802","41093022","0","5HuR7","jamie","12개월 저도 받고싶어요😀","CHATTING","2020-12-14T19:58:17","3495570","False","2020-12-14T19:00:01.43","2026-05-21T13:10:23.083751+00:00"
"37802","41093025","0","1YnZ5","하이이이잉","네이버 쇼핑 하러 가야겠넹 ㅋㅋ","CHATTING","2020-12-14T19:58:17","3495570","False","2020-12-14T19:00:01.43","2026-05-21T13:10:23.083751+00:00"
"37802","41093031","0","3GImy","이희주","와","CHATTING","2020-12-14T19:58:17","3495570","False","2020-12-14T19:00:01.43","2026-05-21T13:10:23.083751+00:00"
"37802","41093037","0","cbtyA","하리","대박","CHATTING","2020-12-14T19:58:17","3495570","False","2020-12-14T19:00:01.43","2026-05-21T13:10:23.083751+00:00"
"37802","41093044","0","ve1n","skwp****","오 축하","CHATTING","2020-12-14T19:58:17","3495570","False","2020-12-14T19:00:01.43","2026-05-21T13:10:23.083751+00:00"
"37802","41093052","0","1iXRt","동글동글","좋다","CHATTING","2020-12-14T19:58:18","3496570","False","2020-12-14T19:00:01.43","2026-05-21T13:10:23.083751+00:00"
"37802","41093059","0","3C2qJ","요정","qI뺘이","CHATTING","2020-12-14T19:58:18","3496570","False","2020-12-14T19:00:01.43","2026-05-21T13:10:23.083751+00:00"
"37802","41093078","0","6fpeZ","달달구리","고생많으셨어요~♡♡","CHATTING","2020-12-14T19:58:18","3496570","False","2020-12-14T19:00:01.43","2026-05-21T13:10:23.083751+00:00"
"37802","41093081","0","4dQcV","코코쭌","다시 만나요","CHATTING","2020-12-14T19:58:19","3497570","False","2020-12-14T19:00:01.43","2026-05-21T13:10:23.083751+00:00"
"37802","41093091","0","2gnJW","슬기","12개월 혜택 받고 싶어요 ㅋㅋㅋㅋㅋㅋㅋㅋㅋㅋㅋㅋㅋㅋㅋㅋㅋㅋㅋㅋㅋㅋㅋㅋㅋㅋㅋㅋㅋㅋ 여러분도 저랑 같은 생각이죠?","CHATTING","2020-12-14T19:58:19","3497570","False","2020-12-14T19:00:01.43","2026-05-21T13:10:23.083751+00:00"
"37802","41093097","0","2UdNx","야호","안녀엉~~~~","CHATTING","2020-12-14T19:58:19","3497570","False","2020-12-14T19:00:01.43","2026-05-21T13:10:23.083751+00:00"
"37802","41093100","0","BsXW","다이나믹","또봐요~~!","CHATTING","2020-12-14T19:58:19","3497570","False","2020-12-14T19:00:01.43","2026-05-21T13:10:23.083751+00:00"
"37802","41093106","0","VKag","골드후아유","🎊🎉💙❤💚나는야 네이버가 좋다 4900원 혜자","CHATTING","2020-12-14T19:58:19","3497570","False","2020-12-14T19:00:01.43","2026-05-21T13:10:23.083751+00:00"
"37802","41093115","0","1vgJQ","해밀","역시 좋으네요","CHATTING","2020-12-14T19:58:20","3498570","False","2020-12-14T19:00:01.43","2026-05-21T13:10:23.083751+00:00"
"37802","41093135","0","3hR60","냥이조아","ㅃ2","CHATTING","2020-12-14T19:58:20","3498570","False","2020-12-14T19:00:01.43","2026-05-21T13:10:23.083751+00:00"
"37802","41093140","0","cbtyA","하리","넹","CHATTING","2020-12-14T19:58:20","3498570","False","2020-12-14T19:00:01.43","2026-05-21T13:10:23.083751+00:00"
"37802","41093150","0","5SO2l","별","👋👋👋👋👋","CHATTING","2020-12-14T19:58:21","3499570","False","2020-12-14T19:00:01.43","2026-05-21T13:10:23.083751+00:00"
"37802","41093157","0","7IkuO","니니","ㅋㅋㅋㅋㅋ","CHATTING","2020-12-14T19:58:21","3499570","False","2020-12-14T19:00:01.43","2026-05-21T13:10:23.083751+00:00"
"37802","41093179","0","2GswB","VERDE","다음에만나요","CHATTING","2020-12-14T19:58:22","3500570","False","2020-12-14T19:00:01.43","2026-05-21T13:10:23.083751+00:00"
"37802","41093180","0","8pFeL","수수","우와","CHATTING","2020-12-14T19:58:22","3500570","False","2020-12-14T19:00:01.43","2026-05-21T13:10:23.083751+00:00"
"37802","41093193","0","4H7Jz","가민596","상품 좋습니다.","CHATTING","2020-12-14T19:58:22","3500570","False","2020-12-14T19:00:01.43","2026-05-21T13:10:23.083751+00:00"
"37802","41093211","0","cbtyA","하리","않ㅇ","CHATTING","2020-12-14T19:58:23","3501570","False","2020-12-14T19:00:01.43","2026-05-21T13:10:23.083751+00:00"
"37802","41093212","0","3riiv","ellie","코트 색상 넘 이뻐요","CHATTING","2020-12-14T19:58:23","3501570","False","2020-12-14T19:00:01.43","2026-05-21T13:10:23.083751+00:00"
"37802","41093214","0","H0Ul","woni","또 만나요♡","CHATTING","2020-12-14T19:58:23","3501570","False","2020-12-14T19:00:01.43","2026-05-21T13:10:23.083751+00:00"
"37802","41093220","0","308RF","toy5****","안녕","CHATTING","2020-12-14T19:58:23","3501570","False","2020-12-14T19:00:01.43","2026-05-21T13:10:23.083751+00:00"
"37802","41093226","0","aPZY4","바람도리","멤버십 가입했어요","CHATTING","2020-12-14T19:58:24","3502570","False","2020-12-14T19:00:01.43","2026-05-21T13:10:23.083751+00:00"
"37802","41093232","0","1YnZ5","하이이이잉","저도저도","CHATTING","2020-12-14T19:58:24","3502570","False","2020-12-14T19:00:01.43","2026-05-21T13:10:23.083751+00:00"
"37802","41093241","0","2qu5H","fsyh****","다음이 또 봐요~~","CHATTING","2020-12-14T19:58:24","3502570","False","2020-12-14T19:00:01.43","2026-05-21T13:10:23.083751+00:00"
"37802","41093246","0","lqei","필이","감사합니다~~~~","CHATTING","2020-12-14T19:58:24","3502570","False","2020-12-14T19:00:01.43","2026-05-21T13:10:23.083751+00:00"
"37802","41093251","0","63jlK","asdfga","축하합니당!!","CHATTING","2020-12-14T19:58:24","3502570","False","2020-12-14T19:00:01.43","2026-05-21T13:10:23.083751+00:00"
"37802","41093253","0","5g9mS","몽쉘","끝났네요","CHATTING","2020-12-14T19:58:24","3502570","False","2020-12-14T19:00:01.43","2026-05-21T13:10:23.083751+00:00"
"37802","41093256","0","3IO5Y","눈사람","우아","CHATTING","2020-12-14T19:58:24","3502570","False","2020-12-14T19:00:01.43","2026-05-21T13:10:23.083751+00:00"
"37802","41093260","0","1Xljq","com1180","나도 받고싶어요","CHATTING","2020-12-14T19:58:25","3503570","False","2020-12-14T19:00:01.43","2026-05-21T13:10:23.083751+00:00"
"37802","41093290","0","cWkLe","동동구리","ㅃㅃ","CHATTING","2020-12-14T19:58:26","3504570","False","2020-12-14T19:00:01.43","2026-05-21T13:10:23.083751+00:00"
"37802","41093292","0","54Wor","체크","끝났어용","CHATTING","2020-12-14T19:58:26","3504570","False","2020-12-14T19:00:01.43","2026-05-21T13:10:23.083751+00:00"
"37802","41093298","0","6jjMw","홍서연","12개월 발표 언제하나욥","CHATTING","2020-12-14T19:58:26","3504570","False","2020-12-14T19:00:01.43","2026-05-21T13:10:23.083751+00:00"
"37802","41093306","0","2cdgb","모카","10만명이 아쉬워서 못떠나고 있어요 ㅋㅋㅋㅋㅋㅋ","CHATTING","2020-12-14T19:58:26","3504570","False","2020-12-14T19:00:01.43","2026-05-21T13:10:23.083751+00:00"
"37802","41093313","0","55Dt8","라운드","도비는 초대왕만 하면 태클이네","CHATTING","2020-12-14T19:58:27","3505570","False","2020-12-14T19:00:01.43","2026-05-21T13:10:23.083751+00:00"
"37802","41093318","0","1CTeV","하엘","또 만나요 🤗","CHATTING","2020-12-14T19:58:27","3505570","False","2020-12-14T19:00:01.43","2026-05-21T13:10:23.083751+00:00"
"37802","41093319","0","Z22W","람다","네이버 라이브 신박합니다.","CHATTING","2020-12-14T19:58:27","3505570","False","2020-12-14T19:00:01.43","2026-05-21T13:10:23.083751+00:00"
"37802","41093330","0","2FJpA","슬기","ㅎㅎㅎㅎㅎㅎ","CHATTING","2020-12-14T19:58:27","3505570","False","2020-12-14T19:00:01.43","2026-05-21T13:10:23.083751+00:00"
"37802","41093353","0","cbtyA","하리","대박","CHATTING","2020-12-14T19:58:28","3506570","False","2020-12-14T19:00:01.43","2026-05-21T13:10:23.083751+00:00"
"37802","41093376","0","1Xljq","com1180","당첨","CHATTING","2020-12-14T19:58:29","3507570","False","2020-12-14T19:00:01.43","2026-05-21T13:10:23.083751+00:00"
"37802","41093386","0","dc4km","sjd","좋네요~~~","CHATTING","2020-12-14T19:58:30","3508570","False","2020-12-14T19:00:01.43","2026-05-21T13:10:23.083751+00:00"
"37802","41093394","0","1iXRt","동글동글","우와","CHATTING","2020-12-14T19:58:30","3508570","False","2020-12-14T19:00:01.43","2026-05-21T13:10:23.083751+00:00"
"37802","41093417","0","4H7Ie","꾸이걸77","상품 좋습니다.","CHATTING","2020-12-14T19:58:31","3509570","False","2020-12-14T19:00:01.43","2026-05-21T13:10:23.083751+00:00"
"37802","41093418","0","6jjMw","홍서연","네이버쇼핑하시면 가입하세용 진짜 꿀🐝🍯🍯🍯","CHATTING","2020-12-14T19:58:31","3509570","False","2020-12-14T19:00:01.43","2026-05-21T13:10:23.083751+00:00"
"37802","41093438","0","5pC2W","미달이","너무 즐거워서 시간 금방 가네요..","CHATTING","2020-12-14T19:58:31","3509570","False","2020-12-14T19:00:01.43","2026-05-21T13:10:23.083751+00:00"
"37802","41093448","0","qME0","애옹이","네이버 최고","CHATTING","2020-12-14T19:58:31","3509570","False","2020-12-14T19:00:01.43","2026-05-21T13:10:23.083751+00:00"
"37802","41093454","0","2UtG3","이루리","안녕안녕🤩","CHATTING","2020-12-14T19:58:32","3510570","False","2020-12-14T19:00:01.43","2026-05-21T13:10:23.083751+00:00"
"37802","41093464","0","5HClf","샬록","축하드려요","CHATTING","2020-12-14T19:58:32","3510570","False","2020-12-14T19:00:01.43","2026-05-21T13:10:23.083751+00:00"
"37802","41093493","0","1YnZ5","하이이이잉","12개월 혜택 내년에도 쭉 이용하고 싶어요","CHATTING","2020-12-14T19:58:33","3511570","False","2020-12-14T19:00:01.43","2026-05-21T13:10:23.083751+00:00"
"37802","41093511","0","4XDaG","메탈기관총","재밌었습니다 이용권 한 번 당첨되보고싶어요 ㅠㅠㅠㅠㅠ","CHATTING","2020-12-14T19:58:34","3512570","False","2020-12-14T19:00:01.43","2026-05-21T13:10:23.083751+00:00"
"37802","41093512","0","4rQh9","네모세칸","가입중입니다","CHATTING","2020-12-14T19:58:34","3512570","False","2020-12-14T19:00:01.43","2026-05-21T13:10:23.083751+00:00"
"37802","41093514","0","VKag","골드후아유","근데애플 패드가좋을까삼성꺼가좋을까","CHATTING","2020-12-14T19:58:34","3512570","False","2020-12-14T19:00:01.43","2026-05-21T13:10:23.083751+00:00"
"37802","41093526","0","H2sx","폴로","네이버 좋은 혜택감사합니다","CHATTING","2020-12-14T19:58:35","3513570","False","2020-12-14T19:00:01.43","2026-05-21T13:10:23.083751+00:00"
"37802","41093528","0","8ovUm","cducky","축하합니다","CHATTING","2020-12-14T19:58:35","3513570","False","2020-12-14T19:00:01.43","2026-05-21T13:10:23.083751+00:00"
"37802","41093530","0","5T3Ro","AngelCasthle","100명당첨 이벤트는 언제 발표나나요??","CHATTING","2020-12-14T19:58:35","3513570","False","2020-12-14T19:00:01.43","2026-05-21T13:10:23.083751+00:00"
"37802","41093531","0","1gIyg","앙마","매달 방송 해주세요 ㅋ","CHATTING","2020-12-14T19:58:35","3513570","False","2020-12-14T19:00:01.43","2026-05-21T13:10:23.083751+00:00"
"37802","41093536","0","cbtyA","하리","ㅎㅎㅎㅎ","CHATTING","2020-12-14T19:58:35","3513570","False","2020-12-14T19:00:01.43","2026-05-21T13:10:23.083751+00:00"
"37802","41093550","0","59f4u","쿨하자","12개월받고싶네요","CHATTING","2020-12-14T19:58:36","3514570","False","2020-12-14T19:00:01.43","2026-05-21T13:10:23.083751+00:00"
"37802","41093560","0","2hfv0","별이총총","ㅃ2","CHATTING","2020-12-14T19:58:36","3514570","False","2020-12-14T19:00:01.43","2026-05-21T13:10:23.083751+00:00"
"37802","41093568","0","3tfrB","유자맘","네이버 쇼핑 응원합니다!! 저도 잘 이용하고 있어요😍","CHATTING","2020-12-14T19:58:37","3515570","False","2020-12-14T19:00:01.43","2026-05-21T13:10:23.083751+00:00"
"37802","41093569","0","6wcn6","용진기계목형","잘보고 갑니다~","CHATTING","2020-12-14T19:58:37","3515570","False","2020-12-14T19:00:01.43","2026-05-21T13:10:23.083751+00:00"
"37802","41093572","0","3GImy","이희주","장보기가 진짜좋네요","CHATTING","2020-12-14T19:58:37","3515570","False","2020-12-14T19:00:01.43","2026-05-21T13:10:23.083751+00:00"
"37802","41093602","0","Nz51","skfl09","오늘 방송통해서 네이버 플러스 멤버십에대해 자세하게 알게되었네요. 친절하고 재밌게 방송해주셔서 감사합니다~! 오늘 방송이후로 저처럼 많은 혜택 자세히 알게된 분들 많은듯해요!!","CHATTING","2020-12-14T19:58:38","3516570","False","2020-12-14T19:00:01.43","2026-05-21T13:10:23.083751+00:00"
"37802","41093604","0","2FJpA","슬기","우왕당첨은어디서보는거다요","CHATTING","2020-12-14T19:58:38","3516570","False","2020-12-14T19:00:01.43","2026-05-21T13:10:23.083751+00:00"
"37802","41093606","0","1TY0m","다홍","12개월 간절ㅠㅠ","CHATTING","2020-12-14T19:58:38","3516570","False","2020-12-14T19:00:01.43","2026-05-21T13:10:23.083751+00:00"
"37802","41093607","0","5n5GH","예쁜이","축하해요","CHATTING","2020-12-14T19:58:39","3517570","False","2020-12-14T19:00:01.43","2026-05-21T13:10:23.083751+00:00"
"37802","41093615","0","2n65d","하이코스","장보기해봐야겠어용","CHATTING","2020-12-14T19:58:39","3517570","False","2020-12-14T19:00:01.43","2026-05-21T13:10:23.083751+00:00"
"37802","41093622","0","2NsOx","두리몽실","가입하는게 무조건 개이득","CHATTING","2020-12-14T19:58:39","3517570","False","2020-12-14T19:00:01.43","2026-05-21T13:10:23.083751+00:00"
"37802","41093624","0","4C5LB","시소시소","당첨!!!!!!!!@@!","CHATTING","2020-12-14T19:58:39","3517570","False","2020-12-14T19:00:01.43","2026-05-21T13:10:23.083751+00:00"
"37802","41093628","0","xnaJ","아들부자님","최고♡","CHATTING","2020-12-14T19:58:39","3517570","False","2020-12-14T19:00:01.43","2026-05-21T13:10:23.083751+00:00"
"37802","41093641","0","1Xp99","어리버리","가입이요","CHATTING","2020-12-14T19:58:40","3518570","False","2020-12-14T19:00:01.43","2026-05-21T13:10:23.083751+00:00"
"37802","41093645","0","pv4J","순수소녀","쇼핑하러가야겠네요~~ㅋㅋ","CHATTING","2020-12-14T19:58:40","3518570","False","2020-12-14T19:00:01.43","2026-05-21T13:10:23.083751+00:00"
"37802","41093654","0","cBQ5Z","룰루랄라","네/네이버 맴버쉽을 이/이라방을 보고 가입하세요 버/버스 떠나기전에 잡으세요!! 혜택짱이에요♥","CHATTING","2020-12-14T19:58:41","3519570","False","2020-12-14T19:00:01.43","2026-05-21T13:10:23.083751+00:00"
"37802","41093665","0","u8E6","꼬맹이","💚💚네이버 빠순이 1인 나💚💚","CHATTING","2020-12-14T19:58:41","3519570","False","2020-12-14T19:00:01.43","2026-05-21T13:10:23.083751+00:00"
"37802","41093669","0","41gt7","wkaudwhd","제발 당첨ㅠㅠ","CHATTING","2020-12-14T19:58:41","3519570","False","2020-12-14T19:00:01.43","2026-05-21T13:10:23.083751+00:00"
"37802","41093675","0","18zhL","호호걸","화면이안보여요","CHATTING","2020-12-14T19:58:42","3520570","False","2020-12-14T19:00:01.43","2026-05-21T13:10:23.083751+00:00"
"37802","41093677","0","1Xljq","com1180","네이버 항상 이용","CHATTING","2020-12-14T19:58:42","3520570","False","2020-12-14T19:00:01.43","2026-05-21T13:10:23.083751+00:00"
"37802","41093684","0","4cjJG","Mida","20분 이상 50원 적립은 어떻게 확인하나요?","CHATTING","2020-12-14T19:58:42","3520570","False","2020-12-14T19:00:01.43","2026-05-21T13:10:23.083751+00:00"
"37802","41093685","0","WSLo","부자마미1","12개월혜택은 추첨은요?","CHATTING","2020-12-14T19:58:42","3520570","False","2020-12-14T19:00:01.43","2026-05-21T13:10:23.083751+00:00"
"37802","41093691","0","U23d","lani****","가입했습니다","CHATTING","2020-12-14T19:58:43","3521570","False","2020-12-14T19:00:01.43","2026-05-21T13:10:23.083751+00:00"
"37802","41093695","0","2BUyu","양군","좋네요~~~","CHATTING","2020-12-14T19:58:43","3521570","False","2020-12-14T19:00:01.43","2026-05-21T13:10:23.083751+00:00"
"37802","41093702","0","41Pc2","HerO in i","우와","CHATTING","2020-12-14T19:58:43","3521570","False","2020-12-14T19:00:01.43","2026-05-21T13:10:23.083751+00:00"
"37802","41093703","0","2gnJW","슬기","12개월~!!!!!! 가즈아~!!","CHATTING","2020-12-14T19:58:44","3522570","False","2020-12-14T19:00:01.43","2026-05-21T13:10:23.083751+00:00"
"37802","41093710","0","2FJpA","슬기","축하드립니다요","CHATTING","2020-12-14T19:58:44","3522570","False","2020-12-14T19:00:01.43","2026-05-21T13:10:23.083751+00:00"
"37802","41093726","0","2CZgF","엘르","어디서 보는거예요 ? !","CHATTING","2020-12-14T19:58:45","3523570","False","2020-12-14T19:00:01.43","2026-05-21T13:10:23.083751+00:00"
"37802","41093737","0","4NhFk","우하하","축하드려요","CHATTING","2020-12-14T19:58:45","3523570","False","2020-12-14T19:00:01.43","2026-05-21T13:10:23.083751+00:00"
"37802","41093745","0","5G8NA","gneik","덕분에 알게돼서 가입하구 가용🙌","CHATTING","2020-12-14T19:58:46","3524570","False","2020-12-14T19:00:01.43","2026-05-21T13:10:23.083751+00:00"
"37802","41093782","0","3Rk0Z","y632****","네이버짱","CHATTING","2020-12-14T19:58:48","3526570","False","2020-12-14T19:00:01.43","2026-05-21T13:10:23.083751+00:00"
"37802","41093790","0","mMk4","무한궤도","감사합니다","CHATTING","2020-12-14T19:58:48","3526570","False","2020-12-14T19:00:01.43","2026-05-21T13:10:23.083751+00:00"
"37802","41093803","0","2IwLm","날씬해","100명혜택 발표 났죠?!","CHATTING","2020-12-14T19:58:49","3527570","False","2020-12-14T19:00:01.43","2026-05-21T13:10:23.083751+00:00"
"37802","41093806","0","39zVB","범","진짜 좋네요","CHATTING","2020-12-14T19:58:49","3527570","False","2020-12-14T19:00:01.43","2026-05-21T13:10:23.083751+00:00"
"37802","41093809","0","851iP","shpark77","축하드려용","CHATTING","2020-12-14T19:58:49","3527570","False","2020-12-14T19:00:01.43","2026-05-21T13:10:23.083751+00:00"
"37802","41093819","0","1oeus","조은아빠","발송 끝났나?","CHATTING","2020-12-14T19:58:50","3528570","False","2020-12-14T19:00:01.43","2026-05-21T13:10:23.083751+00:00"
"37802","41093820","0","14Mio","사이다사이다","삼성전저","CHATTING","2020-12-14T19:58:50","3528570","False","2020-12-14T19:00:01.43","2026-05-21T13:10:23.083751+00:00"
"37802","41093831","0","2NsOx","두리몽실","가입하면 무조건 이득","CHATTING","2020-12-14T19:58:50","3528570","False","2020-12-14T19:00:01.43","2026-05-21T13:10:23.083751+00:00"
"37802","41093842","0","30ChF","블루곰","축하합니다","CHATTING","2020-12-14T19:58:51","3529570","False","2020-12-14T19:00:01.43","2026-05-21T13:10:23.083751+00:00"
"37802","41093867","0","cCPnK","zau","ㅃㅃ2","CHATTING","2020-12-14T19:58:52","3530570","False","2020-12-14T19:00:01.43","2026-05-21T13:10:23.083751+00:00"
"37802","41093870","0","2pg8n","얍","축하드려요!","CHATTING","2020-12-14T19:58:52","3530570","False","2020-12-14T19:00:01.43","2026-05-21T13:10:23.083751+00:00"
"37802","41093879","0","1SKQi","애플소다","당첨은 언제해요","CHATTING","2020-12-14T19:58:53","3531570","False","2020-12-14T19:00:01.43","2026-05-21T13:10:23.083751+00:00"
"37802","41093893","0","5oTLP","똘랑","네이버 멤버십 쭈욱 누리고 싶어요","CHATTING","2020-12-14T19:58:53","3531570","False","2020-12-14T19:00:01.43","2026-05-21T13:10:23.083751+00:00"
"37802","41093899","0","6jjMw","홍서연","당첨자는 언제 발표되나요?","CHATTING","2020-12-14T19:58:53","3531570","False","2020-12-14T19:00:01.43","2026-05-21T13:10:23.083751+00:00"
"37802","41093901","0","3j99a","syco****","와 방송 끝나도 댓글 계속 올라오네요","CHATTING","2020-12-14T19:58:54","3532570","False","2020-12-14T19:00:01.43","2026-05-21T13:10:23.083751+00:00"
"37802","41093906","0","2rtkc","예은맘","가입하고 싶어라","CHATTING","2020-12-14T19:58:54","3532570","False","2020-12-14T19:00:01.43","2026-05-21T13:10:23.083751+00:00"
"37802","41093909","0","4dQcV","코코쭌","재가입도 2달무료 되나요?","CHATTING","2020-12-14T19:58:54","3532570","False","2020-12-14T19:00:01.43","2026-05-21T13:10:23.083751+00:00"
"37802","41093911","0","3GImy","이희주","집근처에 홈플러스없어도 주문되는거죠?","CHATTING","2020-12-14T19:58:54","3532570","False","2020-12-14T19:00:01.43","2026-05-21T13:10:23.083751+00:00"
"37802","41093917","0","4HdI7","륜","벌써 당첨되었나요?","CHATTING","2020-12-14T19:58:54","3532570","False","2020-12-14T19:00:01.43","2026-05-21T13:10:23.083751+00:00"
"37802","41093932","0","3GaIm","nadazero","감사해요","CHATTING","2020-12-14T19:58:55","3533570","False","2020-12-14T19:00:01.43","2026-05-21T13:10:23.083751+00:00"
"37802","41093941","0","1Xljq","com1180","당첨 기원","CHATTING","2020-12-14T19:58:55","3533570","False","2020-12-14T19:00:01.43","2026-05-21T13:10:23.083751+00:00"
"37802","41093954","0","3tpRX","방긋","100명 이벤트요?","CHATTING","2020-12-14T19:58:56","3534570","False","2020-12-14T19:00:01.43","2026-05-21T13:10:23.083751+00:00"
"37802","41093967","0","2NsOx","두리몽실","네이버 쏴랑합니다","CHATTING","2020-12-14T19:58:57","3535570","False","2020-12-14T19:00:01.43","2026-05-21T13:10:23.083751+00:00"
"37802","41093971","0","gdmE","웅계","잘보고겁니더","CHATTING","2020-12-14T19:58:57","3535570","False","2020-12-14T19:00:01.43","2026-05-21T13:10:23.083751+00:00"
"37802","41093976","0","52ELE","대","좋아보여요","CHATTING","2020-12-14T19:58:57","3535570","False","2020-12-14T19:00:01.43","2026-05-21T13:10:23.083751+00:00"
"37802","41093980","0","HyAg","blue****","오아","CHATTING","2020-12-14T19:58:57","3535570","False","2020-12-14T19:00:01.43","2026-05-21T13:10:23.083751+00:00"
"37802","41093984","0","2RooJ","NHN","다시보자","CHATTING","2020-12-14T19:58:57","3535570","False","2020-12-14T19:00:01.43","2026-05-21T13:10:23.083751+00:00"
"37802","41093989","0","c4JF","wwan****","끝??","CHATTING","2020-12-14T19:58:58","3536570","False","2020-12-14T19:00:01.43","2026-05-21T13:10:23.083751+00:00"
"37802","41094019","0","8kV5A","루니","오늘 방송 진짜 재밌고 유용했어요","CHATTING","2020-12-14T19:58:59","3537570","False","2020-12-14T19:00:01.43","2026-05-21T13:10:23.083751+00:00"
"37802","41094027","0","14Mio","사이다사이다","당첨","CHATTING","2020-12-14T19:59:00","3538570","False","2020-12-14T19:00:01.43","2026-05-21T13:10:23.083751+00:00"
"37802","41094039","0","4XDaG","메탈기관총","12개월 이건 누려볼수가없는 엄청난 혜택이야 진짜 ㅠㅠㅠ","CHATTING","2020-12-14T19:59:01","3539570","False","2020-12-14T19:00:01.43","2026-05-21T13:10:23.083751+00:00"
"37802","41094040","0","1z1Hq","허버트","확인은 어디서?","CHATTING","2020-12-14T19:59:01","3539570","False","2020-12-14T19:00:01.43","2026-05-21T13:10:23.083751+00:00"
"37802","41094056","0","4Sp5v","Pentaxian","잘보고 갑니다","CHATTING","2020-12-14T19:59:02","3540570","False","2020-12-14T19:00:01.43","2026-05-21T13:10:23.083751+00:00"
"37802","41094079","0","N5wG","꼬내기","감사합니다","CHATTING","2020-12-14T19:59:03","3541570","False","2020-12-14T19:00:01.43","2026-05-21T13:10:23.083751+00:00"
"37802","41094081","0","2uHmO","jin","네이버플러스멤버십 조아여 따랑해여♡♡","CHATTING","2020-12-14T19:59:03","3541570","False","2020-12-14T19:00:01.43","2026-05-21T13:10:23.083751+00:00"
"37802","41094089","0","1K0t1","콩꼬물","계속 끊겨요 ㅠ","CHATTING","2020-12-14T19:59:03","3541570","False","2020-12-14T19:00:01.43","2026-05-21T13:10:23.083751+00:00"
"37802","41094107","0","1SKQi","애플소다","어디서 확인하나요","CHATTING","2020-12-14T19:59:04","3542570","False","2020-12-14T19:00:01.43","2026-05-21T13:10:23.083751+00:00"
"37802","41094114","0","14Mio","사이다사이다","부탁해요","CHATTING","2020-12-14T19:59:05","3543570","False","2020-12-14T19:00:01.43","2026-05-21T13:10:23.083751+00:00"
"37802","41094132","0","2rtkc","예은맘","혜택 너무 꿀이네요","CHATTING","2020-12-14T19:59:05","3543570","False","2020-12-14T19:00:01.43","2026-05-21T13:10:23.083751+00:00"
"37802","41094139","0","a6CBJ","정영일","감사합니다","CHATTING","2020-12-14T19:59:06","3544570","False","2020-12-14T19:00:01.43","2026-05-21T13:10:23.083751+00:00"
"37802","41094148","0","6jjMw","홍서연","당첨됐으면 ㅠㅠㅠㅠㅠ","CHATTING","2020-12-14T19:59:06","3544570","False","2020-12-14T19:00:01.43","2026-05-21T13:10:23.083751+00:00"
"37802","41094165","0","59f4u","쿨하자","100명은 언제발표요?","CHATTING","2020-12-14T19:59:07","3545570","False","2020-12-14T19:00:01.43","2026-05-21T13:10:23.083751+00:00"
"37802","41094186","0","MtU0","즈카","잘 보고 갑니다","CHATTING","2020-12-14T19:59:08","3546570","False","2020-12-14T19:00:01.43","2026-05-21T13:10:23.083751+00:00"
"37802","41094195","0","1sKWp","조세핀","대박이네요","CHATTING","2020-12-14T19:59:08","3546570","False","2020-12-14T19:00:01.43","2026-05-21T13:10:23.083751+00:00"
"37802","41094198","0","2NsOx","두리몽실","네이버 포에버~","CHATTING","2020-12-14T19:59:08","3546570","False","2020-12-14T19:00:01.43","2026-05-21T13:10:23.083751+00:00"
"37802","41094210","0","1m7wY","ksl8****","ㅎㅎㅎ알려주세여 당첨자!!","CHATTING","2020-12-14T19:59:09","3547570","False","2020-12-14T19:00:01.43","2026-05-21T13:10:23.083751+00:00"
"37802","41094231","0","iqLO","희망이","감사합니다 ~","CHATTING","2020-12-14T19:59:10","3548570","False","2020-12-14T19:00:01.43","2026-05-21T13:10:23.083751+00:00"
"37802","41094240","0","2gnJW","슬기","네이버 네이버 네이버!","CHATTING","2020-12-14T19:59:11","3549570","False","2020-12-14T19:00:01.43","2026-05-21T13:10:23.083751+00:00"
"37802","41094248","0","7TjCI","이복율","감사합니다","CHATTING","2020-12-14T19:59:11","3549570","False","2020-12-14T19:00:01.43","2026-05-21T13:10:23.083751+00:00"
"37802","41094251","0","14Mio","사이다사이다","어디갓지","CHATTING","2020-12-14T19:59:11","3549570","False","2020-12-14T19:00:01.43","2026-05-21T13:10:23.083751+00:00"
"37802","41094258","0","3tpRX","방긋","당첨되고프네요~^^","CHATTING","2020-12-14T19:59:11","3549570","False","2020-12-14T19:00:01.43","2026-05-21T13:10:23.083751+00:00"
"37802","41094293","0","3qOth","000","당첨은 언제?","CHATTING","2020-12-14T19:59:13","3551570","False","2020-12-14T19:00:01.43","2026-05-21T13:10:23.083751+00:00"
"37802","41094300","0","2IwLm","날씬해","네이버 당첨자 확인 해야죠?!","CHATTING","2020-12-14T19:59:14","3552570","False","2020-12-14T19:00:01.43","2026-05-21T13:10:23.083751+00:00"
"37802","41094305","0","cP8gv","씽씽이","좋아용","CHATTING","2020-12-14T19:59:14","3552570","False","2020-12-14T19:00:01.43","2026-05-21T13:10:23.083751+00:00"
"37802","41094316","0","2ve6N","세렌디피티","네이버 플러스 멤버십 최고에요","CHATTING","2020-12-14T19:59:15","3553570","False","2020-12-14T19:00:01.43","2026-05-21T13:10:23.083751+00:00"
"37802","41094328","0","VKag","골드후아유","100 명은 뭐지","CHATTING","2020-12-14T19:59:16","3554570","False","2020-12-14T19:00:01.43","2026-05-21T13:10:23.083751+00:00"
"37802","41094345","0","5VrUJ","tenfkd13","발표했나요?","CHATTING","2020-12-14T19:59:17","3555570","False","2020-12-14T19:00:01.43","2026-05-21T13:10:23.083751+00:00"
"37802","41094361","0","2gnJW","슬기","네이버 네버스탑~!","CHATTING","2020-12-14T19:59:18","3556570","False","2020-12-14T19:00:01.43","2026-05-21T13:10:23.083751+00:00"
"37802","41094366","0","4HdI7","륜","당첨된 모든분들 축하드려요","CHATTING","2020-12-14T19:59:18","3556570","False","2020-12-14T19:00:01.43","2026-05-21T13:10:23.083751+00:00"
"37802","41094367","0","6fpeZ","달달구리","❤🧡네이버 플러스 멤버쉽 다양한 서비스 무료이용권에 넘사벽 적립금..거기에 간편한 쇼핑 및 결제가 정말 대세임을 입증하는거 같아요~ 가입한거 정말 후회안돼요~🧡💛💚","CHATTING","2020-12-14T19:59:18","3556570","False","2020-12-14T19:00:01.43","2026-05-21T13:10:23.083751+00:00"
"37802","41094380","0","5oTLP","똘랑","오늘 방송은 정보가 꽉꽉","CHATTING","2020-12-14T19:59:19","3557570","False","2020-12-14T19:00:01.43","2026-05-21T13:10:23.083751+00:00"
"37802","41094383","0","6DKi7","꾸리쿵","당첨자알려주세용 ㄹㄹ","CHATTING","2020-12-14T19:59:19","3557570","False","2020-12-14T19:00:01.43","2026-05-21T13:10:23.083751+00:00"
"37802","41094388","0","1SlM4","밴드닥터","100명 당첨은 어디에?","CHATTING","2020-12-14T19:59:19","3557570","False","2020-12-14T19:00:01.43","2026-05-21T13:10:23.083751+00:00"
"37802","41094389","0","3DeJ5","ㅎㅂㅎ","대박","CHATTING","2020-12-14T19:59:19","3557570","False","2020-12-14T19:00:01.43","2026-05-21T13:10:23.083751+00:00"
"37802","41094392","0","5PrEw","한아름송이","매달 행사 했으면 합니당~~","CHATTING","2020-12-14T19:59:19","3557570","False","2020-12-14T19:00:01.43","2026-05-21T13:10:23.083751+00:00"
"37802","41094406","0","Q1XN","션션이임","조아용","CHATTING","2020-12-14T19:59:20","3558570","False","2020-12-14T19:00:01.43","2026-05-21T13:10:23.083751+00:00"
"37802","41094415","0","45pDn","그레이스","혜택이 대박이네요","CHATTING","2020-12-14T19:59:21","3559570","False","2020-12-14T19:00:01.43","2026-05-21T13:10:23.084754+00:00"
"37802","41094424","0","18zhL","호호걸","끝났나요???","CHATTING","2020-12-14T19:59:21","3559570","False","2020-12-14T19:00:01.43","2026-05-21T13:10:23.084754+00:00"
"37802","41094434","0","159H8","은앤석파파","100명 안에 들고 싶당","CHATTING","2020-12-14T19:59:22","3560570","False","2020-12-14T19:00:01.43","2026-05-21T13:10:23.084754+00:00"
"37802","41094436","0","152Dj","josi****","당첨언제 발표징","CHATTING","2020-12-14T19:59:22","3560570","False","2020-12-14T19:00:01.43","2026-05-21T13:10:23.084754+00:00"
"37802","41094438","0","2EVw","소삐","옹?","CHATTING","2020-12-14T19:59:22","3560570","False","2020-12-14T19:00:01.43","2026-05-21T13:10:23.084754+00:00"
"37802","41094440","0","4cjJG","Mida","당첨자는 연락 받았나요?","CHATTING","2020-12-14T19:59:22","3560570","False","2020-12-14T19:00:01.43","2026-05-21T13:10:23.084754+00:00"
"37802","41094441","0","1iKfx","Patrick","대박입니당","CHATTING","2020-12-14T19:59:22","3560570","False","2020-12-14T19:00:01.43","2026-05-21T13:10:23.084754+00:00"
"37802","41094455","0","WSLo","부자마미1","당첨자안내는요?","CHATTING","2020-12-14T19:59:24","3562570","False","2020-12-14T19:00:01.43","2026-05-21T13:10:23.084754+00:00"
"37802","41094459","0","3pL4C","칸캉","당점은언제??","CHATTING","2020-12-14T19:59:24","3562570","False","2020-12-14T19:00:01.43","2026-05-21T13:10:23.084754+00:00"
"37802","41094463","0","2uHmO","jin","영원하라 네이버플러스멤버십♡♡♡♡","CHATTING","2020-12-14T19:59:24","3562570","False","2020-12-14T19:00:01.43","2026-05-21T13:10:23.084754+00:00"
"37802","41094485","0","6jjMw","홍서연","발표는 언제되나요","CHATTING","2020-12-14T19:59:25","3563570","False","2020-12-14T19:00:01.43","2026-05-21T13:10:23.084754+00:00"
"37802","41094489","0","daQXR","니나잘해","고고고","CHATTING","2020-12-14T19:59:26","3564570","False","2020-12-14T19:00:01.43","2026-05-21T13:10:23.084754+00:00"
"37802","41094500","0","5XcO5","Africa toy boy","끝났는데 와아직도 10만 분 넘노","CHATTING","2020-12-14T19:59:26","3564570","False","2020-12-14T19:00:01.43","2026-05-21T13:10:23.084754+00:00"
"37802","41094526","0","2gnJW","슬기","방송은 끝났어요~~~~~~~~~~~~~~~~~~~~~~~","CHATTING","2020-12-14T19:59:28","3566570","False","2020-12-14T19:00:01.43","2026-05-21T13:10:23.084754+00:00"
"37802","41094538","0","phvR","현쓰","당첨","CHATTING","2020-12-14T19:59:29","3567570","False","2020-12-14T19:00:01.43","2026-05-21T13:10:23.084754+00:00"
"37802","41094554","0","4XDaG","메탈기관총","네이버 리멤버 네이버 포에버 네이버 어메이징 대박나자!!!!!","CHATTING","2020-12-14T19:59:30","3568570","False","2020-12-14T19:00:01.43","2026-05-21T13:10:23.084754+00:00"
"37802","41094557","0","2kk3v","shwh****","대박","CHATTING","2020-12-14T19:59:30","3568570","False","2020-12-14T19:00:01.43","2026-05-21T13:10:23.084754+00:00"
"37802","41094563","0","BBmY","미루","끝?","CHATTING","2020-12-14T19:59:30","3568570","False","2020-12-14T19:00:01.43","2026-05-21T13:10:23.084754+00:00"
"37802","41094589","0","Xfxq","알로에","저 당첨되고 싶어요","CHATTING","2020-12-14T19:59:31","3569570","False","2020-12-14T19:00:01.43","2026-05-21T13:10:23.084754+00:00"
"37802","41094592","0","4jruC","마이콜","방송 잘 보고 갑니다","CHATTING","2020-12-14T19:59:31","3569570","False","2020-12-14T19:00:01.43","2026-05-21T13:10:23.084754+00:00"
"37802","41094604","0","4sSDf","맥가이버","혜택이 대박이네요","CHATTING","2020-12-14T19:59:32","3570570","False","2020-12-14T19:00:01.43","2026-05-21T13:10:23.084754+00:00"
"37802","41094605","0","3sp8l","wind****","발표어디서 확인해요?","CHATTING","2020-12-14T19:59:32","3570570","False","2020-12-14T19:00:01.43","2026-05-21T13:10:23.084754+00:00"
"37802","41094614","0","14Mio","사이다사이다","느가 사이다 불렀어요","CHATTING","2020-12-14T19:59:33","3571570","False","2020-12-14T19:00:01.43","2026-05-21T13:10:23.084754+00:00"
"37802","41094616","0","VKag","골드후아유","끝났나봐","CHATTING","2020-12-14T19:59:33","3571570","False","2020-12-14T19:00:01.43","2026-05-21T13:10:23.084754+00:00"
"37802","41094643","0","dh05l","kyo","잘보고가요","CHATTING","2020-12-14T19:59:35","3573570","False","2020-12-14T19:00:01.43","2026-05-21T13:10:23.084754+00:00"
"37802","41094656","0","2IwLm","날씬해","네이버 인기 최고","CHATTING","2020-12-14T19:59:36","3574570","False","2020-12-14T19:00:01.43","2026-05-21T13:10:23.084754+00:00"
"37802","41094660","0","6vm15","Suun","방송보고 가입했는데 1개월 추가 혜택 제공되는 거죠?","CHATTING","2020-12-14T19:59:36","3574570","False","2020-12-14T19:00:01.43","2026-05-21T13:10:23.084754+00:00"
"37802","41094681","0","31PGS","은하수","ㅎㅎㅎ","CHATTING","2020-12-14T19:59:37","3575570","False","2020-12-14T19:00:01.43","2026-05-21T13:10:23.084754+00:00"
"37802","41094691","0","14Mio","사이다사이다","느왜?","CHATTING","2020-12-14T19:59:37","3575570","False","2020-12-14T19:00:01.43","2026-05-21T13:10:23.084754+00:00"
"37802","41094692","0","23aM1","비젼테","끝났어요?>","CHATTING","2020-12-14T19:59:37","3575570","False","2020-12-14T19:00:01.43","2026-05-21T13:10:23.084754+00:00"
"37802","41094702","0","2gnJW","슬기","다들 켜놓고 어디 가신듯","CHATTING","2020-12-14T19:59:38","3576570","False","2020-12-14T19:00:01.43","2026-05-21T13:10:23.084754+00:00"
"37802","41094703","0","3tpRX","방긋","네이버 플러스 멤버십~^^","CHATTING","2020-12-14T19:59:38","3576570","False","2020-12-14T19:00:01.43","2026-05-21T13:10:23.084754+00:00"
"37802","41094724","0","2VKfs","KS","끝났네","CHATTING","2020-12-14T19:59:39","3577570","False","2020-12-14T19:00:01.43","2026-05-21T13:10:23.084754+00:00"
"37802","41094728","0","1SKQi","애플소다","^^","CHATTING","2020-12-14T19:59:39","3577570","False","2020-12-14T19:00:01.43","2026-05-21T13:10:23.084754+00:00"
"37802","41094732","0","5oTLP","똘랑","100명 당첨자는 아디서 확인하나요","CHATTING","2020-12-14T19:59:40","3578570","False","2020-12-14T19:00:01.43","2026-05-21T13:10:23.084754+00:00"
"37802","41094737","0","eTkw","미니꼬맹이","대박이네요","CHATTING","2020-12-14T19:59:40","3578570","False","2020-12-14T19:00:01.43","2026-05-21T13:10:23.084754+00:00"
"37802","41094738","0","4gspj","해뜰날","벌써끝","CHATTING","2020-12-14T19:59:40","3578570","False","2020-12-14T19:00:01.43","2026-05-21T13:10:23.084754+00:00"
"37802","41094775","0","d4O3h","폴러블","벌써 이렇다니","CHATTING","2020-12-14T19:59:42","3580570","False","2020-12-14T19:00:01.43","2026-05-21T13:10:23.084754+00:00"
"37802","41094796","0","4qND9","민트모카","잘보고가요","CHATTING","2020-12-14T19:59:43","3581570","False","2020-12-14T19:00:01.43","2026-05-21T13:10:23.084754+00:00"
"37802","41094803","0","1Xhhw","루씨맘","ㅜㅜ","CHATTING","2020-12-14T19:59:43","3581570","False","2020-12-14T19:00:01.43","2026-05-21T13:10:23.084754+00:00"
"37802","41094808","0","14Mio","사이다사이다","대박","CHATTING","2020-12-14T19:59:44","3582570","False","2020-12-14T19:00:01.43","2026-05-21T13:10:23.084754+00:00"
"37802","41094822","0","1SKQi","애플소다","끝","CHATTING","2020-12-14T19:59:44","3582570","False","2020-12-14T19:00:01.43","2026-05-21T13:10:23.084754+00:00"
"37802","41094825","0","2mkGl","미래건","가시다니","CHATTING","2020-12-14T19:59:44","3582570","False","2020-12-14T19:00:01.43","2026-05-21T13:10:23.084754+00:00"
"37802","41094826","0","48Rfu","황금빛","끝이났나?","CHATTING","2020-12-14T19:59:44","3582570","False","2020-12-14T19:00:01.43","2026-05-21T13:10:23.084754+00:00"
"37802","41094831","0","3k1zY","뽀짝뽀짝","감사합니다!","CHATTING","2020-12-14T19:59:45","3583570","False","2020-12-14T19:00:01.43","2026-05-21T13:10:23.084754+00:00"
"37802","41094835","0","xECw","하늘","얍","CHATTING","2020-12-14T19:59:45","3583570","False","2020-12-14T19:00:01.43","2026-05-21T13:10:23.084754+00:00"
"37802","41094839","0","4lexp","프리허유","ㅇㅇㅎ","CHATTING","2020-12-14T19:59:45","3583570","False","2020-12-14T19:00:01.43","2026-05-21T13:10:23.084754+00:00"
"37802","41094847","0","25Etg","군림녀","당첨 발표는 언제??","CHATTING","2020-12-14T19:59:45","3583570","False","2020-12-14T19:00:01.43","2026-05-21T13:10:23.084754+00:00"
"37802","41094858","0","pv4J","순수소녀","당첨자 저도 궁금해요","CHATTING","2020-12-14T19:59:46","3584570","False","2020-12-14T19:00:01.43","2026-05-21T13:10:23.084754+00:00"
"37802","41094864","0","7x4gm","yumama","끝난건가요?ㅠ","CHATTING","2020-12-14T19:59:47","3585570","False","2020-12-14T19:00:01.43","2026-05-21T13:10:23.084754+00:00"
"37802","41094867","0","2gL6D","alsw****","오잉","CHATTING","2020-12-14T19:59:47","3585570","False","2020-12-14T19:00:01.43","2026-05-21T13:10:23.084754+00:00"
"37802","41094878","0","38CFV","파스토","왜 벌써 가요","CHATTING","2020-12-14T19:59:48","3586570","False","2020-12-14T19:00:01.43","2026-05-21T13:10:23.084754+00:00"
"37802","41094880","0","2UI4d","버기님","아싸","CHATTING","2020-12-14T19:59:48","3586570","False","2020-12-14T19:00:01.43","2026-05-21T13:10:23.084754+00:00"
"37802","41094896","0","1QNaG","바람","wㅏㄹ봤어요","CHATTING","2020-12-14T19:59:49","3587570","False","2020-12-14T19:00:01.43","2026-05-21T13:10:23.084754+00:00"
"37802","41094898","0","4a8JH","은하수별빛","안녕","CHATTING","2020-12-14T19:59:49","3587570","False","2020-12-14T19:00:01.43","2026-05-21T13:10:23.084754+00:00"
"37802","41094911","0","cWY7U","kuk","벌써 끝인가요?","CHATTING","2020-12-14T19:59:50","3588570","False","2020-12-14T19:00:01.43","2026-05-21T13:10:23.084754+00:00"
"37802","41094914","0","6jjMw","홍서연","발표는 나중에 따로 해주는듯?","CHATTING","2020-12-14T19:59:50","3588570","False","2020-12-14T19:00:01.43","2026-05-21T13:10:23.084754+00:00"
"37802","41094916","0","cTPUH","엠군","대박입니다","CHATTING","2020-12-14T19:59:50","3588570","False","2020-12-14T19:00:01.43","2026-05-21T13:10:23.084754+00:00"
"37802","41094932","0","1XKpU","Carpe Diem","ㅃㅃ","CHATTING","2020-12-14T19:59:51","3589570","False","2020-12-14T19:00:01.43","2026-05-21T13:10:23.084754+00:00"
"37802","41094933","0","5oTLP","똘랑","궁금해요","CHATTING","2020-12-14T19:59:51","3589570","False","2020-12-14T19:00:01.43","2026-05-21T13:10:23.084754+00:00"
"37802","41094941","0","1sZQC","한치두치세치네치","끝..","CHATTING","2020-12-14T19:59:51","3589570","False","2020-12-14T19:00:01.43","2026-05-21T13:10:23.084754+00:00"
"37802","41094952","0","c4JF","wwan****","아쉽아쉽","CHATTING","2020-12-14T19:59:52","3590570","False","2020-12-14T19:00:01.43","2026-05-21T13:10:23.084754+00:00"
"37802","41094965","0","2nm8B","김병준","끝났나","CHATTING","2020-12-14T19:59:53","3591570","False","2020-12-14T19:00:01.43","2026-05-21T13:10:23.084754+00:00"
"37802","41094971","0","3AklL","코니얌","깔끔하게끝","CHATTING","2020-12-14T19:59:53","3591570","False","2020-12-14T19:00:01.43","2026-05-21T13:10:23.084754+00:00"
"37802","41094974","0","Imzi","얼음공주","감사해요","CHATTING","2020-12-14T19:59:53","3591570","False","2020-12-14T19:00:01.43","2026-05-21T13:10:23.084754+00:00"
"37802","41094979","0","18zhL","호호걸","벌써???","CHATTING","2020-12-14T19:59:53","3591570","False","2020-12-14T19:00:01.43","2026-05-21T13:10:23.084754+00:00"
"37802","41094987","0","5eNIu","모상우","아쉽구만","CHATTING","2020-12-14T19:59:54","3592570","False","2020-12-14T19:00:01.43","2026-05-21T13:10:23.084754+00:00"
"37802","41094994","0","2Yj66","뭘보니","그러게요ㅠ100인 당첨자는 언제 발표 하나요ㅠ","CHATTING","2020-12-14T19:59:54","3592570","False","2020-12-14T19:00:01.43","2026-05-21T13:10:23.084754+00:00"
"37802","41095009","0","14Mio","사이다사이다","당텀","CHATTING","2020-12-14T19:59:56","3594570","False","2020-12-14T19:00:01.43","2026-05-21T13:10:23.084754+00:00"
"37802","41095023","0","WSLo","부자마미1","12개월 100명당첨은 즉당아닌가요?","CHATTING","2020-12-14T19:59:57","3595570","False","2020-12-14T19:00:01.43","2026-05-21T13:10:23.084754+00:00"
"37802","41095027","0","2gnJW","슬기","이제 끝났으니 나가도록 하세요 ㅋㅋㅋㅋㅋㅋㅋㅋ 저도 아쉬워서 못 나가고있네요","CHATTING","2020-12-14T19:59:57","3595570","False","2020-12-14T19:00:01.43","2026-05-21T13:10:23.084754+00:00"
"37802","41095031","0","14Mio","사이다사이다","첨","CHATTING","2020-12-14T19:59:57","3595570","False","2020-12-14T19:00:01.43","2026-05-21T13:10:23.084754+00:00"
"37802","41095035","0","2Oz7g","Rina","안녕","CHATTING","2020-12-14T19:59:57","3595570","False","2020-12-14T19:00:01.43","2026-05-21T13:10:23.084754+00:00"
"37802","41095047","0","42GeK","영재","잘봣어요","CHATTING","2020-12-14T19:59:58","3596570","False","2020-12-14T19:00:01.43","2026-05-21T13:10:23.084754+00:00"
"37802","41095060","0","1SKQi","애플소다","발표안하네요","CHATTING","2020-12-14T19:59:59","3597570","False","2020-12-14T19:00:01.43","2026-05-21T13:10:23.084754+00:00"
"37802","41095063","0","45pHc","줄리안","대박입니다","CHATTING","2020-12-14T19:59:59","3597570","False","2020-12-14T19:00:01.43","2026-05-21T13:10:23.084754+00:00"
"37802","41095086","0","18zhL","호호걸","시간을안채우네요","CHATTING","2020-12-14T20:00:00","3598570","False","2020-12-14T19:00:01.43","2026-05-21T13:10:23.084754+00:00"
"37802","41095087","0","VKag","골드후아유","형들이제돌아가","CHATTING","2020-12-14T20:00:00","3598570","False","2020-12-14T19:00:01.43","2026-05-21T13:10:23.084754+00:00"
"37802","41095099","0","851iP","shpark77","다음에 만나요","CHATTING","2020-12-14T20:00:01","3599570","False","2020-12-14T19:00:01.43","2026-05-21T13:10:23.084754+00:00"
"37802","41095129","0","52Djd","스콜라","감사합니다","CHATTING","2020-12-14T20:00:03","3601570","False","2020-12-14T19:00:01.43","2026-05-21T13:10:23.084754+00:00"
"37802","41095141","0","4rOPc","kaahh","대박이네요","CHATTING","2020-12-14T20:00:04","3602570","False","2020-12-14T19:00:01.43","2026-05-21T13:10:23.084754+00:00"
"37802","41095165","0","d7doe","man","대박입니다","CHATTING","2020-12-14T20:00:05","3603570","False","2020-12-14T19:00:01.43","2026-05-21T13:10:23.084754+00:00"
"37802","41095185","0","5XcO5","Africa toy boy","100명 당첨 궁금","CHATTING","2020-12-14T20:00:06","3604570","False","2020-12-14T19:00:01.43","2026-05-21T13:10:23.084754+00:00"
"37802","41095196","0","1lDaD","해피데이","다들 인자 나가유~~~","CHATTING","2020-12-14T20:00:07","3605570","False","2020-12-14T19:00:01.43","2026-05-21T13:10:23.084754+00:00"
"37802","41095210","0","VKag","골드후아유","ㅋㅋㅋㅋㅋㅋㅋ","CHATTING","2020-12-14T20:00:08","3606570","False","2020-12-14T19:00:01.43","2026-05-21T13:10:23.084754+00:00"
"37802","41095218","0","crrTT","lhh","대박","CHATTING","2020-12-14T20:00:08","3606570","False","2020-12-14T19:00:01.43","2026-05-21T13:10:23.084754+00:00"
"37802","41095230","0","14Mio","사이다사이다","12개월","CHATTING","2020-12-14T20:00:09","3607570","False","2020-12-14T19:00:01.43","2026-05-21T13:10:23.084754+00:00"
"37802","41095234","0","2gnJW","슬기","저도 이만","CHATTING","2020-12-14T20:00:09","3607570","False","2020-12-14T19:00:01.43","2026-05-21T13:10:23.084754+00:00"
"37802","41095236","0","4HdI7","륜","당첨은 어디서 발표하는건가요??","CHATTING","2020-12-14T20:00:09","3607570","False","2020-12-14T19:00:01.43","2026-05-21T13:10:23.084754+00:00"
"37802","41095292","0","24G2z","moo","다음에 또 만나용","CHATTING","2020-12-14T20:00:13","3611570","False","2020-12-14T19:00:01.43","2026-05-21T13:10:23.084754+00:00"
"37802","41095297","0","1riNA","봉봉이","응원합니다","CHATTING","2020-12-14T20:00:13","3611570","False","2020-12-14T19:00:01.43","2026-05-21T13:10:23.084754+00:00"
"37802","41095304","0","4wQMA","얼음공주","벌써 끝시네요","CHATTING","2020-12-14T20:00:13","3611570","False","2020-12-14T19:00:01.43","2026-05-21T13:10:23.084754+00:00"
"37802","41095320","0","2IgpX","아랑소유","오늘방송 너무나 좋았어요 다음에 또 만나요","CHATTING","2020-12-14T20:00:14","3612570","False","2020-12-14T19:00:01.43","2026-05-21T13:10:23.084754+00:00"
"37802","41095328","0","4H7GG","꾸꾸11","상품 좋네요.","CHATTING","2020-12-14T20:00:15","3613570","False","2020-12-14T19:00:01.43","2026-05-21T13:10:23.084754+00:00"
"37802","41095350","0","3tfrB","유자맘","다음에 또 만나요~^^","CHATTING","2020-12-14T20:00:16","3614570","False","2020-12-14T19:00:01.43","2026-05-21T13:10:23.084754+00:00"
"37802","41095355","0","4gjof","혀니","ㅜㅜ","CHATTING","2020-12-14T20:00:16","3614570","False","2020-12-14T19:00:01.43","2026-05-21T13:10:23.084754+00:00"
"37802","41095403","0","cvieN","김태린","wㅏㄹ봤어요","CHATTING","2020-12-14T20:00:18","3616570","False","2020-12-14T19:00:01.43","2026-05-21T13:10:23.084754+00:00"
"37802","41095407","0","1KhTG","쿠드랴프카","다들 미련이 남아 못나가고 있는듯요 ㅋㅋㅋ","CHATTING","2020-12-14T20:00:19","3617570","False","2020-12-14T19:00:01.43","2026-05-21T13:10:23.084754+00:00"
"37802","41095415","0","44XXv","hyun","감사합니다","CHATTING","2020-12-14T20:00:19","3617570","False","2020-12-14T19:00:01.43","2026-05-21T13:10:23.084754+00:00"
"37802","41095439","0","VKag","골드후아유","아아아","CHATTING","2020-12-14T20:00:20","3618570","False","2020-12-14T19:00:01.43","2026-05-21T13:10:23.084754+00:00"
"37802","41095445","0","2wnmz","뽀미","바잉","CHATTING","2020-12-14T20:00:20","3618570","False","2020-12-14T19:00:01.43","2026-05-21T13:10:23.084754+00:00"
"37802","41095448","0","1SKQi","애플소다","1월~","CHATTING","2020-12-14T20:00:21","3619570","False","2020-12-14T19:00:01.43","2026-05-21T13:10:23.084754+00:00"
"37802","41095449","0","cAaUi","ckd","안녀엉","CHATTING","2020-12-14T20:00:21","3619570","False","2020-12-14T19:00:01.43","2026-05-21T13:10:23.084754+00:00"
"37802","41095454","0","8UnSg","고려왕","예","CHATTING","2020-12-14T20:00:21","3619570","False","2020-12-14T19:00:01.43","2026-05-21T13:10:23.084754+00:00"
"37802","41095455","0","4HdI7","륜","아하!","CHATTING","2020-12-14T20:00:21","3619570","False","2020-12-14T19:00:01.43","2026-05-21T13:10:23.084754+00:00"
"37802","41095478","0","3sp8l","wind****","1월 15일 ㄷㄷ","CHATTING","2020-12-14T20:00:22","3620570","False","2020-12-14T19:00:01.43","2026-05-21T13:10:23.084754+00:00"
"37802","41095483","0","2gnJW","슬기","공지 감사해요","CHATTING","2020-12-14T20:00:22","3620570","False","2020-12-14T19:00:01.43","2026-05-21T13:10:23.084754+00:00"
"37802","41095485","0","2IwLm","날씬해","내년 1월 15일 발표","CHATTING","2020-12-14T20:00:23","3621570","False","2020-12-14T19:00:01.43","2026-05-21T13:10:23.084754+00:00"
"37802","41095509","0","c0FIM","반가워","우와","CHATTING","2020-12-14T20:00:24","3622570","False","2020-12-14T19:00:01.43","2026-05-21T13:10:23.085256+00:00"
"37802","41095518","0","4CE6y","김성훈2","상품 좋네요.","CHATTING","2020-12-14T20:00:24","3622570","False","2020-12-14T19:00:01.43","2026-05-21T13:10:23.085256+00:00"
"37802","41095525","0","24G2z","moo","한달 남았군녀","CHATTING","2020-12-14T20:00:24","3622570","False","2020-12-14T19:00:01.43","2026-05-21T13:10:23.085256+00:00"
"37802","41095551","0","WSLo","부자마미1","아하 1.15일","CHATTING","2020-12-14T20:00:25","3623570","False","2020-12-14T19:00:01.43","2026-05-21T13:10:23.085256+00:00"
"37802","41095557","0","3j99a","syco****","1개월 추가 이용권은 오늘내일 아무때나 멤버십 가입하면 되는거 맞죠??","CHATTING","2020-12-14T20:00:26","3624570","False","2020-12-14T19:00:01.43","2026-05-21T13:10:23.085256+00:00"
"37802","41095574","0","4XDaG","메탈기관총","제발 당첨 ㅠㅠㅠㅠ","CHATTING","2020-12-14T20:00:26","3624570","False","2020-12-14T19:00:01.43","2026-05-21T13:10:23.085256+00:00"
"37802","41095592","0","2Yj66","뭘보니","아 15일에","CHATTING","2020-12-14T20:00:27","3625570","False","2020-12-14T19:00:01.43","2026-05-21T13:10:23.085256+00:00"
"37802","41095623","0","3GImy","이희주","감사합니당","CHATTING","2020-12-14T20:00:28","3626570","False","2020-12-14T19:00:01.43","2026-05-21T13:10:23.085256+00:00"
"37802","41095630","0","dh05l","kyo","wㅏㄹ봤어요","CHATTING","2020-12-14T20:00:28","3626570","False","2020-12-14T19:00:01.43","2026-05-21T13:10:23.085256+00:00"
"37802","41095633","0","VKag","골드후아유","발표담에해준대","CHATTING","2020-12-14T20:00:28","3626570","False","2020-12-14T19:00:01.43","2026-05-21T13:10:23.085256+00:00"
"37802","41095651","0","24G2z","moo","내년에 봐요ㅋㅋㅋ","CHATTING","2020-12-14T20:00:29","3627570","False","2020-12-14T19:00:01.43","2026-05-21T13:10:23.085256+00:00"
"37802","41095673","0","2gnJW","슬기","다들 저걸 기다리고 있었나봅니다 ㅎㅎ","CHATTING","2020-12-14T20:00:30","3628570","False","2020-12-14T19:00:01.43","2026-05-21T13:10:23.085256+00:00"
"37802","41095693","0","3F0uN","피치","와","CHATTING","2020-12-14T20:00:30","3628570","False","2020-12-14T19:00:01.43","2026-05-21T13:10:23.085256+00:00"
"37802","41095696","0","25Etg","군림녀","헙..","CHATTING","2020-12-14T20:00:30","3628570","False","2020-12-14T19:00:01.43","2026-05-21T13:10:23.085256+00:00"
"37802","41095707","0","1RimI","Khan","감사합니다","CHATTING","2020-12-14T20:00:31","3629570","False","2020-12-14T19:00:01.43","2026-05-21T13:10:23.085256+00:00"
"37802","41095723","0","VJ9Z","해바라기","ㅋㅋㅋ","CHATTING","2020-12-14T20:00:31","3629570","False","2020-12-14T19:00:01.43","2026-05-21T13:10:23.085256+00:00"
"37802","41095728","0","6lmi5","은님","다음에 ㄸ 봐요","CHATTING","2020-12-14T20:00:32","3630570","False","2020-12-14T19:00:01.43","2026-05-21T13:10:23.085256+00:00"
"37802","41095733","0","5dBRm","참치","ㅠㅠ","CHATTING","2020-12-14T20:00:32","3630570","False","2020-12-14T19:00:01.43","2026-05-21T13:10:23.085256+00:00"
"37802","41095734","0","1SKQi","애플소다","한달뒤~^","CHATTING","2020-12-14T20:00:32","3630570","False","2020-12-14T19:00:01.43","2026-05-21T13:10:23.085256+00:00"
"37802","41095754","0","152Dj","josi****","헉ㅋㅋ넘 오래 기다려야😆😆😆","CHATTING","2020-12-14T20:00:32","3630570","False","2020-12-14T19:00:01.43","2026-05-21T13:10:23.085256+00:00"
"37802","41095776","0","VKag","골드후아유","돌아가형들","CHATTING","2020-12-14T20:00:33","3631570","False","2020-12-14T19:00:01.43","2026-05-21T13:10:23.085256+00:00"
"37802","41095782","0","5oTLP","똘랑","12개월 무료 당첨자는 1월 15일 두구두구","CHATTING","2020-12-14T20:00:33","3631570","False","2020-12-14T19:00:01.43","2026-05-21T13:10:23.085256+00:00"
"37802","41095789","0","2IwLm","날씬해","제발 ~가즈야 당첨","CHATTING","2020-12-14T20:00:33","3631570","False","2020-12-14T19:00:01.43","2026-05-21T13:10:23.085256+00:00"
"37802","41095810","0","3GImy","이희주","엇","CHATTING","2020-12-14T20:00:34","3632570","False","2020-12-14T19:00:01.43","2026-05-21T13:10:23.085256+00:00"
"37802","41095841","0","59f4u","쿨하자","아 1월15일ㅎㅎ","CHATTING","2020-12-14T20:00:35","3633570","False","2020-12-14T19:00:01.43","2026-05-21T13:10:23.085256+00:00"
"37802","41095870","0","8UnSg","고려왕","감사합니다","CHATTING","2020-12-14T20:00:35","3633570","False","2020-12-14T19:00:01.43","2026-05-21T13:10:23.085256+00:00"
"37802","41095896","0","3tpRX","방긋","1월 15일 발표!!","CHATTING","2020-12-14T20:00:36","3634570","False","2020-12-14T19:00:01.43","2026-05-21T13:10:23.085256+00:00"
"37802","41095903","0","3A9mE","장첸","네이버좋네여","CHATTING","2020-12-14T20:00:36","3634570","False","2020-12-14T19:00:01.43","2026-05-21T13:10:23.085256+00:00"
"37802","41095917","0","3qOth","000","내년?","CHATTING","2020-12-14T20:00:37","3635570","False","2020-12-14T19:00:01.43","2026-05-21T13:10:23.085256+00:00"
"37802","41095922","0","VKag","골드후아유","ㅋㅣㄱㅋㅋ","CHATTING","2020-12-14T20:00:37","3635570","False","2020-12-14T19:00:01.43","2026-05-21T13:10:23.085256+00:00"
"37802","41095923","0","4gjof","혀니","동생이 안들어와용","CHATTING","2020-12-14T20:00:37","3635570","False","2020-12-14T19:00:01.43","2026-05-21T13:10:23.085256+00:00"
"37802","41095992","0","1SKQi","애플소다","두근","CHATTING","2020-12-14T20:00:39","3637570","False","2020-12-14T19:00:01.43","2026-05-21T13:10:23.085256+00:00"
"37802","41096012","0","14Mio","사이다사이다","넘 길어요","CHATTING","2020-12-14T20:00:39","3637570","False","2020-12-14T19:00:01.43","2026-05-21T13:10:23.085256+00:00"
"37802","41096021","0","muZc","PDCIB","네 당첨 기다릴게요🤭🤭😆😆","CHATTING","2020-12-14T20:00:40","3638570","False","2020-12-14T19:00:01.43","2026-05-21T13:10:23.085256+00:00"
"37802","41096082","0","4HdI7","륜","내년이군요","CHATTING","2020-12-14T20:00:41","3639570","False","2020-12-14T19:00:01.43","2026-05-21T13:10:23.085256+00:00"
"37802","41096087","0","4gjof","혀니","ㅜㅜ","CHATTING","2020-12-14T20:00:41","3639570","False","2020-12-14T19:00:01.43","2026-05-21T13:10:23.085256+00:00"
"37802","41096093","0","1ePqH","떡볶이아줌마","좀 더 일찍 알았더라면 좋았을텐데ㅜ 아쉽네요","CHATTING","2020-12-14T20:00:42","3640570","False","2020-12-14T19:00:01.43","2026-05-21T13:10:23.085256+00:00"
"37802","41096096","0","2Yj66","뭘보니","다들 행운이 있길♡","CHATTING","2020-12-14T20:00:42","3640570","False","2020-12-14T19:00:01.43","2026-05-21T13:10:23.085256+00:00"
"37802","41096115","0","ZjBT","하얀마음","잘 보고 갑니다","CHATTING","2020-12-14T20:00:42","3640570","False","2020-12-14T19:00:01.43","2026-05-21T13:10:23.085256+00:00"
"37802","41096119","0","SpkY","오늘하루","잘보고가요","CHATTING","2020-12-14T20:00:42","3640570","False","2020-12-14T19:00:01.43","2026-05-21T13:10:23.085256+00:00"
"37802","41096154","0","152Dj","josi****","조아요","CHATTING","2020-12-14T20:00:43","3641570","False","2020-12-14T19:00:01.43","2026-05-21T13:10:23.085256+00:00"
"37802","41096215","0","3qOth","000","피곤하다","CHATTING","2020-12-14T20:00:45","3643570","False","2020-12-14T19:00:01.43","2026-05-21T13:10:23.085256+00:00"
"37802","41096219","0","4SjZx","소영","굳","CHATTING","2020-12-14T20:00:45","3643570","False","2020-12-14T19:00:01.43","2026-05-21T13:10:23.085256+00:00"
"37802","41096237","0","3tpRX","방긋","당첨 되라~^^","CHATTING","2020-12-14T20:00:45","3643570","False","2020-12-14T19:00:01.43","2026-05-21T13:10:23.085256+00:00"
"37802","41096247","0","2WF1F","태둥이","ㄷ두구두구","CHATTING","2020-12-14T20:00:46","3644570","False","2020-12-14T19:00:01.43","2026-05-21T13:10:23.085256+00:00"
"37802","41096269","0","1QNaG","바람","잘보고가요","CHATTING","2020-12-14T20:00:46","3644570","False","2020-12-14T19:00:01.43","2026-05-21T13:10:23.085256+00:00"
"37802","41096273","0","1KhTG","쿠드랴프카","12개월 꼭 당첨됐으면 ㅠㅠ","CHATTING","2020-12-14T20:00:47","3645570","False","2020-12-14T19:00:01.43","2026-05-21T13:10:23.085256+00:00"
"37802","41096294","0","3GImy","이희주","끊겼어요","CHATTING","2020-12-14T20:00:47","3645570","False","2020-12-14T19:00:01.43","2026-05-21T13:10:23.085256+00:00"
"37802","41096303","0","gKzP","at22****","빠2","CHATTING","2020-12-14T20:00:47","3645570","False","2020-12-14T19:00:01.43","2026-05-21T13:10:23.085256+00:00"
"37802","41096341","0","314NB","오렌지블로썸","잘 보고가요","CHATTING","2020-12-14T20:00:48","3646570","False","2020-12-14T19:00:01.43","2026-05-21T13:10:23.085256+00:00"
"37802","41096368","0","5Ixwf","als","ㅃㅇ","CHATTING","2020-12-14T20:00:49","3647570","False","2020-12-14T19:00:01.43","2026-05-21T13:10:23.085256+00:00"
"37802","41096369","0","VKag","골드후아유","99자리남았어","CHATTING","2020-12-14T20:00:49","3647570","False","2020-12-14T19:00:01.43","2026-05-21T13:10:23.085256+00:00"
"37802","41096378","0","4gjof","혀니","초대햇는뎅","CHATTING","2020-12-14T20:00:49","3647570","False","2020-12-14T19:00:01.43","2026-05-21T13:10:23.085256+00:00"
"37802","41096408","0","2Yj66","뭘보니","감사합니다뇨용요","CHATTING","2020-12-14T20:00:50","3648570","False","2020-12-14T19:00:01.43","2026-05-21T13:10:23.085256+00:00"
"37802","41096413","0","14Mio","사이다사이다","ㅂ 탁해요","CHATTING","2020-12-14T20:00:50","3648570","False","2020-12-14T19:00:01.43","2026-05-21T13:10:23.085256+00:00"
"37802","41096442","0","4HdI7","륜","잘보고갑니다~~!!","CHATTING","2020-12-14T20:00:51","3649570","False","2020-12-14T19:00:01.43","2026-05-21T13:10:23.085256+00:00"
"37802","41096478","0","14Mio","사이다사이다","제발","CHATTING","2020-12-14T20:00:52","3650570","False","2020-12-14T19:00:01.43","2026-05-21T13:10:23.085256+00:00"
"37802","41096482","0","5b7le","novi****","발표 기다릴게요~","CHATTING","2020-12-14T20:00:52","3650570","False","2020-12-14T19:00:01.43","2026-05-21T13:10:23.085256+00:00"
"37802","41096531","0","2Yj66","뭘보니","빠이빠이","CHATTING","2020-12-14T20:00:53","3651570","False","2020-12-14T19:00:01.43","2026-05-21T13:10:23.085256+00:00"
"37802","41096556","0","VKag","골드후아유","한자리는내꺼","CHATTING","2020-12-14T20:00:53","3651570","False","2020-12-14T19:00:01.43","2026-05-21T13:10:23.085256+00:00"
"37802","41096606","0","3GImy","이희주","ㅋㅋㅋㅋㅋㅋ","CHATTING","2020-12-14T20:00:54","3652570","False","2020-12-14T19:00:01.43","2026-05-21T13:10:23.085256+00:00"
"37802","41096639","0","3A9mE","장첸","네이버통크네여","CHATTING","2020-12-14T20:00:55","3653570","False","2020-12-14T19:00:01.43","2026-05-21T13:10:23.085256+00:00"
"37802","41096734","0","14Mio","사이다사이다","플리즈제발","CHATTING","2020-12-14T20:00:58","3656570","False","2020-12-14T19:00:01.43","2026-05-21T13:10:23.085256+00:00"
"37802","41096735","0","3FIZ7","게스트","제발 12개월 무료 가즈아","CHATTING","2020-12-14T20:00:58","3656570","False","2020-12-14T19:00:01.43","2026-05-21T13:10:23.085256+00:00"
"37802","41096765","0","9WBUl","tuesday","ㄹㄹㄹㅎ","CHATTING","2020-12-14T20:00:59","3657570","False","2020-12-14T19:00:01.43","2026-05-21T13:10:23.085256+00:00"
"37802","41096814","0","2wta9","슈퍼차 뚜껑","대박","CHATTING","2020-12-14T20:01:00","3658570","False","2020-12-14T19:00:01.43","2026-05-21T13:10:23.085256+00:00"
"37802","41096847","0","xof8","쥬","감사합니다!! 항상 이용하고 있어요 서비스 너무 만족스럽습니다!!쭉 이용할게요~~💕💕💕","CHATTING","2020-12-14T20:01:01","3659570","False","2020-12-14T19:00:01.43","2026-05-21T13:10:23.085256+00:00"
"37802","41096908","0","2Yj66","뭘보니","네이버 승승장구 하자","CHATTING","2020-12-14T20:01:03","3661570","False","2020-12-14T19:00:01.43","2026-05-21T13:10:23.085256+00:00"
"37802","41096918","0","3p4AE","하겐다즈","나도 뽑아주셈","CHATTING","2020-12-14T20:01:03","3661570","False","2020-12-14T19:00:01.43","2026-05-21T13:10:23.085256+00:00"
"37802","41096942","0","2Yj66","뭘보니","ㅋㅋㅋㅋ","CHATTING","2020-12-14T20:01:04","3662570","False","2020-12-14T19:00:01.43","2026-05-21T13:10:23.085256+00:00"
"37802","41096951","0","2gL6D","alsw****","나나나나나","CHATTING","2020-12-14T20:01:04","3662570","False","2020-12-14T19:00:01.43","2026-05-21T13:10:23.085256+00:00"
"37802","41096978","0","5DoIJ","조선의4번타자노타니","응모 어떻게 해요?","CHATTING","2020-12-14T20:01:05","3663570","False","2020-12-14T19:00:01.43","2026-05-21T13:10:23.085256+00:00"
"37802","41096996","0","3tpRX","방긋","저도 당첨 됐으면 좋겠어요~^^","CHATTING","2020-12-14T20:01:05","3663570","False","2020-12-14T19:00:01.43","2026-05-21T13:10:23.085256+00:00"
"37802","41097029","0","2uFKn","쏭냥","qqd","CHATTING","2020-12-14T20:01:06","3664570","False","2020-12-14T19:00:01.43","2026-05-21T13:10:23.085256+00:00"
"37802","41097050","0","3qOth","000","빨리하지 내년이라니","CHATTING","2020-12-14T20:01:06","3664570","False","2020-12-14T19:00:01.43","2026-05-21T13:10:23.085256+00:00"
"37802","41097188","0","4XDaG","메탈기관총","내년 15일때 정말 원없이 받고싶어요... 100명안에라도 뽑ㅂ아주세요 정말 목이 메말라요.","CHATTING","2020-12-14T20:01:09","3667570","False","2020-12-14T19:00:01.43","2026-05-21T13:10:23.085256+00:00"
"37802","41097190","0","Nz51","skfl09","쇼핑은 네이버, 장보기도 네이버, 웹툰도 네이버, 검색도 네이버, 혜택도 네이버, 적립도 네이버, 집콕생활도 네이버 = 결론 = ♥♡네이버가 짱♡♥","CHATTING","2020-12-14T20:01:09","3667570","False","2020-12-14T19:00:01.43","2026-05-21T13:10:23.085256+00:00"
"37802","41097208","0","2tjLj","복불복인생","당첨되신분들 좋으시겠당","CHATTING","2020-12-14T20:01:09","3667570","False","2020-12-14T19:00:01.43","2026-05-21T13:10:23.085256+00:00"
"37802","41097211","0","4XKlw","아이토마","응?","CHATTING","2020-12-14T20:01:09","3667570","False","2020-12-14T19:00:01.43","2026-05-21T13:10:23.085256+00:00"
"37802","41097294","0","atN64","민트초코","손~~","CHATTING","2020-12-14T20:01:11","3669570","False","2020-12-14T19:00:01.43","2026-05-21T13:10:23.085256+00:00"
"37802","41097302","0","14Mio","사이다사이다","주식도 살게요","CHATTING","2020-12-14T20:01:11","3669570","False","2020-12-14T19:00:01.43","2026-05-21T13:10:23.085256+00:00"
"37802","41097308","0","cbhJu","brb","당쳠","CHATTING","2020-12-14T20:01:11","3669570","False","2020-12-14T19:00:01.43","2026-05-21T13:10:23.085256+00:00"
"37802","41097361","0","3A9mE","장첸","역시한국인터넷강국네이버","CHATTING","2020-12-14T20:01:13","3671570","False","2020-12-14T19:00:01.43","2026-05-21T13:10:23.085256+00:00"
"37802","41097383","0","5XcO5","Africa toy boy","여러분 꿀많이 빨아요. 빠잇","CHATTING","2020-12-14T20:01:13","3671570","False","2020-12-14T19:00:01.43","2026-05-21T13:10:23.085256+00:00"
"37802","41097754","0","14Mio","사이다사이다","당첨 발표?","CHATTING","2020-12-14T20:01:21","3679570","False","2020-12-14T19:00:01.43","2026-05-21T13:10:23.085256+00:00"
"37802","41097768","0","cBQ5Z","룰루랄라","당첨되면 좋겠다요!!!!","CHATTING","2020-12-14T20:01:21","3679570","False","2020-12-14T19:00:01.43","2026-05-21T13:10:23.085256+00:00"
"37802","41097803","0","tRTP","피투니","와우와우 ㅎㅎ","CHATTING","2020-12-14T20:01:22","3680570","False","2020-12-14T19:00:01.43","2026-05-21T13:10:23.085256+00:00"
"37802","41097864","0","1i1ia","bb","감사합니다","CHATTING","2020-12-14T20:01:23","3681570","False","2020-12-14T19:00:01.43","2026-05-21T13:10:23.085256+00:00"
"37802","41097915","0","3A9mE","장첸","ㄱㅅ","CHATTING","2020-12-14T20:01:25","3683570","False","2020-12-14T19:00:01.43","2026-05-21T13:10:23.085256+00:00"
"37802","41097988","0","2V8gT","청귤","ㅃㅃㅃㅂ","CHATTING","2020-12-14T20:01:26","3684570","False","2020-12-14T19:00:01.43","2026-05-21T13:10:23.085256+00:00"
"37802","41097990","0","41iGH","밥 주세요","좋네여","CHATTING","2020-12-14T20:01:26","3684570","False","2020-12-14T19:00:01.43","2026-05-21T13:10:23.085256+00:00"
"37802","41097992","0","4XKlw","아이토마","뭐징","CHATTING","2020-12-14T20:01:26","3684570","False","2020-12-14T19:00:01.43","2026-05-21T13:10:23.085256+00:00"
"37802","41098013","0","6pht7","김세혁","wkfrkdy","CHATTING","2020-12-14T20:01:27","3685570","False","2020-12-14T19:00:01.43","2026-05-21T13:10:23.085256+00:00"
"37802","41098034","0","43YFh","라이프펀","잘 보고 가요","CHATTING","2020-12-14T20:01:27","3685570","False","2020-12-14T19:00:01.43","2026-05-21T13:10:23.085256+00:00"
"37802","41098104","0","2Oziq","이혠","감사합니당","CHATTING","2020-12-14T20:01:29","3687570","False","2020-12-14T19:00:01.43","2026-05-21T13:10:23.085256+00:00"
"37802","41098291","0","2WF1F","태둥이","나도뽑아쥬세요오","CHATTING","2020-12-14T20:01:33","3691570","False","2020-12-14T19:00:01.43","2026-05-21T13:10:23.085256+00:00"
"37802","41098334","0","6pht7","김세혁","잘가요","CHATTING","2020-12-14T20:01:34","3692570","False","2020-12-14T19:00:01.43","2026-05-21T13:10:23.085256+00:00"
"37802","41098340","0","4gjof","혀니","볼거리 풍성","CHATTING","2020-12-14T20:01:34","3692570","False","2020-12-14T19:00:01.43","2026-05-21T13:10:23.085256+00:00"
"37802","41098433","0","1m6t4","ocean","띠용","CHATTING","2020-12-14T20:01:36","3694570","False","2020-12-14T19:00:01.43","2026-05-21T13:10:23.085256+00:00"
"37802","41098444","0","3vvO2","Mathmath","잘보고갑니다","CHATTING","2020-12-14T20:01:37","3695570","False","2020-12-14T19:00:01.43","2026-05-21T13:10:23.085256+00:00"
"37802","41098564","0","1TzEx","우주별","감사합니다~~","CHATTING","2020-12-14T20:01:39","3697570","False","2020-12-14T19:00:01.43","2026-05-21T13:10:23.085256+00:00"
"37802","41098589","0","1Enyf","율","와우와우 ㅎㅎ","CHATTING","2020-12-14T20:01:40","3698570","False","2020-12-14T19:00:01.43","2026-05-21T13:10:23.085256+00:00"
"37802","41098906","0","152Dj","josi****","모두에게 행운이♡🍀","CHATTING","2020-12-14T20:01:46","3704570","False","2020-12-14T19:00:01.43","2026-05-21T13:10:23.085256+00:00"
"37802","41098915","0","8UDN4","수선화","잘 보고 갑니다","CHATTING","2020-12-14T20:01:46","3704570","False","2020-12-14T19:00:01.43","2026-05-21T13:10:23.085256+00:00"
"37802","41098940","0","3GImy","이희주","끝난거 맞지요?","CHATTING","2020-12-14T20:01:46","3704570","False","2020-12-14T19:00:01.43","2026-05-21T13:10:23.085256+00:00"
"37802","41098950","0","sH2U","파인애플팝콘","빠이","CHATTING","2020-12-14T20:01:47","3705570","False","2020-12-14T19:00:01.43","2026-05-21T13:10:23.085756+00:00"
"37802","41098957","0","5CBfJ","꽃토끼","1/15 당첨발표는 너무 늦어요","CHATTING","2020-12-14T20:01:47","3705570","False","2020-12-14T19:00:01.43","2026-05-21T13:10:23.085756+00:00"
"37802","41099011","0","Biqn","hcch****","호호","CHATTING","2020-12-14T20:01:48","3706570","False","2020-12-14T19:00:01.43","2026-05-21T13:10:23.085756+00:00"
"37802","41099053","0","OD9e","합격 기원","잘봣어여","CHATTING","2020-12-14T20:01:48","3706570","False","2020-12-14T19:00:01.43","2026-05-21T13:10:23.085756+00:00"
"37802","41099297","0","2r4dH","VEGA","네이버 플러스데이 머사야 하낭,,ㅡ.ㅡㅋ","CHATTING","2020-12-14T20:01:53","3711570","False","2020-12-14T19:00:01.43","2026-05-21T13:10:23.085756+00:00"
"37802","41099306","0","48Rfu","황금빛","ㅠㅜㅠㅠ됬으면","CHATTING","2020-12-14T20:01:53","3711570","False","2020-12-14T19:00:01.43","2026-05-21T13:10:23.085756+00:00"
"37802","41099408","0","2Px8c","유리어스","bye","CHATTING","2020-12-14T20:01:55","3713570","False","2020-12-14T19:00:01.43","2026-05-21T13:10:23.085756+00:00"
"37802","41099412","0","4gIFK","밤밤","까먹겄다요","CHATTING","2020-12-14T20:01:55","3713570","False","2020-12-14T19:00:01.43","2026-05-21T13:10:23.085756+00:00"
"37802","41099448","0","cxEUQ","힘을 내요","재밌다","CHATTING","2020-12-14T20:01:56","3714570","False","2020-12-14T19:00:01.43","2026-05-21T13:10:23.085756+00:00"
"37802","41099635","0","35Bhb","bad_****","당첨자발표 1월15일 기억해놔야겠네요","CHATTING","2020-12-14T20:02:00","3718570","False","2020-12-14T19:00:01.43","2026-05-21T13:10:23.085756+00:00"
"37802","41099904","0","cxEUQ","힘을 내요","유익했ㄴ음","CHATTING","2020-12-14T20:02:05","3723570","False","2020-12-14T19:00:01.43","2026-05-21T13:10:23.085756+00:00"
"37802","41100038","0","dk41x","kua","잘보고갑니다","CHATTING","2020-12-14T20:02:08","3726570","False","2020-12-14T19:00:01.43","2026-05-21T13:10:23.085756+00:00"
"37802","41106421","0","dhTxi","효자상은","안녕","CHATTING","2020-12-14T20:05:17","3915570","False","2020-12-14T19:00:01.43","2026-05-21T13:10:23.085756+00:00"
"33395","38487814","0","6oyJ9","hj","안녕하세요~","CHATTING","2020-12-03T13:31:26","61580","False","2020-12-03T13:30:24.42","2026-05-21T13:10:24.272728+00:00"
"33395","38487818","0","2SKtX","dlwnwls","반갑습니당:)","CHATTING","2020-12-03T13:31:27","62580","False","2020-12-03T13:30:24.42","2026-05-21T13:10:24.272728+00:00"
"33395","38487832","0","q6nm","mhlj****","반갑습니당ㅎㅎ라방기다리고있었어용^^","CHATTING","2020-12-03T13:31:33","68580","False","2020-12-03T13:30:24.42","2026-05-21T13:10:24.272728+00:00"
"33395","38487844","0","1P3va","알레테이아","반갑습니다~*","CHATTING","2020-12-03T13:31:38","73580","False","2020-12-03T13:30:24.42","2026-05-21T13:10:24.272728+00:00"
"33395","38487897","0","zw28","mars****","라방 너무 기다리고 있었어요!!","CHATTING","2020-12-03T13:31:53","88580","False","2020-12-03T13:30:24.42","2026-05-21T13:10:24.272728+00:00"
"33395","38487926","0","2kecC","zuma","ㅎㅅㅎ/","CHATTING","2020-12-03T13:32:02","97580","False","2020-12-03T13:30:24.42","2026-05-21T13:10:24.272728+00:00"
"33395","38488044","0","M0Fl","초록숲","오오!","CHATTING","2020-12-03T13:32:44","139580","False","2020-12-03T13:30:24.42","2026-05-21T13:10:24.272728+00:00"
"33395","38488079","0","M0Fl","초록숲","기다리고있었어요ㅣ","CHATTING","2020-12-03T13:32:53","148580","False","2020-12-03T13:30:24.42","2026-05-21T13:10:24.272728+00:00"
"33395","38488098","0","zw28","mars****","윤이 맘 안녕하세요!!","CHATTING","2020-12-03T13:32:58","153580","False","2020-12-03T13:30:24.42","2026-05-21T13:10:24.272728+00:00"
"33395","38488104","0","M0Fl","초록숲","안녕하세요!","CHATTING","2020-12-03T13:32:59","154580","False","2020-12-03T13:30:24.42","2026-05-21T13:10:24.272728+00:00"
"33395","38488113","0","2SKtX","dlwnwls","화이팅!!!","CHATTING","2020-12-03T13:33:02","157580","False","2020-12-03T13:30:24.42","2026-05-21T13:10:24.272728+00:00"
"33395","38488115","0","bjd0","서요셉","유니맘 화이팅","CHATTING","2020-12-03T13:33:03","158580","False","2020-12-03T13:30:24.42","2026-05-21T13:10:24.272728+00:00"
"33395","38488145","0","q6nm","mhlj****","유니맘님!!안녕하세용ㅎㅎ","CHATTING","2020-12-03T13:33:10","165580","False","2020-12-03T13:30:24.42","2026-05-21T13:10:24.272728+00:00"
"33395","38488157","0","3LG0Z","갓피플","반갑습니다.~ ^^","CHATTING","2020-12-03T13:33:14","169580","False","2020-12-03T13:30:24.42","2026-05-21T13:10:24.272728+00:00"
"33395","38488159","0","1Rk9l","꿈꾸는상미","우와!!!!!","CHATTING","2020-12-03T13:33:15","170580","False","2020-12-03T13:30:24.42","2026-05-21T13:10:24.272728+00:00"
"33395","38488167","0","V4kq","햇살짱","우와!!!이런 멋진 책이 나오다니!!","CHATTING","2020-12-03T13:33:17","172580","False","2020-12-03T13:30:24.42","2026-05-21T13:10:24.272728+00:00"
"33395","38488176","0","M0Fl","초록숲","유니맘님 안녕하세요^^","CHATTING","2020-12-03T13:33:20","175580","False","2020-12-03T13:30:24.42","2026-05-21T13:10:24.272728+00:00"
"33395","38488177","0","1Rk9l","꿈꾸는상미","너무궁금했어요","CHATTING","2020-12-03T13:33:21","176580","False","2020-12-03T13:30:24.42","2026-05-21T13:10:24.272728+00:00"
"33395","38488186","0","zw28","mars****","170명이요?? 넘 멋지네요","CHATTING","2020-12-03T13:33:23","178580","False","2020-12-03T13:30:24.42","2026-05-21T13:10:24.272728+00:00"
"33395","38488201","0","341HL","베어","윤이맘 화이팅ㅋㅋㅋ","CHATTING","2020-12-03T13:33:28","183580","False","2020-12-03T13:30:24.42","2026-05-21T13:10:24.272728+00:00"
"33395","38488207","0","1P3va","알레테이아","윤이맘 안냐세요^^","CHATTING","2020-12-03T13:33:30","185580","False","2020-12-03T13:30:24.42","2026-05-21T13:10:24.272728+00:00"
"33395","38488209","0","M0Fl","초록숲","체험기 기대되요!","CHATTING","2020-12-03T13:33:30","185580","False","2020-12-03T13:30:24.42","2026-05-21T13:10:24.272728+00:00"
"33395","38488278","0","1InL9","박주삶","오늘 홍과장님 텐션 좋으신거 같아요 ㅋㅋㅋㅋㅋㅋ","CHATTING","2020-12-03T13:33:51","206580","False","2020-12-03T13:30:24.42","2026-05-21T13:10:24.272728+00:00"
"33395","38488290","0","1InL9","박주삶","화이팅입니다!!","CHATTING","2020-12-03T13:33:55","210580","False","2020-12-03T13:30:24.42","2026-05-21T13:10:24.272728+00:00"
"33395","38488292","0","3M4JG","Helen","기대됩니다!! :)","CHATTING","2020-12-03T13:33:56","211580","False","2020-12-03T13:30:24.42","2026-05-21T13:10:24.272728+00:00"
"33395","38488297","0","1Rk9l","꿈꾸는상미","홍과장님 목소리가 목사님 같으신데요?ㅎㅎ","CHATTING","2020-12-03T13:33:59","214580","False","2020-12-03T13:30:24.42","2026-05-21T13:10:24.272728+00:00"
"33395","38488314","0","R9ki","xs11****","도움 되겠어요","CHATTING","2020-12-03T13:34:04","219580","False","2020-12-03T13:30:24.42","2026-05-21T13:10:24.272728+00:00"
"33395","38488339","0","M0Fl","초록숲","책 내용알고싶어요~","CHATTING","2020-12-03T13:34:11","226580","False","2020-12-03T13:30:24.42","2026-05-21T13:10:24.272728+00:00"
"33395","38488356","0","UQxX","ok1024","ㅎㅎ","CHATTING","2020-12-03T13:34:17","232580","False","2020-12-03T13:30:24.42","2026-05-21T13:10:24.272728+00:00"
"33395","38488388","0","DUkl","위인맘","저자와의 만남~ 완전 기대합니다~^^","CHATTING","2020-12-03T13:34:24","239580","False","2020-12-03T13:30:24.42","2026-05-21T13:10:24.272728+00:00"
"33395","38488401","0","1P3va","알레테이아","그러게요, 행운 맞네요~","CHATTING","2020-12-03T13:34:27","242580","False","2020-12-03T13:30:24.42","2026-05-21T13:10:24.272728+00:00"
"33395","38488408","0","1Rk9l","꿈꾸는상미","이 책이 왜 이제 나왔어요? 증말~","CHATTING","2020-12-03T13:34:29","244580","False","2020-12-03T13:30:24.42","2026-05-21T13:10:24.272728+00:00"
"33395","38488443","0","UQxX","ok1024","성경으로 한글을 배운다니 😊😊😊😊😊😊","CHATTING","2020-12-03T13:34:38","253580","False","2020-12-03T13:30:24.42","2026-05-21T13:10:24.272728+00:00"
"33395","38488533","0","JKdI","난말이지","좋아보여요~","CHATTING","2020-12-03T13:35:03","278580","False","2020-12-03T13:30:24.42","2026-05-21T13:10:24.272728+00:00"
"33395","38488539","0","HZad","친한친구","오호 ^^ 이런 책도 있네요","CHATTING","2020-12-03T13:35:05","280580","False","2020-12-03T13:30:24.42","2026-05-21T13:10:24.272728+00:00"
"33395","38488561","0","HZad","친한친구","좋아요 ㅎㅎ","CHATTING","2020-12-03T13:35:11","286580","False","2020-12-03T13:30:24.42","2026-05-21T13:10:24.272728+00:00"
"33395","38488570","0","1P3va","알레테이아","저자분의 미니 특강 있나요?^^","CHATTING","2020-12-03T13:35:15","290580","False","2020-12-03T13:30:24.42","2026-05-21T13:10:24.272728+00:00"
"33395","38488591","0","3ip6N","고슴도치","♥","CHATTING","2020-12-03T13:35:24","299580","False","2020-12-03T13:30:24.42","2026-05-21T13:10:24.272728+00:00"
"33395","38488619","0","q6nm","mhlj****","영어도 나왔으면...>,< 한글 구매하고싶어용ㅎㅎ","CHATTING","2020-12-03T13:35:31","306580","False","2020-12-03T13:30:24.42","2026-05-21T13:10:24.272728+00:00"
"33395","38488620","0","3LG0Z","갓피플","진짜 아쉬웠어요~ ^^","CHATTING","2020-12-03T13:35:31","306580","False","2020-12-03T13:30:24.42","2026-05-21T13:10:24.272728+00:00"
"33395","38488696","0","8cgTS","박혜선","와우~~ 넘넘기대됩니다!!!","CHATTING","2020-12-03T13:35:55","330580","False","2020-12-03T13:30:24.42","2026-05-21T13:10:24.272728+00:00"
"33395","38488702","0","1Rk9l","꿈꾸는상미","카스 댓글 썼는데요~~^^","CHATTING","2020-12-03T13:35:56","331580","False","2020-12-03T13:30:24.42","2026-05-21T13:10:24.272728+00:00"
"33395","38488711","0","bzXMA","강경우","안녕하세요.. 참 좋네요..","CHATTING","2020-12-03T13:35:59","334580","False","2020-12-03T13:30:24.42","2026-05-21T13:10:24.272728+00:00"
"33395","38488716","0","5W72P","룰루랄라","윤이맘 애기 엄마 안같아요🤓","CHATTING","2020-12-03T13:36:01","336580","False","2020-12-03T13:30:24.42","2026-05-21T13:10:24.272728+00:00"
"33395","38488738","0","1RDTS","엄지Anne","와우우우 감사하고 기대됩니다. ㅎㅎ","CHATTING","2020-12-03T13:36:10","345580","False","2020-12-03T13:30:24.42","2026-05-21T13:10:24.272728+00:00"
"33395","38488745","0","1bl7h","두부두부","안녕하세요","CHATTING","2020-12-03T13:36:14","349580","False","2020-12-03T13:30:24.42","2026-05-21T13:10:24.272728+00:00"
"33395","38488752","0","3ip6N","고슴도치","내용 너무 기대돼요~~~","CHATTING","2020-12-03T13:36:16","351580","False","2020-12-03T13:30:24.42","2026-05-21T13:10:24.272728+00:00"
"33395","38488761","0","8cgTS","박혜선","박주신목사님화이팅~~~~♡","CHATTING","2020-12-03T13:36:19","354580","False","2020-12-03T13:30:24.42","2026-05-21T13:10:24.272728+00:00"
"33395","38488765","0","1P3va","알레테이아","아이고... 저는 투썸 신청 못 했네요","CHATTING","2020-12-03T13:36:21","356580","False","2020-12-03T13:30:24.42","2026-05-21T13:10:24.272728+00:00"
"33395","38488770","0","1Rk9l","꿈꾸는상미","축하드려요♡당첨되신분들~~","CHATTING","2020-12-03T13:36:22","357580","False","2020-12-03T13:30:24.42","2026-05-21T13:10:24.272728+00:00"
"33395","38488796","0","zw28","mars****","20대 같으세요 윤이 엄마","CHATTING","2020-12-03T13:36:29","364580","False","2020-12-03T13:30:24.42","2026-05-21T13:10:24.272728+00:00"
"33395","38488913","0","1r2lz","낭만소년","안녕하세요~~","CHATTING","2020-12-03T13:37:11","406580","False","2020-12-03T13:30:24.42","2026-05-21T13:10:24.272728+00:00"
"33395","38488931","0","1Rk9l","꿈꾸는상미","우와!!","CHATTING","2020-12-03T13:37:16","411580","False","2020-12-03T13:30:24.42","2026-05-21T13:10:24.272728+00:00"
"33395","38488980","0","1RDTS","엄지Anne","저는 카톡방40명 방에 공유했어요^^","CHATTING","2020-12-03T13:37:38","433580","False","2020-12-03T13:30:24.42","2026-05-21T13:10:24.272728+00:00"
"33395","38489006","0","1bl7h","두부두부","우와~~","CHATTING","2020-12-03T13:37:50","445580","False","2020-12-03T13:30:24.42","2026-05-21T13:10:24.272728+00:00"
"33395","38489007","0","3ip6N","고슴도치","이번 기회에 출판사에 대해서도 알고 가네요~","CHATTING","2020-12-03T13:37:50","445580","False","2020-12-03T13:30:24.42","2026-05-21T13:10:24.272728+00:00"
"33395","38489222","0","1P3va","알레테이아","오 후기네요?","CHATTING","2020-12-03T13:39:09","524580","False","2020-12-03T13:30:24.42","2026-05-21T13:10:24.272728+00:00"
"33395","38489459","0","1Rk9l","꿈꾸는상미","저도 윤이맘인데요^^","CHATTING","2020-12-03T13:40:16","591580","False","2020-12-03T13:30:24.42","2026-05-21T13:10:24.272728+00:00"
"33395","38489550","0","1Rk9l","꿈꾸는상미","한글과 성경공부!!같이해서 너무 좋아요~~","CHATTING","2020-12-03T13:40:53","628580","False","2020-12-03T13:30:24.42","2026-05-21T13:10:24.272728+00:00"
"33395","38489572","0","1P3va","알레테이아","도움말을 읽어주면 되는 건가 보네요?","CHATTING","2020-12-03T13:41:06","641580","False","2020-12-03T13:30:24.42","2026-05-21T13:10:24.272728+00:00"
"33395","38489580","0","V4kq","햇살짱","그림도 너무 예뻐서 아이들이 좋아하겠어요!!","CHATTING","2020-12-03T13:41:09","644580","False","2020-12-03T13:30:24.42","2026-05-21T13:10:24.272728+00:00"
"33395","38489649","0","1RDTS","엄지Anne","하나님 나라의 관점에서 한글공부는 정말 유익할거 같아요 귀한 기획에 정말 좋네요 와우우","CHATTING","2020-12-03T13:41:36","671580","False","2020-12-03T13:30:24.42","2026-05-21T13:10:24.272728+00:00"
"33395","38489718","0","3ip6N","고슴도치","맞아요","CHATTING","2020-12-03T13:42:04","699580","False","2020-12-03T13:30:24.42","2026-05-21T13:10:24.272728+00:00"
"33395","38489796","0","1Rk9l","꿈꾸는상미","어휘 진짜 중요해요ㅠ","CHATTING","2020-12-03T13:42:29","724580","False","2020-12-03T13:30:24.42","2026-05-21T13:10:24.272728+00:00"
"33395","38489821","0","4S6Gt","박루크","책이 일단 넘 이쁘네요 ㅋㅋ","CHATTING","2020-12-03T13:42:37","732580","False","2020-12-03T13:30:24.42","2026-05-21T13:10:24.272728+00:00"
"33395","38489853","0","1bl7h","두부두부","단어가.. 다양한거 너무 좋아요~ 어휘력은.. 고학년때도. 꼭 필요하거든요","CHATTING","2020-12-03T13:42:51","746580","False","2020-12-03T13:30:24.42","2026-05-21T13:10:24.272728+00:00"
"33395","38489862","0","zw28","mars****","컬러감있어서 아이들 좋아하겠어요","CHATTING","2020-12-03T13:42:54","749580","False","2020-12-03T13:30:24.42","2026-05-21T13:10:24.272728+00:00"
"33395","38489920","0","3ip6N","고슴도치","어휘를어떤걸 먼저 배우는지도 중요하더라고요","CHATTING","2020-12-03T13:43:12","767580","False","2020-12-03T13:30:24.42","2026-05-21T13:10:24.272728+00:00"
"33395","38489934","0","1RDTS","엄지Anne","성경속의 어휘,사고는 정말 중요한거 같아요 사실 어른인 저도 다시 배워야겠다는 마음이 드는걸요^^ 의성어, 의태어...^^","CHATTING","2020-12-03T13:43:16","771580","False","2020-12-03T13:30:24.42","2026-05-21T13:10:24.272728+00:00"
"33395","38490002","0","5W72P","룰루랄라","오앗 그림이 엄청 센스있네요","CHATTING","2020-12-03T13:43:30","785580","False","2020-12-03T13:30:24.42","2026-05-21T13:10:24.272728+00:00"
"33395","38490064","0","3ip6N","고슴도치","오 저기 방주가 있네요","CHATTING","2020-12-03T13:43:43","798580","False","2020-12-03T13:30:24.42","2026-05-21T13:10:24.272728+00:00"
"33395","38490106","0","V4kq","햇살짱","한글배우며 어휘력도 챙기고 사고력도 확장되고","CHATTING","2020-12-03T13:43:52","807580","False","2020-12-03T13:30:24.42","2026-05-21T13:10:24.272728+00:00"
"33395","38490179","0","1RDTS","엄지Anne","창9:13말씀 바로 암송이 되는걸요 ㅎㅎ","CHATTING","2020-12-03T13:44:13","828580","False","2020-12-03T13:30:24.42","2026-05-21T13:10:24.272728+00:00"
"33395","38490190","0","1P3va","알레테이아","아하 성경 구절도 소개하는 군요?!","CHATTING","2020-12-03T13:44:15","830580","False","2020-12-03T13:30:24.42","2026-05-21T13:10:24.272728+00:00"
"33395","38490300","0","341HL","베어","저 카톡으로 16명에게 알렸어요~~","CHATTING","2020-12-03T13:44:55","870580","False","2020-12-03T13:30:24.42","2026-05-21T13:10:24.272728+00:00"
"33395","38490343","0","4fbvU","언젠가는","가족 큐티 너무 좋네요~^^","CHATTING","2020-12-03T13:45:02","877580","False","2020-12-03T13:30:24.42","2026-05-21T13:10:24.272728+00:00"
"33395","38490427","0","O7vS","spot****","그림이 예쁘네요~","CHATTING","2020-12-03T13:45:22","897580","False","2020-12-03T13:30:24.42","2026-05-21T13:10:24.272728+00:00"
"33395","38490475","0","Yntu","jhof****","아이들이 한글공부 ,성경인물 배우기에 좋은거 같아요. 일러스트 그림도 아기자기 예뻐요~^^","CHATTING","2020-12-03T13:45:35","910580","False","2020-12-03T13:30:24.42","2026-05-21T13:10:24.272728+00:00"
"33395","38490529","0","1Rk9l","꿈꾸는상미","성경동화가 삽입된 형태네요^^","CHATTING","2020-12-03T13:45:47","922580","False","2020-12-03T13:30:24.42","2026-05-21T13:10:24.272728+00:00"
"33395","38490575","0","1P3va","알레테이아","엄마도 성경 공부되는 한글 공부 교재군요 ㅎㅎㅎㅎ","CHATTING","2020-12-03T13:45:59","934580","False","2020-12-03T13:30:24.42","2026-05-21T13:10:24.272728+00:00"
"33395","38490604","0","1sIXQ","wbhm****","저도 주일학교 친구들에게 알렸어요~","CHATTING","2020-12-03T13:46:05","940580","False","2020-12-03T13:30:24.42","2026-05-21T13:10:24.272728+00:00"
"33395","38490631","0","DUkl","위인맘","계속 단톡방과 개인톡으로 공유하며 방송 보고 있어요~ ^^","CHATTING","2020-12-03T13:46:11","946580","False","2020-12-03T13:30:24.42","2026-05-21T13:10:24.272728+00:00"
"33395","38490690","0","3GP72","dydg****","교회가기 전 아이들에게 필수네요ㅎㅎ","CHATTING","2020-12-03T13:46:29","964580","False","2020-12-03T13:30:24.42","2026-05-21T13:10:24.272728+00:00"
"33395","38490702","0","3ip6N","고슴도치","애들이 좋아하는 성경 이야기가 정말 다 있네요 ㅎㅎㅎ","CHATTING","2020-12-03T13:46:33","968580","False","2020-12-03T13:30:24.42","2026-05-21T13:10:24.272728+00:00"
"33395","38490718","0","1Rk9l","꿈꾸는상미","요즘 한글공부 대세는 스토리중심입니다!!","CHATTING","2020-12-03T13:46:38","973580","False","2020-12-03T13:30:24.42","2026-05-21T13:10:24.273230+00:00"
"33395","38490723","0","1RDTS","엄지Anne","어제 미리 중요한 지인들에게 개인카톡방 30명 추가 했어요^^","CHATTING","2020-12-03T13:46:40","975580","False","2020-12-03T13:30:24.42","2026-05-21T13:10:24.273230+00:00"
"33395","38490733","0","UQxX","ok1024","성경으로 한글을 배운다는 것이 정말 좋네요!!","CHATTING","2020-12-03T13:46:43","978580","False","2020-12-03T13:30:24.42","2026-05-21T13:10:24.273230+00:00"
"33395","38490774","0","2l06R","쏭알쏭알","저 신랑에게 공유하고 알렸어요!!","CHATTING","2020-12-03T13:46:55","990580","False","2020-12-03T13:30:24.42","2026-05-21T13:10:24.273230+00:00"
"33395","38490822","0","DUkl","위인맘","해외에서 한글교육을 하시는 선교사님들께도 좋을 것 같아요~","CHATTING","2020-12-03T13:47:12","1007580","False","2020-12-03T13:30:24.42","2026-05-21T13:10:24.273230+00:00"
"33395","38490890","0","1P3va","알레테이아","오오 재밌게 노는 듯이 글자를 배울 수 있겠네요","CHATTING","2020-12-03T13:47:47","1042580","False","2020-12-03T13:30:24.42","2026-05-21T13:10:24.273230+00:00"
"33395","38490922","0","q6nm","mhlj****","전 지인들이 별로없어서ㅠㅠ 유아키우는 가족 단톡방에 홍보했어요ㅠ 교회에서 특별새벽기도 주제가 천로역정이에요ㅎㅎ괜히 반갑네요ㅎㅎ","CHATTING","2020-12-03T13:47:57","1052580","False","2020-12-03T13:30:24.42","2026-05-21T13:10:24.273230+00:00"
"33395","38491181","0","RwCb","923b****","오~정말 아이들이 좋아할거같아요. 부록도 많고, 성경이야기 넘 좋아보여요ㅎ굿~~","CHATTING","2020-12-03T13:49:43","1158580","False","2020-12-03T13:30:24.42","2026-05-21T13:10:24.273230+00:00"
"33395","38491197","0","1RDTS","엄지Anne","선한청지기 출판사","CHATTING","2020-12-03T13:49:49","1164580","False","2020-12-03T13:30:24.42","2026-05-21T13:10:24.273230+00:00"
"33395","38491221","0","3ip6N","고슴도치","저기에도 성경이야기가 있네요 굿굿","CHATTING","2020-12-03T13:49:57","1172580","False","2020-12-03T13:30:24.42","2026-05-21T13:10:24.273230+00:00"
"33395","38491222","0","1RDTS","엄지Anne","정말 선하시네요^^","CHATTING","2020-12-03T13:49:57","1172580","False","2020-12-03T13:30:24.42","2026-05-21T13:10:24.273230+00:00"
"33395","38491227","0","R9ki","xs11****","신랑입니다 주문할께요","CHATTING","2020-12-03T13:50:00","1175580","False","2020-12-03T13:30:24.42","2026-05-21T13:10:24.273230+00:00"
"33395","38491249","0","1InL9","박주삶","ㅋㅋㅋㅋ 신랑등장","CHATTING","2020-12-03T13:50:10","1185580","False","2020-12-03T13:30:24.42","2026-05-21T13:10:24.273230+00:00"
"33395","38491256","0","zw28","mars****","ㅍㅎㅎㅎㅎㅎㅎㅎㅎㅎㅎㅎㅎ 성학씨 오셨다","CHATTING","2020-12-03T13:50:13","1188580","False","2020-12-03T13:30:24.42","2026-05-21T13:10:24.273230+00:00"
"33395","38491270","0","8zBIe","반갑수아","ㅎㅎㅎㅎㅎㅎ","CHATTING","2020-12-03T13:50:17","1192580","False","2020-12-03T13:30:24.42","2026-05-21T13:10:24.273230+00:00"
"33395","38491297","0","4S6Gt","박루크","ㅋㅋㅋ 신랑분 등장","CHATTING","2020-12-03T13:50:26","1201580","False","2020-12-03T13:30:24.42","2026-05-21T13:10:24.273230+00:00"
"33395","38491305","0","1P3va","알레테이아","한글 브로마이드 이미지가 참 귀엽네요^^","CHATTING","2020-12-03T13:50:29","1204580","False","2020-12-03T13:30:24.42","2026-05-21T13:10:24.273230+00:00"
"33395","38491374","0","zw28","mars****","구성이 알짜배기네요 ㅎㅎ","CHATTING","2020-12-03T13:51:07","1242580","False","2020-12-03T13:30:24.42","2026-05-21T13:10:24.273230+00:00"
"33395","38491382","0","1P3va","알레테이아","억 신랑님 등판하셨네요? ㅋㅋㅋ","CHATTING","2020-12-03T13:51:10","1245580","False","2020-12-03T13:30:24.42","2026-05-21T13:10:24.273230+00:00"
"33395","38491445","0","3ip6N","고슴도치","화면캡처 ㅋㅋㅋㅋㅋ","CHATTING","2020-12-03T13:51:37","1272580","False","2020-12-03T13:30:24.42","2026-05-21T13:10:24.273230+00:00"
"33395","38491454","0","3GP72","dydg****","신랑분ㅋㅋㅋㅋ","CHATTING","2020-12-03T13:51:39","1274580","False","2020-12-03T13:30:24.42","2026-05-21T13:10:24.273230+00:00"
"33395","38491470","0","1RDTS","엄지Anne","윤이맘님 진정한 내편을 두셨네요 ㅎㅎㅎ","CHATTING","2020-12-03T13:51:45","1280580","False","2020-12-03T13:30:24.42","2026-05-21T13:10:24.273230+00:00"
"33395","38491502","0","1r2lz","낭만소년","어떻게 주문해요?","CHATTING","2020-12-03T13:51:59","1294580","False","2020-12-03T13:30:24.42","2026-05-21T13:10:24.273230+00:00"
"33395","38491513","0","8zBIe","반갑수아","신랑분 넘 잼있어요 ㅎㅎㅎㅅㅎㅅㅆ","CHATTING","2020-12-03T13:52:04","1299580","False","2020-12-03T13:30:24.42","2026-05-21T13:10:24.273230+00:00"
"33395","38491521","0","1P3va","알레테이아","남편 아니고 내편 ㅋㅋㅋㅋ","CHATTING","2020-12-03T13:52:06","1301580","False","2020-12-03T13:30:24.42","2026-05-21T13:10:24.273230+00:00"
"33395","38491577","0","2vlLb","곰배누리","큰일 날뻔 하셨네~~ㅎ","CHATTING","2020-12-03T13:52:28","1323580","False","2020-12-03T13:30:24.42","2026-05-21T13:10:24.273230+00:00"
"33395","38491580","0","1r2lz","낭만소년","그냥 네이버에서 주문하면 되요?","CHATTING","2020-12-03T13:52:29","1324580","False","2020-12-03T13:30:24.42","2026-05-21T13:10:24.273230+00:00"
"33395","38491604","0","4Ixym","푸른감람나무","저 친구들에게 마구마구 알렸어요^^","CHATTING","2020-12-03T13:52:39","1334580","False","2020-12-03T13:30:24.42","2026-05-21T13:10:24.273230+00:00"
"33395","38491624","0","3ip6N","고슴도치","아저건 다른 곳에서는 판매를 안 하는군요???","CHATTING","2020-12-03T13:52:47","1342580","False","2020-12-03T13:30:24.42","2026-05-21T13:10:24.273230+00:00"
"33395","38491703","0","JKdI","난말이지","목사님이 만드셨다니 신뢰가 가요~","CHATTING","2020-12-03T13:53:19","1374580","False","2020-12-03T13:30:24.42","2026-05-21T13:10:24.273230+00:00"
"33395","38491784","0","1P3va","알레테이아","아, 목사님이 쓰셔서 책 속에 성경 구절도 소개되어 있는 거군요","CHATTING","2020-12-03T13:53:57","1412580","False","2020-12-03T13:30:24.42","2026-05-21T13:10:24.273230+00:00"
"33395","38491806","0","52ntO","grace","하나님 나라 한글 첫걸음 최고에요!!! ^^","CHATTING","2020-12-03T13:54:07","1422580","False","2020-12-03T13:30:24.42","2026-05-21T13:10:24.273230+00:00"
"33395","38491808","0","zw28","mars****","많이 많이 알릴게요~~","CHATTING","2020-12-03T13:54:07","1422580","False","2020-12-03T13:30:24.42","2026-05-21T13:10:24.273230+00:00"
"33395","38491826","0","UQxX","ok1024","ㅌㅋㅋㅋㅋㅋㅋ","CHATTING","2020-12-03T13:54:20","1435580","False","2020-12-03T13:30:24.42","2026-05-21T13:10:24.273230+00:00"
"33395","38491880","0","zw28","mars****","홍과장님도 하나님 나라로 공부하셔야 겠어요 ㅋㅋㅋㅋ","CHATTING","2020-12-03T13:54:46","1461580","False","2020-12-03T13:30:24.42","2026-05-21T13:10:24.273230+00:00"
"33395","38491896","0","UQxX","ok1024","ㅋㅋㅋㅋㅋㅋㅋㅋ","CHATTING","2020-12-03T13:54:55","1470580","False","2020-12-03T13:30:24.42","2026-05-21T13:10:24.273230+00:00"
"33395","38491927","0","1RDTS","엄지Anne","사실 어른이라도 기본을 다시 해야 해요...저도 다시 해야해요 ㅎㅎ","CHATTING","2020-12-03T13:55:11","1486580","False","2020-12-03T13:30:24.42","2026-05-21T13:10:24.273230+00:00"
"33395","38491931","0","UQxX","ok1024","저도 그렇삽니다!!","CHATTING","2020-12-03T13:55:11","1486580","False","2020-12-03T13:30:24.42","2026-05-21T13:10:24.273230+00:00"
"33395","38491955","0","8zBIe","반갑수아","같이공부해야해여","CHATTING","2020-12-03T13:55:21","1496580","False","2020-12-03T13:30:24.42","2026-05-21T13:10:24.273230+00:00"
"33395","38491966","0","14JEw","sjlo****","홍과장님 안녕하세요 ~ㅋㅋ","CHATTING","2020-12-03T13:55:25","1500580","False","2020-12-03T13:30:24.42","2026-05-21T13:10:24.273230+00:00"
"33395","38492016","0","1Rk9l","꿈꾸는상미","우리 아이 한글 거의 다 뗏는데도 복습차원에서 또 샀어용","CHATTING","2020-12-03T13:55:48","1523580","False","2020-12-03T13:30:24.42","2026-05-21T13:10:24.273230+00:00"
"33395","38492020","0","3GP72","dydg****","아이랑 같이 성경도, 한글도 무럭무럭^^","CHATTING","2020-12-03T13:55:49","1524580","False","2020-12-03T13:30:24.42","2026-05-21T13:10:24.273230+00:00"
"33395","38492059","0","3ip6N","고슴도치","정말 복습용으로 괜찮겠어요","CHATTING","2020-12-03T13:56:10","1545580","False","2020-12-03T13:30:24.42","2026-05-21T13:10:24.273230+00:00"
"33395","38492069","0","1r2lz","낭만소년","주문완료했습니다.","CHATTING","2020-12-03T13:56:15","1550580","False","2020-12-03T13:30:24.42","2026-05-21T13:10:24.273230+00:00"
"33395","38492085","0","UQxX","ok1024","기초가 튼튼!","CHATTING","2020-12-03T13:56:25","1560580","False","2020-12-03T13:30:24.42","2026-05-21T13:10:24.273230+00:00"
"33395","38492090","0","1P3va","알레테이아","도움말이 완전 친절하네요","CHATTING","2020-12-03T13:56:28","1563580","False","2020-12-03T13:30:24.42","2026-05-21T13:10:24.273230+00:00"
"33395","38492092","0","1r2lz","낭만소년","배송은 저자가 직접 들고 배송하는 것으로 해주세요","CHATTING","2020-12-03T13:56:28","1563580","False","2020-12-03T13:30:24.42","2026-05-21T13:10:24.273230+00:00"
"33395","38492094","0","8zBIe","반갑수아","갓피플에서 해줘서 너무 좋아요 다른것두해주세요♡","CHATTING","2020-12-03T13:56:29","1564580","False","2020-12-03T13:30:24.42","2026-05-21T13:10:24.273230+00:00"
"33395","38492100","0","q6nm","mhlj****","주문했어용ㅎㅎ","CHATTING","2020-12-03T13:56:32","1567580","False","2020-12-03T13:30:24.42","2026-05-21T13:10:24.273230+00:00"
"33395","38492111","0","UQxX","ok1024","그림 넘 귀엽 ㅠㅠ 애들이 좋아하겠어요!","CHATTING","2020-12-03T13:56:39","1574580","False","2020-12-03T13:30:24.42","2026-05-21T13:10:24.273230+00:00"
"33395","38492133","0","2b4eV","face****","안녕하세요","CHATTING","2020-12-03T13:56:50","1585580","False","2020-12-03T13:30:24.42","2026-05-21T13:10:24.273230+00:00"
"33395","38492161","0","3ip6N","고슴도치","ㅋㅋㅋㅋㅋ저 그림도 사자굴인가요?","CHATTING","2020-12-03T13:57:08","1603580","False","2020-12-03T13:30:24.42","2026-05-21T13:10:24.273230+00:00"
"33395","38492201","0","3GP72","dydg****","스티커는 무엇인가요??","CHATTING","2020-12-03T13:57:23","1618580","False","2020-12-03T13:30:24.42","2026-05-21T13:10:24.273230+00:00"
"33395","38492211","0","5W72P","룰루랄라","저 2권 주문했습니다!","CHATTING","2020-12-03T13:57:30","1625580","False","2020-12-03T13:30:24.42","2026-05-21T13:10:24.273230+00:00"
"33395","38492219","0","2b4eV","face****","몇살부터 보면좋을까요?^^","CHATTING","2020-12-03T13:57:34","1629580","False","2020-12-03T13:30:24.42","2026-05-21T13:10:24.273230+00:00"
"33395","38492236","0","1Rk9l","꿈꾸는상미","여백이 많아서 좋네요^^ 저는 단어 쓰고 문장쓰기로 확장해서 써보도록 해야겠어요~","CHATTING","2020-12-03T13:57:41","1636580","False","2020-12-03T13:30:24.42","2026-05-21T13:10:24.273230+00:00"
"33395","38492291","0","1RDTS","엄지Anne","스티커는 어른인 저도 환(?) 하게 좋아합니다.","CHATTING","2020-12-03T13:58:05","1660580","False","2020-12-03T13:30:24.42","2026-05-21T13:10:24.273230+00:00"
"33395","38492377","0","d85T4","jaz","그림도 예쁘고 내용도 넘넘알차네요","CHATTING","2020-12-03T13:58:35","1690580","False","2020-12-03T13:30:24.42","2026-05-21T13:10:24.273230+00:00"
"33395","38492380","0","1sIXQ","wbhm****","스티커는 매 권마다 포함인거지요??","CHATTING","2020-12-03T13:58:35","1690580","False","2020-12-03T13:30:24.42","2026-05-21T13:10:24.273230+00:00"
"33395","38492406","0","q6nm","mhlj****","저희집 아이도 4세에용ㅎㅎ 미리 주문햇어용ㅎ","CHATTING","2020-12-03T13:58:46","1701580","False","2020-12-03T13:30:24.42","2026-05-21T13:10:24.273230+00:00"
"33395","38492409","0","6B9Kq","아이셔","단계별로 나이대가 다른거죠?","CHATTING","2020-12-03T13:58:47","1702580","False","2020-12-03T13:30:24.42","2026-05-21T13:10:24.273230+00:00"
"33395","38492419","0","1P3va","알레테이아","굉장히 고급진(?) 단어도 쓰시고, 특별게스트분 진행 참 좋아요 ㅎㅎ","CHATTING","2020-12-03T13:58:52","1707580","False","2020-12-03T13:30:24.42","2026-05-21T13:10:24.273230+00:00"
"33395","38492468","0","1tn1J","고향길","와~~정말좋은 책이다~ 이렇게 좋은책이 이렇게 늦게 나왔을까 ~","CHATTING","2020-12-03T13:59:16","1731580","False","2020-12-03T13:30:24.42","2026-05-21T13:10:24.273230+00:00"
"33395","38492489","0","d85T4","jaz","한글공부 시작하는 아이든에겐 최고의 선물이 될거 같아요","CHATTING","2020-12-03T13:59:22","1737580","False","2020-12-03T13:30:24.42","2026-05-21T13:10:24.273230+00:00"
"33395","38492491","0","1r2lz","낭만소년","저 친구들에게 카톡으로 다 보냈어요~ 30명 보냄","CHATTING","2020-12-03T13:59:24","1739580","False","2020-12-03T13:30:24.42","2026-05-21T13:10:24.273230+00:00"
"33395","38492493","0","q6nm","mhlj****","내년5세 유유치원가는데 도움될거같아요ㅎ","CHATTING","2020-12-03T13:59:26","1741580","False","2020-12-03T13:30:24.42","2026-05-21T13:10:24.273230+00:00"
"33395","38492511","0","1Rk9l","꿈꾸는상미","익힘책도 보여주세요♡","CHATTING","2020-12-03T13:59:34","1749580","False","2020-12-03T13:30:24.42","2026-05-21T13:10:24.273230+00:00"
"33395","38492542","0","2b4eV","face****","친구 카톡에 알렸습니다.^^","CHATTING","2020-12-03T13:59:46","1761580","False","2020-12-03T13:30:24.42","2026-05-21T13:10:24.273230+00:00"
"33395","38492578","0","1Rk9l","꿈꾸는상미","기도문!!와우!!!!!","CHATTING","2020-12-03T13:59:56","1771580","False","2020-12-03T13:30:24.42","2026-05-21T13:10:24.273230+00:00"
"33395","38492588","0","3ip6N","고슴도치","선긋기부터 시작하는것 참 좋네요","CHATTING","2020-12-03T13:59:57","1772580","False","2020-12-03T13:30:24.42","2026-05-21T13:10:24.273230+00:00"
"33395","38492590","0","6B9Kq","아이셔","익힘책 좋네여 ^^","CHATTING","2020-12-03T13:59:57","1772580","False","2020-12-03T13:30:24.42","2026-05-21T13:10:24.273230+00:00"
"33395","38492608","0","1bl7h","두부두부","아이 한명 더 낳아야 할까요?? 너무 좋네요~","CHATTING","2020-12-03T14:00:03","1778580","False","2020-12-03T13:30:24.42","2026-05-21T13:10:24.273230+00:00"
"33395","38492620","0","2b4eV","face****","5세 아이인데 감사합니다.","CHATTING","2020-12-03T14:00:08","1783580","False","2020-12-03T13:30:24.42","2026-05-21T13:10:24.273230+00:00"
"33395","38492625","0","52ntO","grace","좋아요!!!","CHATTING","2020-12-03T14:00:09","1784580","False","2020-12-03T13:30:24.42","2026-05-21T13:10:24.273230+00:00"
"33395","38492628","0","1RDTS","엄지Anne","기도문...정말 정말 가장 하나님 나라의 기획력입니다.","CHATTING","2020-12-03T14:00:12","1787580","False","2020-12-03T13:30:24.42","2026-05-21T13:10:24.273230+00:00"
"33395","38492636","0","1P3va","알레테이아","이것도 목사님이 쓰신 건가 봐요?","CHATTING","2020-12-03T14:00:14","1789580","False","2020-12-03T13:30:24.42","2026-05-21T13:10:24.273230+00:00"
"33395","38492639","0","bjd0","서요셉","윤이맘 프로같다!!","CHATTING","2020-12-03T14:00:16","1791580","False","2020-12-03T13:30:24.42","2026-05-21T13:10:24.273230+00:00"
"33395","38492744","0","1io7O","바다원","호오","CHATTING","2020-12-03T14:00:59","1834580","False","2020-12-03T13:30:24.42","2026-05-21T13:10:24.273230+00:00"
"33395","38492759","0","23QFz","YOANNA","스티커어어어어 *0*!!!!!!!!!","CHATTING","2020-12-03T14:01:03","1838580","False","2020-12-03T13:30:24.42","2026-05-21T13:10:24.273230+00:00"
"33395","38492796","0","UQxX","ok1024","오 수티커!!!","CHATTING","2020-12-03T14:01:14","1849580","False","2020-12-03T13:30:24.42","2026-05-21T13:10:24.273230+00:00"
"33395","38492797","0","1sIXQ","wbhm****","아이가 스티커를 너무 환~장하게 좋아해서^^;;;; 스티커가 몇개없으면 슬퍼해여ㅡㅠ","CHATTING","2020-12-03T14:01:14","1849580","False","2020-12-03T13:30:24.42","2026-05-21T13:10:24.273230+00:00"
"33395","38492818","0","23QFz","YOANNA","🍑🥬🍏🫐🫐🥕🍉😍🐈🐕🦊🐂🦄🦁🦌","CHATTING","2020-12-03T14:01:18","1853580","False","2020-12-03T13:30:24.42","2026-05-21T13:10:24.273230+00:00"
"33395","38492823","0","UQxX","ok1024","아이들의 로망 스티커 ㅋㅋㅋㅋㅋㅋ","CHATTING","2020-12-03T14:01:20","1855580","False","2020-12-03T13:30:24.42","2026-05-21T13:10:24.273230+00:00"
"33395","38492845","0","3sFEO","juhy****","와아~","CHATTING","2020-12-03T14:01:27","1862580","False","2020-12-03T13:30:24.42","2026-05-21T13:10:24.273230+00:00"
"33395","38492851","0","UQxX","ok1024","스티커 젤 중요합니다 ㅋㅋㅋ","CHATTING","2020-12-03T14:01:29","1864580","False","2020-12-03T13:30:24.42","2026-05-21T13:10:24.273230+00:00"
"33395","38492886","0","8zBIe","반갑수아","아 조카2살인데ㅠㅠ 여튼 너무 반갑습니다 어른 갓피플 라이브 해주세용~!!","CHATTING","2020-12-03T14:01:43","1878580","False","2020-12-03T13:30:24.42","2026-05-21T13:10:24.273230+00:00"
"33395","38492888","0","23QFz","YOANNA","스티커 중요하죠","CHATTING","2020-12-03T14:01:44","1879580","False","2020-12-03T13:30:24.42","2026-05-21T13:10:24.273733+00:00"
"33395","38492891","0","q6nm","mhlj****","한창 스티커 좋아할 나이ㅠㅠ","CHATTING","2020-12-03T14:01:46","1881580","False","2020-12-03T13:30:24.42","2026-05-21T13:10:24.273733+00:00"
"33395","38492892","0","6B9Kq","아이셔","스티커 좋아요","CHATTING","2020-12-03T14:01:46","1881580","False","2020-12-03T13:30:24.42","2026-05-21T13:10:24.273733+00:00"
"33395","38492894","0","UQxX","ok1024","스티커 붙이는 것이 소근육 발달에 좋아서!!","CHATTING","2020-12-03T14:01:48","1883580","False","2020-12-03T13:30:24.42","2026-05-21T13:10:24.273733+00:00"
"33395","38492930","0","1P3va","알레테이아","아하 스티커가 아이들의 로망이었군요 ㅋㅋㅋ","CHATTING","2020-12-03T14:02:03","1898580","False","2020-12-03T13:30:24.42","2026-05-21T13:10:24.273733+00:00"
"33395","38492950","0","UQxX","ok1024","네네 ㅋㅋㅋㅋ","CHATTING","2020-12-03T14:02:13","1908580","False","2020-12-03T13:30:24.42","2026-05-21T13:10:24.273733+00:00"
"33395","38492975","0","1RDTS","엄지Anne","가장 배율이 적절하네요 스티커...^^","CHATTING","2020-12-03T14:02:22","1917580","False","2020-12-03T13:30:24.42","2026-05-21T13:10:24.273733+00:00"
"33395","38493026","0","3ip6N","고슴도치","아이들은 참 붙이는 걸 참 좋아해요^^ㅋㅋ","CHATTING","2020-12-03T14:02:37","1932580","False","2020-12-03T13:30:24.42","2026-05-21T13:10:24.273733+00:00"
"33395","38493029","0","3sFEO","juhy****","한글과 신앙교육의 완전체네요~~~^^","CHATTING","2020-12-03T14:02:37","1932580","False","2020-12-03T13:30:24.42","2026-05-21T13:10:24.273733+00:00"
"33395","38493043","0","1sIXQ","wbhm****","안그래도 딱 만4세아이 한글공부 어케시켜야하나 고민중잉ㆍㅅ","CHATTING","2020-12-03T14:02:42","1937580","False","2020-12-03T13:30:24.42","2026-05-21T13:10:24.273733+00:00"
"33395","38493065","0","1sIXQ","wbhm****","바로 주문합니다^^","CHATTING","2020-12-03T14:02:55","1950580","False","2020-12-03T13:30:24.42","2026-05-21T13:10:24.273733+00:00"
"33395","38493095","0","UQxX","ok1024","너무 좋아요 성경으로 한글가르친다니 ㅠㅠㅠㅠ 그림도 넘 귀얍고 ㅠㅠ","CHATTING","2020-12-03T14:03:10","1965580","False","2020-12-03T13:30:24.42","2026-05-21T13:10:24.273733+00:00"
"33395","38493174","0","6B9Kq","아이셔","총 6권이네요 이런거 넘 좋아여ㅜ 아이들한테 좋은거 같아요","CHATTING","2020-12-03T14:03:45","2000580","False","2020-12-03T13:30:24.42","2026-05-21T13:10:24.273733+00:00"
"33395","38493176","0","1sIXQ","wbhm****","별책부록? 으로 오는 책도 한번만 보여주세요~~~~","CHATTING","2020-12-03T14:03:45","2000580","False","2020-12-03T13:30:24.42","2026-05-21T13:10:24.273733+00:00"
"33395","38493184","0","26yER","나야","우와~~","CHATTING","2020-12-03T14:03:49","2004580","False","2020-12-03T13:30:24.42","2026-05-21T13:10:24.273733+00:00"
"33395","38493190","0","1P3va","알레테이아","정말 이쁘고 귀엽게 그려졌네요?!","CHATTING","2020-12-03T14:03:51","2006580","False","2020-12-03T13:30:24.42","2026-05-21T13:10:24.273733+00:00"
"33395","38493193","0","3GP72","dydg****","암수 한쌍씩 있네요ㅎㅎ","CHATTING","2020-12-03T14:03:55","2010580","False","2020-12-03T13:30:24.42","2026-05-21T13:10:24.273733+00:00"
"33395","38493203","0","3ip6N","고슴도치","어머 그림 너무 좋네요","CHATTING","2020-12-03T14:04:00","2015580","False","2020-12-03T13:30:24.42","2026-05-21T13:10:24.273733+00:00"
"33395","38493204","0","1Rk9l","꿈꾸는상미","디테일이 살아있네요^^","CHATTING","2020-12-03T14:04:01","2016580","False","2020-12-03T13:30:24.42","2026-05-21T13:10:24.273733+00:00"
"33395","38493213","0","UQxX","ok1024","색도 여러가지여서 좋을 것 같아요. 여러가지 색을 골고루 보면 좋은데!","CHATTING","2020-12-03T14:04:04","2019580","False","2020-12-03T13:30:24.42","2026-05-21T13:10:24.273733+00:00"
"33395","38493224","0","26yER","나야","그림이 예쁘다 ^^","CHATTING","2020-12-03T14:04:08","2023580","False","2020-12-03T13:30:24.42","2026-05-21T13:10:24.273733+00:00"
"33395","38493233","0","2b4eV","face****","저 카카오스토리에 알렸습니다.","CHATTING","2020-12-03T14:04:10","2025580","False","2020-12-03T13:30:24.42","2026-05-21T13:10:24.273733+00:00"
"33395","38493237","0","1Rk9l","꿈꾸는상미","막 만든책ㅋㅋㅋ","CHATTING","2020-12-03T14:04:13","2028580","False","2020-12-03T13:30:24.42","2026-05-21T13:10:24.273733+00:00"
"33395","38493257","0","1RDTS","엄지Anne","아이들 눈높이도 좋지만","CHATTING","2020-12-03T14:04:22","2037580","False","2020-12-03T13:30:24.42","2026-05-21T13:10:24.273733+00:00"
"33395","38493319","0","1RDTS","엄지Anne","가르치는 엄마,선생님,할머니 입장에서도 교육의 극대화를 가져올거 같아요 ㅎㅎ","CHATTING","2020-12-03T14:04:42","2057580","False","2020-12-03T13:30:24.42","2026-05-21T13:10:24.273733+00:00"
"33395","38493349","0","1RDTS","엄지Anne","교육은 서로가 공감하면서 하니까요^^","CHATTING","2020-12-03T14:04:55","2070580","False","2020-12-03T13:30:24.42","2026-05-21T13:10:24.273733+00:00"
"33395","38493354","0","1sIXQ","wbhm****","글로벌한 인물 그림이네요~","CHATTING","2020-12-03T14:04:59","2074580","False","2020-12-03T13:30:24.42","2026-05-21T13:10:24.273733+00:00"
"33395","38493364","0","1P3va","알레테이아","윤리만큼, 진행이 완전 세련되시네요. 막 만든 책 ㅋㅋㅋ","CHATTING","2020-12-03T14:05:05","2080580","False","2020-12-03T13:30:24.42","2026-05-21T13:10:24.273733+00:00"
"33395","38493367","0","1Rk9l","꿈꾸는상미","다문화 사회에 반편견 교육 필수예요^^","CHATTING","2020-12-03T14:05:07","2082580","False","2020-12-03T13:30:24.42","2026-05-21T13:10:24.273733+00:00"
"33395","38493373","0","14JEw","sjlo****","윤이맘님 설명 쏙쏙 들어와요~~","CHATTING","2020-12-03T14:05:14","2089580","False","2020-12-03T13:30:24.42","2026-05-21T13:10:24.273733+00:00"
"33395","38493380","0","1Rk9l","꿈꾸는상미","다른것이 틀린것이 아니지요~","CHATTING","2020-12-03T14:05:25","2100580","False","2020-12-03T13:30:24.42","2026-05-21T13:10:24.273733+00:00"
"33395","38493386","0","6B9Kq","아이셔","포스터도 있네요!!!!","CHATTING","2020-12-03T14:05:32","2107580","False","2020-12-03T13:30:24.42","2026-05-21T13:10:24.273733+00:00"
"33395","38493395","0","1RDTS","엄지Anne","다문화사역하시는 교회에 반드시 보내고 싶어요^^","CHATTING","2020-12-03T14:05:47","2122580","False","2020-12-03T13:30:24.42","2026-05-21T13:10:24.273733+00:00"
"33395","38493418","0","23QFz","YOANNA","다양한 피부색이 표현된 학습지의 중요성이 많이 이야기되고 있는 요즘이지요.❤❤❤","CHATTING","2020-12-03T14:06:12","2147580","False","2020-12-03T13:30:24.42","2026-05-21T13:10:24.273733+00:00"
"33395","38493420","0","26yER","공부벌레","벌써 주문했습니다. 후후","CHATTING","2020-12-03T14:06:13","2148580","False","2020-12-03T13:30:24.42","2026-05-21T13:10:24.273733+00:00"
"33395","38493443","0","1sIXQ","wbhm****","첫 걸음 기초세우기?라는 저것도 학습하는 책인가요?","CHATTING","2020-12-03T14:06:35","2170580","False","2020-12-03T13:30:24.42","2026-05-21T13:10:24.273733+00:00"
"33395","38493446","0","5W72P","룰루랄라","잘한다 내친구우우!!!","CHATTING","2020-12-03T14:06:36","2171580","False","2020-12-03T13:30:24.42","2026-05-21T13:10:24.273733+00:00"
"33395","38493471","0","1sIXQ","wbhm****","아 연습~~~","CHATTING","2020-12-03T14:06:58","2193580","False","2020-12-03T13:30:24.42","2026-05-21T13:10:24.273733+00:00"
"33395","38493476","0","d85T4","jaz","영,유치부 아이들에 딱!! 맞춤, 선물이넹ᆢ","CHATTING","2020-12-03T14:07:05","2200580","False","2020-12-03T13:30:24.42","2026-05-21T13:10:24.273733+00:00"
"33395","38493483","0","26yER","나야","재밌겠다 ㅎㅎ","CHATTING","2020-12-03T14:07:19","2214580","False","2020-12-03T13:30:24.42","2026-05-21T13:10:24.273733+00:00"
"33395","38493502","0","1sIXQ","wbhm****","아~~선행도서군요","CHATTING","2020-12-03T14:07:39","2234580","False","2020-12-03T13:30:24.42","2026-05-21T13:10:24.273733+00:00"
"33395","38493523","0","1sIXQ","wbhm****","ㅎㅎㅎㅎㅎㅎ던져주고~~~~~","CHATTING","2020-12-03T14:07:59","2254580","False","2020-12-03T13:30:24.42","2026-05-21T13:10:24.273733+00:00"
"33395","38493529","0","UQxX","ok1024","받아쓰기도 있어서 좋네용!!","CHATTING","2020-12-03T14:08:05","2260580","False","2020-12-03T13:30:24.42","2026-05-21T13:10:24.273733+00:00"
"33395","38493534","0","d85T4","jaz","요번년도 크리스마스 선물은 요걸로 !!!!","CHATTING","2020-12-03T14:08:12","2267580","False","2020-12-03T13:30:24.42","2026-05-21T13:10:24.273733+00:00"
"33395","38493555","0","1RDTS","엄지Anne","전 종이가 중요해요 ㅎㅎ 종이는 아이들에게도 중요해요 역시 짱👍","CHATTING","2020-12-03T14:08:39","2294580","False","2020-12-03T13:30:24.42","2026-05-21T13:10:24.273733+00:00"
"33395","38493559","0","1Rk9l","꿈꾸는상미","받아쓰기도 있다구요?ㅠ 아이가 받아쓰기 트라우마 있는데..ㅠ","CHATTING","2020-12-03T14:08:44","2299580","False","2020-12-03T13:30:24.42","2026-05-21T13:10:24.273733+00:00"
"33395","38493564","0","UQxX","ok1024","아고 ㅋㅋㅋ","CHATTING","2020-12-03T14:08:51","2306580","False","2020-12-03T13:30:24.42","2026-05-21T13:10:24.273733+00:00"
"33395","38493572","0","3ip6N","고슴도치","오오 모서리까지","CHATTING","2020-12-03T14:09:00","2315580","False","2020-12-03T13:30:24.42","2026-05-21T13:10:24.273733+00:00"
"33395","38493574","0","UQxX","ok1024","재미있게 배우면서 트라우마 사라지기를요","CHATTING","2020-12-03T14:09:03","2318580","False","2020-12-03T13:30:24.42","2026-05-21T13:10:24.273733+00:00"
"33395","38493576","0","1Rk9l","꿈꾸는상미","받아쓰기는 얼른 넘겨야겠네요ㅠ","CHATTING","2020-12-03T14:09:06","2321580","False","2020-12-03T13:30:24.42","2026-05-21T13:10:24.273733+00:00"
"33395","38493580","0","1sIXQ","wbhm****","받아쓰기~~~~","CHATTING","2020-12-03T14:09:14","2329580","False","2020-12-03T13:30:24.42","2026-05-21T13:10:24.273733+00:00"
"33395","38493591","0","3sFEO","juhy****","역시","CHATTING","2020-12-03T14:09:31","2346580","False","2020-12-03T13:30:24.42","2026-05-21T13:10:24.273733+00:00"
"33395","38493593","0","d85T4","jaz","안녕하세요","CHATTING","2020-12-03T14:09:33","2348580","False","2020-12-03T13:30:24.42","2026-05-21T13:10:24.273733+00:00"
"33395","38493597","0","1IcpR","dave","와우","CHATTING","2020-12-03T14:09:38","2353580","False","2020-12-03T13:30:24.42","2026-05-21T13:10:24.273733+00:00"
"33395","38493600","0","1P3va","알레테이아","안전까지 신경 쓰다니, 선한(청지기)출판사내요 ㅎㅎㅎ","CHATTING","2020-12-03T14:09:41","2356580","False","2020-12-03T13:30:24.42","2026-05-21T13:10:24.273733+00:00"
"33395","38493601","0","UQxX","ok1024","초큼씩 초큼씩 기도하며 재미나게 사알짝 시켜보면 트라우마도 사라지지 않을까용?","CHATTING","2020-12-03T14:09:43","2358580","False","2020-12-03T13:30:24.42","2026-05-21T13:10:24.273733+00:00"
"33395","38493602","0","4S6Gt","박루크","ㅋㅋ 받아쓰기 트라우마,,! 화이팅하세요","CHATTING","2020-12-03T14:09:44","2359580","False","2020-12-03T13:30:24.42","2026-05-21T13:10:24.273733+00:00"
"33395","38493603","0","1Rk9l","꿈꾸는상미","홍과장님 억양도 좋습니다","CHATTING","2020-12-03T14:09:44","2359580","False","2020-12-03T13:30:24.42","2026-05-21T13:10:24.273733+00:00"
"33395","38493608","0","UQxX","ok1024","ㅋㅋㅋ","CHATTING","2020-12-03T14:09:49","2364580","False","2020-12-03T13:30:24.42","2026-05-21T13:10:24.273733+00:00"
"33395","38493609","0","23QFz","YOANNA","편집디자이너 분이 진짜 세밀하게 신경쓰셨네요.","CHATTING","2020-12-03T14:09:50","2365580","False","2020-12-03T13:30:24.42","2026-05-21T13:10:24.273733+00:00"
"33395","38493628","0","1Rk9l","꿈꾸는상미","네^^;;받아쓰기 트라우마..극복해보길요ㅠ","CHATTING","2020-12-03T14:10:18","2393580","False","2020-12-03T13:30:24.42","2026-05-21T13:10:24.273733+00:00"
"33395","38493656","0","1sIXQ","wbhm****","저의 기도 동역자인 아이친구엄마에게도 공유했어요. ^^","CHATTING","2020-12-03T14:10:56","2431580","False","2020-12-03T13:30:24.42","2026-05-21T13:10:24.273733+00:00"
"33395","38493661","0","d85T4","jaz","활인룰도 대박!!","CHATTING","2020-12-03T14:11:02","2437580","False","2020-12-03T13:30:24.42","2026-05-21T13:10:24.273733+00:00"
"33395","38493670","0","1RDTS","엄지Anne","진행을 아주 즐겁게 해주시네요 김홍기 과장님 😃","CHATTING","2020-12-03T14:11:11","2446580","False","2020-12-03T13:30:24.42","2026-05-21T13:10:24.273733+00:00"
"33395","38493674","0","2RQAa","chem****","디자인도 내용도 좋네요","CHATTING","2020-12-03T14:11:25","2460580","False","2020-12-03T13:30:24.42","2026-05-21T13:10:24.273733+00:00"
"33395","38493679","0","1P3va","알레테이아","특별부록으로 책 한 권도 주시고, 브로마이드도 주시는 거에요?","CHATTING","2020-12-03T14:11:33","2468580","False","2020-12-03T13:30:24.42","2026-05-21T13:10:24.273733+00:00"
"33395","38493681","0","d85T4","jaz","거기다 적립금에 사은품까지~","CHATTING","2020-12-03T14:11:41","2476580","False","2020-12-03T13:30:24.42","2026-05-21T13:10:24.273733+00:00"
"33395","38493691","0","1sIXQ","wbhm****","오늘 구매해야 득템하는거네요^^","CHATTING","2020-12-03T14:11:59","2494580","False","2020-12-03T13:30:24.42","2026-05-21T13:10:24.273733+00:00"
"33395","38493720","0","1P3va","알레테이아","윤이맘 님, 진행하시는게 완전 전문가 삘이시네요^^","CHATTING","2020-12-03T14:12:32","2527580","False","2020-12-03T13:30:24.42","2026-05-21T13:10:24.273733+00:00"
"33395","38493732","0","1RDTS","엄지Anne","제가 받아도 감동일듯요","CHATTING","2020-12-03T14:12:51","2546580","False","2020-12-03T13:30:24.42","2026-05-21T13:10:24.273733+00:00"
"33395","38493736","0","2RQAa","chem****","성탄절선물로 괜찮겠네요..","CHATTING","2020-12-03T14:13:00","2555580","False","2020-12-03T13:30:24.42","2026-05-21T13:10:24.273733+00:00"
"33395","38493743","0","1RDTS","엄지Anne","우리 세대엔 저런거 없었으니까요 선물","CHATTING","2020-12-03T14:13:05","2560580","False","2020-12-03T13:30:24.42","2026-05-21T13:10:24.273733+00:00"
"33395","38493745","0","23QFz","YOANNA","크리스마스 선물 🎄🎄🎄🎄🎄🎄🎄🎄🎄","CHATTING","2020-12-03T14:13:06","2561580","False","2020-12-03T13:30:24.42","2026-05-21T13:10:24.273733+00:00"
"33395","38493752","0","q6nm","mhlj****","내일 배송되나요?","CHATTING","2020-12-03T14:13:17","2572580","False","2020-12-03T13:30:24.42","2026-05-21T13:10:24.273733+00:00"
"33395","38493757","0","JKdI","난말이지","지인에게도 공유했어요~","CHATTING","2020-12-03T14:13:21","2576580","False","2020-12-03T13:30:24.42","2026-05-21T13:10:24.273733+00:00"
"33395","38493780","0","q6nm","mhlj****","언제 배송 되나요?","CHATTING","2020-12-03T14:13:47","2602580","False","2020-12-03T13:30:24.42","2026-05-21T13:10:24.273733+00:00"
"33395","38493792","0","3GP72","dydg****","크리스마스 선물로 정말 좋을것 같아요~","CHATTING","2020-12-03T14:13:55","2610580","False","2020-12-03T13:30:24.42","2026-05-21T13:10:24.273733+00:00"
"33395","38493793","0","23QFz","YOANNA","묵직해서 진짜 선물 받으면 좋겠어요","CHATTING","2020-12-03T14:13:57","2612580","False","2020-12-03T13:30:24.42","2026-05-21T13:10:24.273733+00:00"
"33395","38493807","0","46udq","사랑09","선물용으로 좋겠어요","CHATTING","2020-12-03T14:14:12","2627580","False","2020-12-03T13:30:24.42","2026-05-21T13:10:24.274233+00:00"
"33395","38493810","0","46udq","사랑09","와우","CHATTING","2020-12-03T14:14:14","2629580","False","2020-12-03T13:30:24.42","2026-05-21T13:10:24.274233+00:00"
"33395","38493815","0","46udq","사랑09","좋네요","CHATTING","2020-12-03T14:14:19","2634580","False","2020-12-03T13:30:24.42","2026-05-21T13:10:24.274233+00:00"
"33395","38493834","0","46udq","사랑09","크리스마스용으로 선물 딱","CHATTING","2020-12-03T14:14:44","2659580","False","2020-12-03T13:30:24.42","2026-05-21T13:10:24.274233+00:00"
"33395","38493843","0","1Rk9l","꿈꾸는상미","라방 너무 집중해서 보느라..공유 못하고 있었네요ㅉㅉ","CHATTING","2020-12-03T14:15:09","2684580","False","2020-12-03T13:30:24.42","2026-05-21T13:10:24.274233+00:00"
"33395","38493846","0","46udq","사랑09","ㅎㅎㅎ","CHATTING","2020-12-03T14:15:12","2687580","False","2020-12-03T13:30:24.42","2026-05-21T13:10:24.274233+00:00"
"33395","38493856","0","5W72P","룰루랄라","초딩되서도 한번씩 펴보고 싶어질","CHATTING","2020-12-03T14:15:27","2702580","False","2020-12-03T13:30:24.42","2026-05-21T13:10:24.274233+00:00"
"33395","38493859","0","23QFz","YOANNA","두 분 너무 재미있게 잘 하시네요 🤩","CHATTING","2020-12-03T14:15:32","2707580","False","2020-12-03T13:30:24.42","2026-05-21T13:10:24.274233+00:00"
"33395","38493860","0","1Rk9l","꿈꾸는상미","꼭 구입할 듯한 집사님들께 공유했습니당","CHATTING","2020-12-03T14:15:33","2708580","False","2020-12-03T13:30:24.42","2026-05-21T13:10:24.274233+00:00"
"33395","38493870","0","1BcqE","새세새세","한글 공부 뭘로할까 고민중이라, 이것저것 꼼꼼히 비교해봤는데 이걸로 결정했어요!","CHATTING","2020-12-03T14:15:57","2732580","False","2020-12-03T13:30:24.42","2026-05-21T13:10:24.274233+00:00"
"33395","38493872","0","46udq","사랑09","대박","CHATTING","2020-12-03T14:16:02","2737580","False","2020-12-03T13:30:24.42","2026-05-21T13:10:24.274233+00:00"
"33395","38493878","0","qHrU","바른생활","한글공부시작해야하는 딸아이가 하기 너무 좋을것같아요~ 성경공부까지 일석이조ㅎ","CHATTING","2020-12-03T14:16:16","2751580","False","2020-12-03T13:30:24.42","2026-05-21T13:10:24.274233+00:00"
"33395","38493885","0","2vlLb","곰배누리","주문했습니다.","CHATTING","2020-12-03T14:16:32","2767580","False","2020-12-03T13:30:24.42","2026-05-21T13:10:24.274233+00:00"
"33395","38493890","0","1sIXQ","wbhm****","축하드려요 ㅎ천로역정 너무좋아요^^","CHATTING","2020-12-03T14:16:36","2771580","False","2020-12-03T13:30:24.42","2026-05-21T13:10:24.274233+00:00"
"33395","38493893","0","23QFz","YOANNA","👏👏👏👏👏👏👏👏👏축하드려요","CHATTING","2020-12-03T14:16:39","2774580","False","2020-12-03T13:30:24.42","2026-05-21T13:10:24.274233+00:00"
"33395","38493896","0","46udq","사랑09","축하축하","CHATTING","2020-12-03T14:16:46","2781580","False","2020-12-03T13:30:24.42","2026-05-21T13:10:24.274233+00:00"
"33395","38493915","0","2vlLb","곰배누리","손녀들 주려고 주문했 슴다","CHATTING","2020-12-03T14:17:24","2819580","False","2020-12-03T13:30:24.42","2026-05-21T13:10:24.274233+00:00"
"33395","38493923","0","1P3va","알레테이아","천로역정, 정말 좋지요. 저도 요새 다시 보는 중이에요^^","CHATTING","2020-12-03T14:17:41","2836580","False","2020-12-03T13:30:24.42","2026-05-21T13:10:24.274233+00:00"
"33395","38493928","0","23QFz","YOANNA","주일학교 아이들에게 정말 좋겠어요","CHATTING","2020-12-03T14:17:45","2840580","False","2020-12-03T13:30:24.42","2026-05-21T13:10:24.274233+00:00"
"33395","38493935","0","iGjN","give****","♥","CHATTING","2020-12-03T14:18:00","2855580","False","2020-12-03T13:30:24.42","2026-05-21T13:10:24.274233+00:00"
"33395","38493939","0","1sIXQ","wbhm****","저도 아이에게 크리스마스선물로 해야겠어요^^","CHATTING","2020-12-03T14:18:10","2865580","False","2020-12-03T13:30:24.42","2026-05-21T13:10:24.274233+00:00"
"33395","38493940","0","46udq","사랑09","한글배우기에 좋겠네요","CHATTING","2020-12-03T14:18:12","2867580","False","2020-12-03T13:30:24.42","2026-05-21T13:10:24.274233+00:00"
"33395","38493953","0","6znVu","miriring","너무좋네요ㅠㅠ","CHATTING","2020-12-03T14:18:43","2898580","False","2020-12-03T13:30:24.42","2026-05-21T13:10:24.274233+00:00"
"33395","38493957","0","46udq","사랑09","ㅋㅋㅋ","CHATTING","2020-12-03T14:18:53","2908580","False","2020-12-03T13:30:24.42","2026-05-21T13:10:24.274233+00:00"
"33395","38493958","0","1sIXQ","wbhm****","저도 네이버 선물하기로 구매했어요^^ 추가적립도 되더라구요~","CHATTING","2020-12-03T14:18:54","2909580","False","2020-12-03T13:30:24.42","2026-05-21T13:10:24.274233+00:00"
"33395","38493962","0","23QFz","YOANNA","오오 추가적립이 되는군요","CHATTING","2020-12-03T14:19:07","2922580","False","2020-12-03T13:30:24.42","2026-05-21T13:10:24.274233+00:00"
"33395","38493966","0","1r2lz","낭만소년","문자 보냈습니다","CHATTING","2020-12-03T14:19:13","2928580","False","2020-12-03T13:30:24.42","2026-05-21T13:10:24.274233+00:00"
"33395","38494001","0","3GP72","dydg****","직원 아니셨어요??","CHATTING","2020-12-03T14:20:14","2989580","False","2020-12-03T13:30:24.42","2026-05-21T13:10:24.274233+00:00"
"33395","38494003","0","zw28","mars****","너무 멋져요 윤이맘","CHATTING","2020-12-03T14:20:16","2991580","False","2020-12-03T13:30:24.42","2026-05-21T13:10:24.274233+00:00"
"33395","38494007","0","JKdI","난말이지","윤이맘 넘 능숙하게잘하세요~","CHATTING","2020-12-03T14:20:23","2998580","False","2020-12-03T13:30:24.42","2026-05-21T13:10:24.274233+00:00"
"33395","38494013","0","3ip6N","고슴도치","윤이맘 박수~~~","CHATTING","2020-12-03T14:20:30","3005580","False","2020-12-03T13:30:24.42","2026-05-21T13:10:24.274233+00:00"
"33395","38494014","0","2vlLb","곰배누리","와우~대단하십니다~~~!!","CHATTING","2020-12-03T14:20:30","3005580","False","2020-12-03T13:30:24.42","2026-05-21T13:10:24.274233+00:00"
"33395","38494025","0","1r2lz","낭만소년","근무중이라, 소리는 못듣고 채팅만 보고 있는데","CHATTING","2020-12-03T14:20:37","3012580","False","2020-12-03T13:30:24.42","2026-05-21T13:10:24.274233+00:00"
"33395","38494028","0","23QFz","YOANNA","윤이맘님 너무 잘하셔서 보내기 아쉬워요🤩🤩 50분 함께 했는데 내적친밀감 생겼어요","CHATTING","2020-12-03T14:20:38","3013580","False","2020-12-03T13:30:24.42","2026-05-21T13:10:24.274233+00:00"
"33395","38494030","0","1RDTS","엄지Anne","저도 박수보냅니다.🤲","CHATTING","2020-12-03T14:20:41","3016580","False","2020-12-03T13:30:24.42","2026-05-21T13:10:24.274233+00:00"
"33395","38494032","0","1r2lz","낭만소년","저자는 언제 등장하나요?","CHATTING","2020-12-03T14:20:41","3016580","False","2020-12-03T13:30:24.42","2026-05-21T13:10:24.274233+00:00"
"33395","38494037","0","5W72P","룰루랄라","윤이맘을 전문 쇼호스트의 길로!!!","CHATTING","2020-12-03T14:20:46","3021580","False","2020-12-03T13:30:24.42","2026-05-21T13:10:24.274233+00:00"
"33395","38494045","0","1sIXQ","wbhm****","저자분 등장 ㅎㅎ기대됩니다","CHATTING","2020-12-03T14:20:58","3033580","False","2020-12-03T13:30:24.42","2026-05-21T13:10:24.274233+00:00"
"33395","38494056","0","1r2lz","낭만소년","덕구 보러 왔는데","CHATTING","2020-12-03T14:21:08","3043580","False","2020-12-03T13:30:24.42","2026-05-21T13:10:24.274233+00:00"
"33395","38494058","0","23QFz","YOANNA","저자등장 두둥두둥두두두두둥 🎊🎊🎊🎊🎊🎊🎊🎊🎊🎊🎊🎊🎊🎊🎊","CHATTING","2020-12-03T14:21:15","3050580","False","2020-12-03T13:30:24.42","2026-05-21T13:10:24.274233+00:00"
"33395","38494062","0","14JEw","sjlo****","윤이맘 쇼호스트 추천드려요!!!","CHATTING","2020-12-03T14:21:21","3056580","False","2020-12-03T13:30:24.42","2026-05-21T13:10:24.274233+00:00"
"33395","38494065","0","1r2lz","낭만소년","덕구 안녕","CHATTING","2020-12-03T14:21:26","3061580","False","2020-12-03T13:30:24.42","2026-05-21T13:10:24.274233+00:00"
"33395","38494068","0","3GP72","dydg****","안녕하세요~","CHATTING","2020-12-03T14:21:30","3065580","False","2020-12-03T13:30:24.42","2026-05-21T13:10:24.274233+00:00"
"33395","38494070","0","23QFz","YOANNA","안녕하세요~^^","CHATTING","2020-12-03T14:21:34","3069580","False","2020-12-03T13:30:24.42","2026-05-21T13:10:24.274233+00:00"
"33395","38494071","0","3ip6N","고슴도치","목사님 안녕하세요^^","CHATTING","2020-12-03T14:21:42","3077580","False","2020-12-03T13:30:24.42","2026-05-21T13:10:24.274233+00:00"
"33395","38494075","0","JKdI","난말이지","목사님 넘 훈남이세요~","CHATTING","2020-12-03T14:21:46","3081580","False","2020-12-03T13:30:24.42","2026-05-21T13:10:24.274233+00:00"
"33395","38494076","0","1sIXQ","wbhm****","좋은책 감사합니다 목사님","CHATTING","2020-12-03T14:21:47","3082580","False","2020-12-03T13:30:24.42","2026-05-21T13:10:24.274233+00:00"
"33395","38494081","0","zw28","mars****","안녕하세요~~~ 목사님","CHATTING","2020-12-03T14:21:56","3091580","False","2020-12-03T13:30:24.42","2026-05-21T13:10:24.274233+00:00"
"33395","38494083","0","1RDTS","엄지Anne","목사님 정말 기획력 짱이세요","CHATTING","2020-12-03T14:21:58","3093580","False","2020-12-03T13:30:24.42","2026-05-21T13:10:24.274233+00:00"
"33395","38494089","0","zw28","mars****","20대 같으세요~~~~","CHATTING","2020-12-03T14:22:06","3101580","False","2020-12-03T13:30:24.42","2026-05-21T13:10:24.274233+00:00"
"33395","38494096","0","1r2lz","낭만소년","덕구님 나 왔음","CHATTING","2020-12-03T14:22:08","3103580","False","2020-12-03T13:30:24.42","2026-05-21T13:10:24.274233+00:00"
"33395","38494101","0","5W72P","룰루랄라","어멋 목사님 저희 신랑이랑 많이 닮으셨어요","CHATTING","2020-12-03T14:22:16","3111580","False","2020-12-03T13:30:24.42","2026-05-21T13:10:24.274233+00:00"
"33395","38494105","0","23QFz","YOANNA","어떻게 이 기획을 하실 생각을 하셨나요 *0*!!!","CHATTING","2020-12-03T14:22:23","3118580","False","2020-12-03T13:30:24.42","2026-05-21T13:10:24.274233+00:00"
"33395","38494109","0","2vPJ9","ELPIS소망작은도서관","멋져요~~♡♡","CHATTING","2020-12-03T14:22:38","3133580","False","2020-12-03T13:30:24.42","2026-05-21T13:10:24.274233+00:00"
"33395","38494123","0","1sIXQ","wbhm****","오~~~~국문학 전공","CHATTING","2020-12-03T14:23:11","3166580","False","2020-12-03T13:30:24.42","2026-05-21T13:10:24.274233+00:00"
"33395","38494132","0","q6nm","mhlj****","헉 ㅋㅋ전공자ㅋㅋㅋ","CHATTING","2020-12-03T14:23:27","3182580","False","2020-12-03T13:30:24.42","2026-05-21T13:10:24.274233+00:00"
"33395","38494133","0","1sIXQ","wbhm****","ㅎㅎㅎㅎㅎㅎㅎ졸업","CHATTING","2020-12-03T14:23:28","3183580","False","2020-12-03T13:30:24.42","2026-05-21T13:10:24.274233+00:00"
"33395","38494150","0","2vlLb","곰배누리","선한청지기 화이팅입니다 ~~!!","CHATTING","2020-12-03T14:23:46","3201580","False","2020-12-03T13:30:24.42","2026-05-21T13:10:24.274233+00:00"
"33395","38494159","0","1r2lz","낭만소년","덕구님, 우리교회는 언제와요?","CHATTING","2020-12-03T14:23:59","3214580","False","2020-12-03T13:30:24.42","2026-05-21T13:10:24.274233+00:00"
"33395","38494166","0","3ip6N","고슴도치","한글공부로도 성경공부로도 확실하겠어요~","CHATTING","2020-12-03T14:24:14","3229580","False","2020-12-03T13:30:24.42","2026-05-21T13:10:24.274233+00:00"
"33395","38494167","0","1r2lz","낭만소년","저자님 우리교회도 오세요","CHATTING","2020-12-03T14:24:18","3233580","False","2020-12-03T13:30:24.42","2026-05-21T13:10:24.274233+00:00"
"33395","38494172","0","52ntO","grace","목사님 멋져요 ^^","CHATTING","2020-12-03T14:24:29","3244580","False","2020-12-03T13:30:24.42","2026-05-21T13:10:24.274233+00:00"
"33395","38494187","0","6p1Rz","QBin","잘생겼어요...","CHATTING","2020-12-03T14:25:01","3276580","False","2020-12-03T13:30:24.42","2026-05-21T13:10:24.274233+00:00"
"33395","38494199","0","d85T4","jaz","ㅋㅋㅋㅋ목사님 목소리 완젼 짱이시네요","CHATTING","2020-12-03T14:25:31","3306580","False","2020-12-03T13:30:24.42","2026-05-21T13:10:24.274233+00:00"
"33395","38494209","0","6znVu","miriring","너무좋아요ㅠㅠ","CHATTING","2020-12-03T14:25:50","3325580","False","2020-12-03T13:30:24.42","2026-05-21T13:10:24.274233+00:00"
"33395","38494220","0","6p1Rz","QBin","정말.아이들에게.유익한 책이될 것 같읍니다~~^^ㅎㅎ","CHATTING","2020-12-03T14:26:02","3337580","False","2020-12-03T13:30:24.42","2026-05-21T13:10:24.274233+00:00"
"33395","38494222","0","1Rk9l","꿈꾸는상미","그래서 성경필사 했어요ㅠ","CHATTING","2020-12-03T14:26:08","3343580","False","2020-12-03T13:30:24.42","2026-05-21T13:10:24.274233+00:00"
"33395","38494231","0","d85T4","jaz","목사님 저희 교회도 와 주세요~~~","CHATTING","2020-12-03T14:26:21","3356580","False","2020-12-03T13:30:24.42","2026-05-21T13:10:24.274233+00:00"
"33395","38494234","0","3GP72","dydg****","국문학과 졸업하셨구나! 더 신뢰가 가네요~","CHATTING","2020-12-03T14:26:30","3365580","False","2020-12-03T13:30:24.42","2026-05-21T13:10:24.274233+00:00"
"33395","38494237","0","1Rk9l","꿈꾸는상미","이 책을 세 달만 빨리 알았다면ㅠ","CHATTING","2020-12-03T14:26:37","3372580","False","2020-12-03T13:30:24.42","2026-05-21T13:10:24.274233+00:00"
"33395","38494241","0","1Rk9l","꿈꾸는상미","첫단추부터 수월했을텐데요ㅠ","CHATTING","2020-12-03T14:26:47","3382580","False","2020-12-03T13:30:24.42","2026-05-21T13:10:24.274233+00:00"
"33395","38494243","0","1RDTS","엄지Anne","선교지에 계신 선교사님 자녀들에겐 너무 큰 위로의 선물이 될듯해요","CHATTING","2020-12-03T14:27:07","3402580","False","2020-12-03T13:30:24.42","2026-05-21T13:10:24.274233+00:00"
"33395","38494248","0","3YSxk","오드리","성경인물나와 너무 좋아요^^","CHATTING","2020-12-03T14:27:19","3414580","False","2020-12-03T13:30:24.42","2026-05-21T13:10:24.274233+00:00"
"33395","38494254","0","2vlLb","곰배누리","천로역정 보내주셔요~~ㅎ","CHATTING","2020-12-03T14:27:29","3424580","False","2020-12-03T13:30:24.42","2026-05-21T13:10:24.274233+00:00"
"33395","38494276","0","1RDTS","엄지Anne","이 책이 안 나와서 저는 가르치는 아이를 성경목록가로 했는데...진짜...너무 좋네요^^","CHATTING","2020-12-03T14:28:00","3455580","False","2020-12-03T13:30:24.42","2026-05-21T13:10:24.274233+00:00"
"33395","38494282","0","3GP72","dydg****","출산장려 서적이네요ㅎㅎ","CHATTING","2020-12-03T14:28:09","3464580","False","2020-12-03T13:30:24.42","2026-05-21T13:10:24.274233+00:00"
"33395","38494295","0","1tn1J","고향길","책도좋지만 저자인 목사님도 멋있다","CHATTING","2020-12-03T14:28:31","3486580","False","2020-12-03T13:30:24.42","2026-05-21T13:10:24.274233+00:00"
"33395","38494299","0","2vlLb","곰배누리","손주들 선물요~~~ㅎ","CHATTING","2020-12-03T14:28:34","3489580","False","2020-12-03T13:30:24.42","2026-05-21T13:10:24.274233+00:00"
"33395","38494300","0","46udq","사랑09","성경을 편하게 접할수 있는 기회네요.","CHATTING","2020-12-03T14:28:34","3489580","False","2020-12-03T13:30:24.42","2026-05-21T13:10:24.274233+00:00"
"33395","38494303","0","3uQ0i","결혼해요","너무 좋을것 같아요~~","CHATTING","2020-12-03T14:28:39","3494580","False","2020-12-03T13:30:24.42","2026-05-21T13:10:24.274233+00:00"
"33395","38494313","0","6znVu","miriring","목사님! 한글첫걸음 교재와 성경을 연계하여 어떻게 교육하면 좋을까요~~?","CHATTING","2020-12-03T14:29:08","3523580","False","2020-12-03T13:30:24.42","2026-05-21T13:10:24.274233+00:00"
"33395","38494316","0","M0Fl","초록숲","20개월아기인데 언제부터 시작하면 좋을까요?","CHATTING","2020-12-03T14:29:25","3540580","False","2020-12-03T13:30:24.42","2026-05-21T13:10:24.274233+00:00"
"33395","38494317","0","YwK2","해비","좋네요","CHATTING","2020-12-03T14:29:25","3540580","False","2020-12-03T13:30:24.42","2026-05-21T13:10:24.274233+00:00"
"33395","38494328","0","M0Fl","초록숲","벌써 구매했어요 ㅎㅎ 2시전에 ㅎㅎ","CHATTING","2020-12-03T14:29:51","3566580","False","2020-12-03T13:30:24.42","2026-05-21T13:10:24.274233+00:00"
"33395","38494356","0","3uQ0i","결혼해요","아이가 7살인데 저와 함께 한글공부를 하다가 하기 싫다고 안하려해요;; ㅠㅠ 다른 시중책으로 하는데 안하려하는데 내년 초등학교 가니 걱정이 되네요;; 어떻게 하면 좋을까요??","CHATTING","2020-12-03T14:30:27","3602580","False","2020-12-03T13:30:24.42","2026-05-21T13:10:24.274233+00:00"
"33395","38494360","0","1sIXQ","wbhm****","맞아여ㅡ저 별책부록 책 궁금했어요 ㅎ","CHATTING","2020-12-03T14:30:33","3608580","False","2020-12-03T13:30:24.42","2026-05-21T13:10:24.274233+00:00"
"33395","38494382","0","1sIXQ","wbhm****","그럼 저 별책부록책을 제일먼저 시작하면되는거군요?","CHATTING","2020-12-03T14:31:09","3644580","False","2020-12-03T13:30:24.42","2026-05-21T13:10:24.274233+00:00"
"33395","38494402","0","1sIXQ","wbhm****","아이가 선을 제대로 곧게 못그어서 너무걱정했는데 정상인거군요.^^;;;","CHATTING","2020-12-03T14:31:52","3687580","False","2020-12-03T13:30:24.42","2026-05-21T13:10:24.274233+00:00"
"33395","38494446","0","1Rk9l","꿈꾸는상미","저희 아이도 7살입니다..엄마표 하다가 안하려 하는데는 여러가지 이유가 있겠지만..아무래도 놀이로 풀어주시면 동기부여가 된답니다. 엄마가 조급함을 내려놓으셔야해요..","CHATTING","2020-12-03T14:32:25","3720580","False","2020-12-03T13:30:24.42","2026-05-21T13:10:24.274233+00:00"
"33395","38494461","0","1sIXQ","wbhm****","내일발송~~~우와~~~~~~감사합니다^^","CHATTING","2020-12-03T14:32:41","3736580","False","2020-12-03T13:30:24.42","2026-05-21T13:10:24.274233+00:00"
"33395","38494506","0","3GP72","dydg****","아~","CHATTING","2020-12-03T14:33:30","3785580","False","2020-12-03T13:30:24.42","2026-05-21T13:10:24.274233+00:00"
"33395","38494532","0","1P3va","알레테이아","이야, 목사님이 아니라 국어샘인줄^^","CHATTING","2020-12-03T14:34:08","3823580","False","2020-12-03T13:30:24.42","2026-05-21T13:10:24.274233+00:00"
"33395","38494544","0","3GP72","dydg****","매우 체계적이네요~~! 저때는 ㄱ부터 한거 같은데ㅎㅎ","CHATTING","2020-12-03T14:34:19","3834580","False","2020-12-03T13:30:24.42","2026-05-21T13:10:24.274233+00:00"
"33395","38494576","0","3uQ0i","결혼해요","자꾸 학습적으로 하려하니 그런가봐요((( .. 아이가 엄마가 무서워서 ㅎㅎ안하려하는듯해요 재미도 없구요;; 아이가 성경이야기를 좋아하는데 이책으로 하면 흥미를 느낄수 있겠지요??","CHATTING","2020-12-03T14:34:44","3859580","False","2020-12-03T13:30:24.42","2026-05-21T13:10:24.274233+00:00"
"33395","38494605","0","3ip6N","고슴도치","이번기회에 저도 많이 알아갑니다 ㅎㅎ","CHATTING","2020-12-03T14:35:08","3883580","False","2020-12-03T13:30:24.42","2026-05-21T13:10:24.274233+00:00"
"33395","38494633","0","d85T4","jaz","국문학 전공 목사님의, 디테일한 설명!!!!","CHATTING","2020-12-03T14:35:32","3907580","False","2020-12-03T13:30:24.42","2026-05-21T13:10:24.274233+00:00"
"33395","38494637","0","40Az2","rngus90","😀😀😀","CHATTING","2020-12-03T14:35:36","3911580","False","2020-12-03T13:30:24.42","2026-05-21T13:10:24.274233+00:00"
"33395","38494640","0","1sIXQ","wbhm****","넵. 내일발송해주시면 토요일이나 늦으면 다음주받을수있겠네요^^ 기다리겠습니다~~","CHATTING","2020-12-03T14:35:37","3912580","False","2020-12-03T13:30:24.42","2026-05-21T13:10:24.274233+00:00"
"33395","38494651","0","d85T4","jaz","완젼 짱이십니다~~","CHATTING","2020-12-03T14:35:46","3921580","False","2020-12-03T13:30:24.42","2026-05-21T13:10:24.274233+00:00"
"33395","38494738","0","23QFz","YOANNA","*0* 제가 배워야겠어요. 아직도 한글을 배워야 할 나이입니다.","CHATTING","2020-12-03T14:35:58","3933580","False","2020-12-03T13:30:24.42","2026-05-21T13:10:24.274233+00:00"
"33395","38494807","0","M0Fl","초록숲","황금돼지띠, 쥐띠 아기있는 톡창에 공유했어요~^^","CHATTING","2020-12-03T14:36:11","3946580","False","2020-12-03T13:30:24.42","2026-05-21T13:10:24.274233+00:00"
"33395","38494836","0","d85T4","jaz","한글은 배우는데 나이가 앖는거 같아요 ㅎㅎ","CHATTING","2020-12-03T14:36:37","3972580","False","2020-12-03T13:30:24.42","2026-05-21T13:10:24.274233+00:00"
"33395","38494840","0","3uQ0i","결혼해요","저는 어릴적 어떻게 배운건지 .. 기억이 안나네요;;;;","CHATTING","2020-12-03T14:36:41","3976580","False","2020-12-03T13:30:24.42","2026-05-21T13:10:24.274233+00:00"
"33395","38494956","0","23QFz","YOANNA","부모님들도 이중모음 단모음 공부 해야겠어요.","CHATTING","2020-12-03T14:37:10","4005580","False","2020-12-03T13:30:24.42","2026-05-21T13:10:24.274233+00:00"
"33395","38494984","0","3uQ0i","결혼해요","외국에 있는 친구도 이책 궁금해 하더라구요~~","CHATTING","2020-12-03T14:37:37","4032580","False","2020-12-03T13:30:24.42","2026-05-21T13:10:24.274233+00:00"
"33395","38495058","0","23QFz","YOANNA","👏👏👏👏👏👏👏👏👏👏👏","CHATTING","2020-12-03T14:38:50","4105580","False","2020-12-03T13:30:24.42","2026-05-21T13:10:24.274233+00:00"
"33395","38495362","0","1P3va","알레테이아","도움말 구성이 무척 다채롭네요^^","CHATTING","2020-12-03T14:40:51","4226580","False","2020-12-03T13:30:24.42","2026-05-21T13:10:24.274233+00:00"
"33395","38495435","0","1RDTS","엄지Anne","좋은 교재로 저 부터 공부하고 다음 세대를 잘 섬기겠습니다. Glory to God!!","CHATTING","2020-12-03T14:41:40","4275580","False","2020-12-03T13:30:24.42","2026-05-21T13:10:24.274233+00:00"
"33395","38495458","0","1sIXQ","wbhm****","한글과 신앙을 함께 가르칠수있다는것이 너무 이득이네요^^","CHATTING","2020-12-03T14:42:07","4302580","False","2020-12-03T13:30:24.42","2026-05-21T13:10:24.274233+00:00"
"33395","38495468","0","3uQ0i","결혼해요","막상 아이를 가르치려하니 한글교육이 이렇게 어려운지 몰랐네요;;;ㅠㅠ 코로나때문에 유치원에 못가니 집에서 가르쳐야해서 한글이 엄마 몫이되었네요;;","CHATTING","2020-12-03T14:42:19","4314580","False","2020-12-03T13:30:24.42","2026-05-21T13:10:24.274233+00:00"
"33395","38495477","0","5W72P","룰루랄라","크리스마스 선물용으로 진짜 의미있고 좋겠네요. 이만한 선물이 없을듯","CHATTING","2020-12-03T14:42:26","4321580","False","2020-12-03T13:30:24.42","2026-05-21T13:10:24.274233+00:00"
"33395","38495521","0","23QFz","YOANNA","내용이 정말 알차네요. 이렇게 많은 부분을 신경 쓰셨군요 🥰","CHATTING","2020-12-03T14:43:09","4364580","False","2020-12-03T13:30:24.42","2026-05-21T13:10:24.274233+00:00"
"33395","38495592","0","1P3va","알레테이아","정말 언택트 시대에 한글 교육에 신앙 교육을 더할 수 있는 방법이 여기 있네요","CHATTING","2020-12-03T14:43:44","4399580","False","2020-12-03T13:30:24.42","2026-05-21T13:10:24.274233+00:00"
"33395","38495640","0","1gdII","seoul","아이들에게 정말 유익한 성경과 한글 공부 교재인 것 같습니다~^^","CHATTING","2020-12-03T14:44:17","4432580","False","2020-12-03T13:30:24.42","2026-05-21T13:10:24.274233+00:00"
"33395","38495660","0","1RDTS","엄지Anne","진짜 궁금한 내용이었어요 기도문과 연결성을 어찌 하실지...오우입니다.","CHATTING","2020-12-03T14:44:33","4448580","False","2020-12-03T13:30:24.42","2026-05-21T13:10:24.274233+00:00"
"33395","38495689","0","23QFz","YOANNA","아 정말 너무 좋네요. 👏","CHATTING","2020-12-03T14:44:47","4462580","False","2020-12-03T13:30:24.42","2026-05-21T13:10:24.274233+00:00"
"33395","38495694","0","3ip6N","고슴도치","책이 정말 반짝반짝해요","CHATTING","2020-12-03T14:44:49","4464580","False","2020-12-03T13:30:24.42","2026-05-21T13:10:24.274233+00:00"
"33395","38495735","0","23QFz","YOANNA","톡 치면 술술 말씀을 하시는 걸 보니 얼마나 많이 고민하셨는지가 느껴집니다.","CHATTING","2020-12-03T14:45:42","4517580","False","2020-12-03T13:30:24.42","2026-05-21T13:10:24.274233+00:00"
"33395","38495736","0","1RDTS","엄지Anne","목사님 이 책을 만들게 된 아주 구체적인 주님의 마음이 개인적으로 궁금하네요 ^^","CHATTING","2020-12-03T14:45:43","4518580","False","2020-12-03T13:30:24.42","2026-05-21T13:10:24.274233+00:00"
"33395","38495862","0","1P3va","알레테이아","확실히 그림이 참 매력 있네요^^","CHATTING","2020-12-03T14:48:00","4655580","False","2020-12-03T13:30:24.42","2026-05-21T13:10:24.274233+00:00"
"33395","38495887","0","1N1iX","쉼","댓글 도장 찍고 갑니다. -홍수임","CHATTING","2020-12-03T14:48:26","4681580","False","2020-12-03T13:30:24.42","2026-05-21T13:10:24.274233+00:00"
"33395","38495903","0","1sIXQ","wbhm****","만2세 아이도 할수있을까요??","CHATTING","2020-12-03T14:48:44","4699580","False","2020-12-03T13:30:24.42","2026-05-21T13:10:24.274233+00:00"
"33395","38495925","0","3uQ0i","결혼해요","이책으로 공부를 시켜보겠습니다~^^ 감사해요~~~ 아이가 성경이야기 좋아하니 한번해볼께요~ 도전!!","CHATTING","2020-12-03T14:49:14","4729580","False","2020-12-03T13:30:24.42","2026-05-21T13:10:24.274233+00:00"
"33395","38495928","0","d85T4","jaz","맞아요~","CHATTING","2020-12-03T14:49:16","4731580","False","2020-12-03T13:30:24.42","2026-05-21T13:10:24.274233+00:00"
"33395","38495958","0","1sIXQ","wbhm****","아~~~관심","CHATTING","2020-12-03T14:49:35","4750580","False","2020-12-03T13:30:24.42","2026-05-21T13:10:24.274233+00:00"
"33395","38496078","0","6znVu","miriring","주문했어요!","CHATTING","2020-12-03T14:50:33","4808580","False","2020-12-03T13:30:24.42","2026-05-21T13:10:24.274233+00:00"
"33395","38496168","0","1N1iX","쉼","천로역정은 이미 있어요, 한글책은 교회 아이들 학습교재로 구매해야겠어요 ㅎㅎ-홍수임","CHATTING","2020-12-03T14:51:11","4846580","False","2020-12-03T13:30:24.42","2026-05-21T13:10:24.274233+00:00"
"33395","38496307","0","1N1iX","쉼","와 시리즈가 있어서 지속적으로 하기 참 좋겠어요 - 홍수임","CHATTING","2020-12-03T14:52:09","4904580","False","2020-12-03T13:30:24.42","2026-05-21T13:10:24.274233+00:00"
"33395","38496375","0","aD1ro","HS","하나님 나라 한글 첫걸음 너무 좋은 책입니다~~!!!!","CHATTING","2020-12-03T14:52:39","4934580","False","2020-12-03T13:30:24.42","2026-05-21T13:10:24.274233+00:00"
"33395","38496455","0","1sIXQ","wbhm****","아이가 온라인예배때도 찬양시간만 신나서춤추고 설교만 시작하면 돌아다니고 집중을못해서ㅜ 성경지식을 가르치기가 너무 어려웠거든요ㅠㅜ","CHATTING","2020-12-03T14:53:06","4961580","False","2020-12-03T13:30:24.42","2026-05-21T13:10:24.274233+00:00"
"33395","38496459","0","1N1iX","쉼","아 지금판매중이신거군요 한세트 구매합니다 ㅎㅎ","CHATTING","2020-12-03T14:53:08","4963580","False","2020-12-03T13:30:24.42","2026-05-21T13:10:24.274233+00:00"
"33395","38496482","0","6znVu","miriring","와 너무 좋아요ㅠㅠ","CHATTING","2020-12-03T14:53:18","4973580","False","2020-12-03T13:30:24.42","2026-05-21T13:10:24.274233+00:00"
"33395","38496484","0","1r2lz","낭만소년","브로마이드 두개 보내주세요","CHATTING","2020-12-03T14:53:18","4973580","False","2020-12-03T13:30:24.42","2026-05-21T13:10:24.274233+00:00"
"33395","38496491","0","1N1iX","쉼","어떻게 구매하면 되죠?","CHATTING","2020-12-03T14:53:21","4976580","False","2020-12-03T13:30:24.42","2026-05-21T13:10:24.274233+00:00"
"33395","38496517","0","6znVu","miriring","감사합니다~~♡","CHATTING","2020-12-03T14:53:29","4984580","False","2020-12-03T13:30:24.42","2026-05-21T13:10:24.274233+00:00"
"33395","38496535","0","1N1iX","쉼","혜택적용받으려면 어떻게 구매하면 돼요?","CHATTING","2020-12-03T14:53:38","4993580","False","2020-12-03T13:30:24.42","2026-05-21T13:10:24.274233+00:00"
"33395","38496551","0","1r2lz","낭만소년","브로마이드 두개 주세요~","CHATTING","2020-12-03T14:53:47","5002580","False","2020-12-03T13:30:24.42","2026-05-21T13:10:24.274233+00:00"
"33395","38496558","0","57zT8","anne","1권이 14챕터인데, 14주 정도 학습한다고 보면 될까요?","CHATTING","2020-12-03T14:53:49","5004580","False","2020-12-03T13:30:24.42","2026-05-21T13:10:24.274233+00:00"
"33395","38496566","0","1sIXQ","wbhm****","한글공부는 좋아하는데~이렇게 성경을 함께 가르칠수있다니 기대가됩니다.","CHATTING","2020-12-03T14:53:56","5011580","False","2020-12-03T13:30:24.42","2026-05-21T13:10:24.274233+00:00"
"33395","38496667","0","1RDTS","엄지Anne","친절한 홍기과장님","CHATTING","2020-12-03T14:54:46","5061580","False","2020-12-03T13:30:24.42","2026-05-21T13:10:24.274233+00:00"
"33395","38496708","0","1P3va","알레테이아","브로마이드 챙기려면 딱 5분 밖에 시간이 없네요?","CHATTING","2020-12-03T14:55:09","5084580","False","2020-12-03T13:30:24.42","2026-05-21T13:10:24.274233+00:00"
"33395","38496715","0","1r2lz","낭만소년","저자님 싸인해 주세요","CHATTING","2020-12-03T14:55:13","5088580","False","2020-12-03T13:30:24.42","2026-05-21T13:10:24.274233+00:00"
"33395","38496751","0","1sIXQ","wbhm****","5분안에 구매하셔야 브로마이드 받으실수있어요.","CHATTING","2020-12-03T14:55:32","5107580","False","2020-12-03T13:30:24.42","2026-05-21T13:10:24.274233+00:00"
"33395","38496759","0","1r2lz","낭만소년","저자 메롱","CHATTING","2020-12-03T14:55:40","5115580","False","2020-12-03T13:30:24.42","2026-05-21T13:10:24.274233+00:00"
"33395","38496761","0","1sIXQ","wbhm****","아직 주문전이신분들 ㅎㅎ서두르셔요","CHATTING","2020-12-03T14:55:40","5115580","False","2020-12-03T13:30:24.42","2026-05-21T13:10:24.274233+00:00"
"33395","38496780","0","3eF1B","aped****","굿","CHATTING","2020-12-03T14:55:51","5126580","False","2020-12-03T13:30:24.42","2026-05-21T13:10:24.274233+00:00"
"33395","38496785","0","3eF1B","aped****","굿굿","CHATTING","2020-12-03T14:55:53","5128580","False","2020-12-03T13:30:24.42","2026-05-21T13:10:24.274233+00:00"
"33395","38496808","0","3eF1B","aped****","주신목사님 멋져요","CHATTING","2020-12-03T14:56:04","5139580","False","2020-12-03T13:30:24.42","2026-05-21T13:10:24.274233+00:00"
"33395","38496814","0","1r2lz","낭만소년","싸인하러 오세요","CHATTING","2020-12-03T14:56:10","5145580","False","2020-12-03T13:30:24.42","2026-05-21T13:10:24.274233+00:00"
"33395","38496819","0","2IuFQ","dung****","얼마 안남았어요~~","CHATTING","2020-12-03T14:56:14","5149580","False","2020-12-03T13:30:24.42","2026-05-21T13:10:24.274233+00:00"
"33395","38496832","0","2IuFQ","dung****","서두르세요~~~~","CHATTING","2020-12-03T14:56:21","5156580","False","2020-12-03T13:30:24.42","2026-05-21T13:10:24.274233+00:00"
"33395","38496834","0","1tn1J","고향길","최고의 책 대박대박~~~","CHATTING","2020-12-03T14:56:21","5156580","False","2020-12-03T13:30:24.42","2026-05-21T13:10:24.274233+00:00"
"33395","38496837","0","1r2lz","낭만소년","책 배송받으면 연락할 것임","CHATTING","2020-12-03T14:56:23","5158580","False","2020-12-03T13:30:24.42","2026-05-21T13:10:24.274233+00:00"
"33395","38496839","0","3eF1B","aped****","저자 잘생겼다","CHATTING","2020-12-03T14:56:24","5159580","False","2020-12-03T13:30:24.42","2026-05-21T13:10:24.274233+00:00"
"33395","38496841","0","1r2lz","낭만소년","죄송 안해도 됨","CHATTING","2020-12-03T14:56:25","5160580","False","2020-12-03T13:30:24.42","2026-05-21T13:10:24.274233+00:00"
"33395","38496864","0","1r2lz","낭만소년","싸인하러 오세요","CHATTING","2020-12-03T14:56:34","5169580","False","2020-12-03T13:30:24.42","2026-05-21T13:10:24.274233+00:00"
"33395","38496888","0","1sIXQ","wbhm****","국문과 신학을 함께하셨다니 믿음이갑니다^^","CHATTING","2020-12-03T14:56:43","5178580","False","2020-12-03T13:30:24.42","2026-05-21T13:10:24.274233+00:00"
"33395","38496899","0","1r2lz","낭만소년","기다리고 있겠음","CHATTING","2020-12-03T14:56:47","5182580","False","2020-12-03T13:30:24.42","2026-05-21T13:10:24.274233+00:00"
"33395","38496904","0","3eF1B","aped****","시 한편써주세요","CHATTING","2020-12-03T14:56:48","5183580","False","2020-12-03T13:30:24.42","2026-05-21T13:10:24.274233+00:00"
"33395","38496934","0","1tn1J","고향길","저는 목사님 찾아가서 싸인 받을래요~ㅎ","CHATTING","2020-12-03T14:57:04","5199580","False","2020-12-03T13:30:24.42","2026-05-21T13:10:24.274233+00:00"
"33395","38496972","0","2IuFQ","dung****","책이 너무 예뻐요^^ 한글책 계 에르메스급이네요~~","CHATTING","2020-12-03T14:57:21","5216580","False","2020-12-03T13:30:24.42","2026-05-21T13:10:24.274233+00:00"
"33395","38496983","0","1P3va","알레테이아","저자 직배 서비스? ㅋㅋㅋㅋ","CHATTING","2020-12-03T14:57:25","5220580","False","2020-12-03T13:30:24.42","2026-05-21T13:10:24.274233+00:00"
"33395","38496985","0","1N1iX","쉼","구매완료 했습니다앙 -홍수임","CHATTING","2020-12-03T14:57:26","5221580","False","2020-12-03T13:30:24.42","2026-05-21T13:10:24.274233+00:00"
"33395","38497001","0","1r2lz","낭만소년","오셔서 저자 직강해주세요","CHATTING","2020-12-03T14:57:35","5230580","False","2020-12-03T13:30:24.42","2026-05-21T13:10:24.274233+00:00"
"33395","38497058","0","aD1ro","HS","주님의교회 어와나클럽 커비단 (유아.유치부) 에 기증하려고 1부 주문했어요!!","CHATTING","2020-12-03T14:57:56","5251580","False","2020-12-03T13:30:24.42","2026-05-21T13:10:24.274233+00:00"
"33395","38497064","0","1RDTS","엄지Anne","좋은 팁이네요^^","CHATTING","2020-12-03T14:57:58","5253580","False","2020-12-03T13:30:24.42","2026-05-21T13:10:24.274233+00:00"
"33395","38497095","0","aD1ro","HS","좋은책 만들어주셔서 감사드리고~","CHATTING","2020-12-03T14:58:13","5268580","False","2020-12-03T13:30:24.42","2026-05-21T13:10:24.274233+00:00"
"33395","38497102","0","2IuFQ","dung****","기증 너무 멋있네요~~","CHATTING","2020-12-03T14:58:18","5273580","False","2020-12-03T13:30:24.42","2026-05-21T13:10:24.274233+00:00"
"33395","38497124","0","aD1ro","HS","판매해주시는 갓피플도 감사합니다 🙏","CHATTING","2020-12-03T14:58:29","5284580","False","2020-12-03T13:30:24.42","2026-05-21T13:10:24.274233+00:00"
"33395","38497131","0","1r2lz","낭만소년","저자님, 북콘서트 기다립니다","CHATTING","2020-12-03T14:58:32","5287580","False","2020-12-03T13:30:24.42","2026-05-21T13:10:24.274233+00:00"
"33395","38497199","0","2IuFQ","dung****","너무 좋은책 만들어주셔서 감사해요~~","CHATTING","2020-12-03T14:58:56","5311580","False","2020-12-03T13:30:24.42","2026-05-21T13:10:24.274233+00:00"
"33395","38497239","0","1RDTS","엄지Anne","이 책을 통해 기획안을 만들어서","CHATTING","2020-12-03T14:59:08","5323580","False","2020-12-03T13:30:24.42","2026-05-21T13:10:24.274233+00:00"
"33395","38497260","0","2IuFQ","dung****","정말 한땀한땀 만든게 느껴져요~~~~","CHATTING","2020-12-03T14:59:16","5331580","False","2020-12-03T13:30:24.42","2026-05-21T13:10:24.274233+00:00"
"33395","38497267","0","1r2lz","낭만소년","저자님 안오시면, 성림교회로 갑니다","CHATTING","2020-12-03T14:59:19","5334580","False","2020-12-03T13:30:24.42","2026-05-21T13:10:24.274233+00:00"
"33395","38497321","0","5OwSk","행복한오리 김영선","한글을 성경으로 시작","CHATTING","2020-12-03T14:59:38","5353580","False","2020-12-03T13:30:24.42","2026-05-21T13:10:24.274233+00:00"
"33395","38497324","0","5OwSk","행복한오리 김영선","너무 좋네요","CHATTING","2020-12-03T14:59:40","5355580","False","2020-12-03T13:30:24.42","2026-05-21T13:10:24.274233+00:00"
"33395","38497366","0","aD1ro","HS","홍과장님,박목사님 ~~ 방송 너무 감사하고 멋지십니다!!!","CHATTING","2020-12-03T14:59:52","5367580","False","2020-12-03T13:30:24.42","2026-05-21T13:10:24.274233+00:00"
"33395","38497382","0","1P3va","알레테이아","언택트 시대의 어린 자녀들 성경 교육은 이 책으로 해야겠네요^^","CHATTING","2020-12-03T14:59:56","5371580","False","2020-12-03T13:30:24.42","2026-05-21T13:10:24.274233+00:00"
"33395","38497393","0","1RDTS","엄지Anne","코로나19의 집안에서 공부도 좋을듯요","CHATTING","2020-12-03T14:59:57","5372580","False","2020-12-03T13:30:24.42","2026-05-21T13:10:24.274233+00:00"
"33395","38498974","0","1sIXQ","wbhm****","요즘 주일학교도못가고 속상했는데ㅜ너무좋은기회네요","CHATTING","2020-12-03T15:01:00","5435580","False","2020-12-03T13:30:24.42","2026-05-21T13:10:24.274233+00:00"
"33395","38499523","0","3uQ0i","결혼해요","이벤트 당첨 감사합니다~^^","CHATTING","2020-12-03T15:01:22","5457580","False","2020-12-03T13:30:24.42","2026-05-21T13:10:24.274233+00:00"
"33395","38500023","0","5OwSk","행복한오리 김영선","어린아이들 있는 분들께 많이 홍보할게요~","CHATTING","2020-12-03T15:01:45","5480580","False","2020-12-03T13:30:24.42","2026-05-21T13:10:24.274233+00:00"
"33395","38500514","0","1V0OH","oran****","우와. 너무 멋집니다","CHATTING","2020-12-03T15:02:06","5501580","False","2020-12-03T13:30:24.42","2026-05-21T13:10:24.274233+00:00"
"33395","38500818","0","6znVu","miriring","우왕","CHATTING","2020-12-03T15:02:20","5515580","False","2020-12-03T13:30:24.42","2026-05-21T13:10:24.274233+00:00"
"33395","38501019","0","1N1iX","쉼","구매했습니다앙 유치부 오후 활동 교재로 활용해야겠네용","CHATTING","2020-12-03T15:02:31","5526580","False","2020-12-03T13:30:24.42","2026-05-21T13:10:24.274233+00:00"
"33395","38502044","0","3sFEO","juhy****","아멘~~!!","CHATTING","2020-12-03T15:03:28","5583580","False","2020-12-03T13:30:24.42","2026-05-21T13:10:24.274233+00:00"
"33395","38502244","0","aD1ro","HS","아멘♡","CHATTING","2020-12-03T15:03:40","5595580","False","2020-12-03T13:30:24.42","2026-05-21T13:10:24.274233+00:00"
"33395","38502318","0","1P3va","알레테이아","목사님, 생각과 마음이 멋지세요. 파이팅입니다^^","CHATTING","2020-12-03T15:03:45","5600580","False","2020-12-03T13:30:24.42","2026-05-21T13:10:24.274233+00:00"
"33395","38502423","0","1RDTS","엄지Anne","당첨도 감사한데 목사님의 말씀으로 눈물이 나네요 감사합니다. 정말...^^ 하나님 나라 임하소서","CHATTING","2020-12-03T15:03:53","5608580","False","2020-12-03T13:30:24.42","2026-05-21T13:10:24.274233+00:00"
"33395","38502439","0","1spYk","rok3****","좋아요","CHATTING","2020-12-03T15:03:53","5608580","False","2020-12-03T13:30:24.42","2026-05-21T13:10:24.274233+00:00"
"33395","38502565","0","3sFEO","juhy****","우리모두가 하나님나라인줄 믿습니다~!!","CHATTING","2020-12-03T15:04:03","5618580","False","2020-12-03T13:30:24.42","2026-05-21T13:10:24.274233+00:00"
"33395","38502608","0","23QFz","YOANNA","라이브가 원래 이렇게 은혜로웠던가","CHATTING","2020-12-03T15:04:06","5621580","False","2020-12-03T13:30:24.42","2026-05-21T13:10:24.274233+00:00"
"33395","38503290","0","5W72P","룰루랄라","아멘아멘","CHATTING","2020-12-03T15:05:06","5681580","False","2020-12-03T13:30:24.42","2026-05-21T13:10:24.274233+00:00"
"33395","38504004","0","6oyJ9","hj","우와 다음주 너무 기대되요~~","CHATTING","2020-12-03T15:06:11","5746580","False","2020-12-03T13:30:24.42","2026-05-21T13:10:24.274233+00:00"
"33395","38504082","0","1P3va","알레테이아","이거 쇼핑 채널인데, 설교 들은 기분이에요^^","CHATTING","2020-12-03T15:06:18","5753580","False","2020-12-03T13:30:24.42","2026-05-21T13:10:24.274233+00:00"
"33395","38504293","0","3sFEO","juhy****","박수~~~~~할렐루야~~~","CHATTING","2020-12-03T15:06:38","5773580","False","2020-12-03T13:30:24.42","2026-05-21T13:10:24.274233+00:00"
"33395","38504376","0","1N1iX","쉼","구매했습니다 교재가 너무 좋아서 안 살 수 없네요","CHATTING","2020-12-03T15:06:45","5780580","False","2020-12-03T13:30:24.42","2026-05-21T13:10:24.274233+00:00"
"33395","38504382","0","1sIXQ","wbhm****","은혜넘치는라이브였습니다^^","CHATTING","2020-12-03T15:06:45","5780580","False","2020-12-03T13:30:24.42","2026-05-21T13:10:24.274233+00:00"
"33395","38504484","0","3uQ0i","결혼해요","감사합니다","CHATTING","2020-12-03T15:06:55","5790580","False","2020-12-03T13:30:24.42","2026-05-21T13:10:24.274233+00:00"
"33395","38504561","0","aD1ro","HS","기대됩니다♡","CHATTING","2020-12-03T15:07:04","5799580","False","2020-12-03T13:30:24.42","2026-05-21T13:10:24.274233+00:00"
"33395","38504710","0","aD1ro","HS","다음방송 너무 기대됩니다 ~~~","CHATTING","2020-12-03T15:07:19","5814580","False","2020-12-03T13:30:24.42","2026-05-21T13:10:24.274233+00:00"
"33395","38506050","0","1s4nr","cylo****","구입했어요❤️기대됩니다","CHATTING","2020-12-03T15:09:41","5956580","False","2020-12-03T13:30:24.42","2026-05-21T13:10:24.274233+00:00"
"28273","34536321","0","54gI6","이루다","ok","CHATTING","2020-11-17T14:00:53","41972","False","2020-11-17T14:00:11.028","2026-05-21T13:10:25.746814+00:00"
"28273","34536323","0","5OwSk","행복한오리","성경2.0 너무 좋아해서 라이브방송 챙겨봅니다~","CHATTING","2020-11-17T14:00:59","47972","False","2020-11-17T14:00:11.028","2026-05-21T13:10:25.746814+00:00"
"28273","34536376","0","1io7O","법력","잘볼게요","CHATTING","2020-11-17T14:01:41","89972","False","2020-11-17T14:00:11.028","2026-05-21T13:10:25.746814+00:00"
"28273","34536430","0","2chLR","율","안녕하세요~","CHATTING","2020-11-17T14:02:47","155972","False","2020-11-17T14:00:11.028","2026-05-21T13:10:25.746814+00:00"
"28273","34536448","0","1MMGY","snowwhite","안녕하세여","CHATTING","2020-11-17T14:03:13","181972","False","2020-11-17T14:00:11.028","2026-05-21T13:10:25.746814+00:00"
"28273","34536455","0","HZad","친한친구","^^ 안녕하세요.","CHATTING","2020-11-17T14:03:18","186972","False","2020-11-17T14:00:11.028","2026-05-21T13:10:25.746814+00:00"
"28273","34536483","0","1kQcZ","오렌지조이","안녕하세요~","CHATTING","2020-11-17T14:03:45","213972","False","2020-11-17T14:00:11.028","2026-05-21T13:10:25.746814+00:00"
"28273","34536486","0","1p0VU","face****","네네!!^^ 끝까지 잘 귀기울이고 있을게요 ㅋㅋ","CHATTING","2020-11-17T14:03:53","221972","False","2020-11-17T14:00:11.028","2026-05-21T13:10:25.746814+00:00"
"28273","34536488","0","1ckyk","예랑","기다렸어요 신약편","CHATTING","2020-11-17T14:03:54","222972","False","2020-11-17T14:00:11.028","2026-05-21T13:10:25.746814+00:00"
"28273","34536495","0","1IcpR","dave","와우","CHATTING","2020-11-17T14:04:02","230972","False","2020-11-17T14:00:11.028","2026-05-21T13:10:25.746814+00:00"
"28273","34536505","0","1MMGY","snowwhite","네 감사합니다^^♡","CHATTING","2020-11-17T14:04:11","239972","False","2020-11-17T14:00:11.028","2026-05-21T13:10:25.746814+00:00"
"28273","34536559","0","1T0er","신디","저도 신약편을 많이 기다렸습니다~ 구약편도 정말 좋습니다^^","CHATTING","2020-11-17T14:05:04","292972","False","2020-11-17T14:00:11.028","2026-05-21T13:10:25.746814+00:00"
"28273","34536573","0","6jTn5","Leat","샬롬 하나님의 사랑이 이채널에 넘치길 바래요","CHATTING","2020-11-17T14:05:44","332972","False","2020-11-17T14:00:11.028","2026-05-21T13:10:25.746814+00:00"
"28273","34536581","0","1T0er","신디","지금 신약 첫편 구입했어요~ 감사합니다~","CHATTING","2020-11-17T14:06:16","364972","False","2020-11-17T14:00:11.028","2026-05-21T13:10:25.746814+00:00"
"28273","34536584","0","HZad","친한친구","설명을 들르니 정말 성경통독에도 도움이 될거 같네요..","CHATTING","2020-11-17T14:06:29","377972","False","2020-11-17T14:00:11.028","2026-05-21T13:10:25.746814+00:00"
"28273","34536585","0","5OwSk","행복한오리 영선","구약 너무너무 재미있게 읽어서요","CHATTING","2020-11-17T14:06:31","379972","False","2020-11-17T14:00:11.028","2026-05-21T13:10:25.746814+00:00"
"28273","34536590","0","9IFy1","강장식","성경2.0 신약편 기다렸어요ㆍ갓피플라이브몰 화이팅요~^^","CHATTING","2020-11-17T14:06:48","396972","False","2020-11-17T14:00:11.028","2026-05-21T13:10:25.746814+00:00"
"28273","34536598","0","HZad","친한친구","오 족보..","CHATTING","2020-11-17T14:07:38","446972","False","2020-11-17T14:00:11.028","2026-05-21T13:10:25.746814+00:00"
"28273","34536600","0","1bl7h","두부두부","우와 족보..","CHATTING","2020-11-17T14:07:47","455972","False","2020-11-17T14:00:11.028","2026-05-21T13:10:25.746814+00:00"
"28273","34536620","0","3lktW","pray road","샬롬~~~","CHATTING","2020-11-17T14:08:59","527972","False","2020-11-17T14:00:11.028","2026-05-21T13:10:25.746814+00:00"
"28273","34536621","0","3lktW","pray road","할렐루야~~","CHATTING","2020-11-17T14:09:02","530972","False","2020-11-17T14:00:11.028","2026-05-21T13:10:25.746814+00:00"
"28273","34536622","0","2XFXn","jhs9****","오","CHATTING","2020-11-17T14:09:03","531972","False","2020-11-17T14:00:11.028","2026-05-21T13:10:25.746814+00:00"
"28273","34536623","0","2XFXn","jhs9****","대박이네","CHATTING","2020-11-17T14:09:04","532972","False","2020-11-17T14:00:11.028","2026-05-21T13:10:25.746814+00:00"
"28273","34536627","0","5OwSk","행복한오리 김영선","빨리 읽고 싶어요 ♥","CHATTING","2020-11-17T14:09:16","544972","False","2020-11-17T14:00:11.028","2026-05-21T13:10:25.746814+00:00"
"28273","34536632","0","8Ji3O","스탠드","맞아요~ 족보 부분도 좋고 성경을 장별로 정리해둔것도 정말 도움이 많이 될것 같아요","CHATTING","2020-11-17T14:09:40","568972","False","2020-11-17T14:00:11.028","2026-05-21T13:10:25.746814+00:00"
"28273","34536636","0","cyr2W","m87","와우","CHATTING","2020-11-17T14:10:14","602972","False","2020-11-17T14:00:11.028","2026-05-21T13:10:25.746814+00:00"
"28273","34536637","0","cyr2W","m87","대박","CHATTING","2020-11-17T14:10:16","604972","False","2020-11-17T14:00:11.028","2026-05-21T13:10:25.746814+00:00"
"28273","34536638","0","cyr2W","m87","구성 좋네요","CHATTING","2020-11-17T14:10:24","612972","False","2020-11-17T14:00:11.028","2026-05-21T13:10:25.746814+00:00"
"28273","34536642","0","cyr2W","m87","넘 좋네요","CHATTING","2020-11-17T14:10:32","620972","False","2020-11-17T14:00:11.028","2026-05-21T13:10:25.746814+00:00"
"28273","34536647","0","cyr2W","m87","세밀하게 나왔네요","CHATTING","2020-11-17T14:10:44","632972","False","2020-11-17T14:00:11.028","2026-05-21T13:10:25.746814+00:00"
"28273","34536650","0","1MwN6","힘내","구성좋아요~~","CHATTING","2020-11-17T14:11:00","648972","False","2020-11-17T14:00:11.028","2026-05-21T13:10:25.746814+00:00"
"28273","34536659","0","1D8KP","경이","안녕하세요","CHATTING","2020-11-17T14:11:42","690972","False","2020-11-17T14:00:11.028","2026-05-21T13:10:25.746814+00:00"
"28273","34536667","0","1bl7h","두부두부","어머머.. 한권에 모아져 있네요","CHATTING","2020-11-17T14:12:05","713972","False","2020-11-17T14:00:11.028","2026-05-21T13:10:25.746814+00:00"
"28273","34536675","0","cyr2W","m87","딱 좋네요","CHATTING","2020-11-17T14:12:28","736972","False","2020-11-17T14:00:11.028","2026-05-21T13:10:25.746814+00:00"
"28273","34536680","0","1kQcZ","오렌지조이","좋네요~","CHATTING","2020-11-17T14:12:52","760972","False","2020-11-17T14:00:11.028","2026-05-21T13:10:25.746814+00:00"
"28273","34536698","0","1p0VU","face****","와 진짜 실제로 와닿게 ㅋㅋㅋ 설명이 대박!","CHATTING","2020-11-17T14:13:52","820972","False","2020-11-17T14:00:11.028","2026-05-21T13:10:25.746814+00:00"
"28273","34536700","0","1p0VU","face****","쌈장 ㅋㅋㅋ","CHATTING","2020-11-17T14:14:00","828972","False","2020-11-17T14:00:11.028","2026-05-21T13:10:25.746814+00:00"
"28273","34536718","0","1kQcZ","오렌지조이","오~ 지도","CHATTING","2020-11-17T14:15:04","892972","False","2020-11-17T14:00:11.028","2026-05-21T13:10:25.746814+00:00"
"28273","34536724","0","1kQcZ","오렌지조이","모세오경은 두권인가요?","CHATTING","2020-11-17T14:15:37","925972","False","2020-11-17T14:00:11.028","2026-05-21T13:10:25.746814+00:00"
"28273","34536726","0","cyr2W","m87","오호","CHATTING","2020-11-17T14:15:46","934972","False","2020-11-17T14:00:11.028","2026-05-21T13:10:25.746814+00:00"
"28273","34536729","0","cyr2W","m87","성경에 딱이네요","CHATTING","2020-11-17T14:15:58","946972","False","2020-11-17T14:00:11.028","2026-05-21T13:10:25.746814+00:00"
"28273","34536734","0","cyr2W","m87","이해하기도 쉽겠어요","CHATTING","2020-11-17T14:16:08","956972","False","2020-11-17T14:00:11.028","2026-05-21T13:10:25.746814+00:00"
"28273","34536738","0","5OwSk","행복한오리 김영선","신약 정말정말 기다렸어요~~","CHATTING","2020-11-17T14:16:35","983972","False","2020-11-17T14:00:11.028","2026-05-21T13:10:25.746814+00:00"
"28273","34536752","0","8Ji3O","스탠드","정말 기대됩니다~ 신약이 나오길 기다리고 기다렸습니다","CHATTING","2020-11-17T14:17:29","1037972","False","2020-11-17T14:00:11.028","2026-05-21T13:10:25.746814+00:00"
"28273","34536756","0","1aiPG","좋은하루가되시길","안녕하세요~","CHATTING","2020-11-17T14:18:01","1069972","False","2020-11-17T14:00:11.028","2026-05-21T13:10:25.746814+00:00"
"28273","34536765","0","LWk5","rlaw****","신약은 1권인가요?","CHATTING","2020-11-17T14:18:28","1096972","False","2020-11-17T14:00:11.028","2026-05-21T13:10:25.746814+00:00"
"28273","34536768","0","1bl7h","두부두부","대에~~ 박.. 이벤트 짱이에요~","CHATTING","2020-11-17T14:18:50","1118972","False","2020-11-17T14:00:11.028","2026-05-21T13:10:25.746814+00:00"
"28273","34536772","0","2kIM7","Sena","구약 신약","CHATTING","2020-11-17T14:19:02","1130972","False","2020-11-17T14:00:11.028","2026-05-21T13:10:25.746814+00:00"
"28273","34536774","0","1dpor","열매미소","이벤트도 넘 좋네요","CHATTING","2020-11-17T14:19:11","1139972","False","2020-11-17T14:00:11.028","2026-05-21T13:10:25.746814+00:00"
"28273","34536775","0","hKP0","함미녀","우와 신약이 나왔네 구약만 있는줄","CHATTING","2020-11-17T14:19:12","1140972","False","2020-11-17T14:00:11.028","2026-05-21T13:10:25.746814+00:00"
"28273","34536780","0","8Ji3O","스탠드","마태, 마가복음 말고도 빨리 나왔으면 좋겠습니다~","CHATTING","2020-11-17T14:19:32","1160972","False","2020-11-17T14:00:11.028","2026-05-21T13:10:25.746814+00:00"
"28273","34536782","0","LEeF","호랑이","이벤트 넘 좋아요","CHATTING","2020-11-17T14:19:39","1167972","False","2020-11-17T14:00:11.028","2026-05-21T13:10:25.746814+00:00"
"28273","34536784","0","LEeF","호랑이","당첨의 기회가 오면 좋겠엉요","CHATTING","2020-11-17T14:19:45","1173972","False","2020-11-17T14:00:11.028","2026-05-21T13:10:25.746814+00:00"
"28273","34536789","0","LEeF","호랑이","아이들이랑 읽으면 넘 좋겠어요","CHATTING","2020-11-17T14:19:53","1181972","False","2020-11-17T14:00:11.028","2026-05-21T13:10:25.746814+00:00"
"28273","34536792","0","ZyND","호야와 호순이네","신약5년정도 기다렸다가..이틀전에 받았는데..넘 좋아서 선물로 다시 구입하려고 합니다♥♥","CHATTING","2020-11-17T14:19:57","1185972","False","2020-11-17T14:00:11.028","2026-05-21T13:10:25.746814+00:00"
"28273","34536794","0","LEeF","호랑이","다둥빠는 기다려봅니다","CHATTING","2020-11-17T14:20:04","1192972","False","2020-11-17T14:00:11.028","2026-05-21T13:10:25.746814+00:00"
"28273","34536797","0","1dpor","열매미소","오호","CHATTING","2020-11-17T14:20:11","1199972","False","2020-11-17T14:00:11.028","2026-05-21T13:10:25.746814+00:00"
"28273","34536798","0","2KUqV","새로미","계속 좋은책을 좋은가격에 감사합니다","CHATTING","2020-11-17T14:20:12","1200972","False","2020-11-17T14:00:11.028","2026-05-21T13:10:25.746814+00:00"
"28273","34536799","0","1dpor","열매미소","넘 좋아요","CHATTING","2020-11-17T14:20:13","1201972","False","2020-11-17T14:00:11.028","2026-05-21T13:10:25.746814+00:00"
"28273","34536800","0","VNaV","쿠로ㅋ","안녕하세요","CHATTING","2020-11-17T14:20:34","1222972","False","2020-11-17T14:00:11.028","2026-05-21T13:10:25.746814+00:00"
"28273","34536801","0","5RRxH","슈앤슈나","우와.. 지난주 스토리텔링 성경도 구입했는데 같이 보면 더 좋을듯 하네요..","CHATTING","2020-11-17T14:20:36","1224972","False","2020-11-17T14:00:11.028","2026-05-21T13:10:25.746814+00:00"
"28273","34536808","0","8Ji3O","스탠드","스토리텔링 성경 방송을 지난주에 했군요~ 한번 확인해 봐야 되겠네요","CHATTING","2020-11-17T14:21:20","1268972","False","2020-11-17T14:00:11.028","2026-05-21T13:10:25.746814+00:00"
"28273","34536811","0","KCrY","낮은의자","구약성경은 언제 인쇄된 것일까요?","CHATTING","2020-11-17T14:21:31","1279972","False","2020-11-17T14:00:11.028","2026-05-21T13:10:25.746814+00:00"
"28273","34536819","0","5OwSk","행복한오리 김영선","신약편 정말 기대되요~","CHATTING","2020-11-17T14:21:48","1296972","False","2020-11-17T14:00:11.028","2026-05-21T13:10:25.746814+00:00"
"28273","34536824","0","1bl7h","두부두부","성경읽기를 조금씩 하고 있는 중학교 아이에게 아무래도 성경책이 잘 안읽혀지는것 같은데 중학교 아이들에게도 괜찮을가요?","CHATTING","2020-11-17T14:22:09","1317972","False","2020-11-17T14:00:11.028","2026-05-21T13:10:25.746814+00:00"
"28273","34536835","0","KCrY","낮은의자","집에 초판1쇄를 소장 중인데요.. 최근 인쇄된 것인지 궁금해서 ^ ^","CHATTING","2020-11-17T14:23:21","1389972","False","2020-11-17T14:00:11.028","2026-05-21T13:10:25.746814+00:00"
"28273","34536837","0","1kQcZ","오렌지조이","모세오경은 새로 제작이 된건가요?","CHATTING","2020-11-17T14:23:35","1403972","False","2020-11-17T14:00:11.028","2026-05-21T13:10:25.746814+00:00"
"28273","34536838","0","KCrY","낮은의자","선물도하고.. 부록도 탐이나서 더 구입하려구요","CHATTING","2020-11-17T14:23:39","1407972","False","2020-11-17T14:00:11.028","2026-05-21T13:10:25.746814+00:00"
"28273","34536842","0","1bl7h","두부두부","성경의 텍스트보다 이런 만화 스타일로 접하는게 괜찮을지 걱정했는데~ 신약부터 한번 살짝 권해봐야 겠어요 ^^","CHATTING","2020-11-17T14:23:51","1419972","False","2020-11-17T14:00:11.028","2026-05-21T13:10:25.746814+00:00"
"28273","34536846","0","8Ji3O","스탠드","내년 5월 기대하고 있겠습니다~","CHATTING","2020-11-17T14:24:13","1441972","False","2020-11-17T14:00:11.028","2026-05-21T13:10:25.746814+00:00"
"28273","34536849","0","KCrY","낮은의자","네 감사합니다 ^ ^","CHATTING","2020-11-17T14:24:20","1448972","False","2020-11-17T14:00:11.028","2026-05-21T13:10:25.746814+00:00"
"28273","34536861","0","5OwSk","행복한오리 김영선","성경 2.0 great!!","CHATTING","2020-11-17T14:25:09","1497972","False","2020-11-17T14:00:11.028","2026-05-21T13:10:25.746814+00:00"
"28273","34536863","0","KCrY","낮은의자","따끈따끈~ 좋네요~~ ^ ^","CHATTING","2020-11-17T14:25:19","1507972","False","2020-11-17T14:00:11.028","2026-05-21T13:10:25.746814+00:00"
"28273","34536868","0","5RRxH","슈앤슈나","구매했어요ㅎㅎ","CHATTING","2020-11-17T14:26:00","1548972","False","2020-11-17T14:00:11.028","2026-05-21T13:10:25.746814+00:00"
"28273","34536880","0","1kQcZ","오렌지조이","모세오경 지금 구입했어용~~~^^","CHATTING","2020-11-17T14:26:46","1594972","False","2020-11-17T14:00:11.028","2026-05-21T13:10:25.746814+00:00"
"28273","34536881","0","1bl7h","두부두부","작짝짝~~~ 축하드려요~","CHATTING","2020-11-17T14:26:51","1599972","False","2020-11-17T14:00:11.028","2026-05-21T13:10:25.746814+00:00"
"28273","34536882","0","8Ji3O","스탠드","축하드립니다^^","CHATTING","2020-11-17T14:26:55","1603972","False","2020-11-17T14:00:11.028","2026-05-21T13:10:25.746814+00:00"
"28273","34536887","0","1bl7h","두부두부","우와~ 축하드려요~","CHATTING","2020-11-17T14:27:25","1633972","False","2020-11-17T14:00:11.028","2026-05-21T13:10:25.746814+00:00"
"28273","34536890","0","KCrY","낮은의자","감사합니다 ^ ^","CHATTING","2020-11-17T14:27:37","1645972","False","2020-11-17T14:00:11.028","2026-05-21T13:10:25.746814+00:00"
"28273","34536906","0","1bl7h","두부두부","아들과 같이 읽고 성령으로 거듭나길 기대해보겠습니다.~","CHATTING","2020-11-17T14:29:14","1742972","False","2020-11-17T14:00:11.028","2026-05-21T13:10:25.746814+00:00"
"28273","34536922","0","1kQcZ","오렌지조이","예전부터 관심갖고 있었는데 갓피플 라이브 통해서 부담없이 잘구입했네요~~아이들과 은혜 받을 일만 남았네요~^^","CHATTING","2020-11-17T14:30:29","1817972","False","2020-11-17T14:00:11.028","2026-05-21T13:10:25.746814+00:00"
"28273","34536945","0","HZad","친한친구","ㅡㅡㅡㅡ","CHATTING","2020-11-17T14:32:20","1928972","False","2020-11-17T14:00:11.028","2026-05-21T13:10:25.746814+00:00"
"28273","34536952","0","1bl7h","두부두부","신약 성경도... 성경지도 주시나요??","CHATTING","2020-11-17T14:33:09","1977972","False","2020-11-17T14:00:11.028","2026-05-21T13:10:25.746814+00:00"
"28273","34536953","0","8Ji3O","스탠드","어려운 성경의 언어를 우리가 알기 쉽게 잘 반영한 책이네요~","CHATTING","2020-11-17T14:33:13","1981972","False","2020-11-17T14:00:11.028","2026-05-21T13:10:25.746814+00:00"
"28273","34536959","0","1bl7h","두부두부","성경지도 옆에 놓고 같이 보면 정말 한눈에 확 이해가 되겠어요~","CHATTING","2020-11-17T14:33:31","1999972","False","2020-11-17T14:00:11.028","2026-05-21T13:10:25.746814+00:00"
"28273","34536973","0","ZyND","호야와 호순이네","와~~선물이 좋아서 더 사야겠네요~~","CHATTING","2020-11-17T14:34:21","2049972","False","2020-11-17T14:00:11.028","2026-05-21T13:10:25.746814+00:00"
"28273","34536985","0","1bl7h","두부두부","저도 구매했어요~","CHATTING","2020-11-17T14:35:11","2099972","False","2020-11-17T14:00:11.028","2026-05-21T13:10:25.746814+00:00"
"28273","34536987","0","1bl7h","두부두부","기대가 됩니다.~ ^^;; 아들과 함께 읽어보려구요~","CHATTING","2020-11-17T14:35:20","2108972","False","2020-11-17T14:00:11.028","2026-05-21T13:10:25.746814+00:00"
"28273","34536989","0","2cLw5","kame****","구약세트랑 모세오경이랑 틀린거지요?구약세트는 있어서요","CHATTING","2020-11-17T14:35:36","2124972","False","2020-11-17T14:00:11.028","2026-05-21T13:10:25.746814+00:00"
"28273","34536996","0","1bl7h","두부두부","처음 보는데 한권씩 읽고 구매해야겠어요~","CHATTING","2020-11-17T14:36:04","2152972","False","2020-11-17T14:00:11.028","2026-05-21T13:10:25.746814+00:00"
"28273","34536998","0","2cLw5","kame****","신약엄청 기다렸는데.너무좋네요 초3아들이 엄청 기다렸어요","CHATTING","2020-11-17T14:36:10","2158972","False","2020-11-17T14:00:11.028","2026-05-21T13:10:25.746814+00:00"
"28273","34537008","0","8Ji3O","스탠드","다메섹=다마스커스 이렇게 표시해 주시니 요즘 지도에서 어디쯤인지 추측도 가능하고 좋습니다~","CHATTING","2020-11-17T14:36:57","2205972","False","2020-11-17T14:00:11.028","2026-05-21T13:10:25.746814+00:00"
"28273","34537009","0","2cLw5","kame****","저희아들은 구약세트로 한글을 땠습니다ㅎㅎ감사한 성경2.0","CHATTING","2020-11-17T14:37:04","2212972","False","2020-11-17T14:00:11.028","2026-05-21T13:10:25.746814+00:00"
"28273","34537017","0","1bl7h","두부두부","일단 신약부터 시작해서 구약까지~~ ~~ 고고고 입니다.~","CHATTING","2020-11-17T14:38:02","2270972","False","2020-11-17T14:00:11.028","2026-05-21T13:10:25.746814+00:00"
"28273","34537018","0","5OwSk","행복한오리 김영선","성경2.0 매우 훌륭한 통독 서적!","CHATTING","2020-11-17T14:38:06","2274972","False","2020-11-17T14:00:11.028","2026-05-21T13:10:25.746814+00:00"
"28273","34537032","0","651ty","Hello","와 이건 너무 갖고싶네요","CHATTING","2020-11-17T14:39:31","2359972","False","2020-11-17T14:00:11.028","2026-05-21T13:10:25.746814+00:00"
"28273","34537037","0","4S6Gt","박루크","와 신약 드디어 나왔네요 ㅋ","CHATTING","2020-11-17T14:39:52","2380972","False","2020-11-17T14:00:11.028","2026-05-21T13:10:25.746814+00:00"
"28273","34537053","0","1FPvk","시연맘","오~~~","CHATTING","2020-11-17T14:40:47","2435972","False","2020-11-17T14:00:11.028","2026-05-21T13:10:25.746814+00:00"
"28273","34537075","0","5RRxH","슈앤슈나","그동안 성경통독 도전을 많이 했지만 성공을 못 했었는데.. 진작 알았다면 좋았을것을요.. 이제 통독 성공할 수 있겠어요.. ㅎㅎ","CHATTING","2020-11-17T14:42:46","2554972","False","2020-11-17T14:00:11.028","2026-05-21T13:10:25.746814+00:00"
"28273","34537093","0","1p0VU","face****","와 축하드려요 짝짝짝!! 짜잔","CHATTING","2020-11-17T14:43:51","2619972","False","2020-11-17T14:00:11.028","2026-05-21T13:10:25.746814+00:00"
"28273","34537100","0","1bl7h","두부두부","오늘 라이브로~ 성경 2.0도 알게 되고~ 성경 읽기에 사모하는 마음을 주시는 것같아요~","CHATTING","2020-11-17T14:44:10","2638972","False","2020-11-17T14:00:11.028","2026-05-21T13:10:25.746814+00:00"
"28273","34537108","0","1kQcZ","오렌지조이","당첨된적 한번도 없는 삶~~~~ㅋ","CHATTING","2020-11-17T14:44:40","2668972","False","2020-11-17T14:00:11.028","2026-05-21T13:10:25.747817+00:00"
"28273","34537116","0","2bIkf","도라이바","아니 몇년만에 신약이 나오는건가요","CHATTING","2020-11-17T14:45:03","2691972","False","2020-11-17T14:00:11.028","2026-05-21T13:10:25.747817+00:00"
"28273","34537132","0","5OwSk","행복한오리 김영선","구약읽을때 특히 선지서부분에서 2.0도움을 많이 받았어요","CHATTING","2020-11-17T14:46:33","2781972","False","2020-11-17T14:00:11.028","2026-05-21T13:10:25.747817+00:00"
"28273","34537142","0","5OwSk","행복한오리 김영선","그림도 너무 맘에 들어요 만화라 하기엔 완전 디테일한 묘사!","CHATTING","2020-11-17T14:47:03","2811972","False","2020-11-17T14:00:11.028","2026-05-21T13:10:25.747817+00:00"
"28273","34537145","0","ZyND","호야와 호순이네","저희아이들이 구약1권부터 읽고 다음권 기다린게..7권까지~기다리고 사가지고 온날 두아이가 같이 읽었던 신앙의 책입니다. 읽고 또 읽어서 책의 모서리가 부드러워졌습니다~넘기다렸습니다","CHATTING","2020-11-17T14:47:09","2817972","False","2020-11-17T14:00:11.028","2026-05-21T13:10:25.747817+00:00"
"28273","34537165","0","1kQcZ","오렌지조이","아멘~~~~~~ ^^","CHATTING","2020-11-17T14:48:37","2905972","False","2020-11-17T14:00:11.028","2026-05-21T13:10:25.747817+00:00"
"28273","34537168","0","2bIkf","도라이바","구매완료 .","CHATTING","2020-11-17T14:48:44","2912972","False","2020-11-17T14:00:11.028","2026-05-21T13:10:25.747817+00:00"
"28273","34537176","0","5OwSk","행복한오리 김영선","등장인물들 표정도 정말 생동감있게 살아있어요","CHATTING","2020-11-17T14:48:54","2922972","False","2020-11-17T14:00:11.028","2026-05-21T13:10:25.747817+00:00"
"28273","34537177","0","2bIkf","도라이바","다음권 나오려면 최소 이년걸림","CHATTING","2020-11-17T14:49:04","2932972","False","2020-11-17T14:00:11.028","2026-05-21T13:10:25.747817+00:00"
"28273","34537220","0","2n02","whwl****","나은이아버님화이팅","CHATTING","2020-11-17T14:51:16","3064972","False","2020-11-17T14:00:11.028","2026-05-21T13:10:25.747817+00:00"
"28273","34537275","0","2bIkf","도라이바","출판사 사장님이 못생겼음 .","CHATTING","2020-11-17T14:53:46","3214972","False","2020-11-17T14:00:11.028","2026-05-21T13:10:25.747817+00:00"
"28273","34537298","0","2bIkf","도라이바","이벤트 당첨은 포기하고 그냥 구매했음 .","CHATTING","2020-11-17T14:54:55","3283972","False","2020-11-17T14:00:11.028","2026-05-21T13:10:25.747817+00:00"
"28273","34537315","0","3LG0Z","갓피플","오 그렇군요","CHATTING","2020-11-17T14:55:29","3317972","False","2020-11-17T14:00:11.028","2026-05-21T13:10:25.747817+00:00"
"28273","34537336","0","UQxX","ok1024","말씀 잘하시옵니다","CHATTING","2020-11-17T14:56:08","3356972","False","2020-11-17T14:00:11.028","2026-05-21T13:10:25.747817+00:00"
"28273","34537337","0","VNaV","쿠로ㅋ","성경도 홈쇼핑처럼 파는 거 처음봤어요 신세계","CHATTING","2020-11-17T14:56:20","3368972","False","2020-11-17T14:00:11.028","2026-05-21T13:10:25.747817+00:00"
"28273","34537369","0","1llwn","청담동토레스","이책 너무좋아요","CHATTING","2020-11-17T14:57:26","3434972","False","2020-11-17T14:00:11.028","2026-05-21T13:10:25.747817+00:00"
"28273","34537375","0","2bIkf","도라이바","생방하시는분 착하게 생기셨음 .출판사 사장님은 키만크고 못생겼음 .","CHATTING","2020-11-17T14:57:37","3445972","False","2020-11-17T14:00:11.028","2026-05-21T13:10:25.747817+00:00"
"28273","34537381","0","UQxX","ok1024","앗 도라이바님","CHATTING","2020-11-17T14:57:53","3461972","False","2020-11-17T14:00:11.028","2026-05-21T13:10:25.747817+00:00"
"28273","34537384","0","UQxX","ok1024","일러도 되나요?","CHATTING","2020-11-17T14:57:56","3464972","False","2020-11-17T14:00:11.028","2026-05-21T13:10:25.747817+00:00"
"28273","34537387","0","UQxX","ok1024","-_-","CHATTING","2020-11-17T14:58:02","3470972","False","2020-11-17T14:00:11.028","2026-05-21T13:10:25.747817+00:00"
"28273","34537388","0","UQxX","ok1024","ㅋㅋㅋㅋ","CHATTING","2020-11-17T14:58:04","3472972","False","2020-11-17T14:00:11.028","2026-05-21T13:10:25.747817+00:00"
"28273","34537389","0","1Nu5X","게장존맛","대박 신기하다","CHATTING","2020-11-17T14:58:04","3472972","False","2020-11-17T14:00:11.028","2026-05-21T13:10:25.747817+00:00"
"28273","34537393","0","UQxX","ok1024","800명 넘게 보고 있네요","CHATTING","2020-11-17T14:58:12","3480972","False","2020-11-17T14:00:11.028","2026-05-21T13:10:25.747817+00:00"
"28273","34537396","0","UQxX","ok1024","홀","CHATTING","2020-11-17T14:58:37","3505972","False","2020-11-17T14:00:11.028","2026-05-21T13:10:25.747817+00:00"
"28273","34537399","0","2s6G2","그림이아빠","진짜 mc분 잘생겼네요","CHATTING","2020-11-17T14:58:50","3518972","False","2020-11-17T14:00:11.028","2026-05-21T13:10:25.747817+00:00"
"28273","34537400","0","2s6G2","그림이아빠","다음에 또 보고싶어요","CHATTING","2020-11-17T14:58:58","3526972","False","2020-11-17T14:00:11.028","2026-05-21T13:10:25.747817+00:00"
"28273","34537401","0","5RRxH","슈앤슈나","모세5경과 신약 구매했어요..","CHATTING","2020-11-17T14:59:01","3529972","False","2020-11-17T14:00:11.028","2026-05-21T13:10:25.747817+00:00"
"28273","34537402","0","UQxX","ok1024","ㅋㅋㅋㅋ","CHATTING","2020-11-17T14:59:06","3534972","False","2020-11-17T14:00:11.028","2026-05-21T13:10:25.747817+00:00"
"28273","34537405","0","UQxX","ok1024","레오나르도 디카프리오 닮았어요!!","CHATTING","2020-11-17T14:59:10","3538972","False","2020-11-17T14:00:11.028","2026-05-21T13:10:25.747817+00:00"
"28273","34537407","0","5RRxH","슈앤슈나","증정품 2개씩 오나요?","CHATTING","2020-11-17T14:59:22","3550972","False","2020-11-17T14:00:11.028","2026-05-21T13:10:25.747817+00:00"
"28273","34537423","0","2s6G2","그림이아빠","성경2.0 캐릭터가 mc님 닮은거 같기두...","CHATTING","2020-11-17T14:59:31","3559972","False","2020-11-17T14:00:11.028","2026-05-21T13:10:25.747817+00:00"
"28273","34537455","0","2wnQP","눈솔잎","ㅎㅎ","CHATTING","2020-11-17T14:59:38","3566972","False","2020-11-17T14:00:11.028","2026-05-21T13:10:25.747817+00:00"
"28273","34537496","0","UQxX","ok1024","와와!!!","CHATTING","2020-11-17T14:59:47","3575972","False","2020-11-17T14:00:11.028","2026-05-21T13:10:25.747817+00:00"
"28273","34537510","0","UQxX","ok1024","1분 남았어요???","CHATTING","2020-11-17T14:59:50","3578972","False","2020-11-17T14:00:11.028","2026-05-21T13:10:25.747817+00:00"
"28273","34537557","0","2s6G2","그림이아빠","제 조카가 5학년때 창세기 사줬는데","CHATTING","2020-11-17T15:00:01","3589972","False","2020-11-17T14:00:11.028","2026-05-21T13:10:25.747817+00:00"
"28273","34537572","0","2s6G2","그림이아빠","이제 고등학생이 되어서..","CHATTING","2020-11-17T15:00:05","3593972","False","2020-11-17T14:00:11.028","2026-05-21T13:10:25.747817+00:00"
"28273","34537582","0","5OwSk","행복한오리 김영선","통독할때 성경2.0 읽은후 통독하니 정말 도움 많아 되었어요","CHATTING","2020-11-17T15:00:07","3595972","False","2020-11-17T14:00:11.028","2026-05-21T13:10:25.747817+00:00"
"28273","34537594","0","2bIkf","도라이바","다음권 나오려면 또 2년 기다려야 ....","CHATTING","2020-11-17T15:00:10","3598972","False","2020-11-17T14:00:11.028","2026-05-21T13:10:25.747817+00:00"
"28273","34538694","0","2s6G2","그림이아빠","조카들은 사주면","CHATTING","2020-11-17T15:00:36","3624972","False","2020-11-17T14:00:11.028","2026-05-21T13:10:25.747817+00:00"
"28273","34538851","0","1bl7h","두부두부","그래도 책이 좋으니","CHATTING","2020-11-17T15:00:39","3627972","False","2020-11-17T14:00:11.028","2026-05-21T13:10:25.747817+00:00"
"28273","34538982","0","2s6G2","그림이아빠","2년동안 읽더라고요 ㅋㅋㅋ","CHATTING","2020-11-17T15:00:41","3629972","False","2020-11-17T14:00:11.028","2026-05-21T13:10:25.747817+00:00"
"28273","34539077","0","1bl7h","두부두부","기다림도 즐거울것 같아요~","CHATTING","2020-11-17T15:00:43","3631972","False","2020-11-17T14:00:11.028","2026-05-21T13:10:25.747817+00:00"
"28273","34540210","0","6T7wW","금동맘","수고하셨어용","CHATTING","2020-11-17T15:01:06","3654972","False","2020-11-17T14:00:11.028","2026-05-21T13:10:25.747817+00:00"
"28273","34540430","0","2s6G2","그림이아빠","그럼","CHATTING","2020-11-17T15:01:11","3659972","False","2020-11-17T14:00:11.028","2026-05-21T13:10:25.747817+00:00"
"28273","34540481","0","2s6G2","그림이아빠","2년뒤에","CHATTING","2020-11-17T15:01:12","3660972","False","2020-11-17T14:00:11.028","2026-05-21T13:10:25.747817+00:00"
"28273","34540530","0","2bIkf","도라이바","수고 하셨어요","CHATTING","2020-11-17T15:01:13","3661972","False","2020-11-17T14:00:11.028","2026-05-21T13:10:25.747817+00:00"
"28273","34540627","0","2s6G2","그림이아빠","md님 또 만나요","CHATTING","2020-11-17T15:01:16","3664972","False","2020-11-17T14:00:11.028","2026-05-21T13:10:25.747817+00:00"
"28273","34540775","0","UQxX","ok1024","ㅠㅠ","CHATTING","2020-11-17T15:01:19","3667972","False","2020-11-17T14:00:11.028","2026-05-21T13:10:25.747817+00:00"
"28273","34540864","0","UQxX","ok1024","또 만나요!!","CHATTING","2020-11-17T15:01:21","3669972","False","2020-11-17T14:00:11.028","2026-05-21T13:10:25.747817+00:00"
"28273","34541097","0","1bl7h","두부두부","아ㅏ.. 오늘은 빨리 끝나네요","CHATTING","2020-11-17T15:01:28","3676972","False","2020-11-17T14:00:11.028","2026-05-21T13:10:25.747817+00:00"
"28273","34541143","0","1bl7h","두부두부","아쉽아쉽","CHATTING","2020-11-17T15:01:29","3677972","False","2020-11-17T14:00:11.028","2026-05-21T13:10:25.747817+00:00"
"28273","34541218","0","2s6G2","그림이아빠","아쉽다... 너무 늦게 들어..왔어요","CHATTING","2020-11-17T15:01:31","3679972","False","2020-11-17T14:00:11.028","2026-05-21T13:10:25.747817+00:00"
"28273","34541265","0","2s6G2","그림이아빠","ㅠㅠㅠㅠㅠㅠ","CHATTING","2020-11-17T15:01:33","3681972","False","2020-11-17T14:00:11.028","2026-05-21T13:10:25.747817+00:00"
"28273","34541268","0","UQxX","ok1024","아쉽아쉽","CHATTING","2020-11-17T15:01:33","3681972","False","2020-11-17T14:00:11.028","2026-05-21T13:10:25.747817+00:00"
"28273","34541349","0","2s6G2","그림이아빠","30분 더 해조라","CHATTING","2020-11-17T15:01:35","3683972","False","2020-11-17T14:00:11.028","2026-05-21T13:10:25.747817+00:00"
"28273","34541446","0","UQxX","ok1024","저도 바빠서 늦게 들어옴 ㅠ","CHATTING","2020-11-17T15:01:38","3686972","False","2020-11-17T14:00:11.028","2026-05-21T13:10:25.747817+00:00"
"28273","34541503","0","2s6G2","그림이아빠","!!!!!","CHATTING","2020-11-17T15:01:39","3687972","False","2020-11-17T14:00:11.028","2026-05-21T13:10:25.747817+00:00"
"28273","34541522","0","UQxX","ok1024","ㅋㅋㅋㅋㅋㅋㅋㅋㅋㅋㅋㅋㅋㅋㅋㅋㅋㅋㅋ","CHATTING","2020-11-17T15:01:40","3688972","False","2020-11-17T14:00:11.028","2026-05-21T13:10:25.747817+00:00"
"28273","34541639","0","UQxX","ok1024","그림이아빠님","CHATTING","2020-11-17T15:01:43","3691972","False","2020-11-17T14:00:11.028","2026-05-21T13:10:25.747817+00:00"
"28273","34541717","0","UQxX","ok1024","ㅋㅋㅋㅋㅋㅋㅋㅋㅋㅋㅋㅋㅋㅋㅋㅋㅋㅋㅋㅋㅋㅋㅋㅋㅋㅋㅋ","CHATTING","2020-11-17T15:01:46","3694972","False","2020-11-17T14:00:11.028","2026-05-21T13:10:25.747817+00:00"
"28273","34542035","0","1bl7h","두부두부","아쉬워요","CHATTING","2020-11-17T15:01:55","3703972","False","2020-11-17T14:00:11.028","2026-05-21T13:10:25.747817+00:00"
"28273","34542122","0","UQxX","ok1024","우리끼리 ... 쳇중 ㅋㅋ","CHATTING","2020-11-17T15:01:59","3707972","False","2020-11-17T14:00:11.028","2026-05-21T13:10:25.747817+00:00"
"28273","34542266","0","1bl7h","두부두부","ㅋㅋㅋ 결국 전 책 구매~남는건 책 구매~","CHATTING","2020-11-17T15:02:03","3711972","False","2020-11-17T14:00:11.028","2026-05-21T13:10:25.747817+00:00"
"28273","34542352","0","UQxX","ok1024","안녕히 계세요!!","CHATTING","2020-11-17T15:02:06","3714972","False","2020-11-17T14:00:11.028","2026-05-21T13:10:25.747817+00:00"
"28273","34542424","0","1bl7h","두부두부","다들 구매하셨나요? ㅋㅋ","CHATTING","2020-11-17T15:02:08","3716972","False","2020-11-17T14:00:11.028","2026-05-21T13:10:25.747817+00:00"
"28273","34543226","0","1bl7h","두부두부","그럼 안녕히~","CHATTING","2020-11-17T15:02:37","3745972","False","2020-11-17T14:00:11.028","2026-05-21T13:10:25.747817+00:00"
"26903","33512004","0","b0cEV","송현","안녕하세요","CHATTING","2020-11-12T13:31:31","62218","False","2020-11-12T13:30:28.782","2026-05-21T13:10:26.912112+00:00"
"26903","33512005","0","2SFjz","럭키","우와🙏🤩🤩🤩🤩🤩","CHATTING","2020-11-12T13:31:31","62218","False","2020-11-12T13:30:28.782","2026-05-21T13:10:26.912112+00:00"
"26903","33512013","0","1UGVh","이안네","샬롬^^","CHATTING","2020-11-12T13:31:46","77218","False","2020-11-12T13:30:28.782","2026-05-21T13:10:26.912112+00:00"
"26903","33512020","0","2SFjz","럭키","맞아요하나님과 함께","CHATTING","2020-11-12T13:31:53","84218","False","2020-11-12T13:30:28.782","2026-05-21T13:10:26.912112+00:00"
"26903","33512029","0","1RvJx","류코스","안녕하세요","CHATTING","2020-11-12T13:32:00","91218","False","2020-11-12T13:30:28.782","2026-05-21T13:10:26.912112+00:00"
"26903","33512048","0","bzXMA","강경우","안녕하세요","CHATTING","2020-11-12T13:32:41","132218","False","2020-11-12T13:30:28.782","2026-05-21T13:10:26.912112+00:00"
"26903","33512053","0","FfF2","제3의 인물","모든 성경은 다 가지고 싶어요 ㅎㅎ","CHATTING","2020-11-12T13:32:50","141218","False","2020-11-12T13:30:28.782","2026-05-21T13:10:26.912112+00:00"
"26903","33512057","0","4RDzU","두부","안녕하세요ㅎㅎ너무 기대되요~","CHATTING","2020-11-12T13:32:59","150218","False","2020-11-12T13:30:28.782","2026-05-21T13:10:26.912112+00:00"
"26903","33512060","0","2SFjz","럭키","개혁개정 어려워요","CHATTING","2020-11-12T13:33:07","158218","False","2020-11-12T13:30:28.782","2026-05-21T13:10:26.912112+00:00"
"26903","33512070","0","1MmdK","pp","좋아요","CHATTING","2020-11-12T13:33:45","196218","False","2020-11-12T13:30:28.782","2026-05-21T13:10:26.912112+00:00"
"26903","33512077","0","FfF2","제3의 인물","사회자님","CHATTING","2020-11-12T13:33:55","206218","False","2020-11-12T13:30:28.782","2026-05-21T13:10:26.912112+00:00"
"26903","33512080","0","FfF2","제3의 인물","귀여워요 ㅎㅎㅎㅎ","CHATTING","2020-11-12T13:34:01","212218","False","2020-11-12T13:30:28.782","2026-05-21T13:10:26.912112+00:00"
"26903","33512082","0","2SFjz","럭키","성경을 스토리로 좋아요👍👍👍","CHATTING","2020-11-12T13:34:10","221218","False","2020-11-12T13:30:28.782","2026-05-21T13:10:26.912112+00:00"
"26903","33512083","0","1bl7h","두부두부","한권 읽어봤는데 이해가 좋았어요","CHATTING","2020-11-12T13:34:12","223218","False","2020-11-12T13:30:28.782","2026-05-21T13:10:26.912112+00:00"
"26903","33512087","0","1bl7h","두부두부","세트로도 사고 싶네요","CHATTING","2020-11-12T13:34:18","229218","False","2020-11-12T13:30:28.782","2026-05-21T13:10:26.912112+00:00"
"26903","33512093","0","2SFjz","럭키","진짜요?","CHATTING","2020-11-12T13:34:29","240218","False","2020-11-12T13:30:28.782","2026-05-21T13:10:26.912112+00:00"
"26903","33512094","0","2SFjz","럭키","아 저도 갖고 싶어요","CHATTING","2020-11-12T13:34:42","253218","False","2020-11-12T13:30:28.782","2026-05-21T13:10:26.912112+00:00"
"26903","33512099","0","1D8KP","경이","안녕하세요","CHATTING","2020-11-12T13:34:57","268218","False","2020-11-12T13:30:28.782","2026-05-21T13:10:26.912112+00:00"
"26903","33512103","0","FfF2","제3의 인물","신약세트는 없나요?","CHATTING","2020-11-12T13:35:15","286218","False","2020-11-12T13:30:28.782","2026-05-21T13:10:26.912112+00:00"
"26903","33512105","0","1RvJx","류코스","스토리텔링성경 좋아요 ^^","CHATTING","2020-11-12T13:35:19","290218","False","2020-11-12T13:30:28.782","2026-05-21T13:10:26.912112+00:00"
"26903","33512106","0","2SFjz","럭키","신랑이랑 같이 읽으면 좋겠어요 곧 생일인데","CHATTING","2020-11-12T13:35:20","291218","False","2020-11-12T13:30:28.782","2026-05-21T13:10:26.912112+00:00"
"26903","33512124","0","2SFjz","럭키","하나님께서 함께 해주실 축복합니다","CHATTING","2020-11-12T13:38:30","481218","False","2020-11-12T13:30:28.782","2026-05-21T13:10:26.912112+00:00"
"26903","33512125","0","FfF2","제3의 인물","신약 기대 됩니다","CHATTING","2020-11-12T13:38:35","486218","False","2020-11-12T13:30:28.782","2026-05-21T13:10:26.912112+00:00"
"26903","33512128","0","FfF2","제3의 인물","언제 다 나올까요?","CHATTING","2020-11-12T13:38:44","495218","False","2020-11-12T13:30:28.782","2026-05-21T13:10:26.912112+00:00"
"26903","33512137","0","1MwN6","힘내","우아~~","CHATTING","2020-11-12T13:40:20","591218","False","2020-11-12T13:30:28.782","2026-05-21T13:10:26.912112+00:00"
"26903","33512138","0","1MwN6","힘내","진짜갖고싶네요~~","CHATTING","2020-11-12T13:40:34","605218","False","2020-11-12T13:30:28.782","2026-05-21T13:10:26.912112+00:00"
"26903","33512151","0","YwK2","해비","디자인좋으네요","CHATTING","2020-11-12T13:43:14","765218","False","2020-11-12T13:30:28.782","2026-05-21T13:10:26.912112+00:00"
"26903","33512152","0","NOOM","요미맘v","너무 좋으네용^^!","CHATTING","2020-11-12T13:43:21","772218","False","2020-11-12T13:30:28.782","2026-05-21T13:10:26.912112+00:00"
"26903","33512156","0","2x6je","정구기로","좋습니다...","CHATTING","2020-11-12T13:43:43","794218","False","2020-11-12T13:30:28.782","2026-05-21T13:10:26.912112+00:00"
"26903","33512158","0","99qd2","김태식","2세트 주문하고 입금 완료했습니다 ㅋㅋ","CHATTING","2020-11-12T13:43:55","806218","False","2020-11-12T13:30:28.782","2026-05-21T13:10:26.912112+00:00"
"26903","33512159","0","NOOM","요미맘v","하트 마구마구 누르는 중입니동^^!","CHATTING","2020-11-12T13:44:00","811218","False","2020-11-12T13:30:28.782","2026-05-21T13:10:26.912112+00:00"
"26903","33512161","0","2x6je","정구기로","편하게 접근하겠습니다..","CHATTING","2020-11-12T13:44:03","814218","False","2020-11-12T13:30:28.782","2026-05-21T13:10:26.912112+00:00"
"26903","33512162","0","FfF2","제3의 인물","저요 ㅎㅎ","CHATTING","2020-11-12T13:44:03","814218","False","2020-11-12T13:30:28.782","2026-05-21T13:10:26.912112+00:00"
"26903","33512165","0","99qd2","김태식","스토리텔링 아주 좋아요 좋아","CHATTING","2020-11-12T13:44:12","823218","False","2020-11-12T13:30:28.782","2026-05-21T13:10:26.912112+00:00"
"26903","33512166","0","2qyrb","민트밤","안녕하세요 ^^^^","CHATTING","2020-11-12T13:44:14","825218","False","2020-11-12T13:30:28.782","2026-05-21T13:10:26.912112+00:00"
"26903","33512167","0","19Pbn","고래","디자인 이쁘네요","CHATTING","2020-11-12T13:44:19","830218","False","2020-11-12T13:30:28.782","2026-05-21T13:10:26.912112+00:00"
"26903","33512168","0","5OwSk","행복한오리","호스트님 멋지세요^-^","CHATTING","2020-11-12T13:44:21","832218","False","2020-11-12T13:30:28.782","2026-05-21T13:10:26.912112+00:00"
"26903","33512171","0","5RRxH","김해미","저희 아기 곧 돌인데.. 돌 선물로 줘야겠어요ㅎ","CHATTING","2020-11-12T13:44:49","860218","False","2020-11-12T13:30:28.782","2026-05-21T13:10:26.912112+00:00"
"26903","33512172","0","NOOM","요미맘v","악 ㅋㅋㅋ 맞아요! ㅎㅋㅋㅋㅋㅋ","CHATTING","2020-11-12T13:44:49","860218","False","2020-11-12T13:30:28.782","2026-05-21T13:10:26.912112+00:00"
"26903","33512174","0","6oyJ9","hj","맞아요ㅋㅋㅋ레위기 어려워요ㅠㅠ","CHATTING","2020-11-12T13:44:52","863218","False","2020-11-12T13:30:28.782","2026-05-21T13:10:26.912112+00:00"
"26903","33512175","0","99qd2","김태식","과장님 진행 짱","CHATTING","2020-11-12T13:44:53","864218","False","2020-11-12T13:30:28.782","2026-05-21T13:10:26.912112+00:00"
"26903","33512177","0","2SFjz","럭키","지금 통독하고 있어요","CHATTING","2020-11-12T13:44:55","866218","False","2020-11-12T13:30:28.782","2026-05-21T13:10:26.912112+00:00"
"26903","33512179","0","99qd2","김태식","머리 스타일도~~ ㅋㅋ","CHATTING","2020-11-12T13:45:02","873218","False","2020-11-12T13:30:28.782","2026-05-21T13:10:26.912112+00:00"
"26903","33512180","0","5OwSk","행복한오리","성경 읽고 싶어지네요","CHATTING","2020-11-12T13:45:03","874218","False","2020-11-12T13:30:28.782","2026-05-21T13:10:26.912112+00:00"
"26903","33512182","0","4mhPh","기쁨퐁퐁","저도 통독할때 레위기가 어려웠었어요^^","CHATTING","2020-11-12T13:45:10","881218","False","2020-11-12T13:30:28.782","2026-05-21T13:10:26.912112+00:00"
"26903","33512184","0","2qyrb","민트밤","스토리텔링 성경 완간 기대되네요","CHATTING","2020-11-12T13:45:19","890218","False","2020-11-12T13:30:28.782","2026-05-21T13:10:26.912112+00:00"
"26903","33512185","0","4mhPh","기쁨퐁퐁","그래도 스토리텔링성경이 있어 참 좋아요^^","CHATTING","2020-11-12T13:45:24","895218","False","2020-11-12T13:30:28.782","2026-05-21T13:10:26.912112+00:00"
"26903","33512189","0","4RDzU","두부","진짜 레위기는 너무 넘사벽이였어요~","CHATTING","2020-11-12T13:45:35","906218","False","2020-11-12T13:30:28.782","2026-05-21T13:10:26.912112+00:00"
"26903","33512190","0","1io7O","법력","잘볼게요","CHATTING","2020-11-12T13:45:38","909218","False","2020-11-12T13:30:28.782","2026-05-21T13:10:26.912112+00:00"
"26903","33512191","0","dpyR","까만살","아이들이 통독하며 어려워했었는데 너무 도움이 될것 같아요","CHATTING","2020-11-12T13:45:41","912218","False","2020-11-12T13:30:28.782","2026-05-21T13:10:26.912112+00:00"
"26903","33512193","0","2SFjz","럭키","통독하는데 어렵긴 해요","CHATTING","2020-11-12T13:45:52","923218","False","2020-11-12T13:30:28.782","2026-05-21T13:10:26.912112+00:00"
"26903","33512195","0","2x6je","정구기로","전권 구입하겠습니다.. 과장님 파이팅^^!","CHATTING","2020-11-12T13:45:55","926218","False","2020-11-12T13:30:28.782","2026-05-21T13:10:26.912112+00:00"
"26903","33512196","0","2qyrb","민트밤","레위기 읽기가 버거웠어요","CHATTING","2020-11-12T13:45:58","929218","False","2020-11-12T13:30:28.782","2026-05-21T13:10:26.912112+00:00"
"26903","33512197","0","5OwSk","행복한오리","빨간 나비넥타이 잘 어울리세요♥♥ 드레스코드 레드 좋아요♥","CHATTING","2020-11-12T13:46:02","933218","False","2020-11-12T13:30:28.782","2026-05-21T13:10:26.912112+00:00"
"26903","33512198","0","aD1ro","HS","홍과장님 화이팅!!!!","CHATTING","2020-11-12T13:46:04","935218","False","2020-11-12T13:30:28.782","2026-05-21T13:10:26.912112+00:00"
"26903","33512199","0","1RvJx","류코스","통독할때 출애굽기가 어려웠어요.","CHATTING","2020-11-12T13:46:14","945218","False","2020-11-12T13:30:28.782","2026-05-21T13:10:26.912112+00:00"
"26903","33512200","0","1RvJx","류코스","성막 제사 관련 부분이 어렵더라구요","CHATTING","2020-11-12T13:46:20","951218","False","2020-11-12T13:30:28.782","2026-05-21T13:10:26.912112+00:00"
"26903","33512204","0","2qyrb","민트밤","스토리텔링 성경으로 레위기 읽으면 재미있을거 같아요","CHATTING","2020-11-12T13:46:42","973218","False","2020-11-12T13:30:28.782","2026-05-21T13:10:26.912112+00:00"
"26903","33512208","0","FfF2","제3의 인물","구약세트 구매 완료 했습니다","CHATTING","2020-11-12T13:47:45","1036218","False","2020-11-12T13:30:28.782","2026-05-21T13:10:26.912112+00:00"
"26903","33512210","0","FfF2","제3의 인물","덕분에 구약 한번 통독하겠습니다","CHATTING","2020-11-12T13:48:05","1056218","False","2020-11-12T13:30:28.782","2026-05-21T13:10:26.912112+00:00"
"26903","33512213","0","FfF2","제3의 인물","좋은 책 만들어 주셔서 감사해요","CHATTING","2020-11-12T13:48:19","1070218","False","2020-11-12T13:30:28.782","2026-05-21T13:10:26.912112+00:00"
"26903","33512215","0","1RvJx","류코스","실감나요~^^","CHATTING","2020-11-12T13:48:23","1074218","False","2020-11-12T13:30:28.782","2026-05-21T13:10:26.912112+00:00"
"26903","33512216","0","2x6je","정구기로","ㅋㅋ","CHATTING","2020-11-12T13:48:23","1074218","False","2020-11-12T13:30:28.782","2026-05-21T13:10:26.912112+00:00"
"26903","33512219","0","4RDzU","두부","순종과 불순종에 대해서도 다시 알게되네요~ 성경과 함께 읽기에 진짜 좋은것 같아요~ 역사서 셋트도 지금 읽고있는데 진짜 좋더라구요^^ 학생들이 읽기에도 어력지않아요^^","CHATTING","2020-11-12T13:48:49","1100218","False","2020-11-12T13:30:28.782","2026-05-21T13:10:26.912112+00:00"
"26903","33512220","0","FfF2","제3의 인물","1등 구매는 선물 없나요? ㅎㅎㅎ","CHATTING","2020-11-12T13:48:49","1100218","False","2020-11-12T13:30:28.782","2026-05-21T13:10:26.912112+00:00"
"26903","33512221","0","2t2fc","jgtg****","좋아요..","CHATTING","2020-11-12T13:48:54","1105218","False","2020-11-12T13:30:28.782","2026-05-21T13:10:26.912112+00:00"
"26903","33512226","0","FfF2","제3의 인물","아이와 함께 잘 통독하겠습니다","CHATTING","2020-11-12T13:49:28","1139218","False","2020-11-12T13:30:28.782","2026-05-21T13:10:26.912112+00:00"
"26903","33512235","0","64TyV","kiei****","너무 기대되는 세트네요 ❤️❤️❤️","CHATTING","2020-11-12T13:50:12","1183218","False","2020-11-12T13:30:28.782","2026-05-21T13:10:26.912112+00:00"
"26903","33512237","0","4RDzU","두부","고학년초등부 주일학교 선생님들에게도 새신자에거도 너무 좋을것같아요 진짜~","CHATTING","2020-11-12T13:50:21","1192218","False","2020-11-12T13:30:28.782","2026-05-21T13:10:26.912112+00:00"
"26903","33512238","0","5RRxH","슈앤슈나","구매했습니다. 아이들 읽어주면 좋겠어요..","CHATTING","2020-11-12T13:50:34","1205218","False","2020-11-12T13:30:28.782","2026-05-21T13:10:26.912112+00:00"
"26903","33512240","0","2SFjz","럭키","새신자분들께 좋겠어요","CHATTING","2020-11-12T13:50:42","1213218","False","2020-11-12T13:30:28.782","2026-05-21T13:10:26.912112+00:00"
"26903","33512244","0","4RDzU","두부","ㅠㅠ맞아요~","CHATTING","2020-11-12T13:51:22","1253218","False","2020-11-12T13:30:28.782","2026-05-21T13:10:26.912112+00:00"
"26903","33512245","0","4RDzU","두부","공감공감....","CHATTING","2020-11-12T13:51:27","1258218","False","2020-11-12T13:30:28.782","2026-05-21T13:10:26.912112+00:00"
"26903","33512246","0","4RDzU","두부","ㅜㅜ","CHATTING","2020-11-12T13:51:28","1259218","False","2020-11-12T13:30:28.782","2026-05-21T13:10:26.912112+00:00"
"26903","33512248","0","2OcGN","dogg****","ㅇㅇ","CHATTING","2020-11-12T13:51:38","1269218","False","2020-11-12T13:30:28.782","2026-05-21T13:10:26.912112+00:00"
"26903","33512251","0","4RDzU","두부","진짜 이해하는 강도가 달라져요~","CHATTING","2020-11-12T13:51:54","1285218","False","2020-11-12T13:30:28.782","2026-05-21T13:10:26.912112+00:00"
"26903","33512255","0","8zURk","티끌모아파산","안녕하세요","CHATTING","2020-11-12T13:52:51","1342218","False","2020-11-12T13:30:28.782","2026-05-21T13:10:26.912112+00:00"
"26903","33512257","0","1RvJx","류코스","스토리텔링성경은 정말 선물하기 좋은 성경이에요 ^.^스토리텔링 한번이 10독한 효과가 나는거 같아요.선물하니까 좋아하시더라구요~신약 언제 또 나오냐고 물어보시더라구요 오늘","CHATTING","2020-11-12T13:53:03","1354218","False","2020-11-12T13:30:28.782","2026-05-21T13:10:26.912112+00:00"
"26903","33512258","0","NOOM","요미맘v","내용 한 번 읽어봐주시면 더 좋을 것 같애용^^","CHATTING","2020-11-12T13:53:07","1358218","False","2020-11-12T13:30:28.782","2026-05-21T13:10:26.912112+00:00"
"26903","33512259","0","1l8Sl","륭","아이들이 읽기에는 쉬운 내용인가요?","CHATTING","2020-11-12T13:53:08","1359218","False","2020-11-12T13:30:28.782","2026-05-21T13:10:26.912112+00:00"
"26903","33512260","0","64TyV","kiei****","하나님과의 씨름!","CHATTING","2020-11-12T13:53:16","1367218","False","2020-11-12T13:30:28.782","2026-05-21T13:10:26.912112+00:00"
"26903","33512261","0","1RvJx","류코스","아이들 읽기에도 쉬워요 ~^^","CHATTING","2020-11-12T13:53:33","1384218","False","2020-11-12T13:30:28.782","2026-05-21T13:10:26.912112+00:00"
"26903","33512267","0","1MmdK","pp","와우","CHATTING","2020-11-12T13:54:19","1430218","False","2020-11-12T13:30:28.782","2026-05-21T13:10:26.912112+00:00"
"26903","33512293","0","3lADj","황은","교회친구에서 보고왔어요 ㅋㅋㅋ 광고 너무 재밌었네요","CHATTING","2020-11-12T13:57:31","1622218","False","2020-11-12T13:30:28.782","2026-05-21T13:10:26.912112+00:00"
"26903","33512294","0","1Wh3t","prin****","안녕하세요","CHATTING","2020-11-12T13:57:45","1636218","False","2020-11-12T13:30:28.782","2026-05-21T13:10:26.912112+00:00"
"26903","33512298","0","1Wh3t","prin****","네","CHATTING","2020-11-12T13:58:20","1671218","False","2020-11-12T13:30:28.782","2026-05-21T13:10:26.912112+00:00"
"26903","33512303","0","wDlu","G9","조아요","CHATTING","2020-11-12T13:59:02","1713218","False","2020-11-12T13:30:28.782","2026-05-21T13:10:26.912112+00:00"
"26903","33512306","0","2x6je","정구기로","지금 전권 구매했습니다. 감사합니다..","CHATTING","2020-11-12T13:59:28","1739218","False","2020-11-12T13:30:28.782","2026-05-21T13:10:26.912112+00:00"
"26903","33512320","0","3IkWQ","녹차맛아이스크림","안녕하세요","CHATTING","2020-11-12T14:01:18","1849218","False","2020-11-12T13:30:28.782","2026-05-21T13:10:26.912112+00:00"
"26903","33512335","0","2lVEK","yoon****","표지가 고급져요","CHATTING","2020-11-12T14:02:17","1908218","False","2020-11-12T13:30:28.782","2026-05-21T13:10:26.912112+00:00"
"26903","33512340","0","2x6je","정구기로","저도 특별한 주일에는 빨간 넥타이를 합니다.. ㅎ ^^","CHATTING","2020-11-12T14:02:33","1924218","False","2020-11-12T13:30:28.782","2026-05-21T13:10:26.912112+00:00"
"26903","33512342","0","2x6je","정구기로","두 분 다 잘 어울리셔요.. ㅎㅎ","CHATTING","2020-11-12T14:02:42","1933218","False","2020-11-12T13:30:28.782","2026-05-21T13:10:26.912112+00:00"
"26903","33512363","0","ILob","안개꽃","구성이 좋네용","CHATTING","2020-11-12T14:04:05","2016218","False","2020-11-12T13:30:28.782","2026-05-21T13:10:26.912112+00:00"
"26903","33512373","0","2x6je","정구기로","평소에 성경수리도 잘 해주시는 '성서원'에 늘 감사드려요..!","CHATTING","2020-11-12T14:04:39","2050218","False","2020-11-12T13:30:28.782","2026-05-21T13:10:26.912112+00:00"
"26903","33512378","0","5lWPl","G0","이해하기 쉬울 것 같아요","CHATTING","2020-11-12T14:05:06","2077218","False","2020-11-12T13:30:28.782","2026-05-21T13:10:26.912112+00:00"
"26903","33512382","0","2SFjz","럭키","가정예배로 활용하기도 좋을듯 하네요","CHATTING","2020-11-12T14:05:32","2103218","False","2020-11-12T13:30:28.782","2026-05-21T13:10:26.912112+00:00"
"26903","33512385","0","2GGGe","지누짱","홍과장님 믿고 일단 구매해봅니다","CHATTING","2020-11-12T14:05:35","2106218","False","2020-11-12T13:30:28.782","2026-05-21T13:10:26.912112+00:00"
"26903","33512402","0","5RRxH","슈앤슈나","나중에 신약 더 나오면 세트로 판매하실 계획 있으실까요?","CHATTING","2020-11-12T14:06:50","2181218","False","2020-11-12T13:30:28.782","2026-05-21T13:10:26.912112+00:00"
"26903","33512418","0","2iOd","고야","아이들이 성경 이해하기에도 좋을거같아요","CHATTING","2020-11-12T14:08:37","2288218","False","2020-11-12T13:30:28.782","2026-05-21T13:10:26.912112+00:00"
"26903","33512425","0","2SFjz","럭키","하나님의 인도하심","CHATTING","2020-11-12T14:08:58","2309218","False","2020-11-12T13:30:28.782","2026-05-21T13:10:26.912112+00:00"
"26903","33512427","0","2SFjz","럭키","레아 슬프네요","CHATTING","2020-11-12T14:09:15","2326218","False","2020-11-12T13:30:28.782","2026-05-21T13:10:26.912112+00:00"
"26903","33512429","0","5RRxH","슈앤슈나","그때까지 구약성서 열심히 읽고 신약 또 구매할게요ㅎ","CHATTING","2020-11-12T14:09:25","2336218","False","2020-11-12T13:30:28.782","2026-05-21T13:10:26.912112+00:00"
"26903","33512430","0","agGmZ","평안행복","모세오경,역사서 셋트 구매해서 읽고 은혜받고 있어요 홍보 많이 하고 있습니다","CHATTING","2020-11-12T14:09:26","2337218","False","2020-11-12T13:30:28.782","2026-05-21T13:10:26.912112+00:00"
"26903","33512441","0","1o0oJ","크신은혜","어렵다고생각했던성경을쉽게설명해주는책이나와서너무감사합니다","CHATTING","2020-11-12T14:10:55","2426218","False","2020-11-12T13:30:28.782","2026-05-21T13:10:26.912112+00:00"
"26903","33512470","0","1o0oJ","크신은혜","스토리텔링을통해","CHATTING","2020-11-12T14:11:52","2483218","False","2020-11-12T13:30:28.782","2026-05-21T13:10:26.912112+00:00"
"26903","33512477","0","1UGVh","이안네","성경통독 스토리텔링으로 시작해볼까봐요~~~^^","CHATTING","2020-11-12T14:12:09","2500218","False","2020-11-12T13:30:28.782","2026-05-21T13:10:26.912112+00:00"
"26903","33512480","0","6s6G4","서예지","안녕하세요","CHATTING","2020-11-12T14:12:13","2504218","False","2020-11-12T13:30:28.782","2026-05-21T13:10:26.912112+00:00"
"26903","33512488","0","3SmjK","gap0****","아니ㅋㅋㅋㅋ 페북에서 속은 기분 들어서 웃겨서 눌렀더니 지금 라이브 중이네요 진짜ㅋㅋㅋㅋ 여러모로 너무 코믹하다는ㅋㅋㅋㅋ 방송 두 분은 또 너무 진지하게 하셔서 자꾸 웃음이 나와욬","CHATTING","2020-11-12T14:12:41","2532218","False","2020-11-12T13:30:28.782","2026-05-21T13:10:26.912112+00:00"
"26903","33512490","0","1SA9O","kare****","다음번 통독은 스토리텔링으로 해봐야겠습니다~","CHATTING","2020-11-12T14:12:43","2534218","False","2020-11-12T13:30:28.782","2026-05-21T13:10:26.912112+00:00"
"26903","33512501","0","1RvJx","류코스","100독과1년에 10독 대단하시네용 ^^","CHATTING","2020-11-12T14:13:34","2585218","False","2020-11-12T13:30:28.782","2026-05-21T13:10:26.912112+00:00"
"26903","33512523","0","6gvxu","라미라미","우리 아이들을 위해 고민좀 해봐야겠어요","CHATTING","2020-11-12T14:14:32","2643218","False","2020-11-12T13:30:28.782","2026-05-21T13:10:26.912112+00:00"
"26903","33512534","0","2SFjz","럭키","시골에 계시는 엄마에게 선물해드리고 싶어지네요","CHATTING","2020-11-12T14:15:07","2678218","False","2020-11-12T13:30:28.782","2026-05-21T13:10:26.912112+00:00"
"26903","33512542","0","1SA9O","kare****","모세5경까지는 읽었는데.... 계속 도전!!!~","CHATTING","2020-11-12T14:15:29","2700218","False","2020-11-12T13:30:28.782","2026-05-21T13:10:26.912112+00:00"
"26903","33512551","0","1SA9O","kare****","새로운 맘으로다 첨부터~","CHATTING","2020-11-12T14:15:56","2727218","False","2020-11-12T13:30:28.782","2026-05-21T13:10:26.912112+00:00"
"26903","33512563","0","1SA9O","kare****","책장에 스토리텔링 전권이 꽂히는 꿈을 꿔보네요~","CHATTING","2020-11-12T14:16:43","2774218","False","2020-11-12T13:30:28.782","2026-05-21T13:10:26.912112+00:00"
"26903","33512564","0","2qyrb","민트밤","스토리텔링 성경을 읽으면 영화를 보는것처럼 흥미진진해요 ^^ 좋은 책 만들어주셔서 감사합니다","CHATTING","2020-11-12T14:16:44","2775218","False","2020-11-12T13:30:28.782","2026-05-21T13:10:26.912112+00:00"
"26903","33512565","0","2s6G2","그림이아빠","사무엘상3장읽어주세요","CHATTING","2020-11-12T14:16:47","2778218","False","2020-11-12T13:30:28.782","2026-05-21T13:10:26.912112+00:00"
"26903","33512570","0","2s6G2","그림이아빠","하나님이 사무엘을 부르시는장면이요ㅎㅎ","CHATTING","2020-11-12T14:16:58","2789218","False","2020-11-12T13:30:28.782","2026-05-21T13:10:26.912112+00:00"
"26903","33512571","0","1RvJx","류코스","사무엘상 통독중인데 어렵더라구요","CHATTING","2020-11-12T14:17:01","2792218","False","2020-11-12T13:30:28.782","2026-05-21T13:10:26.912112+00:00"
"26903","33512599","0","rX1X","always","good~~~","CHATTING","2020-11-12T14:18:24","2875218","False","2020-11-12T13:30:28.782","2026-05-21T13:10:26.912112+00:00"
"26903","33512605","0","2GGGe","지누짱","마태복음, 창세기 먼저 구매했습니다","CHATTING","2020-11-12T14:18:43","2894218","False","2020-11-12T13:30:28.782","2026-05-21T13:10:26.912112+00:00"
"26903","33512606","0","HVQc","세딸맘","기대됩니다 ^^","CHATTING","2020-11-12T14:18:50","2901218","False","2020-11-12T13:30:28.782","2026-05-21T13:10:26.912112+00:00"
"26903","33512612","0","2GGGe","지누짱","신구약 처음 먼저 읽어보고 계속 도전해보겠습ㄴ디ㅏ","CHATTING","2020-11-12T14:19:05","2916218","False","2020-11-12T13:30:28.782","2026-05-21T13:10:26.912112+00:00"
"26903","33512642","0","HVQc","세딸맘","아이들하고 같이 볼수 있을꺼 같아서 좋네요~","CHATTING","2020-11-12T14:20:44","3015218","False","2020-11-12T13:30:28.782","2026-05-21T13:10:26.912112+00:00"
"26903","33512649","0","1bl7h","두부두부","중학교 아이에게도 꾸준히 성경을 읽을 수 있겠어요","CHATTING","2020-11-12T14:21:04","3035218","False","2020-11-12T13:30:28.782","2026-05-21T13:10:26.912112+00:00"
"26903","33512659","0","4RDzU","두부","저는 스토리텔링에서","CHATTING","2020-11-12T14:21:49","3080218","False","2020-11-12T13:30:28.782","2026-05-21T13:10:26.912112+00:00"
"26903","33512676","0","4RDzU","두부","저렇게 지도나, 그림등이 옆에 첨부되어 있는긧이 진짜 이해력도좋고 생각하기에도 너무 좋더라구요~","CHATTING","2020-11-12T14:22:21","3112218","False","2020-11-12T13:30:28.782","2026-05-21T13:10:26.913116+00:00"
"26903","33512692","0","2SFjz","럭키","마태복음에 비유에 대한것도 좀 보여주세요","CHATTING","2020-11-12T14:23:50","3201218","False","2020-11-12T13:30:28.782","2026-05-21T13:10:26.913116+00:00"
"26903","33512697","0","2RCva","착한천사","하이","CHATTING","2020-11-12T14:24:01","3212218","False","2020-11-12T13:30:28.782","2026-05-21T13:10:26.913116+00:00"
"26903","33512714","0","1bl7h","두부두부","안녕하세요~ ^^","CHATTING","2020-11-12T14:25:25","3296218","False","2020-11-12T13:30:28.782","2026-05-21T13:10:26.913116+00:00"
"26903","33512722","0","4RDzU","두부","스토리텔링을 성경읽듯이 읽을때가 있어요~ㅎㅎ","CHATTING","2020-11-12T14:25:53","3324218","False","2020-11-12T13:30:28.782","2026-05-21T13:10:26.913116+00:00"
"26903","33512730","0","4RDzU","두부","뱃속에 애기가 같이 듣고 있어요ㅎㅎ태동이 둥실둥실~^^ 참 좋더라구요ㅎㅎ얘기해주는것 같아요~","CHATTING","2020-11-12T14:26:25","3356218","False","2020-11-12T13:30:28.782","2026-05-21T13:10:26.913116+00:00"
"26903","33512731","0","2SFjz","럭키","밭에 대한 비유","CHATTING","2020-11-12T14:26:27","3358218","False","2020-11-12T13:30:28.782","2026-05-21T13:10:26.913116+00:00"
"26903","33512738","0","1bl7h","두부두부","마태복음 13장일까요?","CHATTING","2020-11-12T14:27:07","3398218","False","2020-11-12T13:30:28.782","2026-05-21T13:10:26.913116+00:00"
"26903","33512740","0","1S4UQ","천리향","비유는 마태복음 13장에 나와요","CHATTING","2020-11-12T14:27:16","3407218","False","2020-11-12T13:30:28.782","2026-05-21T13:10:26.913116+00:00"
"26903","33512743","0","1S4UQ","천리향","씨 뿌리는 자의 비유","CHATTING","2020-11-12T14:27:29","3420218","False","2020-11-12T13:30:28.782","2026-05-21T13:10:26.913116+00:00"
"26903","33512746","0","1bl7h","두부두부","마태복음 13장 36절이ㅇ후요","CHATTING","2020-11-12T14:27:31","3422218","False","2020-11-12T13:30:28.782","2026-05-21T13:10:26.913116+00:00"
"26903","33512758","0","2SFjz","럭키","씨뿌리는 맞아요","CHATTING","2020-11-12T14:27:57","3448218","False","2020-11-12T13:30:28.782","2026-05-21T13:10:26.913116+00:00"
"26903","33512766","0","1S4UQ","천리향","36절은 가라지 비유","CHATTING","2020-11-12T14:28:31","3482218","False","2020-11-12T13:30:28.782","2026-05-21T13:10:26.913116+00:00"
"26903","33512776","0","1bl7h","두부두부","36절 아니시고 씨뿌리는 자의 비유 읽어 달라고 하시네요~","CHATTING","2020-11-12T14:28:50","3501218","False","2020-11-12T13:30:28.782","2026-05-21T13:10:26.913116+00:00"
"26903","33512778","0","1S4UQ","천리향","13장 1-9절은 씨 뿌리는 자의 비유","CHATTING","2020-11-12T14:28:54","3505218","False","2020-11-12T13:30:28.782","2026-05-21T13:10:26.913116+00:00"
"26903","33512786","0","1bl7h","두부두부","1-9절 읽어 달라고 하셔요~ 천리향님께~~ 선물 주시면 될것 같아요","CHATTING","2020-11-12T14:29:14","3525218","False","2020-11-12T13:30:28.782","2026-05-21T13:10:26.913116+00:00"
"26903","33512804","0","1S4UQ","천리향","목소리 잘 들리고 좋아요","CHATTING","2020-11-12T14:30:36","3607218","False","2020-11-12T13:30:28.782","2026-05-21T13:10:26.913116+00:00"
"26903","33512823","0","2JISC","폼쌩폼싸","구매하려고 알람 맞춰놓고 기다렸습니다~^^","CHATTING","2020-11-12T14:31:37","3668218","False","2020-11-12T13:30:28.782","2026-05-21T13:10:26.913116+00:00"
"26903","33512833","0","1bl7h","두부두부","읽어주시니 너무 좋네요~","CHATTING","2020-11-12T14:32:03","3694218","False","2020-11-12T13:30:28.782","2026-05-21T13:10:26.913116+00:00"
"26903","33512836","0","1S4UQ","천리향","실장님, 목소리 또박또박 듣기 좋아욤^^","CHATTING","2020-11-12T14:32:10","3701218","False","2020-11-12T13:30:28.782","2026-05-21T13:10:26.913116+00:00"
"26903","33512866","0","1RvJx","류코스","요한계시록도 나오는 거 맞죠?","CHATTING","2020-11-12T14:33:33","3784218","False","2020-11-12T13:30:28.782","2026-05-21T13:10:26.913116+00:00"
"26903","33512892","0","1S4UQ","천리향","정말 요한게시록이 기대 되네염^","CHATTING","2020-11-12T14:34:43","3854218","False","2020-11-12T13:30:28.782","2026-05-21T13:10:26.913116+00:00"
"26903","33512924","0","1RvJx","류코스","신약에서는 요한계시록이 어렵게 느껴지는데 9월에 나온다니 정말 어떻게 풀어낼지 너무 기대되요 ♥","CHATTING","2020-11-12T14:35:10","3881218","False","2020-11-12T13:30:28.782","2026-05-21T13:10:26.913116+00:00"
"26903","33512974","0","bzXMA","강경우","안녕하세요","CHATTING","2020-11-12T14:35:59","3930218","False","2020-11-12T13:30:28.782","2026-05-21T13:10:26.913116+00:00"
"26903","33513014","0","2wnQP","눈솔잎","ㅎㅎ","CHATTING","2020-11-12T14:37:43","4034218","False","2020-11-12T13:30:28.782","2026-05-21T13:10:26.913116+00:00"
"26903","33513045","0","1bl7h","두부두부","열왕기상 10장1장~~읽어주세요~","CHATTING","2020-11-12T14:38:43","4094218","False","2020-11-12T13:30:28.782","2026-05-21T13:10:26.913116+00:00"
"26903","33513062","0","1UGVh","이안네","역대하 26장 나병에 걸린 웃시야도 읽어주세요^^","CHATTING","2020-11-12T14:39:24","4135218","False","2020-11-12T13:30:28.782","2026-05-21T13:10:26.913116+00:00"
"26903","33513077","0","1bl7h","두부두부","10장 1절~부터요~ 그래도 솔로몬~~ 이야기니까","CHATTING","2020-11-12T14:39:56","4167218","False","2020-11-12T13:30:28.782","2026-05-21T13:10:26.913116+00:00"
"26903","33513081","0","5RRxH","슈앤슈나","출애굽기 36장 성막건축에 관한 부분 읽어주세요~~","CHATTING","2020-11-12T14:40:12","4183218","False","2020-11-12T13:30:28.782","2026-05-21T13:10:26.913116+00:00"
"26903","33513101","0","1S4UQ","천리향","에스더 7장 7-10절 하만이 처형당하는 통쾌한 장면 읽어주세욤^^","CHATTING","2020-11-12T14:42:01","4292218","False","2020-11-12T13:30:28.782","2026-05-21T13:10:26.913116+00:00"
"26903","33513106","0","1S4UQ","천리향","그 부분이 정말 재밋어요~~~","CHATTING","2020-11-12T14:42:21","4312218","False","2020-11-12T13:30:28.782","2026-05-21T13:10:26.913116+00:00"
"26903","33513154","0","2qyrb","민트밤","스토리텔링 성경 전권 읽어보고 싶어요 ^_^","CHATTING","2020-11-12T14:46:07","4538218","False","2020-11-12T13:30:28.782","2026-05-21T13:10:26.913116+00:00"
"26903","33513171","0","2qyrb","민트밤","스토리텔링 열왕기상하를 처음 읽어보고 재미있어서 다른 권도 읽어보려고요 :)","CHATTING","2020-11-12T14:48:02","4653218","False","2020-11-12T13:30:28.782","2026-05-21T13:10:26.913116+00:00"
"26903","33513184","0","1S4UQ","천리향","두 분 케미가 정말 좋네요~~ 시간이 순싹!","CHATTING","2020-11-12T14:49:22","4733218","False","2020-11-12T13:30:28.782","2026-05-21T13:10:26.913116+00:00"
"26903","33513185","0","1RvJx","류코스","10분 밖에 안남았다니 아쉬워요.ㅠㅠ","CHATTING","2020-11-12T14:49:24","4735218","False","2020-11-12T13:30:28.782","2026-05-21T13:10:26.913116+00:00"
"26903","33513191","0","2OACU","하윤마망","늦게들어왔네요","CHATTING","2020-11-12T14:49:51","4762218","False","2020-11-12T13:30:28.782","2026-05-21T13:10:26.913116+00:00"
"26903","33513210","0","2IHB3","PONG","설명 너무 좋아요","CHATTING","2020-11-12T14:50:41","4812218","False","2020-11-12T13:30:28.782","2026-05-21T13:10:26.913116+00:00"
"26903","33513216","0","1fj4B","국장님","읽어 보시면 깜짝 놀랄껄요?","CHATTING","2020-11-12T14:50:52","4823218","False","2020-11-12T13:30:28.782","2026-05-21T13:10:26.913116+00:00"
"26903","33513220","0","2OACU","하윤마망","어떻게되어있을지 궁금하네요","CHATTING","2020-11-12T14:51:09","4840218","False","2020-11-12T13:30:28.782","2026-05-21T13:10:26.913116+00:00"
"26903","33513228","0","1fj4B","국장님","교회학교에서 많이 사서 활용하면 참 좋겠어요.","CHATTING","2020-11-12T14:51:34","4865218","False","2020-11-12T13:30:28.782","2026-05-21T13:10:26.913116+00:00"
"26903","33513259","0","1fj4B","국장님","교회학교 선생님들을 만나면 항상 자신의 부족함, 특히 성경 지식의 빈곤을 이야기 하더라고요,","CHATTING","2020-11-12T14:52:36","4927218","False","2020-11-12T13:30:28.782","2026-05-21T13:10:26.913116+00:00"
"26903","33513264","0","5RRxH","슈앤슈나","설명을 들으면 들을수록 더더 기대가 됩니다. 얼른 읽어보고싶어요^^","CHATTING","2020-11-12T14:52:41","4932218","False","2020-11-12T13:30:28.782","2026-05-21T13:10:26.913116+00:00"
"26903","33513276","0","1fj4B","국장님","저도 많이 반갑습니다~~","CHATTING","2020-11-12T14:52:52","4943218","False","2020-11-12T13:30:28.782","2026-05-21T13:10:26.913116+00:00"
"26903","33513295","0","2x6je","정구기로","내용이 어떠할지 기대가 됩니다.","CHATTING","2020-11-12T14:53:03","4954218","False","2020-11-12T13:30:28.782","2026-05-21T13:10:26.913116+00:00"
"26903","33513321","0","1fj4B","국장님","아.. 스토리텔링성경에는 지도가 많이 나와요.","CHATTING","2020-11-12T14:53:25","4976218","False","2020-11-12T13:30:28.782","2026-05-21T13:10:26.913116+00:00"
"26903","33513340","0","2qyrb","민트밤","저도 스토리텔링 성경으로 전도하려구요 :)","CHATTING","2020-11-12T14:53:52","5003218","False","2020-11-12T13:30:28.782","2026-05-21T13:10:26.913116+00:00"
"26903","33513362","0","2x6je","정구기로","두 자녀와 잘 읽겠습니다..!","CHATTING","2020-11-12T14:54:48","5059218","False","2020-11-12T13:30:28.782","2026-05-21T13:10:26.913116+00:00"
"26903","33513382","0","2a0bH","홍공룡","저도 어제 할아버지를 요양원에 모셨는데....","CHATTING","2020-11-12T14:56:00","5131218","False","2020-11-12T13:30:28.782","2026-05-21T13:10:26.913116+00:00"
"26903","33513386","0","2a0bH","홍공룡","읽어드리고싶네요 좋은책 감사합니다!","CHATTING","2020-11-12T14:56:26","5157218","False","2020-11-12T13:30:28.782","2026-05-21T13:10:26.913116+00:00"
"26903","33513397","0","1S4UQ","천리향","책 읽어주는 봉사, 실장님 마음이 참 예쁘네요~~~","CHATTING","2020-11-12T14:56:45","5176218","False","2020-11-12T13:30:28.782","2026-05-21T13:10:26.913116+00:00"
"26903","33513402","0","2JISC","폼쌩폼싸","얼른 보내주세요~~빨리 읽게요~~","CHATTING","2020-11-12T14:57:17","5208218","False","2020-11-12T13:30:28.782","2026-05-21T13:10:26.913116+00:00"
"26903","33513435","0","2x6je","정구기로","전 교회를 섬기고 있는데,,성경수리는 성서원이 가장 친절합니다! 늘 감사드립니다..! 좋은 책 많이 판매되고, 읽히기를 원합니다..","CHATTING","2020-11-12T14:58:37","5288218","False","2020-11-12T13:30:28.782","2026-05-21T13:10:26.913116+00:00"
"26903","33513437","0","1RvJx","류코스","신약 사복음서때두 이 방송 부탁드려용","CHATTING","2020-11-12T14:58:42","5293218","False","2020-11-12T13:30:28.782","2026-05-21T13:10:26.913116+00:00"
"26903","33513444","0","1RvJx","류코스","핸드폰으로 들으면 라이브 끊겨용 ㅠㅠ","CHATTING","2020-11-12T14:59:01","5312218","False","2020-11-12T13:30:28.782","2026-05-21T13:10:26.913116+00:00"
"26903","33513459","0","HVQc","세딸맘","레위기 주문해봤어요 ^^","CHATTING","2020-11-12T15:00:12","5383218","False","2020-11-12T13:30:28.782","2026-05-21T13:10:26.913116+00:00"
"26903","33513463","0","2x6je","정구기로","성경2.0 도 기대됩니다...^^","CHATTING","2020-11-12T15:00:24","5395218","False","2020-11-12T13:30:28.782","2026-05-21T13:10:26.913116+00:00"
"26903","33513465","0","HVQc","세딸맘","다른것도 주문하고 싶어지네용~","CHATTING","2020-11-12T15:00:24","5395218","False","2020-11-12T13:30:28.782","2026-05-21T13:10:26.913116+00:00"
"26903","33513477","0","4RDzU","두부","성경2.0도 궁금해요~ㅎㅎ","CHATTING","2020-11-12T15:00:44","5415218","False","2020-11-12T13:30:28.782","2026-05-21T13:10:26.913116+00:00"
"26903","33513482","0","2x6je","정구기로","오늘 수고해주신 두 분께 감사드립니다..","CHATTING","2020-11-12T15:00:54","5425218","False","2020-11-12T13:30:28.782","2026-05-21T13:10:26.913116+00:00"
"26903","33513490","0","HVQc","세딸맘","^^ 좋네요~","CHATTING","2020-11-12T15:01:12","5443218","False","2020-11-12T13:30:28.782","2026-05-21T13:10:26.913116+00:00"
"26903","33513491","0","4RDzU","두부","성서지기님 오늘 뵙게되어 반가웠어요ㅎㅎ너무 이쁘셔요~~♡","CHATTING","2020-11-12T15:01:16","5447218","False","2020-11-12T13:30:28.782","2026-05-21T13:10:26.913116+00:00"
"26903","33513500","0","4RDzU","두부","ㅎㅎㅎ깜짝놀랐어요~~♡","CHATTING","2020-11-12T15:01:26","5457218","False","2020-11-12T13:30:28.782","2026-05-21T13:10:26.913116+00:00"
"26903","33513506","0","9IFy1","강장식","성경2.0 기대하며 화요일 방송 기대되고요 수고 많으셨어요ㆍ ^^","CHATTING","2020-11-12T15:01:34","5465218","False","2020-11-12T13:30:28.782","2026-05-21T13:10:26.913116+00:00"
"26903","33513507","0","4RDzU","두부","수고하셨습니다아아❤","CHATTING","2020-11-12T15:01:35","5466218","False","2020-11-12T13:30:28.782","2026-05-21T13:10:26.913116+00:00"
"26903","33513515","0","2x6je","정구기로","#스토리텔링 #실장성경 #홍과장 #스토리텔링성경 #갓피플","CHATTING","2020-11-12T15:01:49","5480218","False","2020-11-12T13:30:28.782","2026-05-21T13:10:26.913116+00:00"
"26903","33513524","0","2x6je","정구기로","굿굿~!^^","CHATTING","2020-11-12T15:02:07","5498218","False","2020-11-12T13:30:28.782","2026-05-21T13:10:26.913116+00:00"
"26903","33513544","0","1MmdK","pp","좋아요","CHATTING","2020-11-12T15:03:49","5600218","False","2020-11-12T13:30:28.782","2026-05-21T13:10:26.913116+00:00"
"26903","33513548","0","HVQc","세딸맘","네~~♡♡♡","CHATTING","2020-11-12T15:04:26","5637218","False","2020-11-12T13:30:28.782","2026-05-21T13:10:26.913116+00:00"
"26903","33513549","0","9Mx5t","JOY","안넝","CHATTING","2020-11-12T15:04:37","5648218","False","2020-11-12T13:30:28.782","2026-05-21T13:10:26.913116+00:00"
"14586","21945172","0","1krJC","cris****","반갑습니다~~!!","CHATTING","2020-09-18T16:01:05","44399","False","2020-09-18T16:00:20.601","2026-05-21T13:10:27.580487+00:00"
"14586","21945224","0","2F0yn","와이컨텐츠 김익현","반갑습니다","CHATTING","2020-09-18T16:01:27","66399","False","2020-09-18T16:00:20.601","2026-05-21T13:10:27.580487+00:00"
"14586","21945235","0","VQow","동네오빠엔터테인먼트","안나영 작가님 작품만 보다가 얼굴도 뵈니 넘 신기해요","CHATTING","2020-09-18T16:01:36","75399","False","2020-09-18T16:00:20.601","2026-05-21T13:10:27.580487+00:00"
"14586","21945287","0","2kZCm","아델라이다","안녕하세요!!! 반갑습니다","CHATTING","2020-09-18T16:02:26","125399","False","2020-09-18T16:00:20.601","2026-05-21T13:10:27.580487+00:00"
"14586","21945293","0","1wWJo","썬","오~ 신기하네요","CHATTING","2020-09-18T16:02:32","131399","False","2020-09-18T16:00:20.601","2026-05-21T13:10:27.580487+00:00"
"14586","21945296","0","1wWJo","썬","안녕하세요","CHATTING","2020-09-18T16:02:36","135399","False","2020-09-18T16:00:20.601","2026-05-21T13:10:27.580487+00:00"
"14586","21945297","0","1XAre","모찌","반가워요 *^^*","CHATTING","2020-09-18T16:02:39","138399","False","2020-09-18T16:00:20.601","2026-05-21T13:10:27.580487+00:00"
"14586","21945320","0","1XAre","모찌","와우 ~ wow","CHATTING","2020-09-18T16:03:00","159399","False","2020-09-18T16:00:20.601","2026-05-21T13:10:27.580487+00:00"
"14586","21945335","0","1XAre","모찌","이뻐요 이뻐요 !!!!!!!!!!!","CHATTING","2020-09-18T16:03:24","183399","False","2020-09-18T16:00:20.601","2026-05-21T13:10:27.580487+00:00"
"14586","21945386","0","1XAre","모찌","작품좀 크게 보여주셔요","CHATTING","2020-09-18T16:04:41","260399","False","2020-09-18T16:00:20.601","2026-05-21T13:10:27.580487+00:00"
"14586","21945388","0","1wWJo","썬","작가님은 작품의 영감을 어디서 어떻게 받으시나요","CHATTING","2020-09-18T16:04:42","261399","False","2020-09-18T16:00:20.601","2026-05-21T13:10:27.580487+00:00"
"14586","21945390","0","1wWJo","썬","우와","CHATTING","2020-09-18T16:04:45","264399","False","2020-09-18T16:00:20.601","2026-05-21T13:10:27.580487+00:00"
"14586","21945408","0","l17i","egod****","안녕하세요~","CHATTING","2020-09-18T16:05:01","280399","False","2020-09-18T16:00:20.601","2026-05-21T13:10:27.580487+00:00"
"14586","21945411","0","1XAre","모찌","페인팅 느낌이 궁금해요 ~ 컬러 예뻐요 !","CHATTING","2020-09-18T16:05:05","284399","False","2020-09-18T16:00:20.601","2026-05-21T13:10:27.580487+00:00"
"14586","21945412","0","24sk1","꽃남","큐레이터 넘이뻐욥","CHATTING","2020-09-18T16:05:08","287399","False","2020-09-18T16:00:20.601","2026-05-21T13:10:27.580487+00:00"
"14586","21945413","0","2SVty","lcb2****","안녕하세요. 그림 방송은 처음 보는데 그림 너무 예뻐요","CHATTING","2020-09-18T16:05:10","289399","False","2020-09-18T16:00:20.601","2026-05-21T13:10:27.580487+00:00"
"14586","21945420","0","1krJC","cris****","저 세작품만 할인을 하는건가요?","CHATTING","2020-09-18T16:05:16","295399","False","2020-09-18T16:00:20.601","2026-05-21T13:10:27.580487+00:00"
"14586","21945422","0","2QRQR","바름맘","그림 이쁘네요","CHATTING","2020-09-18T16:05:17","296399","False","2020-09-18T16:00:20.601","2026-05-21T13:10:27.580487+00:00"
"14586","21945433","0","2kZCm","아델라이다","마지막 그림도 너무 이뻐요","CHATTING","2020-09-18T16:05:40","319399","False","2020-09-18T16:00:20.601","2026-05-21T13:10:27.580487+00:00"
"14586","21945436","0","1XAre","모찌","goooood!","CHATTING","2020-09-18T16:05:46","325399","False","2020-09-18T16:00:20.601","2026-05-21T13:10:27.580487+00:00"
"14586","21945445","0","2QRQR","바름맘","최고~~~~!!!","CHATTING","2020-09-18T16:06:04","343399","False","2020-09-18T16:00:20.601","2026-05-21T13:10:27.580487+00:00"
"14586","21945453","0","24sk1","꽃남","그림이 넘 이쁘네요.","CHATTING","2020-09-18T16:06:16","355399","False","2020-09-18T16:00:20.601","2026-05-21T13:10:27.580487+00:00"
"14586","21945457","0","26UL9","곰조아","그림 정말 너무 예쁘네요!","CHATTING","2020-09-18T16:06:27","366399","False","2020-09-18T16:00:20.601","2026-05-21T13:10:27.580487+00:00"
"14586","21945462","0","1XAre","모찌","어른이인데 갖고싶네요 ㅎㅎ","CHATTING","2020-09-18T16:06:32","371399","False","2020-09-18T16:00:20.601","2026-05-21T13:10:27.580487+00:00"
"14586","21945529","0","24sk1","꽃남","넘 이뻐요..... ㅎㅎ","CHATTING","2020-09-18T16:09:16","535399","False","2020-09-18T16:00:20.601","2026-05-21T13:10:27.580487+00:00"
"14586","21945534","0","2SVty","lcb2****","색감 예쁘네요. 너무 고급스러워요~~~","CHATTING","2020-09-18T16:09:29","548399","False","2020-09-18T16:00:20.601","2026-05-21T13:10:27.580487+00:00"
"14586","21945538","0","30Tgw","알토란","와아~","CHATTING","2020-09-18T16:09:47","566399","False","2020-09-18T16:00:20.601","2026-05-21T13:10:27.580487+00:00"
"14586","21945568","0","1wWJo","썬","❤","CHATTING","2020-09-18T16:11:07","646399","False","2020-09-18T16:00:20.601","2026-05-21T13:10:27.580487+00:00"
"14586","21945576","0","2kZCm","아델라이다","딸방에 걸어두면 넘 이쁠것 같아요","CHATTING","2020-09-18T16:11:23","662399","False","2020-09-18T16:00:20.601","2026-05-21T13:10:27.580487+00:00"
"14586","21945577","0","2QRQR","바름맘","저도 이 그림 좋아해요~~","CHATTING","2020-09-18T16:11:23","662399","False","2020-09-18T16:00:20.601","2026-05-21T13:10:27.580487+00:00"
"14586","21945581","0","24sk1","꽃남","와.~~~~갖고싶네요","CHATTING","2020-09-18T16:11:24","663399","False","2020-09-18T16:00:20.601","2026-05-21T13:10:27.580487+00:00"
"14586","21945584","0","2QRQR","바름맘","♡♡♡","CHATTING","2020-09-18T16:11:33","672399","False","2020-09-18T16:00:20.601","2026-05-21T13:10:27.580487+00:00"
"14586","21945597","0","l17i","egod****","아이들도 어른들도 좋아할거 같네요","CHATTING","2020-09-18T16:11:49","688399","False","2020-09-18T16:00:20.601","2026-05-21T13:10:27.580487+00:00"
"14586","21945607","0","4ITuT","qq","작가님~~ 3가지 작품중에 어떤 작품을 가장 애정 하시나요 ㅎㅎㅎ","CHATTING","2020-09-18T16:12:09","708399","False","2020-09-18T16:00:20.601","2026-05-21T13:10:27.580487+00:00"
"14586","21945614","0","2SVty","lcb2****","이 작품도 귀엽고 너무 예쁘네요.","CHATTING","2020-09-18T16:12:20","719399","False","2020-09-18T16:00:20.601","2026-05-21T13:10:27.580487+00:00"
"14586","21945624","0","3MIHe","d_ay****","설명을 들으니 사고싶어집니다","CHATTING","2020-09-18T16:12:36","735399","False","2020-09-18T16:00:20.601","2026-05-21T13:10:27.580487+00:00"
"14586","21945626","0","30Tgw","알토란","작가님 맘처럼 넘넘고와요","CHATTING","2020-09-18T16:12:37","736399","False","2020-09-18T16:00:20.601","2026-05-21T13:10:27.580487+00:00"
"14586","21945647","0","4ITuT","qq","3가지 다 구매하고 싶어지네요 ㅠㅠ 결정장애..!!","CHATTING","2020-09-18T16:13:13","772399","False","2020-09-18T16:00:20.601","2026-05-21T13:10:27.580487+00:00"
"14586","21945653","0","2kZCm","아델라이다","좀있다 보러가야겠어요 다른 계절도","CHATTING","2020-09-18T16:13:24","783399","False","2020-09-18T16:00:20.601","2026-05-21T13:10:27.580487+00:00"
"14586","21945680","0","2SVty","lcb2****","장보러 마트 왔는데 너무 예뻐서 작품만 보고 있어요 ㅠㅠ","CHATTING","2020-09-18T16:14:34","853399","False","2020-09-18T16:00:20.601","2026-05-21T13:10:27.580487+00:00"
"14586","21945687","0","30Tgw","알토란","큐레이트님 참 예쁘네요^^","CHATTING","2020-09-18T16:14:45","864399","False","2020-09-18T16:00:20.601","2026-05-21T13:10:27.580487+00:00"
"14586","21945730","0","4ITuT","qq","큐레이터님 목소리가 너무 예뻐요~","CHATTING","2020-09-18T16:16:00","939399","False","2020-09-18T16:00:20.601","2026-05-21T13:10:27.580487+00:00"
"14586","21945743","0","2QRQR","바름맘","도움이 많이 될듯요..","CHATTING","2020-09-18T16:16:22","961399","False","2020-09-18T16:00:20.601","2026-05-21T13:10:27.580487+00:00"
"14586","21945772","0","2QRQR","바름맘","10호 딱 좋아요..","CHATTING","2020-09-18T16:17:19","1018399","False","2020-09-18T16:00:20.601","2026-05-21T13:10:27.580487+00:00"
"14586","21945774","0","30Tgw","알토란","10호도 괜찮겟네요","CHATTING","2020-09-18T16:17:21","1020399","False","2020-09-18T16:00:20.601","2026-05-21T13:10:27.580487+00:00"
"14586","21945786","0","2kZCm","아델라이다","저희집은 거실 소파위에 걸어뒀어요","CHATTING","2020-09-18T16:17:36","1035399","False","2020-09-18T16:00:20.601","2026-05-21T13:10:27.580487+00:00"
"14586","21945789","0","1krJC","cris****","이작품은 가을가을 러블리네요","CHATTING","2020-09-18T16:17:44","1043399","False","2020-09-18T16:00:20.601","2026-05-21T13:10:27.580487+00:00"
"14586","21945796","0","24sk1","꽃남","10호가 괜찮게어요.","CHATTING","2020-09-18T16:17:55","1054399","False","2020-09-18T16:00:20.601","2026-05-21T13:10:27.580487+00:00"
"14586","21945802","0","2QRQR","바름맘","식탁위에 걸어놔도 좋을거같아요..","CHATTING","2020-09-18T16:18:13","1072399","False","2020-09-18T16:00:20.601","2026-05-21T13:10:27.580487+00:00"
"14586","21945809","0","1wWJo","썬","작가님 싸인도 해주시나요??ㅎㅎ","CHATTING","2020-09-18T16:18:18","1077399","False","2020-09-18T16:00:20.601","2026-05-21T13:10:27.580487+00:00"
"14586","21945814","0","BycR","SoJoo","와..^^","CHATTING","2020-09-18T16:18:30","1089399","False","2020-09-18T16:00:20.601","2026-05-21T13:10:27.580487+00:00"
"14586","21945823","0","1krJC","cris****","아이돌봄지원금으로 아이에게 그림 선물해야겠어요~","CHATTING","2020-09-18T16:18:46","1105399","False","2020-09-18T16:00:20.601","2026-05-21T13:10:27.580487+00:00"
"14586","21945876","0","1wWJo","썬","아이돌봄지원금..그러게요 생각못했는데 좋네요..","CHATTING","2020-09-18T16:20:41","1220399","False","2020-09-18T16:00:20.601","2026-05-21T13:10:27.580487+00:00"
"14586","21945879","0","4ITuT","qq","아쉬워요~ 더 많은 작품이 보고 싶어요 ㅠㅠ","CHATTING","2020-09-18T16:20:51","1230399","False","2020-09-18T16:00:20.601","2026-05-21T13:10:27.580487+00:00"
"14586","21945900","0","2SVty","lcb2****","이 작품도 너무 예쁘네요. 뭘 사아하나 고민이네요 ㅠㅠ","CHATTING","2020-09-18T16:21:47","1286399","False","2020-09-18T16:00:20.601","2026-05-21T13:10:27.580487+00:00"
"14586","21945911","0","1wWJo","썬","ㅋㅋ","CHATTING","2020-09-18T16:22:07","1306399","False","2020-09-18T16:00:20.601","2026-05-21T13:10:27.580487+00:00"
"14586","21945918","0","30Tgw","알토란","저 배를타고 가고프네요","CHATTING","2020-09-18T16:22:21","1320399","False","2020-09-18T16:00:20.601","2026-05-21T13:10:27.580487+00:00"
"14586","21945919","0","l17i","egod****","와 너무 아름답네요","CHATTING","2020-09-18T16:22:24","1323399","False","2020-09-18T16:00:20.601","2026-05-21T13:10:27.580487+00:00"
"14586","21945923","0","4ITuT","qq","요즘 집에만 콕~ 있어서 그런가 배타고 놀러가고 싶어져요!!","CHATTING","2020-09-18T16:22:34","1333399","False","2020-09-18T16:00:20.601","2026-05-21T13:10:27.580487+00:00"
"14586","21945925","0","1krJC","cris****","왜 다이뻐ㅜㅜ","CHATTING","2020-09-18T16:22:36","1335399","False","2020-09-18T16:00:20.601","2026-05-21T13:10:27.580487+00:00"
"14586","21945931","0","2QRQR","바름맘","거실을 작은 갤러리로 꾸미고싶네요..","CHATTING","2020-09-18T16:22:44","1343399","False","2020-09-18T16:00:20.601","2026-05-21T13:10:27.580487+00:00"
"14586","21945932","0","30Tgw","알토란","색감이 어쩜 이리 고울까요","CHATTING","2020-09-18T16:22:46","1345399","False","2020-09-18T16:00:20.601","2026-05-21T13:10:27.580487+00:00"
"14586","21945945","0","2QRQR","바름맘","자세히 보여주세요","CHATTING","2020-09-18T16:23:25","1384399","False","2020-09-18T16:00:20.601","2026-05-21T13:10:27.580487+00:00"
"14586","21945947","0","24sk1","꽃남","거실에걸어두면 이야기거리가 되겠네요","CHATTING","2020-09-18T16:23:33","1392399","False","2020-09-18T16:00:20.601","2026-05-21T13:10:27.580487+00:00"
"14586","21945967","0","2kZCm","아델라이다","작가님 설명들으니 더 재미나네요","CHATTING","2020-09-18T16:24:38","1457399","False","2020-09-18T16:00:20.601","2026-05-21T13:10:27.580487+00:00"
"14586","21945973","0","4ITuT","qq","파도속에 있는 노란 뿔은 어떤 동물이에용??","CHATTING","2020-09-18T16:24:49","1468399","False","2020-09-18T16:00:20.601","2026-05-21T13:10:27.580487+00:00"
"14586","21945976","0","4ITuT","qq","가까이서 보고 싶어요 ㅠㅠ","CHATTING","2020-09-18T16:25:04","1483399","False","2020-09-18T16:00:20.601","2026-05-21T13:10:27.580487+00:00"
"14586","21945980","0","2QRQR","바름맘","파티..파티.. ♡♡","CHATTING","2020-09-18T16:25:13","1492399","False","2020-09-18T16:00:20.601","2026-05-21T13:10:27.580487+00:00"
"14586","21945985","0","2kZCm","아델라이다","꽃 얼굴도 있네요 ㅋㅋㅋ","CHATTING","2020-09-18T16:25:28","1507399","False","2020-09-18T16:00:20.601","2026-05-21T13:10:27.580487+00:00"
"14586","21945986","0","30Tgw","알토란","두분다 예뻐요~~","CHATTING","2020-09-18T16:25:28","1507399","False","2020-09-18T16:00:20.601","2026-05-21T13:10:27.580487+00:00"
"14586","21946002","0","4ITuT","qq","앗 감사해요 ㅎㅎㅎ","CHATTING","2020-09-18T16:26:12","1551399","False","2020-09-18T16:00:20.601","2026-05-21T13:10:27.580487+00:00"
"14586","21946020","0","2SVty","lcb2****","그림 사서 전시회때 들고 가면 싸인 가능할까요? ㅠㅠ","CHATTING","2020-09-18T16:26:48","1587399","False","2020-09-18T16:00:20.601","2026-05-21T13:10:27.580487+00:00"
"14586","21946027","0","2QRQR","바름맘","그림 뒤에 작가님 사인이도 해주세요~","CHATTING","2020-09-18T16:27:06","1605399","False","2020-09-18T16:00:20.601","2026-05-21T13:10:27.580487+00:00"
"14586","21946032","0","30Tgw","알토란","와~~","CHATTING","2020-09-18T16:27:19","1618399","False","2020-09-18T16:00:20.601","2026-05-21T13:10:27.580487+00:00"
"14586","21946033","0","2kZCm","아델라이다","저는 파도 색감이 너무 이쁜거 같아요","CHATTING","2020-09-18T16:27:23","1622399","False","2020-09-18T16:00:20.601","2026-05-21T13:10:27.580487+00:00"
"14586","21946064","0","24sk1","꽃남","큐레이터님이 설명을 잘해주셔서 이해가 잘되네요","CHATTING","2020-09-18T16:29:04","1723399","False","2020-09-18T16:00:20.601","2026-05-21T13:10:27.580487+00:00"
"14586","21946090","0","2QRQR","바름맘","작가님 멋져요~~","CHATTING","2020-09-18T16:30:21","1800399","False","2020-09-18T16:00:20.601","2026-05-21T13:10:27.580487+00:00"
"14586","21946105","0","2QRQR","바름맘","최고~~~♡♡","CHATTING","2020-09-18T16:31:03","1842399","False","2020-09-18T16:00:20.601","2026-05-21T13:10:27.580487+00:00"
"14586","21946113","0","2QRQR","바름맘","자료를 잘 활용해봐야겠어요..","CHATTING","2020-09-18T16:31:36","1875399","False","2020-09-18T16:00:20.601","2026-05-21T13:10:27.580487+00:00"
"14586","21946117","0","1krJC","cris****","💘","CHATTING","2020-09-18T16:31:44","1883399","False","2020-09-18T16:00:20.601","2026-05-21T13:10:27.580487+00:00"
"14586","21946138","0","2QRQR","바름맘","고급스러워 보여요..","CHATTING","2020-09-18T16:33:44","2003399","False","2020-09-18T16:00:20.601","2026-05-21T13:10:27.580487+00:00"
"14586","21946140","0","30Tgw","알토란","고급스럽네요","CHATTING","2020-09-18T16:33:55","2014399","False","2020-09-18T16:00:20.601","2026-05-21T13:10:27.580487+00:00"
"14586","21946141","0","1R6gk","두도리","퀄리티가 좋은데욥?","CHATTING","2020-09-18T16:33:56","2015399","False","2020-09-18T16:00:20.601","2026-05-21T13:10:27.580487+00:00"
"14586","21946143","0","1wWJo","썬","아하...다 같은 액자인줄알았는데...그런차이가 있었군요!","CHATTING","2020-09-18T16:33:57","2016399","False","2020-09-18T16:00:20.601","2026-05-21T13:10:27.580487+00:00"
"14586","21946149","0","4ITuT","qq","👍🏻👍🏻👍🏻👍🏻👍🏻👍🏻","CHATTING","2020-09-18T16:34:20","2039399","False","2020-09-18T16:00:20.601","2026-05-21T13:10:27.580487+00:00"
"14586","21946162","0","2QRQR","바름맘","좋은건 다 알아요.. ㅎㅎ","CHATTING","2020-09-18T16:35:52","2131399","False","2020-09-18T16:00:20.601","2026-05-21T13:10:27.580487+00:00"
"14586","21946172","0","2kZCm","아델라이다","저 뒤에 배경화면 액자 크기는 다 10호인가요?","CHATTING","2020-09-18T16:36:27","2166399","False","2020-09-18T16:00:20.601","2026-05-21T13:10:27.580487+00:00"
"14586","21946175","0","1wWJo","썬","그림이 나란히 다 나와서 예뻐요.","CHATTING","2020-09-18T16:36:34","2173399","False","2020-09-18T16:00:20.601","2026-05-21T13:10:27.580487+00:00"
"14586","21946182","0","2QRQR","바름맘","섬세함이 느껴지네요..","CHATTING","2020-09-18T16:37:02","2201399","False","2020-09-18T16:00:20.601","2026-05-21T13:10:27.580487+00:00"
"14586","21946187","0","30Tgw","알토란","모두 다 예뻐요~","CHATTING","2020-09-18T16:37:31","2230399","False","2020-09-18T16:00:20.601","2026-05-21T13:10:27.580487+00:00"
"14586","21946193","0","2kZCm","아델라이다","감사합니다","CHATTING","2020-09-18T16:37:49","2248399","False","2020-09-18T16:00:20.601","2026-05-21T13:10:27.580487+00:00"
"14586","21946194","0","2SVty","lcb2****","저희 회사 대표님께 선물해야겠네요. 마음의 정화가 필요하신 분이라 ;;","CHATTING","2020-09-18T16:37:52","2251399","False","2020-09-18T16:00:20.601","2026-05-21T13:10:27.580487+00:00"
"14586","21946199","0","30Tgw","알토란","ㅋㅋ","CHATTING","2020-09-18T16:38:09","2268399","False","2020-09-18T16:00:20.601","2026-05-21T13:10:27.580487+00:00"
"14586","21946200","0","1wWJo","썬","ㅎㅎㅎㅎㅎ","CHATTING","2020-09-18T16:38:14","2273399","False","2020-09-18T16:00:20.601","2026-05-21T13:10:27.580487+00:00"
"14586","21946201","0","1krJC","cris****","저두 그럴까봐요ㅎㅎ","CHATTING","2020-09-18T16:38:15","2274399","False","2020-09-18T16:00:20.601","2026-05-21T13:10:27.580487+00:00"
"14586","21946202","0","2kZCm","아델라이다","저 3개 세트 다 사고싶네요","CHATTING","2020-09-18T16:38:19","2278399","False","2020-09-18T16:00:20.601","2026-05-21T13:10:27.580487+00:00"
"14586","21946204","0","4ITuT","qq","마음의 정화ㅋㅋㅋㅋ","CHATTING","2020-09-18T16:38:24","2283399","False","2020-09-18T16:00:20.601","2026-05-21T13:10:27.580487+00:00"
"14586","21946205","0","1krJC","cris****","화가 많으셔서ㅜㅜ","CHATTING","2020-09-18T16:38:28","2287399","False","2020-09-18T16:00:20.601","2026-05-21T13:10:27.580487+00:00"
"14586","21946208","0","2SVty","lcb2****","저희 대표님은 심해요 ㅠㅠ","CHATTING","2020-09-18T16:38:44","2303399","False","2020-09-18T16:00:20.601","2026-05-21T13:10:27.580487+00:00"
"14586","21946209","0","30Tgw","알토란","최고의선물이 될거같아요","CHATTING","2020-09-18T16:38:51","2310399","False","2020-09-18T16:00:20.601","2026-05-21T13:10:27.580487+00:00"
"14586","21946214","0","1krJC","cris****","추석선물해드리죠~^^","CHATTING","2020-09-18T16:39:14","2333399","False","2020-09-18T16:00:20.601","2026-05-21T13:10:27.580487+00:00"
"14586","21946217","0","24sk1","꽃남","설명도 알차서","CHATTING","2020-09-18T16:39:27","2346399","False","2020-09-18T16:00:20.601","2026-05-21T13:10:27.580487+00:00"
"14586","21946218","0","l17i","egod****","10호가 더 마음에 드네요~^^","CHATTING","2020-09-18T16:39:29","2348399","False","2020-09-18T16:00:20.601","2026-05-21T13:10:27.580487+00:00"
"14586","21946220","0","24sk1","꽃남","이해가 잘되는거 같아요!","CHATTING","2020-09-18T16:39:50","2369399","False","2020-09-18T16:00:20.601","2026-05-21T13:10:27.580487+00:00"
"14586","21946224","0","1krJC","cris****","제일 작은건 액자가 없는건가요?","CHATTING","2020-09-18T16:40:14","2393399","False","2020-09-18T16:00:20.601","2026-05-21T13:10:27.580487+00:00"
"14586","21946228","0","24sk1","꽃남","이렇게 보는것도 힐링되는데 직접보면 어떨지 궁금하네요^^","CHATTING","2020-09-18T16:40:20","2399399","False","2020-09-18T16:00:20.601","2026-05-21T13:10:27.580487+00:00"
"14586","21946230","0","2QRQR","바름맘","작가님.. 너무 잘하셨어요..","CHATTING","2020-09-18T16:40:33","2412399","False","2020-09-18T16:00:20.601","2026-05-21T13:10:27.580487+00:00"
"14586","21946240","0","2QRQR","바름맘","멋진 작품 기대할게요~~~","CHATTING","2020-09-18T16:41:22","2461399","False","2020-09-18T16:00:20.601","2026-05-21T13:10:27.580487+00:00"
"14586","21946241","0","2SVty","lcb2****","작품 잘 봤습니다.~~~","CHATTING","2020-09-18T16:41:27","2466399","False","2020-09-18T16:00:20.601","2026-05-21T13:10:27.580487+00:00"
"14586","21946242","0","1wWJo","썬","직접 그리신 작가님이랑 의미있는 시간이였네요..","CHATTING","2020-09-18T16:41:33","2472399","False","2020-09-18T16:00:20.601","2026-05-21T13:10:27.580487+00:00"
"14586","21946244","0","30Tgw","알토란","안녕","CHATTING","2020-09-18T16:41:41","2480399","False","2020-09-18T16:00:20.601","2026-05-21T13:10:27.580487+00:00"
"14586","21946246","0","2kZCm","아델라이다","안녕~~~","CHATTING","2020-09-18T16:41:42","2481399","False","2020-09-18T16:00:20.601","2026-05-21T13:10:27.580487+00:00"
"14586","21946247","0","1krJC","cris****","또뵈용~","CHATTING","2020-09-18T16:41:43","2482399","False","2020-09-18T16:00:20.601","2026-05-21T13:10:27.580487+00:00"
"6003","13281990","0","4v7jY","초깜찍이진숙","홍과장님 얼굴이 더 밝아지셨네요~~~~😄😄","CHATTING","2020-07-21T13:31:01","44000","False","2020-07-21T13:30:17","2026-05-21T13:10:28.412728+00:00"
"6003","13281991","0","5fgBp","Latill","ㅎㅎㅎㅎ","CHATTING","2020-07-21T13:31:36","79000","False","2020-07-21T13:30:17","2026-05-21T13:10:28.412728+00:00"
"6003","13281992","0","5Nsi","따뜻한꽃","와우 이뻐요!","CHATTING","2020-07-21T13:31:57","100000","False","2020-07-21T13:30:17","2026-05-21T13:10:28.412728+00:00"
"6003","13281993","0","2zTSJ","혜진쓰다","햇살콩 팬이예요🤗","CHATTING","2020-07-21T13:33:13","176000","False","2020-07-21T13:30:17","2026-05-21T13:10:28.412728+00:00"
"6003","13281994","0","9T6W8","하민","영하이모 화이팅!","CHATTING","2020-07-21T13:33:26","189000","False","2020-07-21T13:30:17","2026-05-21T13:10:28.412728+00:00"
"6003","13281995","0","5fgBp","Latill","햇살콩이 그런 뜻이었구나..!","CHATTING","2020-07-21T13:33:36","199000","False","2020-07-21T13:30:17","2026-05-21T13:10:28.412728+00:00"
"6003","13281996","0","3LG0Z","갓피플","와 너무 이쁘세요. 이영애씨인가요?","CHATTING","2020-07-21T13:34:26","249000","False","2020-07-21T13:30:17","2026-05-21T13:10:28.412728+00:00"
"6003","13281997","0","1rnXs","miso****","역시 과장님은 방송인 체질~~~ 진작 하시지 ㅎㅎ","CHATTING","2020-07-21T13:34:49","272000","False","2020-07-21T13:30:17","2026-05-21T13:10:28.412728+00:00"
"6003","13281998","0","1bl7h","행복앤","옴마나.~~ 필사... 도전해봐야겠어요","CHATTING","2020-07-21T13:34:54","277000","False","2020-07-21T13:30:17","2026-05-21T13:10:28.412728+00:00"
"6003","13281999","0","9T6W8","하민","필사하고 있습니당","CHATTING","2020-07-21T13:35:13","296000","False","2020-07-21T13:30:17","2026-05-21T13:10:28.412728+00:00"
"6003","13282000","0","1bl7h","행복앤","누가 하신건가요??","CHATTING","2020-07-21T13:35:48","331000","False","2020-07-21T13:30:17","2026-05-21T13:10:28.413731+00:00"
"6003","13282001","0","hKP0","함미녀","와 글씨 이쁘다 저도 필사하고 싶어지네요","CHATTING","2020-07-21T13:36:19","362000","False","2020-07-21T13:30:17","2026-05-21T13:10:28.413731+00:00"
"6003","13282002","0","2egwD","사랑이야","오 글씨 예뻐요 +_+","CHATTING","2020-07-21T13:36:28","371000","False","2020-07-21T13:30:17","2026-05-21T13:10:28.413731+00:00"
"6003","13282003","0","5Nsi","따뜻한꽃","노트만 있는 게 아니네요. 성경구절이 같이 있군요","CHATTING","2020-07-21T13:36:35","378000","False","2020-07-21T13:30:17","2026-05-21T13:10:28.413731+00:00"
"6003","13282004","0","hKP0","함미녀","손거울 보여주세요","CHATTING","2020-07-21T13:37:17","420000","False","2020-07-21T13:30:17","2026-05-21T13:10:28.413731+00:00"
"6003","13282005","0","5fgBp","Latill","다이어리 같네용","CHATTING","2020-07-21T13:37:26","429000","False","2020-07-21T13:30:17","2026-05-21T13:10:28.413731+00:00"
"6003","13282006","0","LWk5","rlaw****","우와우와 ♡♡♡","CHATTING","2020-07-21T13:37:45","448000","False","2020-07-21T13:30:17","2026-05-21T13:10:28.413731+00:00"
"6003","13282007","0","1p0VU","face****","저 이미샀는데 ㅠㅠ 이벤트를","CHATTING","2020-07-21T13:38:00","463000","False","2020-07-21T13:30:17","2026-05-21T13:10:28.413731+00:00"
"6003","13282008","0","1p0VU","face****","너무 잘쓰구있어요!!","CHATTING","2020-07-21T13:38:08","471000","False","2020-07-21T13:30:17","2026-05-21T13:10:28.413731+00:00"
"6003","13282009","0","hKP0","함미녀","싸인북은 없나용...","CHATTING","2020-07-21T13:38:19","482000","False","2020-07-21T13:30:17","2026-05-21T13:10:28.413731+00:00"
"6003","13282010","0","1p0VU","face****","열씨미 댓글로 ㅋㅋㅋ 담첨을 기대합니다 흐흐","CHATTING","2020-07-21T13:38:25","488000","False","2020-07-21T13:30:17","2026-05-21T13:10:28.413731+00:00"
"6003","13282011","0","bHaAZ","SF영어","멋져요.","CHATTING","2020-07-21T13:38:37","500000","False","2020-07-21T13:30:17","2026-05-21T13:10:28.413731+00:00"
"6003","13282012","0","349P7","beth****","오~~좋네요😘😘","CHATTING","2020-07-21T13:38:37","500000","False","2020-07-21T13:30:17","2026-05-21T13:10:28.413731+00:00"
"6003","13282013","0","9Mx5t","JOY","필사 첼린지 하고 싶어요~~!","CHATTING","2020-07-21T13:38:39","502000","False","2020-07-21T13:30:17","2026-05-21T13:10:28.413731+00:00"
"6003","13282014","0","bHaAZ","SF영어","과장님^^♡","CHATTING","2020-07-21T13:38:43","506000","False","2020-07-21T13:30:17","2026-05-21T13:10:28.413731+00:00"
"6003","13282015","0","1p0VU","face****","필사챌린지!!","CHATTING","2020-07-21T13:38:45","508000","False","2020-07-21T13:30:17","2026-05-21T13:10:28.413731+00:00"
"6003","13282016","0","1zcya","사랑맘","필사 챌린지 너무 좋네요~^^","CHATTING","2020-07-21T13:38:51","514000","False","2020-07-21T13:30:17","2026-05-21T13:10:28.413731+00:00"
"6003","13282017","0","5Nsi","따뜻한꽃","오 필사챌리지 해봐야겠네요. 교회지체들과요","CHATTING","2020-07-21T13:38:58","521000","False","2020-07-21T13:30:17","2026-05-21T13:10:28.413731+00:00"
"6003","13282018","0","9Mx5t","JOY","시어머님께요~~??","CHATTING","2020-07-21T13:38:59","522000","False","2020-07-21T13:30:17","2026-05-21T13:10:28.413731+00:00"
"6003","13282019","0","Swzb","cocoma","여기저기 선물 많이 해야겠어요","CHATTING","2020-07-21T13:39:14","537000","False","2020-07-21T13:30:17","2026-05-21T13:10:28.413731+00:00"
"6003","13282020","0","2z82j","전미영","필사 챌린지 좋아요♥♥♥","CHATTING","2020-07-21T13:39:17","540000","False","2020-07-21T13:30:17","2026-05-21T13:10:28.413731+00:00"
"6003","13282021","0","bHaAZ","SF영어","👍","CHATTING","2020-07-21T13:39:27","550000","False","2020-07-21T13:30:17","2026-05-21T13:10:28.413731+00:00"
"6003","13282022","0","1p0VU","face****","어머니께 드려도 좋아하시나요?","CHATTING","2020-07-21T13:39:30","553000","False","2020-07-21T13:30:17","2026-05-21T13:10:28.413731+00:00"
"6003","13282023","0","1isLT","toma****","하나님의 때 묵상노트 설명도 어서어서 부탁드립니다♡","CHATTING","2020-07-21T13:39:32","555000","False","2020-07-21T13:30:17","2026-05-21T13:10:28.413731+00:00"
"6003","13282024","0","1p0VU","face****","와 대박 ㅋ","CHATTING","2020-07-21T13:39:36","559000","False","2020-07-21T13:30:17","2026-05-21T13:10:28.413731+00:00"
"6003","13282025","0","Swzb","cocoma","듀근듀근","CHATTING","2020-07-21T13:39:43","566000","False","2020-07-21T13:30:17","2026-05-21T13:10:28.413731+00:00"
"6003","13282026","0","5qaQa","예빈","혹시 요한복음으로 정한 이유가 무엇인가용","CHATTING","2020-07-21T13:39:52","575000","False","2020-07-21T13:30:17","2026-05-21T13:10:28.413731+00:00"
"6003","13282027","0","9Mx5t","JOY","올 여름휴가는 다같이 필사 고고씽~~!!","CHATTING","2020-07-21T13:39:56","579000","False","2020-07-21T13:30:17","2026-05-21T13:10:28.413731+00:00"
"6003","13282028","0","1p0VU","face****","전 친구에게 선물하려규요 같이 하려구요!","CHATTING","2020-07-21T13:40:02","585000","False","2020-07-21T13:30:17","2026-05-21T13:10:28.413731+00:00"
"6003","13282029","0","Swzb","cocoma","고고씽","CHATTING","2020-07-21T13:40:03","586000","False","2020-07-21T13:30:17","2026-05-21T13:10:28.413731+00:00"
"6003","13282030","0","9Mx5t","JOY","ㅋㅋㅋㅋㅋㅋㅋㅋ","CHATTING","2020-07-21T13:40:08","591000","False","2020-07-21T13:30:17","2026-05-21T13:10:28.413731+00:00"
"6003","13282031","0","1p0VU","face****","소그룹모임 좋은것같아요!!","CHATTING","2020-07-21T13:40:24","607000","False","2020-07-21T13:30:17","2026-05-21T13:10:28.413731+00:00"
"6003","13282032","0","9Mx5t","JOY","이렇게 예쁜 필사책은 처음 보네요~~!","CHATTING","2020-07-21T13:40:28","611000","False","2020-07-21T13:30:17","2026-05-21T13:10:28.413731+00:00"
"6003","13282033","0","5fgBp","Latill","오오","CHATTING","2020-07-21T13:40:31","614000","False","2020-07-21T13:30:17","2026-05-21T13:10:28.413731+00:00"
"6003","13282034","0","9Mx5t","JOY","말씀을 새롭게 마주할 수 있는 좋은 기회네요~~!","CHATTING","2020-07-21T13:40:43","626000","False","2020-07-21T13:30:17","2026-05-21T13:10:28.413731+00:00"
"6003","13282035","0","Swzb","cocoma","우왕","CHATTING","2020-07-21T13:40:59","642000","False","2020-07-21T13:30:17","2026-05-21T13:10:28.413731+00:00"
"6003","13282036","0","1p0VU","face****","사은품 거울보고 싶어요!!!ㅋㅋ","CHATTING","2020-07-21T13:41:02","645000","False","2020-07-21T13:30:17","2026-05-21T13:10:28.413731+00:00"
"6003","13282037","0","5fgBp","Latill","디자인이 진짜 예뻐요..!","CHATTING","2020-07-21T13:41:05","648000","False","2020-07-21T13:30:17","2026-05-21T13:10:28.413731+00:00"
"6003","13282038","0","376Gq","yesm****","쓰담쓰닮으로 필사하고 싶네요~~","CHATTING","2020-07-21T13:41:11","654000","False","2020-07-21T13:30:17","2026-05-21T13:10:28.413731+00:00"
"6003","13282039","0","1p0VU","face****","사은품 관심 많아요 ㅋㅋ","CHATTING","2020-07-21T13:41:17","660000","False","2020-07-21T13:30:17","2026-05-21T13:10:28.413731+00:00"
"6003","13282040","0","2lAiF","jeon****","필사~~코로나시대에 딱좋은거같아요","CHATTING","2020-07-21T13:41:18","661000","False","2020-07-21T13:30:17","2026-05-21T13:10:28.413731+00:00"
"6003","13282041","0","3F52S","달몽이","우왕","CHATTING","2020-07-21T13:41:34","677000","False","2020-07-21T13:30:17","2026-05-21T13:10:28.413731+00:00"
"6003","13282042","0","Swzb","cocoma","예뻐요 예뻐요","CHATTING","2020-07-21T13:41:45","688000","False","2020-07-21T13:30:17","2026-05-21T13:10:28.413731+00:00"
"6003","13282043","0","Swzb","cocoma","헉 9000원대에 이책을!!!!","CHATTING","2020-07-21T13:42:34","737000","False","2020-07-21T13:30:17","2026-05-21T13:10:28.413731+00:00"
"6003","13282044","0","1p0VU","face****","적립!!!!!!!@@","CHATTING","2020-07-21T13:42:40","743000","False","2020-07-21T13:30:17","2026-05-21T13:10:28.413731+00:00"
"6003","13282045","0","9Mx5t","JOY","헐!!!!","CHATTING","2020-07-21T13:42:43","746000","False","2020-07-21T13:30:17","2026-05-21T13:10:28.413731+00:00"
"6003","13282046","0","2lAiF","jeon****","페이지안쪽도 보여주세용","CHATTING","2020-07-21T13:43:02","765000","False","2020-07-21T13:30:17","2026-05-21T13:10:28.413731+00:00"
"6003","13282047","0","9Mx5t","JOY","오~~! 그럼 총 얼마 할인 되는건가요?","CHATTING","2020-07-21T13:43:13","776000","False","2020-07-21T13:30:17","2026-05-21T13:10:28.413731+00:00"
"6003","13282048","0","5Nsi","따뜻한꽃","내지","CHATTING","2020-07-21T13:43:18","781000","False","2020-07-21T13:30:17","2026-05-21T13:10:28.413731+00:00"
"6003","13282049","0","9Mx5t","JOY","이벤트 조아조아!!","CHATTING","2020-07-21T13:43:23","786000","False","2020-07-21T13:30:17","2026-05-21T13:10:28.413731+00:00"
"6003","13282050","0","2z82j","하하짱짱","저도 쓰담쓰닮으로 필사하고 시퍼용~~~","CHATTING","2020-07-21T13:43:24","787000","False","2020-07-21T13:30:17","2026-05-21T13:10:28.413731+00:00"
"6003","13282051","0","5Nsi","따뜻한꽃","자세히 보여주세요","CHATTING","2020-07-21T13:43:26","789000","False","2020-07-21T13:30:17","2026-05-21T13:10:28.413731+00:00"
"6003","13282052","0","9Mx5t","JOY","이벤트 쪼아쪼아~~~!","CHATTING","2020-07-21T13:43:32","795000","False","2020-07-21T13:30:17","2026-05-21T13:10:28.413731+00:00"
"6003","13282053","0","1p0VU","face****","엄청 기다리고있어요","CHATTING","2020-07-21T13:43:33","796000","False","2020-07-21T13:30:17","2026-05-21T13:10:28.413731+00:00"
"6003","13282054","0","13Kr5","nalb****","오호~","CHATTING","2020-07-21T13:43:34","797000","False","2020-07-21T13:30:17","2026-05-21T13:10:28.413731+00:00"
"6003","13282055","0","1zcya","사랑맘","적립까지 대박이네요~!!","CHATTING","2020-07-21T13:43:35","798000","False","2020-07-21T13:30:17","2026-05-21T13:10:28.413731+00:00"
"6003","13282056","0","9Mx5t","JOY","갓피플 사랑해요~~~!!!","CHATTING","2020-07-21T13:43:36","799000","False","2020-07-21T13:30:17","2026-05-21T13:10:28.413731+00:00"
"6003","13282057","0","2z82j","하하짱짱","꼭!!! 좀","CHATTING","2020-07-21T13:43:37","800000","False","2020-07-21T13:30:17","2026-05-21T13:10:28.413731+00:00"
"6003","13282058","0","2ncA8","온담","오오","CHATTING","2020-07-21T13:43:38","801000","False","2020-07-21T13:30:17","2026-05-21T13:10:28.413731+00:00"
"6003","13282059","0","1p0VU","face****","이벤트이벤트이벤트!!!!","CHATTING","2020-07-21T13:43:42","805000","False","2020-07-21T13:30:17","2026-05-21T13:10:28.413731+00:00"
"6003","13282060","0","2egwD","사랑이야","얼른 해주세요! ㅎㅎ","CHATTING","2020-07-21T13:43:43","806000","False","2020-07-21T13:30:17","2026-05-21T13:10:28.413731+00:00"
"6003","13282061","0","9Mx5t","JOY","저요저요~~~!","CHATTING","2020-07-21T13:43:44","807000","False","2020-07-21T13:30:17","2026-05-21T13:10:28.413731+00:00"
"6003","13282062","0","13Kr5","nalb****","이벤트 좋아용","CHATTING","2020-07-21T13:43:44","807000","False","2020-07-21T13:30:17","2026-05-21T13:10:28.413731+00:00"
"6003","13282063","0","1isLT","toma****","ㅋㅋㅋㅋㅋㅋㅋ지루할 참에 이벤트 감사!","CHATTING","2020-07-21T13:43:49","812000","False","2020-07-21T13:30:17","2026-05-21T13:10:28.413731+00:00"
"6003","13282064","0","Swzb","cocoma","듀근듀근","CHATTING","2020-07-21T13:43:49","812000","False","2020-07-21T13:30:17","2026-05-21T13:10:28.413731+00:00"
"6003","13282065","0","2ncA8","온담","이벤트 이벤트 ♡♡","CHATTING","2020-07-21T13:43:49","812000","False","2020-07-21T13:30:17","2026-05-21T13:10:28.413731+00:00"
"6003","13282066","0","9Mx5t","JOY","저 굿즈구쯔구쯔","CHATTING","2020-07-21T13:43:50","813000","False","2020-07-21T13:30:17","2026-05-21T13:10:28.413731+00:00"
"6003","13282067","0","9Mx5t","JOY","거울이 필요해요~~~!","CHATTING","2020-07-21T13:43:53","816000","False","2020-07-21T13:30:17","2026-05-21T13:10:28.413731+00:00"
"6003","13282068","0","1p0VU","face****","굿쯔!!!!!!","CHATTING","2020-07-21T13:43:54","817000","False","2020-07-21T13:30:17","2026-05-21T13:10:28.413731+00:00"
"6003","13282069","0","5Nsi","따뜻한꽃","오 손거울!","CHATTING","2020-07-21T13:43:55","818000","False","2020-07-21T13:30:17","2026-05-21T13:10:28.413731+00:00"
"6003","13282070","0","13Kr5","nalb****","굿즈 좋아요~","CHATTING","2020-07-21T13:43:55","818000","False","2020-07-21T13:30:17","2026-05-21T13:10:28.413731+00:00"
"6003","13282071","0","13Kr5","nalb****","보여줭","CHATTING","2020-07-21T13:43:59","822000","False","2020-07-21T13:30:17","2026-05-21T13:10:28.413731+00:00"
"6003","13282072","0","Swzb","cocoma","굿즈!!!! 너무 이뻐요","CHATTING","2020-07-21T13:43:59","822000","False","2020-07-21T13:30:17","2026-05-21T13:10:28.413731+00:00"
"6003","13282073","0","1zcya","사랑맘","굿즈~굿즈굿즈","CHATTING","2020-07-21T13:44:03","826000","False","2020-07-21T13:30:17","2026-05-21T13:10:28.413731+00:00"
"6003","13282074","0","2lAiF","jeon****","예뻐요~~^^","CHATTING","2020-07-21T13:44:04","827000","False","2020-07-21T13:30:17","2026-05-21T13:10:28.413731+00:00"
"6003","13282075","0","2ncA8","온담","예뻐요 ~~~","CHATTING","2020-07-21T13:44:09","832000","False","2020-07-21T13:30:17","2026-05-21T13:10:28.413731+00:00"
"6003","13282076","0","13Kr5","nalb****","예쁘당","CHATTING","2020-07-21T13:44:10","833000","False","2020-07-21T13:30:17","2026-05-21T13:10:28.413731+00:00"
"6003","13282077","0","9Mx5t","JOY","햇살콩 예쁜 손거울 갖고 시퍼요~~!!!","CHATTING","2020-07-21T13:44:12","835000","False","2020-07-21T13:30:17","2026-05-21T13:10:28.413731+00:00"
"6003","13282078","0","1p0VU","face****","이뻐요!!!","CHATTING","2020-07-21T13:44:16","839000","False","2020-07-21T13:30:17","2026-05-21T13:10:28.413731+00:00"
"6003","13282079","0","2z82j","하하짱짱","구쯔!!! 그러나 필사로!!!","CHATTING","2020-07-21T13:44:17","840000","False","2020-07-21T13:30:17","2026-05-21T13:10:28.413731+00:00"
"6003","13282080","0","5Nsi","따뜻한꽃","넘넘 이뻐요","CHATTING","2020-07-21T13:44:19","842000","False","2020-07-21T13:30:17","2026-05-21T13:10:28.413731+00:00"
"6003","13282081","0","9Mx5t","JOY","살콩살콩 햇살콩콩콩콩!!!!","CHATTING","2020-07-21T13:44:20","843000","False","2020-07-21T13:30:17","2026-05-21T13:10:28.413731+00:00"
"6003","13282082","0","13Kr5","nalb****","저두요~","CHATTING","2020-07-21T13:44:20","843000","False","2020-07-21T13:30:17","2026-05-21T13:10:28.413731+00:00"
"6003","13282083","0","1zcya","사랑맘","너무 예뻐요~!!!!!! *.*","CHATTING","2020-07-21T13:44:21","844000","False","2020-07-21T13:30:17","2026-05-21T13:10:28.413731+00:00"
"6003","13282084","0","1p0VU","face****","구매각 ㅠㅠ","CHATTING","2020-07-21T13:44:25","848000","False","2020-07-21T13:30:17","2026-05-21T13:10:28.413731+00:00"
"6003","13282085","0","2ncA8","온담","연두 연두 이뻐요 ^^","CHATTING","2020-07-21T13:44:27","850000","False","2020-07-21T13:30:17","2026-05-21T13:10:28.413731+00:00"
"6003","13282086","0","9Mx5t","JOY","저요저요~~~~~!","CHATTING","2020-07-21T13:44:28","851000","False","2020-07-21T13:30:17","2026-05-21T13:10:28.413731+00:00"
"6003","13282087","0","NyQo","웃음소리","거울 진짜 이쁘네용","CHATTING","2020-07-21T13:44:32","855000","False","2020-07-21T13:30:17","2026-05-21T13:10:28.413731+00:00"
"6003","13282088","0","9Mx5t","JOY","홍과장님 멋있어요~~!!!","CHATTING","2020-07-21T13:44:33","856000","False","2020-07-21T13:30:17","2026-05-21T13:10:28.413731+00:00"
"6003","13282089","0","13Kr5","nalb****","넹~","CHATTING","2020-07-21T13:44:34","857000","False","2020-07-21T13:30:17","2026-05-21T13:10:28.413731+00:00"
"6003","13282090","0","1p0VU","face****","댓글댓글댓글 ㅋㅋㅋㅋㅋㅋ","CHATTING","2020-07-21T13:44:38","861000","False","2020-07-21T13:30:17","2026-05-21T13:10:28.413731+00:00"
"6003","13282091","0","9Mx5t","JOY","영주임님 너무 예뻐요~~~~!","CHATTING","2020-07-21T13:44:39","862000","False","2020-07-21T13:30:17","2026-05-21T13:10:28.413731+00:00"
"6003","13282092","0","2zTSJ","혜진쓰다","손거울 예뻐요🤗","CHATTING","2020-07-21T13:44:43","866000","False","2020-07-21T13:30:17","2026-05-21T13:10:28.413731+00:00"
"6003","13282093","0","9Mx5t","JOY","네!!!","CHATTING","2020-07-21T13:44:45","868000","False","2020-07-21T13:30:17","2026-05-21T13:10:28.413731+00:00"
"6003","13282094","0","9Mx5t","JOY","쓰닮","CHATTING","2020-07-21T13:44:48","871000","False","2020-07-21T13:30:17","2026-05-21T13:10:28.413731+00:00"
"6003","13282095","0","13Kr5","nalb****","오~","CHATTING","2020-07-21T13:44:50","873000","False","2020-07-21T13:30:17","2026-05-21T13:10:28.413731+00:00"
"6003","13282096","0","9Mx5t","JOY","쓰고 담다","CHATTING","2020-07-21T13:44:51","874000","False","2020-07-21T13:30:17","2026-05-21T13:10:28.413731+00:00"
"6003","13282097","0","9Mx5t","JOY","쓰고 닮다","CHATTING","2020-07-21T13:44:52","875000","False","2020-07-21T13:30:17","2026-05-21T13:10:28.413731+00:00"
"6003","13282098","0","Swzb","cocoma","쓰고 닮다","CHATTING","2020-07-21T13:44:57","880000","False","2020-07-21T13:30:17","2026-05-21T13:10:28.413731+00:00"
"6003","13282099","0","1p0VU","face****","쓰담쓱담","CHATTING","2020-07-21T13:44:58","881000","False","2020-07-21T13:30:17","2026-05-21T13:10:28.413731+00:00"
"6003","13282100","0","9Mx5t","JOY","쓰고 담다 쓰고 닮아가다","CHATTING","2020-07-21T13:44:59","882000","False","2020-07-21T13:30:17","2026-05-21T13:10:28.413731+00:00"
"6003","13282101","0","Swzb","cocoma","쓰고 닮아간다","CHATTING","2020-07-21T13:45:00","883000","False","2020-07-21T13:30:17","2026-05-21T13:10:28.413731+00:00"
"6003","13282102","0","1p0VU","face****","ㅋㅋㅋㅋㅋ","CHATTING","2020-07-21T13:45:02","885000","False","2020-07-21T13:30:17","2026-05-21T13:10:28.413731+00:00"
"6003","13282103","0","13Kr5","nalb****","쓰고 닮다~","CHATTING","2020-07-21T13:45:03","886000","False","2020-07-21T13:30:17","2026-05-21T13:10:28.413731+00:00"
"6003","13282104","0","2zTSJ","혜진쓰다","쓰고 마음에 담고 쓰고 예수님 닮아간다","CHATTING","2020-07-21T13:45:03","886000","False","2020-07-21T13:30:17","2026-05-21T13:10:28.413731+00:00"
"6003","13282105","0","1p0VU","face****","쓰담쓰닮","CHATTING","2020-07-21T13:45:09","892000","False","2020-07-21T13:30:17","2026-05-21T13:10:28.413731+00:00"
"6003","13282106","0","2z82j","하하짱짱","쓰고 담고 쓰고 닮마가는!!!","CHATTING","2020-07-21T13:45:10","893000","False","2020-07-21T13:30:17","2026-05-21T13:10:28.413731+00:00"
"6003","13282107","0","1zcya","사랑맘","쓰고 담다 쓰고 닮다","CHATTING","2020-07-21T13:45:11","894000","False","2020-07-21T13:30:17","2026-05-21T13:10:28.413731+00:00"
"6003","13282108","0","Swzb","cocoma","쓰고 담다 쓰고 닮아간다!!!!!!!","CHATTING","2020-07-21T13:45:14","897000","False","2020-07-21T13:30:17","2026-05-21T13:10:28.413731+00:00"
"6003","13282109","0","1isLT","toma****","말씀 쓰고 예수 닮다","CHATTING","2020-07-21T13:45:18","901000","False","2020-07-21T13:30:17","2026-05-21T13:10:28.413731+00:00"
"6003","13282110","0","9Mx5t","JOY","쓰고 담다 쓰고 닮아간다 제가 일 등","CHATTING","2020-07-21T13:45:20","903000","False","2020-07-21T13:30:17","2026-05-21T13:10:28.413731+00:00"
"6003","13282111","0","2zTSJ","혜진쓰다","댓글 달았어요^^","CHATTING","2020-07-21T13:45:22","905000","False","2020-07-21T13:30:17","2026-05-21T13:10:28.413731+00:00"
"6003","13282112","0","4sfRx","Sssseul","하나님의 말씀을 쓰고 마음을 담고 쓰고 하나님을 닮아가는","CHATTING","2020-07-21T13:45:23","906000","False","2020-07-21T13:30:17","2026-05-21T13:10:28.413731+00:00"
"6003","13282113","0","9Mx5t","JOY","조이 일등","CHATTING","2020-07-21T13:45:24","907000","False","2020-07-21T13:30:17","2026-05-21T13:10:28.413731+00:00"
"6003","13282114","0","Swzb","cocoma","제가 이등","CHATTING","2020-07-21T13:45:24","907000","False","2020-07-21T13:30:17","2026-05-21T13:10:28.413731+00:00"
"6003","13282115","0","bN0zV","테이블미디어","쓰고 마음담고 쓰고 닮아가느ㅏ","CHATTING","2020-07-21T13:45:25","908000","False","2020-07-21T13:30:17","2026-05-21T13:10:28.413731+00:00"
"6003","13282116","0","2ncA8","온담","쓰고 담으세요, 쓰고 닮아가세요","CHATTING","2020-07-21T13:45:25","908000","False","2020-07-21T13:30:17","2026-05-21T13:10:28.413731+00:00"
"6003","13282117","0","Swzb","cocoma","코코마 이등","CHATTING","2020-07-21T13:45:28","911000","False","2020-07-21T13:30:17","2026-05-21T13:10:28.413731+00:00"
"6003","13282118","0","NyQo","웃음소리","말씀을 쓰고 마음에 담다. 말씀을 쓰고 하나님을 (예수님을)닮아간다.","CHATTING","2020-07-21T13:45:35","918000","False","2020-07-21T13:30:17","2026-05-21T13:10:28.413731+00:00"
"6003","13282119","0","2di3i","Jacob87","하나님의 말씀을 쓰고 마음에 담다","CHATTING","2020-07-21T13:45:37","920000","False","2020-07-21T13:30:17","2026-05-21T13:10:28.413731+00:00"
"6003","13282120","0","9Mx5t","JOY","JOY 일등 JOY 일등 JOY 일등 JOY 일등 JOY 일등 JOY 일등 JOY 일등 JOY 일등 JOY 일등 JOY 일등 JOY 일등 JOY 일등 JOY 일등 JOY 일등","CHATTING","2020-07-21T13:45:44","927000","False","2020-07-21T13:30:17","2026-05-21T13:10:28.413731+00:00"
"6003","13282121","0","9Mx5t","JOY","JOY 일등 JOY 일등 JOY 일등 JOY 일등 JOY 일등 JOY 일등 JOY 일등 JOY 일등 JOY 일등 JOY 일등 JOY 일등 JOY 일등 JOY 일등 JOY 일등 JO","CHATTING","2020-07-21T13:45:51","934000","False","2020-07-21T13:30:17","2026-05-21T13:10:28.413731+00:00"
"6003","13282122","0","2ncA8","온담","쓰고 담으세요, 쓰고 닮아가세요!","CHATTING","2020-07-21T13:45:52","935000","False","2020-07-21T13:30:17","2026-05-21T13:10:28.413731+00:00"
"6003","13282123","0","3sCgd","ghyu****","JOY님 주라~ 일등이다~","CHATTING","2020-07-21T13:45:52","935000","False","2020-07-21T13:30:17","2026-05-21T13:10:28.413731+00:00"
"6003","13282124","0","13Kr5","nalb****","말씀을 쓰고 하나님 마음을담고","CHATTING","2020-07-21T13:45:53","936000","False","2020-07-21T13:30:17","2026-05-21T13:10:28.413731+00:00"
"6003","13282125","0","9Mx5t","JOY","ㅋㅋㅋㅋㅋㅋㅋㅋㅋㅋㅋㅋㅋㅋ","CHATTING","2020-07-21T13:45:56","939000","False","2020-07-21T13:30:17","2026-05-21T13:10:28.413731+00:00"
"6003","13282126","0","9Mx5t","JOY","JOY 일등 JOY 일등 JOY 일등 JOY 일등 JOY 일등 JOY 일등 JOY 일등","CHATTING","2020-07-21T13:46:02","945000","False","2020-07-21T13:30:17","2026-05-21T13:10:28.413731+00:00"
"6003","13282127","0","9Mx5t","JOY","JOY 일등 JOY 일등 JOY 일등 JOY 일등 JOY 일등 JOY 일등 JOY 일등 JOY 일등 JOY 일등 JOY 일등 JOY 일등 JOY 일등 JOY 일등 JOY 일등","CHATTING","2020-07-21T13:46:08","951000","False","2020-07-21T13:30:17","2026-05-21T13:10:28.413731+00:00"
"6003","13282128","0","13Kr5","nalb****","말씀을쓰고 하나님을 닮다~","CHATTING","2020-07-21T13:46:12","955000","False","2020-07-21T13:30:17","2026-05-21T13:10:28.413731+00:00"
"6003","13282129","0","2di3i","Jacob87","하나님의 말씀을 쓰고 하나님을 닮아가고 마음에 담는다","CHATTING","2020-07-21T13:46:13","956000","False","2020-07-21T13:30:17","2026-05-21T13:10:28.413731+00:00"
"6003","13282130","0","1isLT","toma****","말씀 쓰고 하나님 닮고","CHATTING","2020-07-21T13:46:16","959000","False","2020-07-21T13:30:17","2026-05-21T13:10:28.413731+00:00"
"6003","13282131","0","2di3i","Jacob87","하나님의 말씀을 쓰고 하나님을 닮아가고 마음에 담는다","CHATTING","2020-07-21T13:46:16","959000","False","2020-07-21T13:30:17","2026-05-21T13:10:28.413731+00:00"
"6003","13282132","0","13Kr5","nalb****","오~08","CHATTING","2020-07-21T13:46:18","961000","False","2020-07-21T13:30:17","2026-05-21T13:10:28.413731+00:00"
"6003","13282133","0","2di3i","Jacob87","하나님의 말씀을 쓰고 하나님을 닮아가고 마음에 담는다","CHATTING","2020-07-21T13:46:21","964000","False","2020-07-21T13:30:17","2026-05-21T13:10:28.413731+00:00"
"6003","13282134","0","2s6G2","그림이아빠","이거맞나요?","CHATTING","2020-07-21T13:46:21","964000","False","2020-07-21T13:30:17","2026-05-21T13:10:28.413731+00:00"
"6003","13282135","0","Swzb","cocoma","2등 코코마!!!!!","CHATTING","2020-07-21T13:46:22","965000","False","2020-07-21T13:30:17","2026-05-21T13:10:28.413731+00:00"
"6003","13282136","0","13Kr5","nalb****","네이버쇼핑 ㄱ ㄱ","CHATTING","2020-07-21T13:46:23","966000","False","2020-07-21T13:30:17","2026-05-21T13:10:28.413731+00:00"
"6003","13282137","0","2di3i","Jacob87","하나님의 말씀을 쓰고 하나님을 닮아가고 마음에 담는다","CHATTING","2020-07-21T13:46:25","968000","False","2020-07-21T13:30:17","2026-05-21T13:10:28.413731+00:00"
"6003","13282138","0","Swzb","cocoma","코코마 2등","CHATTING","2020-07-21T13:46:32","975000","False","2020-07-21T13:30:17","2026-05-21T13:10:28.413731+00:00"
"6003","13282139","0","2zTSJ","혜진쓰다","하나님의 말씀을 쓰고 하나님 마음을 담고 하나님의 말씀을 쓰고 하나님을 닮아간다 """"쓰담쓰닮""""","CHATTING","2020-07-21T13:46:33","976000","False","2020-07-21T13:30:17","2026-05-21T13:10:28.413731+00:00"
"6003","13282140","0","2di3i","Jacob87","하나님의 말씀을 쓰고 하나님을 닮아가고 마음에 담는다","CHATTING","2020-07-21T13:46:38","981000","False","2020-07-21T13:30:17","2026-05-21T13:10:28.413731+00:00"
"6003","13282141","0","9Mx5t","JOY","햇살콩 필사묵상노트 <쓰담쓰닮 요한복음> 쓰고 담다 쓰고 닮아가다 글.그림 햇살콩 김나단X김연선","CHATTING","2020-07-21T13:46:44","987000","False","2020-07-21T13:30:17","2026-05-21T13:10:28.413731+00:00"
"6003","13282142","0","13Kr5","nalb****","아이들도 좋아할것같아요","CHATTING","2020-07-21T13:46:53","996000","False","2020-07-21T13:30:17","2026-05-21T13:10:28.413731+00:00"
"6003","13282143","0","13Kr5","nalb****","선물하기 좋을것같네요~","CHATTING","2020-07-21T13:47:01","1004000","False","2020-07-21T13:30:17","2026-05-21T13:10:28.413731+00:00"
"6003","13282144","0","PH8r","여진구","서귀포에서 규장 갓피플 만나니 넘 좋아요^^","CHATTING","2020-07-21T13:47:56","1059000","False","2020-07-21T13:30:17","2026-05-21T13:10:28.413731+00:00"
"6003","13282145","0","2z82j","하하짱짱","우선은 이벤트를 기대하고~~ ㅋㅋㅋ","CHATTING","2020-07-21T13:48:06","1069000","False","2020-07-21T13:30:17","2026-05-21T13:10:28.413731+00:00"
"6003","13282146","0","13Kr5","nalb****","9살 딸이 좋아할것같아요~","CHATTING","2020-07-21T13:48:18","1081000","False","2020-07-21T13:30:17","2026-05-21T13:10:28.413731+00:00"
"6003","13282147","0","13Kr5","nalb****","요즘 암송하고있는데","CHATTING","2020-07-21T13:48:33","1096000","False","2020-07-21T13:30:17","2026-05-21T13:10:28.413731+00:00"
"6003","13282148","0","13Kr5","nalb****","말씀쓰기에도 도전해봐야겠네요~","CHATTING","2020-07-21T13:48:51","1114000","False","2020-07-21T13:30:17","2026-05-21T13:10:28.413731+00:00"
"6003","13282149","0","ch7YO","ari","책 구매했네요 반갑습니다과장님~^^","CHATTING","2020-07-21T13:48:53","1116000","False","2020-07-21T13:30:17","2026-05-21T13:10:28.413731+00:00"
"6003","13282150","0","1xDGr","하늘어린이","햇살콩책 넘 좋아요^^","CHATTING","2020-07-21T13:49:29","1152000","False","2020-07-21T13:30:17","2026-05-21T13:10:28.413731+00:00"
"6003","13282151","0","9Mx5t","JOY","서귀포에서도 라방 시청을 하시고 계신다니 신기하네요~~!","CHATTING","2020-07-21T13:49:43","1166000","False","2020-07-21T13:30:17","2026-05-21T13:10:28.413731+00:00"
"6003","13282152","0","5Nsi","따뜻한꽃","저 한글이에요. 닉네임","CHATTING","2020-07-21T13:50:38","1221000","False","2020-07-21T13:30:17","2026-05-21T13:10:28.413731+00:00"
"6003","13282153","0","2z82j","하하짱짱","우와, ㅊㅋㅊㅋ","CHATTING","2020-07-21T13:50:41","1224000","False","2020-07-21T13:30:17","2026-05-21T13:10:28.413731+00:00"
"6003","13282154","0","13Kr5","nalb****","joy님 축하합니다~","CHATTING","2020-07-21T13:50:45","1228000","False","2020-07-21T13:30:17","2026-05-21T13:10:28.413731+00:00"
"6003","13282155","0","2di3i","Jacob87","아.... 아쉽네요","CHATTING","2020-07-21T13:50:51","1234000","False","2020-07-21T13:30:17","2026-05-21T13:10:28.413731+00:00"
"6003","13282156","0","2di3i","Jacob87","저두 주세요","CHATTING","2020-07-21T13:50:57","1240000","False","2020-07-21T13:30:17","2026-05-21T13:10:28.413731+00:00"
"6003","13282157","0","5O9Fm","한국기독교출판협회","ㅊㅋㅊㅋㅊㅋ","CHATTING","2020-07-21T13:51:09","1252000","False","2020-07-21T13:30:17","2026-05-21T13:10:28.413731+00:00"
"6003","13282158","0","2di3i","Jacob87","1등만 주는....ㅜㅠ","CHATTING","2020-07-21T13:51:25","1268000","False","2020-07-21T13:30:17","2026-05-21T13:10:28.413731+00:00"
"6003","13282159","0","9Mx5t","JOY","오~!!!","CHATTING","2020-07-21T13:51:37","1280000","False","2020-07-21T13:30:17","2026-05-21T13:10:28.413731+00:00"
"6003","13282160","0","13Kr5","nalb****","오~","CHATTING","2020-07-21T13:51:43","1286000","False","2020-07-21T13:30:17","2026-05-21T13:10:28.413731+00:00"
"6003","13282161","0","9Mx5t","JOY","우와~~~~~~!!!!","CHATTING","2020-07-21T13:51:44","1287000","False","2020-07-21T13:30:17","2026-05-21T13:10:28.413731+00:00"
"6003","13282162","0","Swzb","cocoma","2등은요!!! 코코마","CHATTING","2020-07-21T13:51:47","1290000","False","2020-07-21T13:30:17","2026-05-21T13:10:28.413731+00:00"
"6003","13282163","0","9Mx5t","JOY","신난다~~~~!!!!!","CHATTING","2020-07-21T13:51:48","1291000","False","2020-07-21T13:30:17","2026-05-21T13:10:28.413731+00:00"
"6003","13282164","0","2egwD","사랑이야","오!!!","CHATTING","2020-07-21T13:51:51","1294000","False","2020-07-21T13:30:17","2026-05-21T13:10:28.413731+00:00"
"6003","13282165","0","9Mx5t","JOY","행복해요 ㅋㅋㅋㅋㅋㅋㅋ","CHATTING","2020-07-21T13:51:51","1294000","False","2020-07-21T13:30:17","2026-05-21T13:10:28.413731+00:00"
"6003","13282166","0","NyQo","웃음소리","짝짝짝!!","CHATTING","2020-07-21T13:51:57","1300000","False","2020-07-21T13:30:17","2026-05-21T13:10:28.413731+00:00"
"6003","13282167","0","9Mx5t","JOY","어떻게 받을 수 있나요???","CHATTING","2020-07-21T13:51:58","1301000","False","2020-07-21T13:30:17","2026-05-21T13:10:28.413731+00:00"
"6003","13282168","0","2di3i","Jacob87","일일이 한자한자 썼어요","CHATTING","2020-07-21T13:51:58","1301000","False","2020-07-21T13:30:17","2026-05-21T13:10:28.413731+00:00"
"6003","13282169","0","13Kr5","nalb****","제이콥87님 도 축하드려용","CHATTING","2020-07-21T13:52:01","1304000","False","2020-07-21T13:30:17","2026-05-21T13:10:28.413731+00:00"
"6003","13282170","0","2zTSJ","혜진쓰다","축하드려요 :)","CHATTING","2020-07-21T13:52:04","1307000","False","2020-07-21T13:30:17","2026-05-21T13:10:28.413731+00:00"
"6003","13282171","0","9Mx5t","JOY","저도 놀랬습니다!!!","CHATTING","2020-07-21T13:52:06","1309000","False","2020-07-21T13:30:17","2026-05-21T13:10:28.413731+00:00"
"6003","13282172","0","2di3i","Jacob87","감사합니다","CHATTING","2020-07-21T13:52:09","1312000","False","2020-07-21T13:30:17","2026-05-21T13:10:28.413731+00:00"
"6003","13282173","0","3k3dC","아혜","넘 좋은 책이네요 ㅠㅠ 조이님 야곱 팔칠님 👍🏻👍🏻","CHATTING","2020-07-21T13:52:13","1316000","False","2020-07-21T13:30:17","2026-05-21T13:10:28.413731+00:00"
"6003","13282174","0","Swzb","cocoma","조이님 부럽습니다","CHATTING","2020-07-21T13:52:21","1324000","False","2020-07-21T13:30:17","2026-05-21T13:10:28.413731+00:00"
"6003","13282175","0","376Gq","yesm****","사은품 넘 예쁘네요^^","CHATTING","2020-07-21T13:52:22","1325000","False","2020-07-21T13:30:17","2026-05-21T13:10:28.413731+00:00"
"6003","13282176","0","9Mx5t","JOY","매일 매일 햇살콩 거울보며 매일 매일 요한필사 하고 싶습니다~~~!","CHATTING","2020-07-21T13:52:25","1328000","False","2020-07-21T13:30:17","2026-05-21T13:10:28.413731+00:00"
"6003","13282177","0","13Kr5","nalb****","우후~","CHATTING","2020-07-21T13:52:29","1332000","False","2020-07-21T13:30:17","2026-05-21T13:10:28.413731+00:00"
"6003","13282178","0","1Y03c","gmld****","저도 끝까지 시청할게용 너무 예뻐요~~^^*","CHATTING","2020-07-21T13:52:32","1335000","False","2020-07-21T13:30:17","2026-05-21T13:10:28.413731+00:00"
"6003","13282179","0","2di3i","Jacob87","이얏호~ 감사합니다","CHATTING","2020-07-21T13:52:32","1335000","False","2020-07-21T13:30:17","2026-05-21T13:10:28.413731+00:00"
"6003","13282180","0","2z82j","하하짱짱","부럽부럽","CHATTING","2020-07-21T13:52:40","1343000","False","2020-07-21T13:30:17","2026-05-21T13:10:28.413731+00:00"
"6003","13282181","0","Swzb","cocoma","다음 퀴즈를 또 도전하겠습니다","CHATTING","2020-07-21T13:52:43","1346000","False","2020-07-21T13:30:17","2026-05-21T13:10:28.413731+00:00"
"6003","13282182","0","9Mx5t","JOY","코코마님도 타실 수 있습니다~~힘내세요!!","CHATTING","2020-07-21T13:52:43","1346000","False","2020-07-21T13:30:17","2026-05-21T13:10:28.413731+00:00"
"6003","13282183","0","1p0VU","face****","ㅠㅠ부럽","CHATTING","2020-07-21T13:52:49","1352000","False","2020-07-21T13:30:17","2026-05-21T13:10:28.413731+00:00"
"6003","13282184","0","Swzb","cocoma","헙 조이님 감사합니다","CHATTING","2020-07-21T13:52:50","1353000","False","2020-07-21T13:30:17","2026-05-21T13:10:28.413731+00:00"
"6003","13282185","0","9Mx5t","JOY","ㅋㅋㅋㅋㅋㅋㅋ","CHATTING","2020-07-21T13:52:56","1359000","False","2020-07-21T13:30:17","2026-05-21T13:10:28.414739+00:00"
"6003","13282186","0","1p0VU","face****","ㅋㅋㅋㅋ축하드려요","CHATTING","2020-07-21T13:53:01","1364000","False","2020-07-21T13:30:17","2026-05-21T13:10:28.414739+00:00"
"6003","13282187","0","5O9Fm","한국기독교출판협회","햇살콩책 너무 좋아요^^","CHATTING","2020-07-21T13:53:02","1365000","False","2020-07-21T13:30:17","2026-05-21T13:10:28.414739+00:00"
"6003","13282188","0","9Mx5t","JOY","전황연결???","CHATTING","2020-07-21T13:53:04","1367000","False","2020-07-21T13:30:17","2026-05-21T13:10:28.414739+00:00"
"6003","13282189","0","5O9Fm","한국기독교출판협회","필사노트 너무 기대됩니다","CHATTING","2020-07-21T13:53:14","1377000","False","2020-07-21T13:30:17","2026-05-21T13:10:28.414739+00:00"
"6003","13282190","0","5Nsi","따뜻한꽃","오오 저자 통화까지!","CHATTING","2020-07-21T13:53:16","1379000","False","2020-07-21T13:30:17","2026-05-21T13:10:28.414739+00:00"
"6003","13282191","0","9Mx5t","JOY","햇살콩 저자분들 목소리 듣고 싶어요!!!","CHATTING","2020-07-21T13:53:20","1383000","False","2020-07-21T13:30:17","2026-05-21T13:10:28.414739+00:00"
"6003","13282192","0","9Mx5t","JOY","진짜 신기하다~~!!","CHATTING","2020-07-21T13:53:24","1387000","False","2020-07-21T13:30:17","2026-05-21T13:10:28.414739+00:00"
"6003","13282193","0","13Kr5","nalb****","진짜요?","CHATTING","2020-07-21T13:53:24","1387000","False","2020-07-21T13:30:17","2026-05-21T13:10:28.414739+00:00"
"6003","13282194","0","13Kr5","nalb****","대박","CHATTING","2020-07-21T13:53:29","1392000","False","2020-07-21T13:30:17","2026-05-21T13:10:28.414739+00:00"
"6003","13282195","0","9Mx5t","JOY","헐....","CHATTING","2020-07-21T13:53:32","1395000","False","2020-07-21T13:30:17","2026-05-21T13:10:28.414739+00:00"
"6003","13282196","0","3k3dC","아혜","대박 목소리 들어보고파요... 꺄","CHATTING","2020-07-21T13:53:32","1395000","False","2020-07-21T13:30:17","2026-05-21T13:10:28.414739+00:00"
"6003","13282197","0","5O9Fm","한국기독교출판협회","우와~~~","CHATTING","2020-07-21T13:53:34","1397000","False","2020-07-21T13:30:17","2026-05-21T13:10:28.414739+00:00"
"6003","13282198","0","9Mx5t","JOY","12만명????","CHATTING","2020-07-21T13:53:35","1398000","False","2020-07-21T13:30:17","2026-05-21T13:10:28.414739+00:00"
"6003","13282199","0","1p0VU","face****","구독했어요!","CHATTING","2020-07-21T13:53:35","1398000","False","2020-07-21T13:30:17","2026-05-21T13:10:28.414739+00:00"
"6003","13282200","0","9Mx5t","JOY","이야....","CHATTING","2020-07-21T13:53:38","1401000","False","2020-07-21T13:30:17","2026-05-21T13:10:28.414739+00:00"
"6003","13282201","0","9Mx5t","JOY","그림 너무 예뻐요!!!","CHATTING","2020-07-21T13:53:53","1416000","False","2020-07-21T13:30:17","2026-05-21T13:10:28.414739+00:00"
"6003","13282202","0","9Mx5t","JOY","그림이 따듯하고 좋아요ㅠㅠ","CHATTING","2020-07-21T13:54:13","1436000","False","2020-07-21T13:30:17","2026-05-21T13:10:28.414739+00:00"
"6003","13282203","0","9Mx5t","JOY","톡톡이 뭔가요??","CHATTING","2020-07-21T13:54:26","1449000","False","2020-07-21T13:30:17","2026-05-21T13:10:28.414739+00:00"
"6003","13282204","0","1p0VU","face****","전화연결 제가 듀근듀근","CHATTING","2020-07-21T13:54:41","1464000","False","2020-07-21T13:30:17","2026-05-21T13:10:28.414739+00:00"
"6003","13282205","0","3k3dC","아혜","오오오오오 궁금한 점 *.*","CHATTING","2020-07-21T13:54:51","1474000","False","2020-07-21T13:30:17","2026-05-21T13:10:28.414739+00:00"
"6003","13282206","0","9Mx5t","JOY","햇샐캉뇜","CHATTING","2020-07-21T13:54:57","1480000","False","2020-07-21T13:30:17","2026-05-21T13:10:28.414739+00:00"
"6003","13282207","0","9Mx5t","JOY","햇살콩님","CHATTING","2020-07-21T13:55:05","1488000","False","2020-07-21T13:30:17","2026-05-21T13:10:28.414739+00:00"
"6003","13282208","0","9Mx5t","JOY","질문!!","CHATTING","2020-07-21T13:55:11","1494000","False","2020-07-21T13:30:17","2026-05-21T13:10:28.414739+00:00"
"6003","13282209","0","13Kr5","nalb****","1 글을 어느시간대에 주로 쓰시나요?","CHATTING","2020-07-21T13:55:19","1502000","False","2020-07-21T13:30:17","2026-05-21T13:10:28.414739+00:00"
"6003","13282210","0","9Mx5t","JOY","햇살콩님~~! 매일 매일 말씀 묵상하는 시간이 언제에요?","CHATTING","2020-07-21T13:55:37","1520000","False","2020-07-21T13:30:17","2026-05-21T13:10:28.414739+00:00"
"6003","13282211","0","9Mx5t","JOY","햇살콩님~~! 직장생활하다보면 아침에 출근하기 바쁘고 퇴근하면 밥먹고 쓰러져 자기 바쁜데....경건생활 어떻게 잘 할 수 있나요??","CHATTING","2020-07-21T13:56:12","1555000","False","2020-07-21T13:30:17","2026-05-21T13:10:28.414739+00:00"
"6003","13282212","0","2di3i","Jacob87","톡톡이 어디있나요?","CHATTING","2020-07-21T13:56:14","1557000","False","2020-07-21T13:30:17","2026-05-21T13:10:28.414739+00:00"
"6003","13282213","0","13Kr5","nalb****","2 두분은 안싸우시나요? 싸우시면 어떻게 푸시나요?","CHATTING","2020-07-21T13:56:20","1563000","False","2020-07-21T13:30:17","2026-05-21T13:10:28.414739+00:00"
"6003","13282214","0","9Mx5t","JOY","ㅋㅋㅋㅋㅋㅋㅋㅋㅋㅋ","CHATTING","2020-07-21T13:56:31","1574000","False","2020-07-21T13:30:17","2026-05-21T13:10:28.414739+00:00"
"6003","13282215","0","13Kr5","nalb****","ㅎ ㅎ ㅎ","CHATTING","2020-07-21T13:56:57","1600000","False","2020-07-21T13:30:17","2026-05-21T13:10:28.414739+00:00"
"6003","13282216","0","5Nsi","따뜻한꽃","햿살콩 필사노트는 요한복음만 있나요?","CHATTING","2020-07-21T13:57:15","1618000","False","2020-07-21T13:30:17","2026-05-21T13:10:28.414739+00:00"
"6003","13282217","0","9Mx5t","JOY","햇살콩님~~! 햇살콩님도 필사하시나요??","CHATTING","2020-07-21T13:57:27","1630000","False","2020-07-21T13:30:17","2026-05-21T13:10:28.414739+00:00"
"6003","13282218","0","2z82j","하하짱짱","주문하고 왔어용~~ ㅋㅋㅋ","CHATTING","2020-07-21T13:57:40","1643000","False","2020-07-21T13:30:17","2026-05-21T13:10:28.414739+00:00"
"6003","13282219","0","13Kr5","nalb****","제 질문이네요 ㅎ ㅎ ㅎ","CHATTING","2020-07-21T13:57:54","1657000","False","2020-07-21T13:30:17","2026-05-21T13:10:28.414739+00:00"
"6003","13282220","0","13Kr5","nalb****","날범생~이라고읽어주세용","CHATTING","2020-07-21T13:58:07","1670000","False","2020-07-21T13:30:17","2026-05-21T13:10:28.414739+00:00"
"6003","13282221","0","13Kr5","nalb****","ㅋ ㅋ ㅋ","CHATTING","2020-07-21T13:58:20","1683000","False","2020-07-21T13:30:17","2026-05-21T13:10:28.414739+00:00"
"6003","13282222","0","13Kr5","nalb****","ㅎㅎㅎ","CHATTING","2020-07-21T13:58:59","1722000","False","2020-07-21T13:30:17","2026-05-21T13:10:28.414739+00:00"
"6003","13282223","0","13Kr5","nalb****","또 질문 요한복음으로 하신이유는?","CHATTING","2020-07-21T13:59:20","1743000","False","2020-07-21T13:30:17","2026-05-21T13:10:28.414739+00:00"
"6003","13282224","0","5Nsi","따뜻한꽃","로마서 잠언 아래 책은 뭔가요?","CHATTING","2020-07-21T13:59:55","1778000","False","2020-07-21T13:30:17","2026-05-21T13:10:28.414739+00:00"
"6003","13282225","0","1p0VU","face****","저는 몰랐어요 ㅋㅋㅋ","CHATTING","2020-07-21T14:00:16","1799000","False","2020-07-21T13:30:17","2026-05-21T13:10:28.414739+00:00"
"6003","13282226","0","5Nsi","따뜻한꽃","19","CHATTING","2020-07-21T14:00:20","1803000","False","2020-07-21T13:30:17","2026-05-21T13:10:28.414739+00:00"
"6003","13282227","0","5Nsi","따뜻한꽃","15권 구입했어요. ㅎㅎ","CHATTING","2020-07-21T14:00:33","1816000","False","2020-07-21T13:30:17","2026-05-21T13:10:28.414739+00:00"
"6003","13282228","0","2zTSJ","혜진쓰다","혹시 햇살콩 저자 사인책도 판매계획 있으신가요~?","CHATTING","2020-07-21T14:00:40","1823000","False","2020-07-21T13:30:17","2026-05-21T13:10:28.414739+00:00"
"6003","13282229","0","2di3i","Jacob87","와~ 다이어리!!!","CHATTING","2020-07-21T14:00:59","1842000","False","2020-07-21T13:30:17","2026-05-21T13:10:28.414739+00:00"
"6003","13282230","0","Swzb","cocoma","다이어리두요? 우와!!!!!!!!","CHATTING","2020-07-21T14:01:03","1846000","False","2020-07-21T13:30:17","2026-05-21T13:10:28.414739+00:00"
"6003","13282232","0","Swzb","cocoma","너무 기대가됩니다!!!!","CHATTING","2020-07-21T14:01:11","1854000","False","2020-07-21T13:30:17","2026-05-21T13:10:28.414739+00:00"
"6003","13282233","0","5Nsi","따뜻한꽃","다이어리 기대됩니당!","CHATTING","2020-07-21T14:01:21","1864000","False","2020-07-21T13:30:17","2026-05-21T13:10:28.414739+00:00"
"6003","13282235","0","9Mx5t","JOY","햇살콩 다이어리 나오면 첫번째로 살래요~!!!","CHATTING","2020-07-21T14:02:32","1935000","False","2020-07-21T13:30:17","2026-05-21T13:10:28.414739+00:00"
"6003","13282236","0","9Mx5t","JOY","그림이랑 예쁜 캘리 마니 마니 넣어주세요~~!","CHATTING","2020-07-21T14:02:46","1949000","False","2020-07-21T13:30:17","2026-05-21T13:10:28.414739+00:00"
"6003","13282237","0","13Kr5","nalb****","오 다이어리 기대됩니당~","CHATTING","2020-07-21T14:02:53","1956000","False","2020-07-21T13:30:17","2026-05-21T13:10:28.414739+00:00"
"6003","13282238","0","9Mx5t","JOY","햇살콩 굿즈도 다양하게 나왔으면 좋겠어요~~!","CHATTING","2020-07-21T14:02:57","1960000","False","2020-07-21T13:30:17","2026-05-21T13:10:28.414739+00:00"
"6003","13282239","0","9Mx5t","JOY","햇살콩 매니아 !!!","CHATTING","2020-07-21T14:03:07","1970000","False","2020-07-21T13:30:17","2026-05-21T13:10:28.414739+00:00"
"6003","13282240","0","Swzb","cocoma","듣고싶어요 간증","CHATTING","2020-07-21T14:03:27","1990000","False","2020-07-21T13:30:17","2026-05-21T13:10:28.414739+00:00"
"6003","13282241","0","13Kr5","nalb****","햇살콩 책이 새신자에게 선물하기 좋아요~","CHATTING","2020-07-21T14:03:28","1991000","False","2020-07-21T13:30:17","2026-05-21T13:10:28.414739+00:00"
"6003","13282242","0","1p0VU","face****","듣고싶어요!!!ㅋㅋ","CHATTING","2020-07-21T14:03:38","2001000","False","2020-07-21T13:30:17","2026-05-21T13:10:28.414739+00:00"
"6003","13282243","0","3k3dC","아혜","너를 향한 나의 사랑에는 시간 제한이 없다...🥰","CHATTING","2020-07-21T14:04:10","2033000","False","2020-07-21T13:30:17","2026-05-21T13:10:28.414739+00:00"
"6003","13282244","0","1p0VU","face****","와 !!!! ㅠㅠ","CHATTING","2020-07-21T14:04:20","2043000","False","2020-07-21T13:30:17","2026-05-21T13:10:28.414739+00:00"
"6003","13282245","0","5Nsi","따뜻한꽃","홍과장님 사오정이신가요. ㅋㅋ","CHATTING","2020-07-21T14:05:32","2115000","False","2020-07-21T13:30:17","2026-05-21T13:10:28.414739+00:00"
"6003","13282246","0","2di3i","Jacob87","와~ 다이어리","CHATTING","2020-07-21T14:05:59","2142000","False","2020-07-21T13:30:17","2026-05-21T13:10:28.414739+00:00"
"6003","13282247","0","1p0VU","face****","와 생일선물로 햇살콩님을 ㅋㅋㅋ","CHATTING","2020-07-21T14:06:10","2153000","False","2020-07-21T13:30:17","2026-05-21T13:10:28.414739+00:00"
"6003","13282248","0","2di3i","Jacob87","스벅 다이어리 말고 이거 사야겠어요","CHATTING","2020-07-21T14:06:12","2155000","False","2020-07-21T13:30:17","2026-05-21T13:10:28.414739+00:00"
"6003","13282249","0","9Mx5t","JOY","저도 가족 중에 안 믿는 분이 계신데 선물하고 싶어요~~!","CHATTING","2020-07-21T14:06:32","2175000","False","2020-07-21T13:30:17","2026-05-21T13:10:28.414739+00:00"
"6003","13282250","0","13Kr5","nalb****","ㅎ ㅎ ㅎ","CHATTING","2020-07-21T14:06:35","2178000","False","2020-07-21T13:30:17","2026-05-21T13:10:28.414739+00:00"
"6003","13282251","0","5Nsi","따뜻한꽃","갑분토. ㅎㅎ","CHATTING","2020-07-21T14:06:40","2183000","False","2020-07-21T13:30:17","2026-05-21T13:10:28.414739+00:00"
"6003","13282252","0","13Kr5","nalb****","좋아요~","CHATTING","2020-07-21T14:07:12","2215000","False","2020-07-21T13:30:17","2026-05-21T13:10:28.414739+00:00"
"6003","13282253","0","Swzb","cocoma","책내용 너무 좋아요","CHATTING","2020-07-21T14:07:55","2258000","False","2020-07-21T13:30:17","2026-05-21T13:10:28.414739+00:00"
"6003","13282254","0","13Kr5","nalb****","읽어주세요~","CHATTING","2020-07-21T14:08:16","2279000","False","2020-07-21T13:30:17","2026-05-21T13:10:28.414739+00:00"
"6003","13282255","0","13Kr5","nalb****","네~","CHATTING","2020-07-21T14:08:22","2285000","False","2020-07-21T13:30:17","2026-05-21T13:10:28.414739+00:00"
"6003","13282256","0","9Mx5t","JOY","저도 마음이 연약해요...","CHATTING","2020-07-21T14:08:34","2297000","False","2020-07-21T13:30:17","2026-05-21T13:10:28.414739+00:00"
"6003","13282257","0","Swzb","cocoma","저두요","CHATTING","2020-07-21T14:08:59","2322000","False","2020-07-21T13:30:17","2026-05-21T13:10:28.414739+00:00"
"6003","13282258","0","9Mx5t","JOY","맞아요ㅠㅠ","CHATTING","2020-07-21T14:09:02","2325000","False","2020-07-21T13:30:17","2026-05-21T13:10:28.414739+00:00"
"6003","13282260","0","9Mx5t","JOY","사랑스럽지 않아요ㅠ","CHATTING","2020-07-21T14:09:11","2334000","False","2020-07-21T13:30:17","2026-05-21T13:10:28.414739+00:00"
"6003","13282261","0","9Mx5t","JOY","아멘!!!","CHATTING","2020-07-21T14:09:23","2346000","False","2020-07-21T13:30:17","2026-05-21T13:10:28.414739+00:00"
"6003","13282262","0","13Kr5","nalb****","좋아요","CHATTING","2020-07-21T14:09:38","2361000","False","2020-07-21T13:30:17","2026-05-21T13:10:28.414739+00:00"
"6003","13282263","0","2zTSJ","혜진쓰다","❣질문👉햇살콩 부부는 어떻게 만나 결혼하게 되셨는지 궁금해요 ^^","CHATTING","2020-07-21T14:09:39","2362000","False","2020-07-21T13:30:17","2026-05-21T13:10:28.414739+00:00"
"6003","13282264","0","9Mx5t","JOY","오~~~!","CHATTING","2020-07-21T14:09:59","2382000","False","2020-07-21T13:30:17","2026-05-21T13:10:28.414739+00:00"
"6003","13282265","0","9Mx5t","JOY","곁에 두고 늘 보면 좋겠네요!! 하나님의 때","CHATTING","2020-07-21T14:10:10","2393000","False","2020-07-21T13:30:17","2026-05-21T13:10:28.414739+00:00"
"6003","13282266","0","2s6G2","그림이아빠","햇살콩 저자분들이 가장 좋아하는 책 페이지가 궁금해요!","CHATTING","2020-07-21T14:10:25","2408000","False","2020-07-21T13:30:17","2026-05-21T13:10:28.414739+00:00"
"6003","13282267","0","2zTSJ","혜진쓰다","햇살콩 책 전부 가지고 있답니다👍","CHATTING","2020-07-21T14:10:38","2421000","False","2020-07-21T13:30:17","2026-05-21T13:10:28.414739+00:00"
"6003","13282268","0","13Kr5","nalb****","질문~요즘 어떤말씀을 묵상하고 계신가요?","CHATTING","2020-07-21T14:10:41","2424000","False","2020-07-21T13:30:17","2026-05-21T13:10:28.414739+00:00"
"6003","13282269","0","9Mx5t","JOY","햇살콩 말씀달력 갖고 싶어요~~~!","CHATTING","2020-07-21T14:10:50","2433000","False","2020-07-21T13:30:17","2026-05-21T13:10:28.414739+00:00"
"6003","13282270","0","2di3i","Jacob87","+연예스토리","CHATTING","2020-07-21T14:11:43","2486000","False","2020-07-21T13:30:17","2026-05-21T13:10:28.414739+00:00"
"6003","13282271","0","5Nsi","따뜻한꽃","말씀달력은 뭔가요?","CHATTING","2020-07-21T14:12:17","2520000","False","2020-07-21T13:30:17","2026-05-21T13:10:28.414739+00:00"
"6003","13282272","0","2di3i","Jacob87","영상통화로 연결되나요?","CHATTING","2020-07-21T14:12:31","2534000","False","2020-07-21T13:30:17","2026-05-21T13:10:28.414739+00:00"
"6003","13282273","0","5Nsi","따뜻한꽃","영상통화!","CHATTING","2020-07-21T14:12:53","2556000","False","2020-07-21T13:30:17","2026-05-21T13:10:28.414739+00:00"
"6003","13282274","0","9Mx5t","JOY","우와","CHATTING","2020-07-21T14:13:00","2563000","False","2020-07-21T13:30:17","2026-05-21T13:10:28.414739+00:00"
"6003","13282275","0","13Kr5","nalb****","오~","CHATTING","2020-07-21T14:13:01","2564000","False","2020-07-21T13:30:17","2026-05-21T13:10:28.414739+00:00"
"6003","13282276","0","2di3i","Jacob87","영상통화 ㄱㄱ","CHATTING","2020-07-21T14:13:05","2568000","False","2020-07-21T13:30:17","2026-05-21T13:10:28.414739+00:00"
"6003","13282277","0","9Mx5t","JOY","목소리 너무 멋져요~~!","CHATTING","2020-07-21T14:13:06","2569000","False","2020-07-21T13:30:17","2026-05-21T13:10:28.414739+00:00"
"6003","13282278","0","5Nsi","따뜻한꽃","전화 소리 작아요","CHATTING","2020-07-21T14:13:11","2574000","False","2020-07-21T13:30:17","2026-05-21T13:10:28.414739+00:00"
"6003","13282279","0","13Kr5","nalb****","샬롬~","CHATTING","2020-07-21T14:13:12","2575000","False","2020-07-21T13:30:17","2026-05-21T13:10:28.414739+00:00"
"6003","13282280","0","9Mx5t","JOY","샬롬~~~","CHATTING","2020-07-21T14:13:17","2580000","False","2020-07-21T13:30:17","2026-05-21T13:10:28.414739+00:00"
"6003","13282281","0","2di3i","Jacob87","볼륨 높여주세요","CHATTING","2020-07-21T14:13:29","2592000","False","2020-07-21T13:30:17","2026-05-21T13:10:28.414739+00:00"
"6003","13282282","0","9Mx5t","JOY","안녕하세요~~햇살콩부부님!","CHATTING","2020-07-21T14:13:37","2600000","False","2020-07-21T13:30:17","2026-05-21T13:10:28.414739+00:00"
"6003","13282283","0","9Mx5t","JOY","짝짝짞!!!!!","CHATTING","2020-07-21T14:13:52","2615000","False","2020-07-21T13:30:17","2026-05-21T13:10:28.414739+00:00"
"6003","13282284","0","9Mx5t","JOY","짝짞짞짞!!!!!","CHATTING","2020-07-21T14:13:58","2621000","False","2020-07-21T13:30:17","2026-05-21T13:10:28.414739+00:00"
"6003","13282285","0","2zTSJ","혜진쓰다","저자 사인회때 갔었는데~반갑습니다🤗","CHATTING","2020-07-21T14:13:59","2622000","False","2020-07-21T13:30:17","2026-05-21T13:10:28.414739+00:00"
"6003","13282286","0","2z82j","하하짱짱","우와~~~ 짝짝짝","CHATTING","2020-07-21T14:14:18","2641000","False","2020-07-21T13:30:17","2026-05-21T13:10:28.414739+00:00"
"6003","13282287","0","9Mx5t","JOY","몇시에 주무세요???","CHATTING","2020-07-21T14:14:59","2682000","False","2020-07-21T13:30:17","2026-05-21T13:10:28.414739+00:00"
"6003","13282288","0","13Kr5","nalb****","아기가있으시군요!","CHATTING","2020-07-21T14:15:19","2702000","False","2020-07-21T13:30:17","2026-05-21T13:10:28.414739+00:00"
"6003","13282289","0","13Kr5","nalb****","우와","CHATTING","2020-07-21T14:15:22","2705000","False","2020-07-21T13:30:17","2026-05-21T13:10:28.414739+00:00"
"6003","13282290","0","2z82j","하하짱짱","이궁, 힘드시겠네요...","CHATTING","2020-07-21T14:15:25","2708000","False","2020-07-21T13:30:17","2026-05-21T13:10:28.415242+00:00"
"6003","13282291","0","2z82j","하하짱짱","한참 이쁠때네요~~","CHATTING","2020-07-21T14:15:42","2725000","False","2020-07-21T13:30:17","2026-05-21T13:10:28.415242+00:00"
"6003","13282292","0","1p0VU","face****","ㅋㅋㅋㅋㅋㅋㅋ","CHATTING","2020-07-21T14:15:48","2731000","False","2020-07-21T13:30:17","2026-05-21T13:10:28.415242+00:00"
"6003","13282294","0","9Mx5t","JOY","헐~~~!","CHATTING","2020-07-21T14:16:23","2766000","False","2020-07-21T13:30:17","2026-05-21T13:10:28.415242+00:00"
"6003","13282295","0","13Kr5","nalb****","ㅎ ㅎ ㅎ","CHATTING","2020-07-21T14:16:26","2769000","False","2020-07-21T13:30:17","2026-05-21T13:10:28.415242+00:00"
"6003","13282296","0","9Mx5t","JOY","어떻게 안싸우죠???","CHATTING","2020-07-21T14:16:28","2771000","False","2020-07-21T13:30:17","2026-05-21T13:10:28.415242+00:00"
"6003","13282297","0","13Kr5","nalb****","ㅋ ㅋ ㅋ ㅋ","CHATTING","2020-07-21T14:16:37","2780000","False","2020-07-21T13:30:17","2026-05-21T13:10:28.415242+00:00"
"6003","13282298","0","9Mx5t","JOY","신기하다......","CHATTING","2020-07-21T14:16:39","2782000","False","2020-07-21T13:30:17","2026-05-21T13:10:28.415242+00:00"
"6003","13282299","0","1p0VU","face****","ㅋㅋㅋ저도 좀 ㅋㅋ","CHATTING","2020-07-21T14:16:55","2798000","False","2020-07-21T13:30:17","2026-05-21T13:10:28.415242+00:00"
"6003","13282300","0","13Kr5","nalb****","아기가 생기시고나서 어떠신가요?","CHATTING","2020-07-21T14:17:32","2835000","False","2020-07-21T13:30:17","2026-05-21T13:10:28.415242+00:00"
"6003","13282301","0","9Mx5t","JOY","우왕","CHATTING","2020-07-21T14:17:57","2860000","False","2020-07-21T13:30:17","2026-05-21T13:10:28.415242+00:00"
"6003","13282302","0","9Mx5t","JOY","헐!!!","CHATTING","2020-07-21T14:18:00","2863000","False","2020-07-21T13:30:17","2026-05-21T13:10:28.415242+00:00"
"6003","13282303","0","9Mx5t","JOY","영화같네요~!!!","CHATTING","2020-07-21T14:18:11","2874000","False","2020-07-21T13:30:17","2026-05-21T13:10:28.415242+00:00"
"6003","13282304","0","2z82j","하하짱짱","후광이... ㅎㅎ","CHATTING","2020-07-21T14:18:12","2875000","False","2020-07-21T13:30:17","2026-05-21T13:10:28.415242+00:00"
"6003","13282305","0","2zTSJ","혜진쓰다","😍와..!","CHATTING","2020-07-21T14:18:20","2883000","False","2020-07-21T13:30:17","2026-05-21T13:10:28.415242+00:00"
"6003","13282306","0","9Mx5t","JOY","5년!!","CHATTING","2020-07-21T14:18:31","2894000","False","2020-07-21T13:30:17","2026-05-21T13:10:28.415242+00:00"
"6003","13282307","0","9Mx5t","JOY","ㅋㅋㅋㅋㅋㅋㅋㅋㅋㅋㅋㅋㅋㅋ","CHATTING","2020-07-21T14:18:43","2906000","False","2020-07-21T13:30:17","2026-05-21T13:10:28.415242+00:00"
"6003","13282308","0","5Nsi","따뜻한꽃","지금 책 구입하면 사인해서 보내주시나요?","CHATTING","2020-07-21T14:19:04","2927000","False","2020-07-21T13:30:17","2026-05-21T13:10:28.415242+00:00"
"6003","13282311","0","9Mx5t","JOY","성경 66권 햇살콩 필사노트 다 나왔으면 좋겠어요~~~!","CHATTING","2020-07-21T14:19:22","2945000","False","2020-07-21T13:30:17","2026-05-21T13:10:28.415242+00:00"
"6003","13282312","0","2z82j","하하짱짱","그러면 정말 좋겠어요, 싸인!!!","CHATTING","2020-07-21T14:19:38","2961000","False","2020-07-21T13:30:17","2026-05-21T13:10:28.415242+00:00"
"6003","13282314","0","9Mx5t","JOY","질문~~!!!! 쓰담쓰닮 이름은 어떻게 짓게 된거에요??","CHATTING","2020-07-21T14:19:49","2972000","False","2020-07-21T13:30:17","2026-05-21T13:10:28.415242+00:00"
"6003","13282316","0","9Mx5t","JOY","기도하시면서 나온 책이군요~~!","CHATTING","2020-07-21T14:20:19","3002000","False","2020-07-21T13:30:17","2026-05-21T13:10:28.415242+00:00"
"6003","13282317","0","13Kr5","nalb****","너무좋네요~","CHATTING","2020-07-21T14:20:24","3007000","False","2020-07-21T13:30:17","2026-05-21T13:10:28.415242+00:00"
"6003","13282318","0","9Mx5t","JOY","계기를 듣게 되니 더욱 마음이 갑니다!!!","CHATTING","2020-07-21T14:20:27","3010000","False","2020-07-21T13:30:17","2026-05-21T13:10:28.415242+00:00"
"6003","13282319","0","1p0VU","face****","와!!! 더 깊이 책이 와 닿는 것 같아요^^*","CHATTING","2020-07-21T14:20:46","3029000","False","2020-07-21T13:30:17","2026-05-21T13:10:28.415242+00:00"
"6003","13282320","0","2z82j","하하짱짱","그러네요, 닮!!!","CHATTING","2020-07-21T14:20:50","3033000","False","2020-07-21T13:30:17","2026-05-21T13:10:28.415242+00:00"
"6003","13282321","0","13Kr5","nalb****","아하","CHATTING","2020-07-21T14:20:53","3036000","False","2020-07-21T13:30:17","2026-05-21T13:10:28.415242+00:00"
"6003","13282322","0","9Mx5t","JOY","오호!!","CHATTING","2020-07-21T14:20:54","3037000","False","2020-07-21T13:30:17","2026-05-21T13:10:28.415242+00:00"
"6003","13282324","0","9Mx5t","JOY","로마서 잠언 기대됩니다~~!","CHATTING","2020-07-21T14:20:59","3042000","False","2020-07-21T13:30:17","2026-05-21T13:10:28.415242+00:00"
"6003","13282325","0","9Mx5t","JOY","다이어리랑 햇살콩 슬리퍼, 햇살콩 탁상캘린더 이런 것도 나오면 정말 좋겠어요~~~!","CHATTING","2020-07-21T14:21:28","3071000","False","2020-07-21T13:30:17","2026-05-21T13:10:28.415242+00:00"
"6003","13282327","0","2z82j","하하짱짱","네네, 동감","CHATTING","2020-07-21T14:21:46","3089000","False","2020-07-21T13:30:17","2026-05-21T13:10:28.415242+00:00"
"6003","13282329","0","2z82j","하하짱짱","아멘~~~","CHATTING","2020-07-21T14:22:00","3103000","False","2020-07-21T13:30:17","2026-05-21T13:10:28.415242+00:00"
"6003","13282331","0","9Mx5t","JOY","햇살콩 휴대폰 케이스, 햇살콩 텀블러, 햇살콩 무릎담요, 햇살콩 달력, 햇살콩 휴지통, 햇살콩 가방, 이런 것 나왔으면 좋겠어요~~~!","CHATTING","2020-07-21T14:22:34","3137000","False","2020-07-21T13:30:17","2026-05-21T13:10:28.415242+00:00"
"6003","13282334","0","9Mx5t","JOY","유레카!!!","CHATTING","2020-07-21T14:22:43","3146000","False","2020-07-21T13:30:17","2026-05-21T13:10:28.415242+00:00"
"6003","13282335","0","9Mx5t","JOY","유레카 유레카","CHATTING","2020-07-21T14:22:48","3151000","False","2020-07-21T13:30:17","2026-05-21T13:10:28.415242+00:00"
"6003","13282336","0","9Mx5t","JOY","오~~~~!","CHATTING","2020-07-21T14:22:52","3155000","False","2020-07-21T13:30:17","2026-05-21T13:10:28.415242+00:00"
"6003","13282338","0","9Mx5t","JOY","샤워하다 영감을 받으신다","CHATTING","2020-07-21T14:22:57","3160000","False","2020-07-21T13:30:17","2026-05-21T13:10:28.415242+00:00"
"6003","13282339","0","1p0VU","face****","와!! 유레카!","CHATTING","2020-07-21T14:22:58","3161000","False","2020-07-21T13:30:17","2026-05-21T13:10:28.415242+00:00"
"6003","13282342","0","2z82j","하하짱짱","joy님, 아이디어 짱짱","CHATTING","2020-07-21T14:23:12","3175000","False","2020-07-21T13:30:17","2026-05-21T13:10:28.415242+00:00"
"6003","13282343","0","2zTSJ","혜진쓰다","👍👍👍👍👍","CHATTING","2020-07-21T14:23:15","3178000","False","2020-07-21T13:30:17","2026-05-21T13:10:28.415242+00:00"
"6003","13282344","0","2z82j","하하짱짱","ㅋㅋㅋ","CHATTING","2020-07-21T14:23:17","3180000","False","2020-07-21T13:30:17","2026-05-21T13:10:28.415242+00:00"
"6003","13282346","0","Swzb","cocoma","우와 조이님 최고","CHATTING","2020-07-21T14:23:30","3193000","False","2020-07-21T13:30:17","2026-05-21T13:10:28.415242+00:00"
"6003","13282347","0","9Mx5t","JOY","목욕재계","CHATTING","2020-07-21T14:23:31","3194000","False","2020-07-21T13:30:17","2026-05-21T13:10:28.415242+00:00"
"6003","13282348","0","9Mx5t","JOY","우와~~~!!","CHATTING","2020-07-21T14:23:34","3197000","False","2020-07-21T13:30:17","2026-05-21T13:10:28.415242+00:00"
"6003","13282349","0","Swzb","cocoma","정말 최고","CHATTING","2020-07-21T14:23:38","3201000","False","2020-07-21T13:30:17","2026-05-21T13:10:28.415242+00:00"
"6003","13282350","0","2di3i","Jacob87","기독교계의 아르키메데스","CHATTING","2020-07-21T14:23:39","3202000","False","2020-07-21T13:30:17","2026-05-21T13:10:28.415242+00:00"
"6003","13282351","0","2z82j","하하짱짱","우와~~~","CHATTING","2020-07-21T14:23:43","3206000","False","2020-07-21T13:30:17","2026-05-21T13:10:28.415242+00:00"
"6003","13282352","0","9Mx5t","JOY","ㅋㅋ더 있습니다!!!","CHATTING","2020-07-21T14:23:50","3213000","False","2020-07-21T13:30:17","2026-05-21T13:10:28.415242+00:00"
"6003","13282353","0","2z82j","하하짱짱","부탁드려요!!!","CHATTING","2020-07-21T14:23:55","3218000","False","2020-07-21T13:30:17","2026-05-21T13:10:28.415242+00:00"
"6003","13282354","0","2z82j","하하짱짱","앗싸~~~","CHATTING","2020-07-21T14:24:02","3225000","False","2020-07-21T13:30:17","2026-05-21T13:10:28.415242+00:00"
"6003","13282355","0","5Nsi","따뜻한꽃","와우!","CHATTING","2020-07-21T14:24:15","3238000","False","2020-07-21T13:30:17","2026-05-21T13:10:28.415242+00:00"
"6003","13282356","0","2di3i","Jacob87","와~~~~","CHATTING","2020-07-21T14:24:19","3242000","False","2020-07-21T13:30:17","2026-05-21T13:10:28.415242+00:00"
"6003","13282357","0","2di3i","Jacob87","이름까지","CHATTING","2020-07-21T14:24:22","3245000","False","2020-07-21T13:30:17","2026-05-21T13:10:28.415242+00:00"
"6003","13282358","0","2z82j","하하짱짱","너무 감사해요~~~","CHATTING","2020-07-21T14:24:32","3255000","False","2020-07-21T13:30:17","2026-05-21T13:10:28.415242+00:00"
"6003","13282359","0","5Nsi","따뜻한꽃","다음 라방때는 꼭 출연해주세용!","CHATTING","2020-07-21T14:24:36","3259000","False","2020-07-21T13:30:17","2026-05-21T13:10:28.415242+00:00"
"6003","13282360","0","9Mx5t","JOY","햇살콩굿즈제안: 실내화, 수저세트, 치약칫솔ㅛㅔ트, 담요, 휴지케이스, 연필, 도시락, 달력, 다이어리, 폰케이스, 마우스패드,쟁반컵파우치엽서편지지 세트아이폰이어폰케이스종이컵설교노","CHATTING","2020-07-21T14:24:39","3262000","False","2020-07-21T13:30:17","2026-05-21T13:10:28.415242+00:00"
"6003","13282361","0","1MfsA","tlsg****","ㅠㅠ 미리 구매 했는데 맴이 아픕니다 ㅜㅜ","CHATTING","2020-07-21T14:24:41","3264000","False","2020-07-21T13:30:17","2026-05-21T13:10:28.415242+00:00"
"6003","13282362","0","1p0VU","face****","대박!! 감사합니다!","CHATTING","2020-07-21T14:24:42","3265000","False","2020-07-21T13:30:17","2026-05-21T13:10:28.415242+00:00"
"6003","13282363","0","13Kr5","nalb****","ㅋ ㅋ","CHATTING","2020-07-21T14:24:53","3276000","False","2020-07-21T13:30:17","2026-05-21T13:10:28.415242+00:00"
"6003","13282364","0","5Nsi","따뜻한꽃","오오","CHATTING","2020-07-21T14:25:23","3306000","False","2020-07-21T13:30:17","2026-05-21T13:10:28.415242+00:00"
"6003","13282365","0","2di3i","Jacob87","영상통화 ㄱㄱ","CHATTING","2020-07-21T14:25:29","3312000","False","2020-07-21T13:30:17","2026-05-21T13:10:28.415242+00:00"
"6003","13282366","0","2z82j","하하짱짱","ㅋㅋㅋ 과장님 싸인, 넘웃겨요~~","CHATTING","2020-07-21T14:25:36","3319000","False","2020-07-21T13:30:17","2026-05-21T13:10:28.415242+00:00"
"6003","13282367","0","5Nsi","따뜻한꽃","예은이!","CHATTING","2020-07-21T14:25:39","3322000","False","2020-07-21T13:30:17","2026-05-21T13:10:28.415242+00:00"
"6003","13282368","0","1p0VU","face****","아쉬워요 ㅠㅠ","CHATTING","2020-07-21T14:25:41","3324000","False","2020-07-21T13:30:17","2026-05-21T13:10:28.415242+00:00"
"6003","13282369","0","2z82j","하하짱짱","아쉽다 ^^;;;","CHATTING","2020-07-21T14:25:58","3341000","False","2020-07-21T13:30:17","2026-05-21T13:10:28.415242+00:00"
"6003","13282370","0","5Nsi","따뜻한꽃","좋아요!","CHATTING","2020-07-21T14:26:09","3352000","False","2020-07-21T13:30:17","2026-05-21T13:10:28.415242+00:00"
"6003","13282371","0","3dtDo","둥글게둥글게","홍과장님! 짱 멋지세요!^^","CHATTING","2020-07-21T14:26:12","3355000","False","2020-07-21T13:30:17","2026-05-21T13:10:28.415242+00:00"
"6003","13282372","0","2z82j","하하짱짱","기획력 짱!!!","CHATTING","2020-07-21T14:26:18","3361000","False","2020-07-21T13:30:17","2026-05-21T13:10:28.415242+00:00"
"6003","13282375","0","2zTSJ","혜진쓰다","햇살콩","CHATTING","2020-07-21T14:27:14","3417000","False","2020-07-21T13:30:17","2026-05-21T13:10:28.415242+00:00"
"6003","13282376","0","2z82j","하하짱짱","햇살콩, 살살살, 콩콩콩!!! ㅋㅋㅋ","CHATTING","2020-07-21T14:27:39","3442000","False","2020-07-21T13:30:17","2026-05-21T13:10:28.415242+00:00"
"6003","13282377","0","1p0VU","face****","햇살보다 밝고 따뜻한 / 살가운 하나님의 음성 / 콩콩콩. 뛰는 내 마음 ㅋ","CHATTING","2020-07-21T14:27:41","3444000","False","2020-07-21T13:30:17","2026-05-21T13:10:28.415242+00:00"
"6003","13282378","0","2di3i","Jacob87","와우~","CHATTING","2020-07-21T14:28:10","3473000","False","2020-07-21T13:30:17","2026-05-21T13:10:28.415242+00:00"
"6003","13282379","0","2z82j","하하짱짱","왕~~~","CHATTING","2020-07-21T14:28:12","3475000","False","2020-07-21T13:30:17","2026-05-21T13:10:28.415242+00:00"
"6003","13282380","0","9Mx5t","JOY","라방 재밌다","CHATTING","2020-07-21T14:28:13","3476000","False","2020-07-21T13:30:17","2026-05-21T13:10:28.415242+00:00"
"6003","13282381","0","1Y03c","gmld****","햇:햇살같은 하나님의 말씀이살:살포시 다가와서 제 마음에 심기니콩: 콩닥콩닥 합니다♥","CHATTING","2020-07-21T14:28:14","3477000","False","2020-07-21T13:30:17","2026-05-21T13:10:28.415242+00:00"
"6003","13282382","0","2di3i","Jacob87","하나님의 말씀이~","CHATTING","2020-07-21T14:28:20","3483000","False","2020-07-21T13:30:17","2026-05-21T13:10:28.415242+00:00"
"6003","13282383","0","9Mx5t","JOY","뭐에요","CHATTING","2020-07-21T14:28:21","3484000","False","2020-07-21T13:30:17","2026-05-21T13:10:28.415242+00:00"
"6003","13282385","0","9Mx5t","JOY","삼행시 짓기??","CHATTING","2020-07-21T14:28:28","3491000","False","2020-07-21T13:30:17","2026-05-21T13:10:28.415242+00:00"
"6003","13282386","0","26y7F","비타민","햇: 햇빛처럼 피할 수 없는 주님이","CHATTING","2020-07-21T14:28:44","3507000","False","2020-07-21T13:30:17","2026-05-21T13:10:28.415242+00:00"
"6003","13282387","0","2z82j","하하짱짱","ㅋㅋㅋ","CHATTING","2020-07-21T14:28:46","3509000","False","2020-07-21T13:30:17","2026-05-21T13:10:28.415242+00:00"
"6003","13282388","0","9Mx5t","JOY","햇: 햇살이 따듯하게","CHATTING","2020-07-21T14:28:52","3515000","False","2020-07-21T13:30:17","2026-05-21T13:10:28.415242+00:00"
"6003","13282389","0","9Mx5t","JOY","살: 살을 태웁니다","CHATTING","2020-07-21T14:28:57","3520000","False","2020-07-21T13:30:17","2026-05-21T13:10:28.415242+00:00"
"6003","13282390","0","9Mx5t","JOY","콩: 콩콩 아파요","CHATTING","2020-07-21T14:29:04","3527000","False","2020-07-21T13:30:17","2026-05-21T13:10:28.415242+00:00"
"6003","13282392","0","1x2ua","qhrt****","햇","CHATTING","2020-07-21T14:29:28","3551000","False","2020-07-21T13:30:17","2026-05-21T13:10:28.415242+00:00"
"6003","13282393","0","2z82j","하하짱짱","이번엔, 저요!!!","CHATTING","2020-07-21T14:29:42","3565000","False","2020-07-21T13:30:17","2026-05-21T13:10:28.415242+00:00"
"6003","13282394","0","2z82j","하하짱짱","ㅋㅋㅋ","CHATTING","2020-07-21T14:29:44","3567000","False","2020-07-21T13:30:17","2026-05-21T13:10:28.415242+00:00"
"6003","13282395","0","9Mx5t","JOY","햇: 햇반 먹고 싶어요!살: 살구도 먹고 싶어요!콩: 콩도 먹고 싶어요!","CHATTING","2020-07-21T14:30:26","3609000","False","2020-07-21T13:30:17","2026-05-21T13:10:28.415242+00:00"
"6003","13282396","0","Swzb","cocoma","햇:햇살이 따갑다 살:살이 다 타들어간다 콩:콩덕분에 살았네","CHATTING","2020-07-21T14:30:29","3612000","False","2020-07-21T13:30:17","2026-05-21T13:10:28.415242+00:00"
"6003","13282397","0","1p0VU","face****","햇 : 햇살보다 밝고 따뜻한살가운 하나님의 음성 / 콩콩콩. 뛰는 내 마음 ㅋ","CHATTING","2020-07-21T14:30:30","3613000","False","2020-07-21T13:30:17","2026-05-21T13:10:28.415242+00:00"
"6003","13282398","0","2z82j","하하짱짱","택배비, 넘 웃겨여~~~","CHATTING","2020-07-21T14:30:34","3617000","False","2020-07-21T13:30:17","2026-05-21T13:10:28.415242+00:00"
"6003","13282399","0","9Mx5t","JOY","ㅋㅋㅋㅋㅋㅋㅋㅋㅋㅋㅋ\\","CHATTING","2020-07-21T14:30:35","3618000","False","2020-07-21T13:30:17","2026-05-21T13:10:28.415242+00:00"
"6003","13282400","0","9Mx5t","JOY","코코마님 엄청 웃겨욬ㅋㅋㅋ","CHATTING","2020-07-21T14:30:40","3623000","False","2020-07-21T13:30:17","2026-05-21T13:10:28.415242+00:00"
"6003","13282401","0","26y7F","비타민","햇: 햇빛처럼 피할 수 없는 주님이 살: 살포시 말씀으로 나를 키웁니다 콩 : 콩나물이 자라듯이","CHATTING","2020-07-21T14:30:43","3626000","False","2020-07-21T13:30:17","2026-05-21T13:10:28.415743+00:00"
"6003","13282402","0","13Kr5","nalb****","ㅋㅋㅋ","CHATTING","2020-07-21T14:30:47","3630000","False","2020-07-21T13:30:17","2026-05-21T13:10:28.415743+00:00"
"6003","13282403","0","3k3dC","아혜","ㅋㅋㅋㅋㅋㅋㅋ콩나물 자라듯이 ㅋㅋㅋ","CHATTING","2020-07-21T14:31:02","3645000","False","2020-07-21T13:30:17","2026-05-21T13:10:28.415743+00:00"
"6003","13282405","0","2z82j","하하짱짱","넵, 구매하고 왔찌용!!!","CHATTING","2020-07-21T14:31:09","3652000","False","2020-07-21T13:30:17","2026-05-21T13:10:28.415743+00:00"
"6003","13282408","0","2z82j","하하짱짱","오~~~ 좋네요!!!","CHATTING","2020-07-21T14:32:02","3705000","False","2020-07-21T13:30:17","2026-05-21T13:10:28.415743+00:00"
"6003","13282409","0","9Mx5t","JOY","햇: 햇살콩의 책들을 읽다보면 얼어붙은 나의 마음이","CHATTING","2020-07-21T14:32:09","3712000","False","2020-07-21T13:30:17","2026-05-21T13:10:28.415743+00:00"
"6003","13282410","0","9Mx5t","JOY","살: 살살 부드러워지는 것 같아요!","CHATTING","2020-07-21T14:32:15","3718000","False","2020-07-21T13:30:17","2026-05-21T13:10:28.415743+00:00"
"6003","13282412","0","9Mx5t","JOY","콩: 콩닥콩닥 하나님의 사랑이 마음 속에 피어난답니다!","CHATTING","2020-07-21T14:32:20","3723000","False","2020-07-21T13:30:17","2026-05-21T13:10:28.415743+00:00"
"6003","13282413","0","2z82j","하하짱짱","구매예약","CHATTING","2020-07-21T14:32:24","3727000","False","2020-07-21T13:30:17","2026-05-21T13:10:28.415743+00:00"
"6003","13282414","0","2zTSJ","혜진쓰다","햇살처럼 따뜻한 주님의 음성 / 살며시 제 마음에 다가와 / 콩닥콩닥 가슴이 뛰어 쓰담쓰닮 하고 싶어집니다❣","CHATTING","2020-07-21T14:32:24","3727000","False","2020-07-21T13:30:17","2026-05-21T13:10:28.415743+00:00"
"6003","13282415","0","Swzb","cocoma","조이님 1등","CHATTING","2020-07-21T14:32:26","3729000","False","2020-07-21T13:30:17","2026-05-21T13:10:28.415743+00:00"
"6003","13282417","0","9Mx5t","JOY","ㅋㅋㅋㅋㅋㅋㅋㅋㅋㅋㅋㅋㅋㅋㅋㅋ","CHATTING","2020-07-21T14:32:31","3734000","False","2020-07-21T13:30:17","2026-05-21T13:10:28.415743+00:00"
"6003","13282418","0","Swzb","cocoma","내마음속의 일등","CHATTING","2020-07-21T14:32:31","3734000","False","2020-07-21T13:30:17","2026-05-21T13:10:28.415743+00:00"
"6003","13282419","0","9Mx5t","JOY","ㅋㅋㅋㅋㅋㅋㅋㅋㅋㅋㅋㅋㅋ","CHATTING","2020-07-21T14:32:40","3743000","False","2020-07-21T13:30:17","2026-05-21T13:10:28.415743+00:00"
"6003","13282421","0","9Mx5t","JOY","코코마님 응원 감사합니다","CHATTING","2020-07-21T14:32:47","3750000","False","2020-07-21T13:30:17","2026-05-21T13:10:28.415743+00:00"
"6003","13282422","0","Swzb","cocoma","늘 응원하고있습니다","CHATTING","2020-07-21T14:32:56","3759000","False","2020-07-21T13:30:17","2026-05-21T13:10:28.415743+00:00"
"6003","13282423","0","9Mx5t","JOY","감사합니다 최곱니다~~!!","CHATTING","2020-07-21T14:33:10","3773000","False","2020-07-21T13:30:17","2026-05-21T13:10:28.415743+00:00"
"6003","13282424","0","9Mx5t","JOY","영주임님 너무 예쁘시고 목소리도 차분하고 쏙쏙 잘 들려요!!","CHATTING","2020-07-21T14:33:27","3790000","False","2020-07-21T13:30:17","2026-05-21T13:10:28.415743+00:00"
"6003","13282425","0","Swzb","cocoma","영주임님 너무 아름다우시네요","CHATTING","2020-07-21T14:33:38","3801000","False","2020-07-21T13:30:17","2026-05-21T13:10:28.415743+00:00"
"6003","13282426","0","Swzb","cocoma","얼굴도 마음도","CHATTING","2020-07-21T14:33:47","3810000","False","2020-07-21T13:30:17","2026-05-21T13:10:28.415743+00:00"
"6003","13282427","0","Swzb","cocoma","이렇게 아름다울수가....","CHATTING","2020-07-21T14:33:52","3815000","False","2020-07-21T13:30:17","2026-05-21T13:10:28.415743+00:00"
"6003","13282428","0","Swzb","cocoma","세상에","CHATTING","2020-07-21T14:33:54","3817000","False","2020-07-21T13:30:17","2026-05-21T13:10:28.415743+00:00"
"6003","13282430","0","9Mx5t","JOY","피부가 엄청 좋으세요~~!","CHATTING","2020-07-21T14:34:04","3827000","False","2020-07-21T13:30:17","2026-05-21T13:10:28.415743+00:00"
"6003","13282431","0","Swzb","cocoma","그러게요 햇살콩책을 읽으면 저렇게 아름다워지나봐요","CHATTING","2020-07-21T14:34:22","3845000","False","2020-07-21T13:30:17","2026-05-21T13:10:28.415743+00:00"
"6003","13282432","0","9Mx5t","JOY","ㅋㅋㅋㅋㅋㅋ","CHATTING","2020-07-21T14:34:26","3849000","False","2020-07-21T13:30:17","2026-05-21T13:10:28.415743+00:00"
"6003","13282433","0","Swzb","cocoma","그렇다면 저도....","CHATTING","2020-07-21T14:34:29","3852000","False","2020-07-21T13:30:17","2026-05-21T13:10:28.415743+00:00"
"6003","13282434","0","9Mx5t","JOY","그렇다면 저도 당장 읽어야겠습니다!!","CHATTING","2020-07-21T14:34:31","3854000","False","2020-07-21T13:30:17","2026-05-21T13:10:28.415743+00:00"
"6003","13282435","0","Swzb","cocoma","함께읽어요","CHATTING","2020-07-21T14:34:41","3864000","False","2020-07-21T13:30:17","2026-05-21T13:10:28.415743+00:00"
"6003","13282436","0","9Mx5t","JOY","당장 오늘부터 묵상하면 마음도 얼굴도 예뻐져야겠어요 ㅋㅋㅋㅋ","CHATTING","2020-07-21T14:34:47","3870000","False","2020-07-21T13:30:17","2026-05-21T13:10:28.415743+00:00"
"6003","13282437","0","2zTSJ","혜진쓰다","영주임님🧡은혜가 됩니다. 감사합니다~","CHATTING","2020-07-21T14:34:56","3879000","False","2020-07-21T13:30:17","2026-05-21T13:10:28.415743+00:00"
"6003","13282438","0","9Mx5t","JOY","코코마님 어디 사시는지는 몰라도 함께 묵상해요~~!","CHATTING","2020-07-21T14:35:07","3890000","False","2020-07-21T13:30:17","2026-05-21T13:10:28.415743+00:00"
"6003","13282439","0","9Mx5t","JOY","제것도 읽어주세요~~!!","CHATTING","2020-07-21T14:35:17","3900000","False","2020-07-21T13:30:17","2026-05-21T13:10:28.415743+00:00"
"6003","13282440","0","9Mx5t","JOY","조이조이조이조이","CHATTING","2020-07-21T14:35:19","3902000","False","2020-07-21T13:30:17","2026-05-21T13:10:28.415743+00:00"
"6003","13282441","0","2zTSJ","혜진쓰다","감사합니다^^","CHATTING","2020-07-21T14:35:57","3940000","False","2020-07-21T13:30:17","2026-05-21T13:10:28.415743+00:00"
"6003","13282443","0","13Kr5","nalb****","굳","CHATTING","2020-07-21T14:36:02","3945000","False","2020-07-21T13:30:17","2026-05-21T13:10:28.415743+00:00"
"6003","13282445","0","26y7F","비타민","우와! 읽어주셔서 감사합니다 ^^","CHATTING","2020-07-21T14:36:18","3961000","False","2020-07-21T13:30:17","2026-05-21T13:10:28.415743+00:00"
"6003","13282448","0","13Kr5","nalb****","은혜은혜됩니당","CHATTING","2020-07-21T14:36:31","3974000","False","2020-07-21T13:30:17","2026-05-21T13:10:28.415743+00:00"
"6003","13282449","0","4S6Gt","박루크","안녕하세요~~ㅎ","CHATTING","2020-07-21T14:36:45","3988000","False","2020-07-21T13:30:17","2026-05-21T13:10:28.415743+00:00"
"6003","13282450","0","1zcya","사랑맘","햇 햇빛처럼 내 인생에 빛이 되어 주신 주님","CHATTING","2020-07-21T14:36:57","4000000","False","2020-07-21T13:30:17","2026-05-21T13:10:28.415743+00:00"
"6003","13282452","0","9Mx5t","JOY","햇: 햇살콩 부부님!살: 살려주세요!콩: 콩콩 늘 이리 저리 마음이 치이는 세상 속에햇살콩님의 따듯한 묵상으로 주님을 향한 마음이 회복되도록도와주세요!","CHATTING","2020-07-21T14:37:01","4004000","False","2020-07-21T13:30:17","2026-05-21T13:10:28.415743+00:00"
"6003","13282454","0","2z82j","하하짱짱","잉잉잉, 삼행시 일번도 읽어주시지요~~~ ㅋㅋㅋ","CHATTING","2020-07-21T14:37:22","4025000","False","2020-07-21T13:30:17","2026-05-21T13:10:28.415743+00:00"
"6003","13282455","0","13Kr5","nalb****","새신자나 아직 주님을 모르는 사람에게 선물할수있는 그런책이 많았으면 좋겠다고 생각했는데","CHATTING","2020-07-21T14:37:56","4059000","False","2020-07-21T13:30:17","2026-05-21T13:10:28.415743+00:00"
"6003","13282458","0","13Kr5","nalb****","햇살콩님책들이 그렇네요~","CHATTING","2020-07-21T14:38:11","4074000","False","2020-07-21T13:30:17","2026-05-21T13:10:28.415743+00:00"
"6003","13282459","0","Swzb","cocoma","헉 너무 이뻐요","CHATTING","2020-07-21T14:38:32","4095000","False","2020-07-21T13:30:17","2026-05-21T13:10:28.415743+00:00"
"6003","13282461","0","2di3i","Jacob87","햇:햇살처럼 따스하고살:살포시 감싸주시는 주님의 말씀이콩: 콩나물이 자라나듯 매일 매일 주님의 자녀로 나를 키웁니다.","CHATTING","2020-07-21T14:38:47","4110000","False","2020-07-21T13:30:17","2026-05-21T13:10:28.415743+00:00"
"6003","13282462","0","2di3i","Jacob87","햇:햇살처럼 따스하고살:살포시 감싸주시는 주님의 말씀이콩: 콩나물이 자라나듯 매일 매일 주님의 자녀로 나를 키웁니다.","CHATTING","2020-07-21T14:38:54","4117000","False","2020-07-21T13:30:17","2026-05-21T13:10:28.415743+00:00"
"6003","13282463","0","2z82j","하하짱짱","앙~~~ 넘 이쁘요","CHATTING","2020-07-21T14:38:58","4121000","False","2020-07-21T13:30:17","2026-05-21T13:10:28.415743+00:00"
"6003","13282464","0","aD1ro","HS","우와","CHATTING","2020-07-21T14:39:07","4130000","False","2020-07-21T13:30:17","2026-05-21T13:10:28.415743+00:00"
"6003","13282465","0","aD1ro","HS","멋집니다~~","CHATTING","2020-07-21T14:39:16","4139000","False","2020-07-21T13:30:17","2026-05-21T13:10:28.415743+00:00"
"6003","13282470","0","26y7F","비타민","전 교회에 좋아하는 집사님 두 분께 벌써 선물했답니다^^ 다들 좋아하셨어요~^^","CHATTING","2020-07-21T14:39:30","4153000","False","2020-07-21T13:30:17","2026-05-21T13:10:28.415743+00:00"
"6003","13282471","0","Swzb","cocoma","여기저기 선물해야겠어요","CHATTING","2020-07-21T14:39:31","4154000","False","2020-07-21T13:30:17","2026-05-21T13:10:28.415743+00:00"
"6003","13282473","0","2z82j","하하짱짱","제지갑 다 털리네요 ㅠㅠ","CHATTING","2020-07-21T14:39:35","4158000","False","2020-07-21T13:30:17","2026-05-21T13:10:28.415743+00:00"
"6003","13282475","0","aD1ro","HS","365캘린더 최고에요~","CHATTING","2020-07-21T14:39:44","4167000","False","2020-07-21T13:30:17","2026-05-21T13:10:28.415743+00:00"
"6003","13282476","0","2z82j","하하짱짱","ㅋㅋㅋ","CHATTING","2020-07-21T14:39:46","4169000","False","2020-07-21T13:30:17","2026-05-21T13:10:28.415743+00:00"
"6003","13282477","0","Swzb","cocoma","흑흑 제지갑두요","CHATTING","2020-07-21T14:39:48","4171000","False","2020-07-21T13:30:17","2026-05-21T13:10:28.415743+00:00"
"6003","13282478","0","2z82j","하하짱짱","캭~~~","CHATTING","2020-07-21T14:39:58","4181000","False","2020-07-21T13:30:17","2026-05-21T13:10:28.415743+00:00"
"6003","13282479","0","Swzb","cocoma","10800원","CHATTING","2020-07-21T14:40:43","4226000","False","2020-07-21T13:30:17","2026-05-21T13:10:28.415743+00:00"
"6003","13282482","0","1MfsA","tlsg****","햇살 아래서 쓰담쓰닮을 쓰다보니 살며시 하나님의 사랑이 내 마음에 콩하고 찾아왔습니다","CHATTING","2020-07-21T14:41:30","4273000","False","2020-07-21T13:30:17","2026-05-21T13:10:28.415743+00:00"
"6003","13282485","0","2di3i","Jacob87","햇:햇살처럼 따스하고살:살포시 감싸주시는 주님의 말씀이콩: 콩나물이 자라나듯 매일 매일 주님의 자녀로 나를 키웁니다.","CHATTING","2020-07-21T14:41:38","4281000","False","2020-07-21T13:30:17","2026-05-21T13:10:28.415743+00:00"
"6003","13282486","0","13Kr5","nalb****","조이님 ㅎ ㅎ","CHATTING","2020-07-21T14:41:42","4285000","False","2020-07-21T13:30:17","2026-05-21T13:10:28.415743+00:00"
"6003","13282487","0","Swzb","cocoma","조이님!!!","CHATTING","2020-07-21T14:41:52","4295000","False","2020-07-21T13:30:17","2026-05-21T13:10:28.415743+00:00"
"6003","13282488","0","9Mx5t","JOY","조이조이조이","CHATTING","2020-07-21T14:41:55","4298000","False","2020-07-21T13:30:17","2026-05-21T13:10:28.415743+00:00"
"6003","13282489","0","2z82j","하하짱짱","조이님, 짱!!!","CHATTING","2020-07-21T14:41:57","4300000","False","2020-07-21T13:30:17","2026-05-21T13:10:28.415743+00:00"
"6003","13282491","0","9Mx5t","JOY","ㅋㅋㅋㅋㅋㅋㅋㅋㅋㅋㅋㅋㅋㅋ","CHATTING","2020-07-21T14:42:01","4304000","False","2020-07-21T13:30:17","2026-05-21T13:10:28.415743+00:00"
"6003","13282492","0","Swzb","cocoma","정말 짱이십니다","CHATTING","2020-07-21T14:42:02","4305000","False","2020-07-21T13:30:17","2026-05-21T13:10:28.415743+00:00"
"6003","13282493","0","13Kr5","nalb****","ㅎ ㅎ","CHATTING","2020-07-21T14:42:03","4306000","False","2020-07-21T13:30:17","2026-05-21T13:10:28.415743+00:00"
"6003","13282494","0","Swzb","cocoma","와","CHATTING","2020-07-21T14:42:04","4307000","False","2020-07-21T13:30:17","2026-05-21T13:10:28.415743+00:00"
"6003","13282495","0","9Mx5t","JOY","와아아아아아아","CHATTING","2020-07-21T14:42:07","4310000","False","2020-07-21T13:30:17","2026-05-21T13:10:28.415743+00:00"
"6003","13282496","0","9Mx5t","JOY","와아아아아아~~~~~~!","CHATTING","2020-07-21T14:42:10","4313000","False","2020-07-21T13:30:17","2026-05-21T13:10:28.415743+00:00"
"6003","13282497","0","13Kr5","nalb****","좋아요~","CHATTING","2020-07-21T14:42:10","4313000","False","2020-07-21T13:30:17","2026-05-21T13:10:28.415743+00:00"
"6003","13282498","0","9Mx5t","JOY","우와~~~~~!!!!!","CHATTING","2020-07-21T14:42:13","4316000","False","2020-07-21T13:30:17","2026-05-21T13:10:28.415743+00:00"
"6003","13282499","0","9Mx5t","JOY","행복합니다~~~~~~~","CHATTING","2020-07-21T14:42:17","4320000","False","2020-07-21T13:30:17","2026-05-21T13:10:28.415743+00:00"
"6003","13282500","0","9Mx5t","JOY","신난다~~~~!!!!!!!","CHATTING","2020-07-21T14:42:21","4324000","False","2020-07-21T13:30:17","2026-05-21T13:10:28.415743+00:00"
"6003","13282501","0","2z82j","하하짱짱","부러워요~~~","CHATTING","2020-07-21T14:42:27","4330000","False","2020-07-21T13:30:17","2026-05-21T13:10:28.415743+00:00"
"6003","13282502","0","9Mx5t","JOY","우와~~~~~!!!!!","CHATTING","2020-07-21T14:42:32","4335000","False","2020-07-21T13:30:17","2026-05-21T13:10:28.415743+00:00"
"6003","13282503","0","9Mx5t","JOY","이런 이벤트 재밌고 좋으네요~~~!!","CHATTING","2020-07-21T14:42:42","4345000","False","2020-07-21T13:30:17","2026-05-21T13:10:28.415743+00:00"
"6003","13282504","0","Swzb","cocoma","라이브방송 자주 해주세요","CHATTING","2020-07-21T14:42:50","4353000","False","2020-07-21T13:30:17","2026-05-21T13:10:28.415743+00:00"
"6003","13282506","0","9Mx5t","JOY","이것은 제 지인이 지은 삼행시 입니다 ㅋㅋㅋ햇: 햇!! 나 귀엽지? 살: 살벌하게 귀엽지? 콩: 콩나물 밥","CHATTING","2020-07-21T14:43:15","4378000","False","2020-07-21T13:30:17","2026-05-21T13:10:28.415743+00:00"
"6003","13282507","0","Swzb","cocoma","조이님 지인분들도 최고","CHATTING","2020-07-21T14:43:43","4406000","False","2020-07-21T13:30:17","2026-05-21T13:10:28.415743+00:00"
"6003","13282508","0","9Mx5t","JOY","ㅋㅋㅋㅋㅋㅋㅋ","CHATTING","2020-07-21T14:44:02","4425000","False","2020-07-21T13:30:17","2026-05-21T13:10:28.415743+00:00"
"6003","13282511","0","2di3i","Jacob87","https://sns.godpeople.com/106877","CHATTING","2020-07-21T14:45:01","4484000","False","2020-07-21T13:30:17","2026-05-21T13:10:28.415743+00:00"
"6003","13282513","0","2di3i","Jacob87","8일간 무료","CHATTING","2020-07-21T14:45:20","4503000","False","2020-07-21T13:30:17","2026-05-21T13:10:28.415743+00:00"
"6003","13282514","0","VmUF","SunnyBean","갓피플 성경 너무 좋아요❤️ 매일 쓰고 있어요🤲🏻","CHATTING","2020-07-21T14:45:30","4513000","False","2020-07-21T13:30:17","2026-05-21T13:10:28.415743+00:00"
"6003","13282517","0","13Kr5","nalb****","오~좋아요","CHATTING","2020-07-21T14:45:49","4532000","False","2020-07-21T13:30:17","2026-05-21T13:10:28.415743+00:00"
"6003","13282518","0","Swzb","cocoma","오","CHATTING","2020-07-21T14:45:52","4535000","False","2020-07-21T13:30:17","2026-05-21T13:10:28.415743+00:00"
"6003","13282519","0","Swzb","cocoma","갓피플 최고","CHATTING","2020-07-21T14:45:56","4539000","False","2020-07-21T13:30:17","2026-05-21T13:10:28.415743+00:00"
"6003","13282521","0","2z82j","하하짱짱","라이브 들어오기전에 벌써~~~","CHATTING","2020-07-21T14:46:03","4546000","False","2020-07-21T13:30:17","2026-05-21T13:10:28.415743+00:00"
"6003","13282522","0","2z82j","하하짱짱","ㅋㅋㅋ","CHATTING","2020-07-21T14:46:08","4551000","False","2020-07-21T13:30:17","2026-05-21T13:10:28.415743+00:00"
"6003","13282525","0","9Mx5t","JOY","요한복음 필사 챌린지","CHATTING","2020-07-21T14:46:41","4584000","False","2020-07-21T13:30:17","2026-05-21T13:10:28.415743+00:00"
"6003","13282526","0","9Mx5t","JOY","필사 챌린지 해요~~!","CHATTING","2020-07-21T14:46:46","4589000","False","2020-07-21T13:30:17","2026-05-21T13:10:28.415743+00:00"
"6003","13282527","0","13Kr5","nalb****","라이브방송도 어디서 광고하고 어떻게 접속하는지 알려주세요~저는페이스북으로 들어왔는데요~","CHATTING","2020-07-21T14:47:03","4606000","False","2020-07-21T13:30:17","2026-05-21T13:10:28.415743+00:00"
"6003","13282528","0","13Kr5","nalb****","우연히들어왔는데 넘좋네요 감사~","CHATTING","2020-07-21T14:47:30","4633000","False","2020-07-21T13:30:17","2026-05-21T13:10:28.415743+00:00"
"6003","13282530","0","NyQo","웃음소리","라방 주변에 알려주고싶은데 접속 방법 좀 알려주세요~","CHATTING","2020-07-21T14:47:43","4646000","False","2020-07-21T13:30:17","2026-05-21T13:10:28.415743+00:00"
"6003","13282531","0","2z82j","하하짱짱","저도 갓피플몰에서~~~","CHATTING","2020-07-21T14:48:24","4687000","False","2020-07-21T13:30:17","2026-05-21T13:10:28.415743+00:00"
"6003","13282534","0","13Kr5","nalb****","감사해요","CHATTING","2020-07-21T14:50:12","4795000","False","2020-07-21T13:30:17","2026-05-21T13:10:28.415743+00:00"
"6003","13282535","0","NyQo","웃음소리","아하!! 감사합니다","CHATTING","2020-07-21T14:50:31","4814000","False","2020-07-21T13:30:17","2026-05-21T13:10:28.415743+00:00"
"6003","13282537","0","2z82j","하하짱짱","라방 너무 좋아요 *^^*","CHATTING","2020-07-21T14:51:00","4843000","False","2020-07-21T13:30:17","2026-05-21T13:10:28.416242+00:00"
"6003","13282538","0","2di3i","Jacob87","와아~ 자세하게 책 내지 보여주셔서 좋네요","CHATTING","2020-07-21T14:51:03","4846000","False","2020-07-21T13:30:17","2026-05-21T13:10:28.416242+00:00"
"6003","13282543","0","1p0VU","face****","잠깐의 내용이지만 마음을 울리네요 ㅠ","CHATTING","2020-07-21T14:55:40","5123000","False","2020-07-21T13:30:17","2026-05-21T13:10:28.416242+00:00"
"6003","13282544","0","2zTSJ","혜진쓰다","책 하나하나 너무너무 좋네요💕","CHATTING","2020-07-21T14:56:50","5193000","False","2020-07-21T13:30:17","2026-05-21T13:10:28.416242+00:00"
"6003","13282545","0","26y7F","비타민","방금 7권 전체세트 구매했습니다^^","CHATTING","2020-07-21T14:57:22","5225000","False","2020-07-21T13:30:17","2026-05-21T13:10:28.416242+00:00"
"6003","13282554","0","26y7F","비타민","우와!!! 감사합니다 ^----^","CHATTING","2020-07-21T15:01:20","5463000","False","2020-07-21T13:30:17","2026-05-21T13:10:28.416242+00:00"
"6003","13282557","0","2zTSJ","혜진쓰다","감사합니다😊","CHATTING","2020-07-21T15:01:31","5474000","False","2020-07-21T13:30:17","2026-05-21T13:10:28.416242+00:00"
"6003","13282647","0","13Kr5","nalb****","기대할께용~","CHATTING","2020-07-21T15:04:02","5625000","False","2020-07-21T13:30:17","2026-05-21T13:10:28.416242+00:00"
"6003","13282654","0","aD1ro","HS","캘린더 예뻐서 구매합니다♡","CHATTING","2020-07-21T15:04:19","5642000","False","2020-07-21T13:30:17","2026-05-21T13:10:28.416242+00:00"
"6003","13282665","0","26y7F","비타민","말씀을 쓰고 마음에 담고 말씀을 쓰고 닮아가는 하루 되겠습니다 ^^ 감사합니다 ^^","CHATTING","2020-07-21T15:04:32","5655000","False","2020-07-21T13:30:17","2026-05-21T13:10:28.416242+00:00"
"6003","13282672","0","aD1ro","HS","너무 좋고 유익한 라방 감사합니다 🙏","CHATTING","2020-07-21T15:04:40","5663000","False","2020-07-21T13:30:17","2026-05-21T13:10:28.416242+00:00"
"6003","13282678","0","aD1ro","HS","번창하세요","CHATTING","2020-07-21T15:04:44","5667000","False","2020-07-21T13:30:17","2026-05-21T13:10:28.416242+00:00"
"6003","13282697","0","aD1ro","HS","방송 다양한 제품으로 많이 해주세요~~","CHATTING","2020-07-21T15:05:03","5686000","False","2020-07-21T13:30:17","2026-05-21T13:10:28.416242+00:00"
"6003","13282701","0","aD1ro","HS","기대합니다!","CHATTING","2020-07-21T15:05:09","5692000","False","2020-07-21T13:30:17","2026-05-21T13:10:28.416242+00:00"
"6003","13282716","0","aD1ro","HS","두분 방송 너무 좋습니다","CHATTING","2020-07-21T15:05:22","5705000","False","2020-07-21T13:30:17","2026-05-21T13:10:28.416242+00:00"
"6003","13282725","0","aD1ro","HS","진행도 잘하시고~~~~","CHATTING","2020-07-21T15:05:31","5714000","False","2020-07-21T13:30:17","2026-05-21T13:10:28.416242+00:00"
"6003","13282729","0","aD1ro","HS","최고 👍","CHATTING","2020-07-21T15:05:37","5720000","False","2020-07-21T13:30:17","2026-05-21T13:10:28.416242+00:00"
"6003","13282743","0","aD1ro","HS","감사합니다","CHATTING","2020-07-21T15:05:59","5742000","False","2020-07-21T13:30:17","2026-05-21T13:10:28.416242+00:00"
