broadcaster_id,owner_id,name,account_no,profile_url,channel_url,grade,description,crawled_at
100121894,39468,리 빙 드 림,100109947,http://shop1.phinf.naver.net/20250316_172/1742119611775t9gyt_PNG/5108680906497267_2035121987.png,https://shoppinglive.naver.com/channels/39468,GRADE_2,,2026-05-20T15:21:23.781179+00:00
101833580,178005,필수템샵,101735681,http://shop1.phinf.naver.net/20240606_77/1717666160738DSJiE_JPEG/118802003443731816_40416920.jpg,https://shoppinglive.naver.com/channels/178005,GRADE_2,,2026-05-20T15:21:23.781179+00:00
101649244,105298,뽀하얀,101557827,http://shop1.phinf.naver.net/20230207_261/1675759898663lwhrb_JPEG/76895797365156206_1489082613.jpg,https://shoppinglive.naver.com/channels/105298,GRADE_2,,2026-05-20T15:21:23.781179+00:00
101541646,263881,BASIC STORE,101453462,http://shop1.phinf.naver.net/20260426_155/1777134361624AhVkA_PNG/59212554068344752_1021914720.png,https://shoppinglive.naver.com/channels/263881,GRADE_1,,2026-05-20T15:21:23.781179+00:00
101157878,93634,네일장터,101084057,http://shop1.phinf.naver.net/20230422_265/1682133089842UcEFW_JPEG/83268923662526445_1262929625.jpg,https://shoppinglive.naver.com/channels/93634,GRADE_2,,2026-05-20T15:21:23.781179+00:00
101471796,87905,제니마켓S,101386335,http://shop1.phinf.naver.net/20220710_87/1657457469697t8oCV_PNG/58593253414390977_1739137547.png,https://shoppinglive.naver.com/channels/87905,GRADE_2,,2026-05-20T15:21:23.781179+00:00
500057216,16071,라플레르-LAFLEUR,500057216,http://shop1.phinf.naver.net/20200403_257/1585883335640CWfs2_PNG/23245669212840840_1881733391.png,https://shoppinglive.naver.com/channels/16071,GRADE_2,,2026-05-20T15:21:23.781179+00:00
100087535,23368,퓨어포레,500142186,http://shop1.phinf.naver.net/20220831_95/1661909124905qjibz_PNG/63044959733771305_153264019.png,https://shoppinglive.naver.com/channels/23368,GRADE_1,,2026-05-20T15:21:23.781179+00:00
100978830,66741,BlueCell,100912200,http://shop1.phinf.naver.net/20210118_178/1610949210099IR07D_JPEG/12085043914665775_1744348784.jpg,https://shoppinglive.naver.com/channels/66741,GRADE_2,,2026-05-20T15:21:28.028480+00:00
101385073,129840,브링그린,101302410,http://shop1.phinf.naver.net/20230711_220/1689036647713n9yxj_JPEG/90172536417620629_1679119721.jpg,https://shoppinglive.naver.com/channels/129840,GRADE_3,,2026-05-20T15:21:28.028480+00:00
100580888,56887,에스트라,100530725,http://shop1.phinf.naver.net/20200406_118/1586141985312AS3tK_PNG/23501819862777993_1497924692.PNG,https://shoppinglive.naver.com/channels/56887,GRADE_3,,2026-05-20T15:21:28.028480+00:00
100189220,44074,썸블라썸,100169956,http://shop1.phinf.naver.net/20240326_263/1711417320029OxAom_JPEG/112553162727928300_4608320.jpg,https://shoppinglive.naver.com/channels/44074,GRADE_2,,2026-05-20T15:21:28.028480+00:00
100217487,89354,BPH화장품,100195340,http://shop1.phinf.naver.net/20220613_125/1655130260607Xdx9u_JPEG/56266094424760404_1704744224.jpg,https://shoppinglive.naver.com/channels/89354,GRADE_2,,2026-05-20T15:21:28.028480+00:00
100623620,73404,스노우화이트뷰티,100571313,http://shop1.phinf.naver.net/20210415_75/1618423336151goXva_JPEG/19559178865540939_1289661643.jpg,https://shoppinglive.naver.com/channels/73404,GRADE_2,,2026-05-20T15:21:28.028480+00:00
100770418,62271,설화수,100711926,http://shop1.phinf.naver.net/20230314_163/1678757542151mYrnR_PNG/6060226019320699_454623478.png,https://shoppinglive.naver.com/channels/62271,GRADE_3,,2026-05-20T15:21:28.028480+00:00
101959130,152110,닥터토비아 Dr.Tobia,101856867,http://shop1.phinf.naver.net/20260114_204/1768378886685qsRbz_JPEG/47964804117165837_592570467.jpg,https://shoppinglive.naver.com/channels/152110,GRADE_2,,2026-05-20T15:21:28.028480+00:00
1100009594,262341,엘리먼트랩,1100009412,http://shop1.phinf.naver.net/20260213_297/1770965224103YYLgg_JPEG/21525997989856970_1849320887.jpg,https://shoppinglive.naver.com/channels/262341,GRADE_2,,2026-05-20T15:21:29.013144+00:00
500071277,17341,아빠비누,500071277,http://shop1.phinf.naver.net/20210708_282/1625750708624mncba_PNG/26886597330602125_2141501071.png,https://shoppinglive.naver.com/channels/17341,GRADE_1,,2026-05-20T15:21:29.013144+00:00
100880140,59976,아리따움 모현배산점,100817383,http://shop1.phinf.naver.net/20201227_210/1609044769695MozBH_PNG/10180553206040446_2109031519.png,https://shoppinglive.naver.com/channels/59976,GRADE_2,,2026-05-20T15:21:29.013144+00:00
100754913,62270,한율,100696922,http://shop1.phinf.naver.net/20200518_172/1589776316339047z6_JPEG/27136150886466585_1057264649.jpg,https://shoppinglive.naver.com/channels/62270,GRADE_3,,2026-05-20T15:21:29.013144+00:00
100617876,57782,VARI:HOPE,100565802,http://shop1.phinf.naver.net/20250611_256/1749629861447q1SAA_JPEG/3717963583564031_410684556.jpg,https://shoppinglive.naver.com/channels/57782,GRADE_3,,2026-05-20T15:21:29.013144+00:00
100960111,62163,아이오페,100894209,http://shop1.phinf.naver.net/20201110_101/1604980381788Yz1hv_JPEG/6116227498507417_1607056781.jpg,https://shoppinglive.naver.com/channels/62163,GRADE_3,,2026-05-20T15:21:29.013144+00:00
101085110,64952,이자녹스,101014146,http://shop1.phinf.naver.net/20210209_37/16128476711343dyeb_PNG/13983516848518795_1071609056.png,https://shoppinglive.naver.com/channels/64952,GRADE_3,,2026-05-20T15:21:29.013144+00:00
500249145,31534,마르시끄,500249145,http://shop1.phinf.naver.net/20201023_249/1603419558897jEIlD_JPEG/4555404613763345_278542166.jpg,https://shoppinglive.naver.com/channels/31534,GRADE_1,,2026-05-20T15:21:29.013144+00:00
100300199,89661,백억언니,100270126,http://shop1.phinf.naver.net/20241227_177/1735260543122ONdXF_PNG/83791798933024509_1578621550.png,https://shoppinglive.naver.com/channels/89661,GRADE_2,,2026-05-20T15:21:29.013144+00:00
100827249,60754,케라스타즈,100766517,http://shop1.phinf.naver.net/20210521_60/1621586431053R94hB_JPEG/22722265879298122_1239842439.jpg,https://shoppinglive.naver.com/channels/60754,GRADE_1,,2026-05-20T15:21:29.013144+00:00
101405109,108730,비원츠몰,101321788,http://shop1.phinf.naver.net/20230804_29/1691131112451cvhMY_JPEG/92266940279181098_1575604103.jpg,https://shoppinglive.naver.com/channels/108730,GRADE_1,,2026-05-20T15:21:29.650586+00:00
100852047,76772,로레알파리 공식 스토어,100790373,http://shop1.phinf.naver.net/20210919_111/1632017589741DJU1v_JPEG/33153369467116160_1211699306.jpg,https://shoppinglive.naver.com/channels/76772,GRADE_3,,2026-05-20T15:21:29.650586+00:00
500017561,11372,파나소닉 브랜드스토어,500017561,http://shop1.phinf.naver.net/20240419_76/1713495207683g6a9O_PNG/40797891566113483_235547025.png,https://shoppinglive.naver.com/channels/11372,GRADE_3,,2026-05-20T15:21:29.650586+00:00
1100134167,263029,어스라이브,1100131705,http://shop1.phinf.naver.net/20260421_130/1776745542984lF0nq_JPEG/53724280026639451_755370233.jpg,https://shoppinglive.naver.com/channels/263029,GRADE_2,,2026-05-20T15:21:29.650586+00:00
500164014,262164,멜로스킨,500164014,http://shop1.phinf.naver.net/20251230_7/1767061829740TV888_JPEG/13200403398510732_1761427242.jpg,https://shoppinglive.naver.com/channels/262164,GRADE_3,,2026-05-20T15:21:29.650586+00:00
100937484,63360,메이크업포에버,100872462,http://shop1.phinf.naver.net/20251202_205/1764652064972w2bIt_PNG/11734064840624731_1744816392.PNG,https://shoppinglive.naver.com/channels/63360,GRADE_1,,2026-05-20T15:21:29.650586+00:00
500176532,175762,시크릿문,500176532,http://shop1.phinf.naver.net/20260126_233/1769416727942ypUhL_PNG/103549575960031138_1318104741.png,https://shoppinglive.naver.com/channels/175762,GRADE_1,,2026-05-20T15:21:29.650586+00:00
102660224,251389,뷰티플글로우,102539193,http://shop1.phinf.naver.net/20250526_139/1748238105411x9CbD_PNG/62123384217838463_1735588836.png,https://shoppinglive.naver.com/channels/251389,GRADE_2,,2026-05-20T15:21:29.650586+00:00
500198219,27894,라이브몬 쇼핑,500198219,http://shop1.phinf.naver.net/20200327_255/15852895225324yFQF_JPEG/22650261165854414_1198179723.jpg,https://shoppinglive.naver.com/channels/27894,GRADE_1,,2026-05-20T15:21:29.650586+00:00
500241101,30865,분더스토리,500241101,http://shop1.phinf.naver.net/20240801_17/1722480479335qqm69_JPEG/9143225682860029_1589281837.jpg,https://shoppinglive.naver.com/channels/30865,GRADE_2,,2026-05-20T15:21:29.976903+00:00
500142186,23367,퓨어포레,500142186,http://shop1.phinf.naver.net/20220104_299/1641288762763yzatR_JPEG/42424605279913424_311695577.jpg,https://shoppinglive.naver.com/channels/23367,GRADE_2,,2026-05-20T15:21:29.976903+00:00
102426418,229631,피치홀릭 공식스토어,102311287,http://shop1.phinf.naver.net/20240904_102/1725415581679zeHqo_JPEG/5957790322509845_1724891445.jpg,https://shoppinglive.naver.com/channels/229631,GRADE_1,,2026-05-20T15:21:29.976903+00:00
500192956,27299,롬앤,500192956,http://shop2.phinf.naver.net/20170508_216/romand531_14942323337138kB8S_JPEG/c2a74e2a-37cc-4caf-828d-150f4726a01d.jpg,https://shoppinglive.naver.com/channels/27299,GRADE_1,,2026-05-20T15:21:29.976903+00:00
500177746,26217,바바라뷰티플랫폼,500177746,http://shop1.phinf.naver.net/20260504_279/1777864950122nRC3C_JPEG/25144593769121140_1136379148.jpg,https://shoppinglive.naver.com/channels/26217,GRADE_1,,2026-05-20T15:21:29.976903+00:00
100085093,81287,Solep,100076396,http://shop1.phinf.naver.net/20200212_144/1581472518523OgNam_JPEG/18834852085173532_2078658068.jpg,https://shoppinglive.naver.com/channels/81287,GRADE_1,,2026-05-20T15:21:29.976903+00:00
101729369,118788,퍼플고릴라,101635397,http://shop1.phinf.naver.net/20230417_170/168171531238370iRJ_JPEG/82851146200067139_420649144.jpg,https://shoppinglive.naver.com/channels/118788,GRADE_2,,2026-05-20T15:21:29.976903+00:00
101622675,172313,디퍼앤디퍼 스토어,101532021,http://shop1.phinf.naver.net/20241121_132/1732171363932gb8Ec_JPEG/66304268060294545_1989692621.jpg,https://shoppinglive.naver.com/channels/172313,GRADE_2,,2026-05-20T15:21:30.433746+00:00
102326859,189823,GRIPIT,102214284,http://shop1.phinf.naver.net/20250102_90/1735783413863XRUPO_JPEG/18791015499482143_217805388.jpg,https://shoppinglive.naver.com/channels/189823,GRADE_2,,2026-05-20T15:21:30.433746+00:00
101007987,88192,왓더펫원츠,100940128,http://shop1.phinf.naver.net/20240223_261/1708670140979dKkSu_PNG/109805983686874864_693767230.png,https://shoppinglive.naver.com/channels/88192,GRADE_2,,2026-05-20T15:21:30.433746+00:00
101796665,101889,RAPUEL,101699811,http://shop1.phinf.naver.net/20230522_72/1684739421917GHdj0_JPEG/85875264630129466_189045848.jpg,https://shoppinglive.naver.com/channels/101889,GRADE_2,,2026-05-20T15:21:30.433746+00:00
101623124,132241,라라앤모어,101532467,http://shop1.phinf.naver.net/20241016_268/17290389168956uNPH_PNG/1359997052809321_255668884.png,https://shoppinglive.naver.com/channels/132241,GRADE_1,,2026-05-20T15:21:30.433746+00:00
500024964,59852,닥터오라클,500024964,http://shop1.phinf.naver.net/20240424_149/1713931197375VdQp9_JPEG/115067086088282979_1296867785.jpg,https://shoppinglive.naver.com/channels/59852,GRADE_2,,2026-05-20T15:21:30.433746+00:00
100426811,51714,네일존,100386469,http://shop1.phinf.naver.net/20190925_293/1569395196063UhM3m_JPEG/6755030612904022_1869066351.jpg,https://shoppinglive.naver.com/channels/51714,GRADE_1,,2026-05-20T15:21:30.433746+00:00
101724321,181656,네일재료여기,101630543,http://shop1.phinf.naver.net/20230808_132/16914724983883INaR_PNG/92608387103181326_429626372.png,https://shoppinglive.naver.com/channels/181656,GRADE_1,,2026-05-20T15:21:30.433746+00:00
500209315,95532,카밀렌60,500209315,http://shop1.phinf.naver.net/20250107_216/17362085642385obzR_JPEG/3685974261767130_517387897.jpg,https://shoppinglive.naver.com/channels/95532,GRADE_1,,2026-05-20T15:21:30.433746+00:00
100607641,88252,플렌틴즈,100556125,http://shop1.phinf.naver.net/20250711_67/17522122698371b5px_JPEG/86345188992818129_1559915363.jpg,https://shoppinglive.naver.com/channels/88252,GRADE_1,,2026-05-20T15:21:30.848725+00:00
101506004,93892,유케이SHOP,101419325,http://shop1.phinf.naver.net/20220913_257/1662995850277BfL9n_PNG/64131633989108929_1467580593.png,https://shoppinglive.naver.com/channels/93892,GRADE_1,,2026-05-20T15:21:30.848725+00:00
100210718,43280,EVE48X,100189180,http://shop1.phinf.naver.net/20260323_195/1774235486551jwHNC_JPEG/73932720805153510_728577803.jpg,https://shoppinglive.naver.com/channels/43280,GRADE_2,,2026-05-20T15:21:30.848725+00:00
102542957,221976,에끌라두 스토어,102424387,http://shop1.phinf.naver.net/20250131_122/1738316719711ogWyp_PNG/1862654542278276_1731457174.png,https://shoppinglive.naver.com/channels/221976,GRADE_2,,2026-05-20T15:21:30.848725+00:00
100260485,95253,De medicotem,100234136,http://shop1.phinf.naver.net/20260416_285/1776319110192KIsyi_JPEG/834384309525460_139007388.jpg,https://shoppinglive.naver.com/channels/95253,GRADE_1,,2026-05-20T15:21:30.848725+00:00
101876816,194641,리바이포유 공식스토어,101777648,http://shop1.phinf.naver.net/20230518_177/1684392278281NjTrj_JPEG/11694962147536831_370679152.jpg,https://shoppinglive.naver.com/channels/194641,GRADE_4,,2026-05-20T15:21:30.848725+00:00
100113427,545,트리헛 공식몰,100102291,http://shop1.phinf.naver.net/20230804_29/1691138387849A3W7H_JPEG/18441071725890324_2118899426.jpg,https://shoppinglive.naver.com/channels/545,GRADE_2,,2026-05-20T15:21:30.848725+00:00
100778427,60673,MIJI,100719704,http://shop1.phinf.naver.net/20210726_295/1627288248785WpzvP_JPEG/28424083622734573_1619107030.jpg,https://shoppinglive.naver.com/channels/60673,GRADE_1,,2026-05-20T15:21:31.325841+00:00
500247086,31484,헹켈코리아,500247086,http://shop1.phinf.naver.net/20260324_260/17743536773617Xchl_JPEG/11567774168171943_1103558892.jpg,https://shoppinglive.naver.com/channels/31484,GRADE_1,,2026-05-20T15:21:31.325841+00:00
101175624,67741,아리따움 군산소룡점,101101011,http://shop1.phinf.naver.net/20210901_151/16304841483557Nytd_PNG/31619994075925434_1669846969.png,https://shoppinglive.naver.com/channels/67741,GRADE_1,,2026-05-20T15:21:31.325841+00:00
1100027544,258804,케이스킨바이오 스토어,1100027088,https://shop-phinf.pstatic.net/20241021_160/1729515956246bEynj_JPEG/6f8a5992.jpg,https://shoppinglive.naver.com/channels/258804,GRADE_1,,2026-05-20T15:21:31.325841+00:00
500173938,146590,지슈이벨르,500173938,http://shop1.phinf.naver.net/20251210_70/1765364825312HsJmM_PNG/99497690451914946_57341739.png,https://shoppinglive.naver.com/channels/146590,GRADE_2,,2026-05-20T15:21:31.325841+00:00
100132711,53591,그루밍랩,100119791,http://shop1.phinf.naver.net/20240926_38/1727340430757P7iTK_PNG/61473360915891545_1299113962.png,https://shoppinglive.naver.com/channels/53591,GRADE_2,,2026-05-20T15:21:31.325841+00:00
500170577,25630,센앤분,500170577,http://shop1.phinf.naver.net/20201216_87/1608108434722jup8V_JPEG/9244277234306257_1603425840.jpg,https://shoppinglive.naver.com/channels/25630,GRADE_2,,2026-05-20T15:21:31.325841+00:00
500129719,22382,젤네일재료천국,500129719,http://shop2.phinf.naver.net/20160603_188/gelnail1009_1464921472260QaTz7_PNG/71542507994446000_1069060590.png,https://shoppinglive.naver.com/channels/22382,GRADE_2,,2026-05-20T15:21:32.177820+00:00
100862932,60458,빌리프 공식몰,100800813,http://shop1.phinf.naver.net/20201224_190/16087772277110vjb9_PNG/132084480354974928_1466798551.png,https://shoppinglive.naver.com/channels/60458,GRADE_3,,2026-05-20T15:21:32.177820+00:00
100442007,52340,닥터볼프 공식,100400650,http://shop1.phinf.naver.net/20250930_191/1759219468706JpLsD_PNG/93352339839234729_85649919.png,https://shoppinglive.naver.com/channels/52340,GRADE_2,,2026-05-20T15:21:32.177820+00:00
102617400,232627,자연수담,102497212,https://shop-phinf.pstatic.net/20241021_160/1729515956246bEynj_JPEG/6f8a5992.jpg,https://shoppinglive.naver.com/channels/232627,GRADE_1,,2026-05-20T15:21:32.177820+00:00
101443225,121788,제니퍼,100709158,http://shop1.phinf.naver.net/20220121_6/1642751936284z6be1_JPEG/43887781998677945_671672521.jpg,https://shoppinglive.naver.com/channels/121788,GRADE_1,,2026-05-20T15:21:32.177820+00:00
100767550,64471,제니퍼 마켓,100709158,http://shop1.phinf.naver.net/20200525_57/1590413564739DjnDn_JPEG/27773399282212556_427110358.jpg,https://shoppinglive.naver.com/channels/64471,GRADE_2,,2026-05-20T15:21:32.177820+00:00
102468907,222946,스킨코딩,102352590,http://shop1.phinf.naver.net/20251217_110/1765934701691efHu3_PNG/100067551822207110_1804463688.png,https://shoppinglive.naver.com/channels/222946,GRADE_1,,2026-05-20T15:21:33.054454+00:00
100181560,42141,에디슨몰,100163065,http://shop1.phinf.naver.net/20240409_105/1712642391791X9iDA_JPEG/113778234504736038_1382011987.jpg,https://shoppinglive.naver.com/channels/42141,GRADE_3,,2026-05-20T15:21:33.054454+00:00
100853309,60770,맥 공식스토어,100791584,http://shop1.phinf.naver.net/20201224_42/1608777046826dsaC2_PNG/132084126302844821_569699298.png,https://shoppinglive.naver.com/channels/60770,GRADE_4,,2026-05-20T15:21:33.054454+00:00
101194012,77960,아르마니 뷰티,101118677,http://shop1.phinf.naver.net/20230718_74/1689675175981NACAr_JPEG/90811009794379304_131039214.jpg,https://shoppinglive.naver.com/channels/77960,GRADE_3,,2026-05-20T15:21:33.054454+00:00
101937990,253555,MIBYUL,101836497,http://shop1.phinf.naver.net/20260107_81/1767791516448g07Tc_PNG/6417041721137707_1285257296.png,https://shoppinglive.naver.com/channels/253555,GRADE_2,,2026-05-20T15:21:33.054454+00:00
100698846,260922,키니드 :: Kineed,100642977,http://shop1.phinf.naver.net/20230818_65/1692346390939UtQyM_PNG/93482233653633826_1756279656.png,https://shoppinglive.naver.com/channels/260922,GRADE_2,,2026-05-20T15:21:33.054454+00:00
102208533,229905,스킨피디아,101690412,http://shop1.phinf.naver.net/20231219_257/1702960445293Guj7z_JPEG/104096288006795961_693624208.jpg,https://shoppinglive.naver.com/channels/229905,GRADE_1,,2026-05-20T15:21:33.054454+00:00
102578206,225981,꼼블리앙,102458716,http://shop1.phinf.naver.net/20260117_175/1768638824509CVaUH_JPEG/11150559503293322_1730298896.jpg,https://shoppinglive.naver.com/channels/225981,GRADE_2,,2026-05-20T15:21:33.054454+00:00
100119312,64595,OLICELL,100107610,http://shop1.phinf.naver.net/20200715_286/1594821640401pcoVe_JPEG/32181474934366966_1753285678.jpg,https://shoppinglive.naver.com/channels/64595,GRADE_2,,2026-05-20T15:21:33.391273+00:00
101181031,91805,에클리스,101106227,http://shop1.phinf.naver.net/20260106_34/1767688029305Mkfa4_PNG/101820852456430272_1375855500.png,https://shoppinglive.naver.com/channels/91805,GRADE_2,,2026-05-20T15:21:33.391273+00:00
100752133,79459,김정문알로에,100694245,http://shop1.phinf.naver.net/20240822_226/1724315313121mq9I0_JPEG/37590486929780210_631040571.jpg,https://shoppinglive.naver.com/channels/79459,GRADE_3,,2026-05-20T15:21:33.391273+00:00
102268217,180140,메이영,102156834,http://shop1.phinf.naver.net/20240214_191/17078706173170fbIf_PNG/109006452151433335_479388762.png,https://shoppinglive.naver.com/channels/180140,GRADE_1,,2026-05-20T15:21:33.391273+00:00
101017814,112713,단지네 네일가게,100949474,http://shop1.phinf.naver.net/20260407_200/17755509649123PdLr_PNG/58626429718034298_678066521.png,https://shoppinglive.naver.com/channels/112713,GRADE_2,,2026-05-20T15:21:33.391273+00:00
101800057,117297,르네휘테르 코리아,101703093,http://shop1.phinf.naver.net/20250102_123/1735797552050RvwqE_JPEG/49654754887925222_625507233.jpg,https://shoppinglive.naver.com/channels/117297,GRADE_2,,2026-05-20T15:21:34.575915+00:00
102589387,228423,인젝티어,102469711,http://shop1.phinf.naver.net/20251210_16/1765344456613hi4zs_JPEG/23803130775787833_2104934207.jpg,https://shoppinglive.naver.com/channels/228423,GRADE_2,,2026-05-20T15:21:34.575915+00:00
101315237,83280,thewon,101234776,http://shop1.phinf.naver.net/20211126_183/1637853483786LBqAS_JPEG/38989317592235063_286014247.jpg,https://shoppinglive.naver.com/channels/83280,GRADE_2,,2026-05-20T15:21:34.575915+00:00
1100000763,251325,배도리상점,1100000751,http://shop1.phinf.naver.net/20260410_94/1775831563310owsJX_PNG/55869034413331554_266611005.png,https://shoppinglive.naver.com/channels/251325,GRADE_2,,2026-05-20T15:21:34.575915+00:00
1100063183,257674,설렘을 전하다,1100062102,http://shop1.phinf.naver.net/20260118_63/1768703132239pnlin_JPEG/102835897380615944_1546273206.jpg,https://shoppinglive.naver.com/channels/257674,GRADE_1,,2026-05-20T15:21:34.575915+00:00
101043138,67476,3CE,100973805,http://shop1.phinf.naver.net/20210118_227/1610943298758DeThL_JPEG/12079144476650061_1741692101.jpg,https://shoppinglive.naver.com/channels/67476,GRADE_3,,2026-05-20T15:21:34.575915+00:00
100927526,84195,더후,100862852,http://shop1.phinf.naver.net/20240116_9/1705379664810c9CwR_PNG/106515499647087318_1820598302.png,https://shoppinglive.naver.com/channels/84195,GRADE_3,,2026-05-20T15:21:35.375734+00:00
101919552,125256,가치연구소,101818755,http://shop1.phinf.naver.net/20250602_222/1748854947333errrq_PNG/74182927314817577_1909175162.png,https://shoppinglive.naver.com/channels/125256,GRADE_1,,2026-05-20T15:21:35.375734+00:00
100133553,40022,비에티,100120551,http://shop1.phinf.naver.net/20260320_23/1773990470394HTDFX_JPEG/41825005341404900_1989860673.jpg,https://shoppinglive.naver.com/channels/40022,GRADE_2,,2026-05-20T15:21:35.375734+00:00
100457332,621,바나나컴퍼니스토어,100414833,http://shop1.phinf.naver.net/20251224_140/1766541815107VrQul_JPEG/27879062220178797_380024197.jpg,https://shoppinglive.naver.com/channels/621,GRADE_1,,2026-05-20T15:21:35.375734+00:00
100844025,59883,HERA,100711952,http://shop1.phinf.naver.net/20250327_76/174306502716971Gch_JPEG/5876498290680574_64959116.jpg,https://shoppinglive.naver.com/channels/59883,GRADE_1,,2026-05-20T15:21:35.375734+00:00
500236258,30566,더피유공식스토어,500236258,http://shop1.phinf.naver.net/20260504_96/1777899745473EzcsV_PNG/112032549423911447_1599567780.png,https://shoppinglive.naver.com/channels/30566,GRADE_2,,2026-05-20T15:21:36.229003+00:00
12717941,63919,김해나,aJ912,https://phinf.pstatic.net/dthumb/?src=%22https%3A%2F%2Fg-selected.pstatic.net%2FMjAyNTExMjlfODgg%2FMDAxNzY0Mzg0MzMyMjYx.Bh-qffSXwaxdBSCZRk7KDqU4WZA25PZc8w82mFI7Yrog.qMlqW6eLlplerM3yGqAhMuPjsTyizMvA8Vc0Ji9tmRwg.JPEG%2Fimage.jpg%22&service=selective,https://shoppinglive.naver.com/channels/63919,GRADE_3,,2026-05-20T15:21:36.229003+00:00
101255595,263219,케이와이코스메틱,101177499,http://shop1.phinf.naver.net/20260507_96/1778156616428KlVEe_JPEG/15032048412862601_629236892.jpg,https://shoppinglive.naver.com/channels/263219,GRADE_1,,2026-05-20T15:21:36.229003+00:00
100841165,60404,primera,100712139,http://shop1.phinf.naver.net/20251031_45/1761901299676HtyKe_PNG/76909793699951226_581567817.png,https://shoppinglive.naver.com/channels/60404,GRADE_3,,2026-05-20T15:21:36.229003+00:00
101516414,140487,레블랑 풀업 공식스토어,101429341,http://shop1.phinf.naver.net/20251106_112/1762428599950XOtTW_PNG/36825522391780899_1598838590.png,https://shoppinglive.naver.com/channels/140487,GRADE_2,,2026-05-20T15:21:36.229003+00:00
100770639,60405,프리메라 스토어,100712139,http://shop1.phinf.naver.net/20220829_170/16617503191431JYDN_JPEG/62886152966368586_824179737.jpg,https://shoppinglive.naver.com/channels/60405,GRADE_3,,2026-05-20T15:21:36.229003+00:00
100301856,46753,스킨구하리,100271574,http://shop1.phinf.naver.net/20260323_217/1774254313093gfr3B_JPEG/79835898578396423_132618413.jpg,https://shoppinglive.naver.com/channels/46753,GRADE_2,,2026-05-20T15:21:36.629250+00:00
500096849,19443,뷰티영,500096849,http://shop1.phinf.naver.net/20250322_124/1742634375181RWtGT_JPEG/76767161331918515_168328946.jpg,https://shoppinglive.naver.com/channels/19443,GRADE_2,,2026-05-20T15:21:36.629250+00:00
64991221,207999,뷰티룸,2cRWYl,https://g-selected.pstatic.net/MjAyNDEwMDJfMTYg/MDAxNzI3ODMyNzAwNjk0.hVdpsT6WAysISFRwrkQPOHb7ApRlcr9ZT6RhXbedI1Ug.4fXVRXjRQxt7tyXK6I4-PQmLG7pwaPAw9OwcsDBy2Vkg.JPEG/image.jpg,https://shoppinglive.naver.com/channels/207999,GRADE_3,,2026-05-20T15:21:36.629250+00:00
100174726,61123,다이슨 코리아,100157004,http://shop1.phinf.naver.net/20230411_122/1681175141241WT8wM_JPEG/82311039944895501_352350163.jpg,https://shoppinglive.naver.com/channels/61123,GRADE_3,,2026-05-20T15:21:36.629250+00:00
102555252,219822,톰 THOME,102436323,http://shop1.phinf.naver.net/20250327_126/1743043725658NcX0z_JPEG/76520276706763542_306119689.jpg,https://shoppinglive.naver.com/channels/219822,GRADE_3,,2026-05-20T15:21:36.629250+00:00
101769329,110594,로레알 프로페셔널 파리,101673511,http://shop1.phinf.naver.net/20230117_173/1673933428792y99bw_PNG/75069262614410856_619182206.png,https://shoppinglive.naver.com/channels/110594,GRADE_3,,2026-05-20T15:21:36.629250+00:00
500284724,33850,네일재료쇼핑몰네일아이,500284724,http://shop1.phinf.naver.net/20210517_117/1621238990908Kg3AS_JPEG/22374833594600438_295429037.jpg,https://shoppinglive.naver.com/channels/33850,GRADE_1,,2026-05-20T15:21:36.629250+00:00
100253320,180985,예쓰안나,100227629,http://shop1.phinf.naver.net/20241208_135/1733584520901xdSyz_PNG/46829012728865475_2086821920.png,https://shoppinglive.naver.com/channels/180985,GRADE_1,,2026-05-20T15:21:36.919230+00:00
500209320,28481,맥스클리닉,500209320,http://shop1.phinf.naver.net/20260324_181/17743464262229dWX5_JPEG/77751231651532240_580327000.jpg,https://shoppinglive.naver.com/channels/28481,GRADE_3,,2026-05-20T15:21:36.919230+00:00
500109623,125308,더페이스샵 본사직영점,500109623,http://shop1.phinf.naver.net/20231030_291/1698645571247JgvgD_JPEG/99781406083223524_799513657.jpg,https://shoppinglive.naver.com/channels/125308,GRADE_3,,2026-05-20T15:21:36.919230+00:00
500249651,87168,라비엘 공식스토어,500249651,http://shop1.phinf.naver.net/20260512_116/1778576047013TY8H6_PNG/15451479000393850_1362909454.png,https://shoppinglive.naver.com/channels/87168,GRADE_1,,2026-05-20T15:21:36.919230+00:00
1100081764,259025,더봄 리빙,1100080157,http://shop1.phinf.naver.net/20260209_76/1770644711124h8heS_PNG/104777532262512012_1670003207.png,https://shoppinglive.naver.com/channels/259025,GRADE_2,,2026-05-20T15:21:37.639908+00:00
500025496,12735,메디플라워,500025496,http://shop1.phinf.naver.net/20220624_196/1656043413135xv2ey_JPEG/57179240742857687_242286364.jpg,https://shoppinglive.naver.com/channels/12735,GRADE_2,,2026-05-20T15:21:38.538948+00:00
101133767,81471,일본직구 엔핍,101060875,http://shop1.phinf.naver.net/20260225_251/1771996787307nw4bh_JPEG/106129608439306758_739808832.jpg,https://shoppinglive.naver.com/channels/81471,GRADE_2,,2026-05-20T15:21:38.538948+00:00
101951458,122273,아리따움 사천벌리점,101849452,http://shop1.phinf.naver.net/20230518_92/1684405466739ppcYU_PNG/85541355453984145_247565144.png,https://shoppinglive.naver.com/channels/122273,GRADE_1,,2026-05-20T15:21:38.538948+00:00
102527398,223864,밀로차 milocha,102409298,http://shop1.phinf.naver.net/20250107_86/1736226016860bJh1Y_JPEG/84757272668719224_1712827871.jpg,https://shoppinglive.naver.com/channels/223864,GRADE_1,,2026-05-20T15:21:38.538948+00:00
101572151,117635,르랩,101482949,http://shop1.phinf.naver.net/20220722_180/1658464670491yH89o_JPEG/59600566229432039_1897037426.jpg,https://shoppinglive.naver.com/channels/117635,GRADE_1,,2026-05-20T15:21:39.375418+00:00
500071038,65767,럭키가든,500071038,http://shop1.phinf.naver.net/20260324_188/1774323144602M758X_JPEG/34325330583915021_1202723186.jpg,https://shoppinglive.naver.com/channels/65767,GRADE_1,,2026-05-20T15:21:39.375418+00:00
100223253,64574,GIFTTEM,100200576,http://shop1.phinf.naver.net/20211110_243/1636510880037kK9cp_JPEG/37646722451068588_1733296156.jpg,https://shoppinglive.naver.com/channels/64574,GRADE_2,,2026-05-20T15:21:39.375418+00:00
102446225,263539,제니에,102330567,http://shop1.phinf.naver.net/20260507_285/1778119541449EpU0P_PNG/112252443570228432_28316320.png,https://shoppinglive.naver.com/channels/263539,GRADE_1,,2026-05-20T15:21:39.375418+00:00
100075638,181632,여신코스메틱,100067742,http://shop1.phinf.naver.net/20260320_197/1773976401735h344v_JPEG/78013724784098791_147690620.jpg,https://shoppinglive.naver.com/channels/181632,GRADE_1,,2026-05-20T15:21:39.375418+00:00
1100066012,260758,휴그로 셀부스터,1100064755,http://shop1.phinf.naver.net/20260127_278/1769475552496oObh4_JPEG/25458269633183602_1188298067.jpg,https://shoppinglive.naver.com/channels/260758,GRADE_2,,2026-05-20T15:21:39.375418+00:00
500049442,15396,히말라야 코리아,500049442,http://shop1.phinf.naver.net/20260324_212/1774320072313tXNdM_JPEG/80610984405673831_573245062.jpg,https://shoppinglive.naver.com/channels/15396,GRADE_2,,2026-05-20T15:21:40.313727+00:00
100644390,242284,나인그레이,100591024,http://shop1.phinf.naver.net/20200330_232/1585542986204srLKs_JPEG/22903724838059276_1694011062.jpg,https://shoppinglive.naver.com/channels/242284,GRADE_1,,2026-05-20T15:21:40.313727+00:00
101110827,84296,바시엘,101038958,http://shop1.phinf.naver.net/20240617_253/17185981583592yCFA_JPEG/7080082310085012_1083567789.jpg,https://shoppinglive.naver.com/channels/84296,GRADE_1,,2026-05-20T15:21:40.313727+00:00
500167317,25332,트로이아르케,500167317,http://shop1.phinf.naver.net/20230630_298/168811020123368ygu_JPEG/89246089943027199_408950175.jpg,https://shoppinglive.naver.com/channels/25332,GRADE_3,,2026-05-20T15:21:40.881858+00:00
102112773,199369,위드럽츄,102005667,http://shop1.phinf.naver.net/20240731_259/1722419675213R1gdN_PNG/9082421579391283_1616274732.png,https://shoppinglive.naver.com/channels/199369,GRADE_2,,2026-05-20T15:21:40.881858+00:00
100080344,73751,빈스캐빈 공식스토어,100072051,http://shop1.phinf.naver.net/20220125_188/1643090353673RMbg4_JPEG/44226199165762118_176134998.jpg,https://shoppinglive.naver.com/channels/73751,GRADE_2,,2026-05-20T15:21:40.881858+00:00
101300651,79172,바비 브라운 공식스토어,101220773,http://shop1.phinf.naver.net/20210915_7/1631685778441Yf8JB_JPEG/32821558084272330_789631419.jpg,https://shoppinglive.naver.com/channels/79172,GRADE_4,,2026-05-20T15:21:41.791394+00:00
500180136,26230,RBH MALL,500180136,http://shop1.phinf.naver.net/20260107_193/1767755621845E3pt1_JPEG/38688758993504587_501840781.jpg,https://shoppinglive.naver.com/channels/26230,GRADE_2,,2026-05-20T15:21:41.791394+00:00
102317736,236543,큐라힐바이오,102205358,http://shop1.phinf.naver.net/20250717_275/17527155185032OQbC_PNG/19643349992494976_1297186479.png,https://shoppinglive.naver.com/channels/236543,GRADE_2,,2026-05-20T15:21:41.791394+00:00
102289771,185629,셀인샷,102178004,http://shop1.phinf.naver.net/20240328_114/17115958480931FHe0_PNG/112731736806020052_1688644514.png,https://shoppinglive.naver.com/channels/185629,GRADE_2,,2026-05-20T15:21:41.791394+00:00
500174174,25870,아모레퍼시픽몰 헤어바디,500174174,http://shop1.phinf.naver.net/20200709_49/15942634955302QDiD_PNG/31623330066040429_1567458083.png,https://shoppinglive.naver.com/channels/25870,GRADE_3,,2026-05-20T15:21:41.791394+00:00
100889344,60928,멘소래담 공식 온라인스토어,100826249,http://shop1.phinf.naver.net/20201016_202/1602842352180mH25k_JPEG/3978180004476024_804449544.jpg,https://shoppinglive.naver.com/channels/60928,GRADE_2,,2026-05-20T15:21:41.791394+00:00
102588816,238741,미케라헤어밸런스,102469152,http://shop1.phinf.naver.net/20250328_84/1743135695415vmRiL_JPEG/77268636536824615_462661079.jpg,https://shoppinglive.naver.com/channels/238741,GRADE_2,,2026-05-20T15:21:41.791394+00:00
500055631,15526,헉슬리,500055631,http://shop1.phinf.naver.net/20191216_214/1576462407279obooE_JPEG/13823145913450398_354301794.jpg,https://shoppinglive.naver.com/channels/15526,GRADE_2,,2026-05-20T15:21:41.791394+00:00
102251441,205858,셀린비 SELINB,102140404,http://shop1.phinf.naver.net/20241129_21/17328473831332CJ8B_PNG/10260465248945896_610785477.png,https://shoppinglive.naver.com/channels/205858,GRADE_1,,2026-05-20T15:21:42.602127+00:00
100781490,106386,나인원코스메디,100722615,http://shop1.phinf.naver.net/20200720_167/1595228854705cP8jo_JPEG/32590397352382273_1809742580.jpg,https://shoppinglive.naver.com/channels/106386,GRADE_1,,2026-05-20T15:21:42.602127+00:00
1100148933,263821,dallu,1100146293,http://shop1.phinf.naver.net/20260513_252/1778641227537aVuDv_PNG/112774100670326532_208158894.png,https://shoppinglive.naver.com/channels/263821,GRADE_1,,2026-05-20T15:21:42.602127+00:00
102179050,157801,지엘리,102070009,http://shop1.phinf.naver.net/20251215_87/1765763320249CfgLh_JPEG/99896244170793445_34740728.jpg,https://shoppinglive.naver.com/channels/157801,GRADE_2,,2026-05-20T15:21:42.602127+00:00
102158326,237719,아포테,102049903,http://shop1.phinf.naver.net/20250709_125/1752026396315O6A4A_JPEG/86159298474839893_1423553721.jpg,https://shoppinglive.naver.com/channels/237719,GRADE_2,,2026-05-20T15:21:43.458142+00:00
101203338,80340,씨널스 Scenearth,101127581,http://shop1.phinf.naver.net/20250807_6/1754545218505Afdmm_PNG/80574703782519860_621121926.png,https://shoppinglive.naver.com/channels/80340,GRADE_1,,2026-05-20T15:21:43.458142+00:00
100942580,95750,로라 메르시에 스토어,100877350,http://shop1.phinf.naver.net/20201224_1/1608777295671SovE3_PNG/132084375142910453_1359078118.png,https://shoppinglive.naver.com/channels/95750,GRADE_1,,2026-05-20T15:21:43.458142+00:00
101604959,158956,바이옴 액티베이트,101514734,http://shop1.phinf.naver.net/20230926_204/16957117456094qHmN_JPEG/96847579419407581_1720716041.jpg,https://shoppinglive.naver.com/channels/158956,GRADE_2,,2026-05-20T15:21:43.458142+00:00
500022445,12014,동국제약 센텔리안24,500022445,http://shop1.phinf.naver.net/20230224_159/1677244796597BiPic_PNG/78380631434532387_960768888.png,https://shoppinglive.naver.com/channels/12014,GRADE_3,,2026-05-20T15:21:43.458142+00:00
101427955,122250,EORINY 어리니,101343960,http://shop1.phinf.naver.net/20230425_183/1682385257791Gs8bk_JPEG/83521153527765223_1522012931.jpg,https://shoppinglive.naver.com/channels/122250,GRADE_2,,2026-05-20T15:21:43.458142+00:00
102745887,245165,순수밀착 공식몰,102623289,http://shop1.phinf.naver.net/20250925_177/1758775135726xcvAs_PNG/3019110251394101_679942892.png,https://shoppinglive.naver.com/channels/245165,GRADE_2,,2026-05-20T15:21:44.282988+00:00
500067073,87815,위드민짱,500067073,http://shop1.phinf.naver.net/20220402_34/16488633252651pJiD_JPEG/49999167965023771_1027532384.jpg,https://shoppinglive.naver.com/channels/87815,GRADE_2,,2026-05-20T15:21:44.282988+00:00
100658015,177836,예스이하우스,100603965,http://shop1.phinf.naver.net/20200615_244/1592203100589gaQF4_JPEG/29562935129190492_1108054465.jpg,https://shoppinglive.naver.com/channels/177836,GRADE_2,,2026-05-20T15:21:44.999066+00:00
102305104,185422,아이템가게,102193020,http://shop1.phinf.naver.net/20240313_146/1710261179627pqRK2_JPEG/111397013444876205_355051922.jpg,https://shoppinglive.naver.com/channels/185422,GRADE_2,,2026-05-20T15:21:44.999066+00:00
102532593,221977,더블유랩,101994927,http://shop1.phinf.naver.net/20241121_174/1732170224413oSphk_JPEG/7788274600852413_425078909.jpg,https://shoppinglive.naver.com/channels/221977,GRADE_2,,2026-05-20T15:21:45.756149+00:00
1100014345,253646,SHAL:샬,1100014083,http://shop1.phinf.naver.net/20251127_219/1764246333447eGLbu_PNG/98379136562275719_1400557908.png,https://shoppinglive.naver.com/channels/253646,GRADE_1,,2026-05-20T15:21:45.756149+00:00
500115897,21083,DSmall,500115897,http://shop1.phinf.naver.net/20210514_6/1620979036499jfaqF_PNG/22114820036443219_200787340.png,https://shoppinglive.naver.com/channels/21083,GRADE_2,,2026-05-20T15:21:45.756149+00:00
500115168,59161,네이처리퍼블릭,500115168,http://shop1.phinf.naver.net/20230904_292/1693788790157gESqk_JPEG/94924624993898165_1804493213.jpg,https://shoppinglive.naver.com/channels/59161,GRADE_1,,2026-05-20T15:21:45.756149+00:00
100100131,178175,셀로넨,100090179,http://shop1.phinf.naver.net/20220311_26/1646974748430vCnwK_JPEG/48110647127131362_1346098871.jpg,https://shoppinglive.naver.com/channels/178175,GRADE_1,,2026-05-20T15:21:46.671267+00:00
101783584,104721,앤어바운드,101687220,http://shop1.phinf.naver.net/20251104_160/1762251691858CROTw_JPEG/17460749737806243_831223694.jpg,https://shoppinglive.naver.com/channels/104721,GRADE_2,,2026-05-20T15:21:46.671267+00:00
500050269,15403,필립스,500050269,http://shop1.phinf.naver.net/20240613_206/1718256102661pA2oS_PNG/2066865474422355_1085562382.png,https://shoppinglive.naver.com/channels/15403,GRADE_3,,2026-05-20T15:21:47.444093+00:00
500226704,30123,브라운 공식 브랜드스토어,500226704,http://shop1.phinf.naver.net/20231027_168/16983816673780MeDC_JPEG/99517566089259933_1998747604.jpg,https://shoppinglive.naver.com/channels/30123,GRADE_3,,2026-05-20T15:21:47.444093+00:00
500108855,20224,글램팜,500108855,http://shop1.phinf.naver.net/20220125_10/1643072622386RCKW9_JPEG/44208518115485585_1311035009.jpg,https://shoppinglive.naver.com/channels/20224,GRADE_3,,2026-05-20T15:21:47.444093+00:00
100043668,35991,아토스킨,100038448,http://shop1.phinf.naver.net/20210528_122/1622188522480o6ybJ_JPEG/23324418217043277_505526379.jpg,https://shoppinglive.naver.com/channels/35991,GRADE_2,,2026-05-20T15:21:47.444093+00:00
101424532,92890,슈틸루스터,101340631,http://shop1.phinf.naver.net/20220107_287/1641544469145VHdb5_JPEG/42680311571861305_1793487055.jpg,https://shoppinglive.naver.com/channels/92890,GRADE_2,,2026-05-20T15:21:48.291150+00:00
500005528,9963,이니스프리,500005528,http://shop1.phinf.naver.net/20230314_145/1678770258494PxsNh_JPEG/79906093328078043_737196228.jpg,https://shoppinglive.naver.com/channels/9963,GRADE_2,,2026-05-20T15:21:48.291150+00:00
100273050,45567,오스너,100245492,http://shop1.phinf.naver.net/20200602_127/1591081222194IXIRB_PNG/28443555619802377_2048228370.png,https://shoppinglive.naver.com/channels/45567,GRADE_2,,2026-05-20T15:21:48.291150+00:00
101979153,176379,리터니티,101876214,http://shop1.phinf.naver.net/20250117_2/1737091530406IURwd_JPEG/71224355840335655_189104596.jpg,https://shoppinglive.naver.com/channels/176379,GRADE_3,,2026-05-20T15:21:48.291150+00:00
102492579,244947,Alpha Routine,102375430,http://shop1.phinf.naver.net/20250707_41/1751867461332zRreT_PNG/1690265144447510_811578097.png,https://shoppinglive.naver.com/channels/244947,GRADE_2,,2026-05-20T15:21:48.291150+00:00
500019631,724,LG생활건강 공식 스토어,500019631,http://shop1.phinf.naver.net/20260324_168/1774315451697idL0W_JPEG/19275037012091041_-566538836.jpg,https://shoppinglive.naver.com/channels/724,GRADE_3,,2026-05-20T15:21:48.291150+00:00
101923086,147780,Quadthera,101822168,http://shop1.phinf.naver.net/20240123_275/1705988457002JdUTG_PNG/107124284831737631_1769310648.png,https://shoppinglive.naver.com/channels/147780,GRADE_3,,2026-05-20T15:21:48.998996+00:00
100376971,20302,셀퓨전씨,100340809,http://shop1.phinf.naver.net/20240118_93/1705567671742J0yCq_JPEG/106703560444490003_60267189.jpg,https://shoppinglive.naver.com/channels/20302,GRADE_3,,2026-05-20T15:21:48.998996+00:00
100341828,48364,에이디스,100308147,http://shop1.phinf.naver.net/20230324_237/1679661921696vQ0zn_JPEG/80797705389107926_1929995249.jpeg,https://shoppinglive.naver.com/channels/48364,GRADE_1,,2026-05-20T15:21:48.998996+00:00
101900423,242438,드메이demei,101800364,http://shop1.phinf.naver.net/20230316_237/16789478319584y3KN_PNG/80083666795725451_1256344585.png,https://shoppinglive.naver.com/channels/242438,GRADE_1,,2026-05-20T15:21:48.998996+00:00
100930863,124613,포미즈몰,100866059,https://shop-phinf.pstatic.net/20241021_160/1729515956246bEynj_JPEG/6f8a5992.jpg,https://shoppinglive.naver.com/channels/124613,GRADE_1,,2026-05-20T15:21:48.998996+00:00
100426378,51694,JMW,100386070,http://shop1.phinf.naver.net/20230103_134/1672727016597nikSo_JPEG/73862905310193621_265199585.jpg,https://shoppinglive.naver.com/channels/51694,GRADE_3,,2026-05-20T15:21:49.915520+00:00
500036621,227200,Toolif 툴리프,500036621,http://shop1.phinf.naver.net/20250422_57/174531172636784oau_JPEG/25250873217090058_1905942306.jpg,https://shoppinglive.naver.com/channels/227200,GRADE_1,,2026-05-20T15:21:49.915520+00:00
101969996,160354,퍼리키,101867388,http://shop1.phinf.naver.net/20251125_12/17640458421450aCET_PNG/111089905851167608_1245526333.png,https://shoppinglive.naver.com/channels/160354,GRADE_1,,2026-05-20T15:21:49.915520+00:00
100099262,38602,INGA,100089420,http://shop1.phinf.naver.net/20220615_206/1655280488692hpoDC_JPEG/56416323523202512_1597947083.jpg,https://shoppinglive.naver.com/channels/38602,GRADE_2,,2026-05-20T15:21:50.666624+00:00
101597045,151293,미칠뷰티,101507038,http://shop1.phinf.naver.net/20230217_191/16765938603658SFHR_PNG/77729640090406240_2015477532.png,https://shoppinglive.naver.com/channels/151293,GRADE_1,,2026-05-20T15:21:50.666624+00:00
102584377,262805,브이피제이코스,102464792,http://shop1.phinf.naver.net/20251116_210/1763219561045MRKCj_PNG/17746543808251724_315883307.png,https://shoppinglive.naver.com/channels/262805,GRADE_1,,2026-05-20T15:21:50.666624+00:00
100331269,260357,이로아스토어,100298292,http://shop1.phinf.naver.net/20191106_100/1573021417869eLiAu_JPEG/10382156503440285_1848079221.jpg,https://shoppinglive.naver.com/channels/260357,GRADE_1,,2026-05-20T15:21:50.666624+00:00
100959879,62268,라네즈 스토어,100893987,http://shop1.phinf.naver.net/20231228_250/1703722107105HIWd9_JPEG/104857995814013134_1533671172.jpg,https://shoppinglive.naver.com/channels/62268,GRADE_3,,2026-05-20T15:21:52.334571+00:00
100965467,62267,마몽드,100899342,http://shop1.phinf.naver.net/20231019_121/1697695559636STjx2_JPEG/98831455374429207_417156684.jpg,https://shoppinglive.naver.com/channels/62267,GRADE_3,,2026-05-20T15:21:52.334571+00:00
102047957,156354,세이프케어,500214372,http://shop1.phinf.naver.net/20230316_220/1678947562267DkEzr_JPEG/80083341990401321_1507430809.jpg,https://shoppinglive.naver.com/channels/156354,GRADE_1,,2026-05-20T15:21:52.334571+00:00
1100007613,256645,뷰로 VURO,1100007475,https://shop-phinf.pstatic.net/20241021_160/1729515956246bEynj_JPEG/6f8a5992.jpg,https://shoppinglive.naver.com/channels/256645,GRADE_1,,2026-05-20T15:21:52.334571+00:00
500056851,221077,투미니,500056851,http://shop1.phinf.naver.net/20241219_48/1734589795817xkAHw_JPEG/3803382698519878_1108365072.jpg,https://shoppinglive.naver.com/channels/221077,GRADE_1,,2026-05-20T15:21:52.334571+00:00
101786897,178328,스킨피디아,101690412,http://shop1.phinf.naver.net/20230612_206/1686544255681zJ7N2_JPEG/87680144396028463_408251053.jpg,https://shoppinglive.naver.com/channels/178328,GRADE_1,,2026-05-20T15:21:53.211349+00:00
102101677,208910,더블유랩 공식스토어,101994927,http://shop1.phinf.naver.net/20240923_40/1727067183645lnsMK_PNG/1629117784260727_1078759008.png,https://shoppinglive.naver.com/channels/208910,GRADE_1,,2026-05-20T15:21:53.211853+00:00
102763807,247753,홈앤모던,102640966,http://shop1.phinf.naver.net/20250908_213/17573108008389YgWc_JPEG/20291903616060390_44833965.jpg,https://shoppinglive.naver.com/channels/247753,GRADE_1,,2026-05-20T15:21:53.211853+00:00
101519427,226189,엘브로스,101432256,http://shop1.phinf.naver.net/20221221_12/1671593177086TVHEA_JPEG/72729004902242296_1795749759.jpg,https://shoppinglive.naver.com/channels/226189,GRADE_2,,2026-05-20T15:21:53.211853+00:00
102308940,262773,준더유통,102196756,https://shop-phinf.pstatic.net/20241021_160/1729515956246bEynj_JPEG/6f8a5992.jpg,https://shoppinglive.naver.com/channels/262773,GRADE_1,,2026-05-20T15:21:53.211853+00:00
500083553,18527,제이준편백,500083553,http://shop1.phinf.naver.net/20260324_298/1774324889476p1rXW_JPEG/56626154679789320_390312841.jpg,https://shoppinglive.naver.com/channels/18527,GRADE_1,,2026-05-20T15:21:53.970998+00:00
500061922,16798,스코코,500061922,http://shop1.phinf.naver.net/20210304_92/16148420172225HmtA_JPEG/15977859935566102_98802487.jpg,https://shoppinglive.naver.com/channels/16798,GRADE_1,,2026-05-20T15:21:53.970998+00:00
100629316,67090,에디르,100576758,http://shop1.phinf.naver.net/20220404_215/1649054601856Oznoy_JPEG/50190429679509042_313692527.jpg,https://shoppinglive.naver.com/channels/67090,GRADE_2,,2026-05-20T15:21:53.970998+00:00
102612848,228921,누사페이스,102492742,http://shop1.phinf.naver.net/20250325_87/17429086595536t2zj_PNG/5885403682452972_129731861.png,https://shoppinglive.naver.com/channels/228921,GRADE_2,,2026-05-20T15:21:53.970998+00:00
101856427,127968,블라우풍트,101757954,http://shop1.phinf.naver.net/20230719_218/1689727805883RELXA_JPEG/90863648585854193_82318256.jpg,https://shoppinglive.naver.com/channels/127968,GRADE_2,,2026-05-20T15:21:53.970998+00:00
100357787,49029,아베스AVES,100323082,http://shop1.phinf.naver.net/20200617_287/1592372317943VY90k_JPEG/29735706225559827_861474575.jpg,https://shoppinglive.naver.com/channels/49029,GRADE_1,,2026-05-20T15:21:54.701771+00:00
100553681,56097,토탈헤어,100504987,http://shop1.phinf.naver.net/20200618_199/15924403018168Yxlr_JPEG/29802635400186253_13140201.jpg,https://shoppinglive.naver.com/channels/56097,GRADE_2,,2026-05-20T15:21:54.701771+00:00
101236937,81468,바이브랩,101159596,http://shop1.phinf.naver.net/20220805_22/16596845991178MUu3_JPEG/60820444839234721_1309259703.jpg,https://shoppinglive.naver.com/channels/81468,GRADE_3,,2026-05-20T15:21:55.655543+00:00
500142184,23382,미프,500142184,http://shop1.phinf.naver.net/20221111_5/1668134236916WGaio_JPEG/69270064736672625_1698205177.jpg,https://shoppinglive.naver.com/channels/23382,GRADE_2,,2026-05-20T15:21:55.655543+00:00
100274539,137900,홈쎄라,100246844,http://shop1.phinf.naver.net/20250709_42/1752032880317Kx9GG_JPEG/86165745453174094_1676693825.jpg,https://shoppinglive.naver.com/channels/137900,GRADE_3,,2026-05-20T15:21:55.655543+00:00
102552861,241922,에이델 공식 스토어,102340134,http://shop1.phinf.naver.net/20241125_208/1732513148994rsAkL_JPEG/13125120080221786_1939141256.jpg,https://shoppinglive.naver.com/channels/241922,GRADE_2,,2026-05-20T15:21:55.655543+00:00
101587131,260951,쉬가이아,101497498,http://shop1.phinf.naver.net/20220624_133/1656052821195Fxahb_JPEG/57188656020504498_1920739364.jpg,https://shoppinglive.naver.com/channels/260951,GRADE_2,,2026-05-20T15:21:55.655543+00:00
102286768,213321,위메디밤,102175056,http://shop1.phinf.naver.net/20240725_243/1721874056620SDmSb_PNG/1457818517821739_598180152.png,https://shoppinglive.naver.com/channels/213321,GRADE_2,,2026-05-20T15:21:55.655543+00:00
100057637,65447,메디픽미,100051245,http://shop1.phinf.naver.net/20241118_173/1731911951641dL4us_JPEG/5266731434870290_1728547709.jpg,https://shoppinglive.naver.com/channels/65447,GRADE_1,,2026-05-20T15:21:55.655543+00:00
500150182,24080,여배우스킨 인피니블랑,500150182,http://shop1.phinf.naver.net/20190904_22/1567588436924gnYVT_JPEG/4951825476949160_1206004315.jpg,https://shoppinglive.naver.com/channels/24080,GRADE_2,,2026-05-20T15:21:55.655543+00:00
101965414,157155,벨레다 공식스토어,101788366,http://shop1.phinf.naver.net/20250723_101/17532645025987HLp2_JPEG/87397362720841092_2055512202.jpg,https://shoppinglive.naver.com/channels/157155,GRADE_1,,2026-05-20T15:21:56.386806+00:00
500150762,220,지아자 공식몰,500150762,http://shop1.phinf.naver.net/20240202_165/1706857139215T4wcI_JPEG/107992918939634971_1937541200.jpg,https://shoppinglive.naver.com/channels/220,GRADE_2,,2026-05-20T15:21:56.386806+00:00
101196356,70049,스킨수티컬즈,101120912,http://shop1.phinf.naver.net/20210614_123/1623633557961VyxXd_PNG/146940637397127228_1997860351.png,https://shoppinglive.naver.com/channels/70049,GRADE_3,,2026-05-20T15:21:56.386806+00:00
101482477,263276,SOLUZIONE,101396661,http://shop1.phinf.naver.net/20260312_207/1773286964959sMA8w_JPEG/107419835996926330_632029983.JPG,https://shoppinglive.naver.com/channels/263276,GRADE_2,,2026-05-20T15:21:57.236991+00:00
500076903,515,TS트릴리온,500076903,http://shop1.phinf.naver.net/20250701_283/17513585254384Iatw_PNG/69052604255215823_1557859613.png,https://shoppinglive.naver.com/channels/515,GRADE_1,,2026-05-20T15:21:57.236991+00:00
102554659,221370,아트코드 ARTCODE,102435748,http://shop1.phinf.naver.net/20260511_42/1778476239446cOYMS_PNG/112609080680653559_60926253.png,https://shoppinglive.naver.com/channels/221370,GRADE_1,,2026-05-20T15:21:57.236991+00:00
102170883,157450,아스카스샵,102062053,http://shop1.phinf.naver.net/20240826_228/1724629639414K3O92_PNG/4542449285041428_19528597.png,https://shoppinglive.naver.com/channels/157450,GRADE_2,,2026-05-20T15:21:58.044869+00:00
101194017,70070,입생로랑 뷰티,101118681,http://shop1.phinf.naver.net/20210622_80/1624359800337TrgVJ_PNG/147666879771098133_1186514170.png,https://shoppinglive.naver.com/channels/70070,GRADE_2,,2026-05-20T15:21:58.888530+00:00
500240447,30931,라이온코리아 브랜드스토어,500240447,http://shop1.phinf.naver.net/20260324_258/17743521833499iGUj_JPEG/34546715938916488_367325675.jpg,https://shoppinglive.naver.com/channels/30931,GRADE_3,,2026-05-20T15:21:59.742238+00:00
500185924,26886,엘로엘 공식몰,500185924,http://shop1.phinf.naver.net/20250122_1/1737527813989Ibarv_JPEG/71660685125240964_1832925230.jpg,https://shoppinglive.naver.com/channels/26886,GRADE_2,,2026-05-20T15:21:59.742238+00:00
102485849,263577,라벨라 화장품,102369065,http://shop1.phinf.naver.net/20251104_259/1762220619866ibnib_PNG/37838697328730771_725431849.png,https://shoppinglive.naver.com/channels/263577,GRADE_1,,2026-05-20T15:21:59.742238+00:00
101791869,211339,메종 마르지엘라 프래그런스,101695192,http://shop1.phinf.naver.net/20230331_298/1680241506244tQm1g_JPEG/7544190129929812_1819010535.jpg,https://shoppinglive.naver.com/channels/211339,GRADE_2,,2026-05-20T15:21:59.742238+00:00
101161925,83668,니베아  브랜드샵,101087961,http://shop1.phinf.naver.net/20250924_201/1758680004642uC0hE_JPEG/34298031118407567_1271400029.jpg,https://shoppinglive.naver.com/channels/83668,GRADE_3,,2026-05-20T15:21:59.742238+00:00
1100069724,263739,VEMOO,1100068390,http://shop1.phinf.naver.net/20260328_165/1774677752964KDNle_JPEG/27392691098121012_1412719801.jpg,https://shoppinglive.naver.com/channels/263739,GRADE_1,,2026-05-20T15:21:59.742238+00:00
101027785,129302,헬스 뷰티 트랜드,100959037,http://shop1.phinf.naver.net/20250211_110/1739239941251MtNG4_JPEG/21257028111766892_1839225011.jpg,https://shoppinglive.naver.com/channels/129302,GRADE_2,,2026-05-20T15:22:00.667904+00:00
100275894,45690,비플레인 beplain,100248076,http://shop1.phinf.naver.net/20210401_226/1617281926746ni3gb_JPEG/18417710453342335_520668148.jpg,https://shoppinglive.naver.com/channels/45690,GRADE_2,,2026-05-20T15:22:01.244384+00:00
100411160,70879,아로셀,100372023,http://shop1.phinf.naver.net/20240619_249/1718787732259M6aMv_JPEG/145322113701951_2039318043.jpg,https://shoppinglive.naver.com/channels/70879,GRADE_3,,2026-05-20T15:22:01.244384+00:00
500067801,17025,닥터포헤어,500067801,http://shop1.phinf.naver.net/20260128_275/17695839068625HFV4_JPEG/76341271264786151_1388620753.jpg,https://shoppinglive.naver.com/channels/17025,GRADE_4,,2026-05-20T15:22:01.244384+00:00
500000431,8227,시크릿데이 공식몰,500000431,http://shop1.phinf.naver.net/20210104_143/1609727230926QI1hH_JPEG/10863010648408998_350367173.jpg,https://shoppinglive.naver.com/channels/8227,GRADE_1,,2026-05-20T15:22:02.189234+00:00
500079982,18270,세타필 공식스토어,500079982,http://shop1.phinf.naver.net/20220411_202/1649642796046a4w5c_JPEG/50778575771089185_779201550.jpg,https://shoppinglive.naver.com/channels/18270,GRADE_3,,2026-05-20T15:22:02.189234+00:00
500155238,78624,웰라쥬 스토어,500155238,http://shop1.phinf.naver.net/20251111_86/1762840191602BQgdO_PNG/9779759602080729_1189974574.png,https://shoppinglive.naver.com/channels/78624,GRADE_1,,2026-05-20T15:22:02.189234+00:00
102440834,202940,온엔에스,102325331,http://shop1.phinf.naver.net/20240818_30/17239682197725bFRX_JPEG/57441088576370294_505813116.jpg,https://shoppinglive.naver.com/channels/202940,GRADE_2,,2026-05-20T15:22:02.689871+00:00
1100117785,262270,씨세라,1100115594,https://shop-phinf.pstatic.net/20241021_160/1729515956246bEynj_JPEG/6f8a5992.jpg,https://shoppinglive.naver.com/channels/262270,GRADE_1,,2026-05-20T15:22:03.558072+00:00
500051714,15340,휴먼큐어,500051714,http://shop1.phinf.naver.net/20220722_88/1658470603653Xn1jD_PNG/59606383374917690_241768128.png,https://shoppinglive.naver.com/channels/15340,GRADE_2,,2026-05-20T15:22:03.558072+00:00
100048627,163955,세인트프랑,100042970,http://shop1.phinf.naver.net/20251209_106/1765240863192DL9gJ_PNG/40858895687616745_1402629065.png,https://shoppinglive.naver.com/channels/163955,GRADE_2,,2026-05-20T15:22:04.374535+00:00
500118612,21391,랑팡,500118612,http://shop1.phinf.naver.net/20210728_129/1627455387437GxH6V_JPEG/28591166950474710_46680715.jpg,https://shoppinglive.naver.com/channels/21391,GRADE_2,,2026-05-20T15:22:04.945831+00:00
102482103,234510,에버벤,102365464,http://shop1.phinf.naver.net/20260507_271/1778162651765u6HkY_JPEG/112295590886102444_1122216055.jpg,https://shoppinglive.naver.com/channels/234510,GRADE_2,,2026-05-20T15:22:05.632927+00:00
100410484,85020,피어스킨,100371377,http://shop1.phinf.naver.net/20250402_105/1743525621712srmRs_PNG/94223161661798756_223317097.png,https://shoppinglive.naver.com/channels/85020,GRADE_3,,2026-05-20T15:22:06.165002+00:00
101360556,127836,유니자르,101278740,http://shop1.phinf.naver.net/20211107_158/16362895417392PUzn_JPEG/37425321457174669_1479249543.jpg,https://shoppinglive.naver.com/channels/127836,GRADE_2,,2026-05-20T15:22:06.563306+00:00
102443090,232808,루미덤,102327533,http://shop1.phinf.naver.net/20241028_256/1730100150469xUjWa_JPEG/14555511269321844_2134091474.jpg,https://shoppinglive.naver.com/channels/232808,GRADE_1,,2026-05-20T15:22:06.563306+00:00
500127597,59570,정샘물뷰티,500127597,http://shop2.phinf.naver.net/20160115_36/jsmbeauty_14528403531401pzad_JPEG/59461345665100600_1318938330.jpg,https://shoppinglive.naver.com/channels/59570,GRADE_2,,2026-05-20T15:22:07.528525+00:00
102223879,229006,아담공방,102113574,http://shop1.phinf.naver.net/20250714_190/1752463566090RB1DI_JPEG/27633848898000379_275070503.jpg,https://shoppinglive.naver.com/channels/229006,GRADE_1,,2026-05-20T15:22:07.528525+00:00
101175635,67742,아리따움 송천뜨란채점,101101022,http://shop1.phinf.naver.net/20250117_88/17371143428293XwB1_JPEG/71247283609807229_1966854737.jpg,https://shoppinglive.naver.com/channels/67742,GRADE_1,,2026-05-20T15:22:07.528525+00:00
102174726,156048,SPENDIPITY,102065790,http://shop1.phinf.naver.net/20241213_214/1734078743340spABB_JPEG/13654868173272569_963969100.jpeg,https://shoppinglive.naver.com/channels/156048,GRADE_2,,2026-05-20T15:22:07.528525+00:00
100917814,63951,설화수,100853418,https://shop-phinf.pstatic.net/20241021_160/1729515956246bEynj_JPEG/6f8a5992.jpg,https://shoppinglive.naver.com/channels/63951,GRADE_1,롯데백화점 노원점,2026-05-20T15:22:08.620697+00:00
100805014,69655,달링태그,100745216,http://shop1.phinf.naver.net/20230720_131/1689836739792UTyB4_JPEG/90972635526016015_484641374.jpg,https://shoppinglive.naver.com/channels/69655,GRADE_2,,2026-05-20T15:22:08.620697+00:00
500012530,10840,머스테브,500012530,http://shop1.phinf.naver.net/20260107_244/1767766161744SifUH_PNG/101898984896750108_1207549495.png,https://shoppinglive.naver.com/channels/10840,GRADE_1,,2026-05-20T15:22:08.620697+00:00
100389736,50348,네일블링,100352387,http://shop1.phinf.naver.net/20210202_155/1612239659844Hb87u_JPEG/13375555578841360_1328124845.jpg,https://shoppinglive.naver.com/channels/50348,GRADE_1,,2026-05-20T15:22:08.620697+00:00
1100029742,263361,셀스틴 화장품,1100029256,http://shop1.phinf.naver.net/20251211_272/1765420900757R6N6a_JPEG/7330907566180884_1923152239.jpg,https://shoppinglive.naver.com/channels/263361,GRADE_2,,2026-05-20T15:22:09.893701+00:00
102650354,249609,타이디랩,102529551,http://shop1.phinf.naver.net/20250717_198/1752720249611rKJ9E_PNG/6315161760130048_2112477944.png,https://shoppinglive.naver.com/channels/249609,GRADE_2,,2026-05-20T15:22:09.893701+00:00
500131124,22535,AROMATICA,500131124,http://shop1.phinf.naver.net/20260202_253/1770000102855pCybq_JPEG/22715663315801118_1111597497.jpg,https://shoppinglive.naver.com/channels/22535,GRADE_3,,2026-05-20T15:22:09.893701+00:00
500258907,248009,무수 맨즈 그루밍,500258907,http://shop1.phinf.naver.net/20250929_239/1759128579269qQi73_JPEG/9493940396904599_1117712945.jpg,https://shoppinglive.naver.com/channels/248009,GRADE_1,,2026-05-20T15:22:09.893701+00:00
101631919,106463,모두봄 MODUBOM,101540956,http://shop1.phinf.naver.net/20241230_61/1735521683876mvlIy_PNG/69654551005995867_1122238255.png,https://shoppinglive.naver.com/channels/106463,GRADE_1,,2026-05-20T15:22:10.685546+00:00
101984156,226326,DNM커머스,101881039,http://shop1.phinf.naver.net/20230616_186/1686899535867v6Alr_JPEG/88035431589032264_1789474225.jpg,https://shoppinglive.naver.com/channels/226326,GRADE_2,,2026-05-20T15:22:11.797368+00:00
100379361,49919,앙방 ENVIN,100342999,http://shop1.phinf.naver.net/20260323_104/1774267371633xQvxe_JPEG/75833553310676282_1265504962.jpg,https://shoppinglive.naver.com/channels/49919,GRADE_1,,2026-05-20T15:22:11.797368+00:00
100617807,92353,버킷그램,100565739,http://shop1.phinf.naver.net/20220706_61/1657098990925l3nqW_JPEG/58234889638298236_1706119795.jpg,https://shoppinglive.naver.com/channels/92353,GRADE_3,,2026-05-20T15:22:11.797368+00:00
102632848,229125,리브엠,102512357,http://shop1.phinf.naver.net/20250402_81/1743587235107kpsi5_JPEG/6575466261606261_1885555916.jpg,https://shoppinglive.naver.com/channels/229125,GRADE_2,,2026-05-20T15:22:11.797368+00:00
100168194,93789,디젤네일,100151417,http://shop1.phinf.naver.net/20200731_116/1596161413238Yfx5j_JPEG/33522955825111849_870440381.jpg,https://shoppinglive.naver.com/channels/93789,GRADE_1,,2026-05-20T15:22:12.411360+00:00
101211106,97241,트리셀 공식 스토어,101134970,http://shop1.phinf.naver.net/20210930_6/1632985426619qBTzt_JPEG/34121210315187264_1293684031.jpg,https://shoppinglive.naver.com/channels/97241,GRADE_1,,2026-05-20T15:22:12.411360+00:00
500194541,27545,젤로젤로,500194541,http://shop1.phinf.naver.net/20210108_193/1610075129892WQcCq_JPEG/11210909613568143_1449033587.jpg,https://shoppinglive.naver.com/channels/27545,GRADE_2,,2026-05-20T15:22:13.464158+00:00
101990781,132987,아띠스토어몰,101887433,http://shop1.phinf.naver.net/20230707_137/1688690203938byfxY_PNG/89826102643129928_811849097.png,https://shoppinglive.naver.com/channels/132987,GRADE_2,,2026-05-20T15:22:13.464158+00:00
102611181,227274,크루닛,102491114,http://shop1.phinf.naver.net/20250401_57/1743478420734Ek98w_JPEG/5942571859857302_81979705.jpg,https://shoppinglive.naver.com/channels/227274,GRADE_2,,2026-05-20T15:22:13.464158+00:00
101842434,120789,청년답례품,101744319,http://shop1.phinf.naver.net/20241122_17/1732243079624UcLBu_PNG/4842943740313482_1319065768.png,https://shoppinglive.naver.com/channels/120789,GRADE_2,,2026-05-20T15:22:14.357541+00:00
100862513,59882,시세이도,100800410,http://shop1.phinf.naver.net/20201224_62/1608777216211Y6oQW_PNG/132084268748208186_1708970353.png,https://shoppinglive.naver.com/channels/59882,GRADE_1,,2026-05-20T15:22:14.357541+00:00
102586497,225108,아홍이,102466877,http://shop1.phinf.naver.net/20250210_285/17391552960377l4lF_JPEG/73288084182172501_863767060.jpg,https://shoppinglive.naver.com/channels/225108,GRADE_1,,2026-05-20T15:22:14.823487+00:00
100338462,48236,shopnotd,100304973,http://shop1.phinf.naver.net/20230724_101/1690168141936jLhlh_PNG/91303984652888726_1782769101.png,https://shoppinglive.naver.com/channels/48236,GRADE_1,,2026-05-20T15:22:16.054510+00:00
102249477,245047,뉴베리프,102138494,http://shop1.phinf.naver.net/20250726_173/1753511913038HjMB8_PNG/87644726337981407_1220357816.png,https://shoppinglive.naver.com/channels/245047,GRADE_2,,2026-05-20T15:22:16.721584+00:00
101116289,79868,케이트,101044195,http://shop1.phinf.naver.net/20220413_76/1649825712824kahR2_PNG/50961558546086668_1560890542.png,https://shoppinglive.naver.com/channels/79868,GRADE_1,,2026-05-20T15:22:16.721584+00:00
101905671,157346,어노브,101805412,http://shop1.phinf.naver.net/20230322_214/1679473624753ULUqJ_PNG/80609452583697733_1348140601.png,https://shoppinglive.naver.com/channels/157346,GRADE_2,,2026-05-20T15:22:17.463021+00:00
102668913,240369,BRKA 브르카,102547707,http://shop1.phinf.naver.net/20250623_45/17506664241341doH9_JPEG/84799217256743668_102119335.jpg,https://shoppinglive.naver.com/channels/240369,GRADE_2,,2026-05-20T15:22:17.463021+00:00
500017094,11389,에뛰드 본사직영샵,500017094,http://shop1.phinf.naver.net/20230407_290/1680842450298Ia6ar_JPEG/81978284112341327_100430786.jpg,https://shoppinglive.naver.com/channels/11389,GRADE_2,,2026-05-20T15:22:18.272097+00:00
101887904,111511,벨레다 공식스토어,101788366,http://shop1.phinf.naver.net/20250408_182/1744096515111e1WXR_JPEG/7010604254798770_101274382.jpg,https://shoppinglive.naver.com/channels/111511,GRADE_1,,2026-05-20T15:22:18.272097+00:00
500151480,24179,땡큐파머,500151480,http://shop1.phinf.naver.net/20260324_38/177433586544076YRA_JPEG/5274926147912919_-599910598.jpg,https://shoppinglive.naver.com/channels/24179,GRADE_1,,2026-05-20T15:22:19.017838+00:00
101942950,146472,케라뉴,101841288,http://shop1.phinf.naver.net/20250915_27/1757902916708MiFFd_JPEG/12455196254624153_269392502.jpg,https://shoppinglive.naver.com/channels/146472,GRADE_1,,2026-05-20T15:22:19.017838+00:00
102784319,249839,디브라우너즈,102661123,http://shop1.phinf.naver.net/20251218_65/1766057125054KHtjA_PNG/27946945779825701_1977378328.png,https://shoppinglive.naver.com/channels/249839,GRADE_1,,2026-05-20T15:22:19.017838+00:00
500237002,30532,프레티,500237002,http://shop1.phinf.naver.net/20250515_26/1747286961393ITRGR_PNG/1820727594569139_1713307077.png,https://shoppinglive.naver.com/channels/30532,GRADE_1,,2026-05-20T15:22:20.159771+00:00
102621293,263041,세테라,102501028,http://shop1.phinf.naver.net/20250403_57/1743663342582d1zpm_JPEG/34016760626945474_1759746100.jpg,https://shoppinglive.naver.com/channels/263041,GRADE_2,,2026-05-20T15:22:20.159771+00:00
100546673,55874,네모뷰티,100498342,http://shop1.phinf.naver.net/20191122_299/15744076634600JP5R_JPEG/11768402095521073_986111442.jpg,https://shoppinglive.naver.com/channels/55874,GRADE_2,,2026-05-20T15:22:20.782876+00:00
102437629,200729,에스와이코스메틱스,102322222,http://shop1.phinf.naver.net/20241023_184/1729663300582Aoc2d_PNG/63796231697516301_1691665623.png,https://shoppinglive.naver.com/channels/200729,GRADE_2,,2026-05-20T15:22:20.782876+00:00
100247174,115923,Ancess,100222079,http://shop1.phinf.naver.net/20260323_129/1774243301174s9ldS_JPEG/19132046828183517_661803184.jpg,https://shoppinglive.naver.com/channels/115923,GRADE_1,,2026-05-20T15:22:20.782876+00:00
101867779,143674,지엠지엔르코스,101768991,http://shop1.phinf.naver.net/20251211_233/1765436693702y1pSJ_JPEG/8477683697453456_2033759385.jpg,https://shoppinglive.naver.com/channels/143674,GRADE_2,,2026-05-20T15:22:21.209844+00:00
101261095,257937,네이키드랩,101182776,http://shop1.phinf.naver.net/20211001_41/16330853858973vIoQ_PNG/34221219712069312_1739764030.png,https://shoppinglive.naver.com/channels/257937,GRADE_1,,2026-05-20T15:22:21.209844+00:00
100528576,80432,The N.B.P,100481189,http://shop1.phinf.naver.net/20220415_294/1649991640021atPYw_PNG/51127423733286911_1314316361.png,https://shoppinglive.naver.com/channels/80432,GRADE_1,,2026-05-20T15:22:21.648739+00:00
101621731,114235,위드유스킨withUskin,101531109,http://shop1.phinf.naver.net/20250306_85/1741273139248xRla6_JPEG/6867588390900071_1052935928.jpg,https://shoppinglive.naver.com/channels/114235,GRADE_1,,2026-05-20T15:22:21.648739+00:00
102640222,261036,어네이즈,102519587,http://shop1.phinf.naver.net/20250411_121/1744355684918NvTpF_JPEG/29916549803889790_1913506985.jpg,https://shoppinglive.naver.com/channels/261036,GRADE_1,,2026-05-20T15:22:21.648739+00:00
1100108987,261321,어네이즈 ANAZE,102519587,http://shop1.phinf.naver.net/20250411_121/1744355684918NvTpF_JPEG/29916549803889790_1913506985.jpg,https://shoppinglive.naver.com/channels/261321,GRADE_1,,2026-05-20T15:22:22.489585+00:00
1100052730,261113,oncia 온시아,1100051843,http://shop1.phinf.naver.net/20260118_297/1768703973101hXUNh_PNG/6308999953605440_1484200377.png,https://shoppinglive.naver.com/channels/261113,GRADE_2,,2026-05-20T15:22:22.489585+00:00
100960083,76048,홀리추얼,100894181,http://shop1.phinf.naver.net/20201113_4/1605241724722kSk4W_PNG/6377570433148257_1873762475.png,https://shoppinglive.naver.com/channels/76048,GRADE_3,,2026-05-20T15:22:22.489585+00:00
101964046,181000,구찌뷰티,101861653,https://shop-phinf.pstatic.net/20241021_160/1729515956246bEynj_JPEG/6f8a5992.jpg,https://shoppinglive.naver.com/channels/181000,GRADE_2,롯데백화점 영등포점,2026-05-20T15:22:22.489585+00:00
100862403,59621,연작 공식 스토어,100800312,http://shop1.phinf.naver.net/20201224_4/1608777185836n9DEB_PNG/132084265308579783_1051562812.png,https://shoppinglive.naver.com/channels/59621,GRADE_3,,2026-05-20T15:22:23.064483+00:00
101522892,95820,클레보스 공식스토어,101435611,http://shop1.phinf.naver.net/20220411_20/1649635865639tzKn6_PNG/50771761376089805_825905700.png,https://shoppinglive.naver.com/channels/95820,GRADE_2,,2026-05-20T15:22:23.064483+00:00
100833176,78527,AGE20S 에이지투웨니스,100772204,http://shop1.phinf.naver.net/20230901_9/1693529223309Q1sfd_JPEG/94665003027762911_1954234033.jpg,https://shoppinglive.naver.com/channels/78527,GRADE_3,,2026-05-20T15:22:23.637241+00:00
100439859,60457,코스메쉐프,100398620,http://shop1.phinf.naver.net/20250418_181/1744953957879vXLYa_PNG/9762595674159618_1828912585.png,https://shoppinglive.naver.com/channels/60457,GRADE_3,,2026-05-20T15:22:23.637241+00:00
100159687,162684,블루페탈,100143853,http://shop1.phinf.naver.net/20251124_103/1763960111320qENoA_PNG/98092961467884178_611761054.png,https://shoppinglive.naver.com/channels/162684,GRADE_2,,2026-05-20T15:22:23.637241+00:00
101197337,87335,모다모다 MODAMODA,101121844,http://shop1.phinf.naver.net/20220629_230/1656464170460zFDfz_JPEG/57600016152970883_1433186837.jpg,https://shoppinglive.naver.com/channels/87335,GRADE_2,,2026-05-20T15:22:23.637241+00:00
1100008682,254439,이브로쉐,1100008522,http://shop1.phinf.naver.net/20251204_249/1764834077660okJNE_JPEG/90863562939642454_567581022.jpg,https://shoppinglive.naver.com/channels/254439,GRADE_2,,2026-05-20T15:22:24.155874+00:00
101986412,124060,Sooryehan,101883245,http://shop1.phinf.naver.net/20230607_197/16861142951872aeoF_JPEG/87250078904292317_906294460.jpg,https://shoppinglive.naver.com/channels/124060,GRADE_1,,2026-05-20T15:22:24.155874+00:00
500032399,13233,아이소이 공식스토어,500032399,http://shop1.phinf.naver.net/20210224_280/1614157682108oqct4_JPEG/15293570818091193_680597953.jpg,https://shoppinglive.naver.com/channels/13233,GRADE_3,,2026-05-20T15:22:25.048603+00:00
1100135389,263585,모그린 스토어,1100132908,http://shop1.phinf.naver.net/20260427_198/1777268127182MMB1q_PNG/59346319661024372_1048366951.png,https://shoppinglive.naver.com/channels/263585,GRADE_1,,2026-05-20T15:22:25.048603+00:00
102690255,241237,캔메이크 공식스토어,102568595,http://shop1.phinf.naver.net/20250808_11/1754646957590DfLDq_PNG/9258002843515669_1730151493.png,https://shoppinglive.naver.com/channels/241237,GRADE_1,,2026-05-20T15:22:25.048603+00:00
100666241,65422,알엑스랩,100611855,http://shop1.phinf.naver.net/20250805_151/1754384087834IVf8a_JPEG/58783365701797473_2028352167.jpg,https://shoppinglive.naver.com/channels/65422,GRADE_1,,2026-05-20T15:22:25.675529+00:00
101442590,158445,모델라지,101358176,http://shop1.phinf.naver.net/20250309_195/1741492754771P1Pr2_JPEG/17601827897376933_334612653.jpeg,https://shoppinglive.naver.com/channels/158445,GRADE_1,,2026-05-20T15:22:27.355080+00:00
101957203,165699,VAVIVE,101855006,http://shop1.phinf.naver.net/20240607_183/1717686419436Ri7hx_JPEG/118822262142093248_1860483498.jpg,https://shoppinglive.naver.com/channels/165699,GRADE_1,,2026-05-20T15:22:27.355080+00:00
100920882,62269,에이피 뷰티,100856377,http://shop1.phinf.naver.net/20250716_211/1752646905271hjm5k_PNG/65743814302810074_1509463934.png,https://shoppinglive.naver.com/channels/62269,GRADE_3,,2026-05-20T15:22:27.355080+00:00
100934270,63572,설화수,100869370,https://shop-phinf.pstatic.net/20241021_160/1729515956246bEynj_JPEG/6f8a5992.jpg,https://shoppinglive.naver.com/channels/63572,GRADE_1,롯데백화점 중동점,2026-05-20T15:22:27.964736+00:00
500140782,23301,다노클리닉,500140782,http://shop1.phinf.naver.net/20230927_178/1695788206218dzsM2_JPEG/96924041052963025_75819418.jpg,https://shoppinglive.naver.com/channels/23301,GRADE_2,,2026-05-20T15:22:27.964736+00:00
500009740,10488,모레모팸,500009740,http://shop1.phinf.naver.net/20240930_173/17276851066726ksjK_JPEG/40929598499015322_1814968466.jpg,https://shoppinglive.naver.com/channels/10488,GRADE_2,,2026-05-20T15:22:28.608180+00:00
500128843,22007,바스참,500128843,http://shop1.phinf.naver.net/20211216_180/1639637873477YMorb_JPEG/40773707255413830_1554547482.jpg,https://shoppinglive.naver.com/channels/22007,GRADE_2,,2026-05-20T15:22:28.608682+00:00
101021425,255225,히야 공식스토어,100952915,http://shop1.phinf.naver.net/20260123_47/1769155715258fD4J7_JPEG/45617626414537361_1991081659.jpg,https://shoppinglive.naver.com/channels/255225,GRADE_2,,2026-05-20T15:22:28.608682+00:00
100770445,60749,헤라,100711952,http://shop1.phinf.naver.net/20250328_147/1743138963836Xvx5e_JPEG/33909824787526960_682174449.jpg,https://shoppinglive.naver.com/channels/60749,GRADE_3,,2026-05-20T15:22:29.092101+00:00
102533820,234001,ONUL31,102415543,http://shop1.phinf.naver.net/20250221_221/1740139325635W2Pzz_JPEG/2509792767005772_787659865.jpg,https://shoppinglive.naver.com/channels/234001,GRADE_2,,2026-05-20T15:22:29.092101+00:00
100064507,36927,커리쉴,100057524,http://shop1.phinf.naver.net/20260320_252/1773973811885rQrrg_JPEG/80771226601609396_229623786.jpg,https://shoppinglive.naver.com/channels/36927,GRADE_3,,2026-05-20T15:22:29.092101+00:00
100909679,69882,크리니크,100824698,http://shop1.phinf.naver.net/20200924_252/1600924069647qF7Je_PNG/2059965384076545_222542746.png,https://shoppinglive.naver.com/channels/69882,GRADE_2,,2026-05-20T15:22:29.092101+00:00
500192537,27307,메이크프렘,500192537,http://shop1.phinf.naver.net/20220121_159/1642755553648ejODn_JPEG/43891388481994018_1154877690.jpg,https://shoppinglive.naver.com/channels/27307,GRADE_3,,2026-05-20T15:22:29.809323+00:00
102589886,242092,RIVRIN LAB,102470208,http://shop1.phinf.naver.net/20250725_189/17534543082081tvsw_PNG/70781239720970824_1815461334.png,https://shoppinglive.naver.com/channels/242092,GRADE_2,,2026-05-20T15:22:29.809323+00:00
101220532,78961,코슬로우,101143902,http://shop1.phinf.naver.net/20210614_274/1623676914809VBukd_PNG/24812810353737269_643410699.png,https://shoppinglive.naver.com/channels/78961,GRADE_2,,2026-05-20T15:22:30.684054+00:00
101353862,110694,주식회사 뉴트리사나,101272254,http://shop1.phinf.naver.net/20260408_225/1775630425544CW5Fb_PNG/59245800377352550_1291267649.png,https://shoppinglive.naver.com/channels/110694,GRADE_2,,2026-05-20T15:22:30.684054+00:00
500206785,191560,몽잘,500206785,http://shop1.phinf.naver.net/20231221_193/1703141903505VcS2L_PNG/104277737327757775_1654488004.png,https://shoppinglive.naver.com/channels/191560,GRADE_1,,2026-05-20T15:22:30.684054+00:00
101714191,209094,모아매거진,101620707,https://shop-phinf.pstatic.net/20241021_160/1729515956246bEynj_JPEG/6f8a5992.jpg,https://shoppinglive.naver.com/channels/209094,GRADE_1,,2026-05-20T15:22:30.684054+00:00
100020896,151567,비누옹달샘,100017756,http://shop1.phinf.naver.net/20260319_197/1773907610035YFHr2_JPEG/34453240639081072_1210342730.jpg,https://shoppinglive.naver.com/channels/151567,GRADE_2,,2026-05-20T15:22:31.378315+00:00
1100096814,263136,도파맥스,1100094975,http://shop1.phinf.naver.net/20260305_264/177269867494932gl4_JPEG/106831559084035940_714335802.jpg,https://shoppinglive.naver.com/channels/263136,GRADE_1,,2026-05-20T15:22:31.378315+00:00
100957364,97276,AONE FASHION,100891537,http://shop1.phinf.naver.net/20221101_135/1667280817037futWt_PNG/68416662759857153_820980667.png,https://shoppinglive.naver.com/channels/97276,GRADE_1,,2026-05-20T15:22:31.378315+00:00
100214213,150744,갸스비공식스토어,100192344,http://shop1.phinf.naver.net/20231012_31/169711251977403sUr_JPEG/98248354607521719_1293860594.jpg,https://shoppinglive.naver.com/channels/150744,GRADE_3,,2026-05-20T15:22:32.228342+00:00
500029992,533,인포벨홈쇼핑,500029992,http://shop1.phinf.naver.net/20230728_43/1690508183990B9j69_JPEG/91644079715712261_311940816.jpg,https://shoppinglive.naver.com/channels/533,GRADE_2,,2026-05-20T15:22:33.084545+00:00
102777789,263085,아코와,102654699,http://shop1.phinf.naver.net/20260414_237/1776155215924LB2z6_PNG/122873535335442655_270961668.png,https://shoppinglive.naver.com/channels/263085,GRADE_2,,2026-05-20T15:22:34.209163+00:00
100970680,86995,나인밀라,100904362,http://shop1.phinf.naver.net/20201111_160/1605062935964kscVU_PNG/6198715685375471_1101249096.png,https://shoppinglive.naver.com/channels/86995,GRADE_1,,2026-05-20T15:22:34.209163+00:00
101153549,67387,비레디 스토어,101079877,http://shop1.phinf.naver.net/20221118_280/1668731802047pT2YG_PNG/69867636880605726_946526150.png,https://shoppinglive.naver.com/channels/67387,GRADE_3,,2026-05-20T15:22:34.209163+00:00
100080269,150412,lefilleo,100071983,http://shop1.phinf.naver.net/20190910_115/1568105475795Rn2BJ_JPEG/5465310348256368_1074971689.jpg,https://shoppinglive.naver.com/channels/150412,GRADE_1,,2026-05-20T15:22:34.893596+00:00
101973753,183569,베베루나 Bebeluna,101870994,http://shop1.phinf.naver.net/20240221_151/1708498773690kKl6W_JPEG/109634557375740010_516689842.jpg,https://shoppinglive.naver.com/channels/183569,GRADE_2,,2026-05-20T15:22:35.726002+00:00
500066960,62208,아벨모,500066960,http://shop1.phinf.naver.net/20231130_284/1701330492011tDuxh_JPEG/102466387748766811_1704278020.jpg,https://shoppinglive.naver.com/channels/62208,GRADE_2,,2026-05-20T15:22:35.726002+00:00
100474030,131511,베이비리앙,100430222,http://shop1.phinf.naver.net/20260324_93/1774309937756IYwTH_PNG/805446237130050_695769299.png,https://shoppinglive.naver.com/channels/131511,GRADE_2,,2026-05-20T15:22:35.726002+00:00
500096708,19375,제이숲N,500096708,http://shop1.phinf.naver.net/20210512_244/1620798426612kVBBF_JPEG/21934260295230919_129087425.jpg,https://shoppinglive.naver.com/channels/19375,GRADE_2,,2026-05-20T15:22:35.726002+00:00
101854439,227514,Beauty in life,101756011,http://shop1.phinf.naver.net/20250326_20/1742964796787EKn9Q_PNG/1364946757846843_1216721688.png,https://shoppinglive.naver.com/channels/227514,GRADE_1,,2026-05-20T15:22:36.517485+00:00
500239096,30845,탱글엔젤,500239096,http://shop1.phinf.naver.net/20260324_116/1774352002429kHjTL_JPEG/3796768275637243_1041519933.jpg,https://shoppinglive.naver.com/channels/30845,GRADE_1,,2026-05-20T15:22:36.517485+00:00
101485721,97969,닥터제코리,101399798,http://shop1.phinf.naver.net/20220805_291/1659677348907d4O7C_PNG/60813128620315139_681242179.png,https://shoppinglive.naver.com/channels/97969,GRADE_2,,2026-05-20T15:22:36.517485+00:00
101028468,64012,비오템,100959698,http://shop1.phinf.naver.net/20220610_100/1654857897042nKQJS_JPEG/55993730801483865_1445032936.jpg,https://shoppinglive.naver.com/channels/64012,GRADE_3,,2026-05-20T15:22:36.517485+00:00
100472314,73355,비대면피부고민해결소,100428712,http://shop1.phinf.naver.net/20210604_132/1622804018162H7VzB_JPEG/23939913799670695_2001666051.jpg,https://shoppinglive.naver.com/channels/73355,GRADE_1,,2026-05-20T15:22:37.379827+00:00
500150359,24173,헤어플러스본사,500150359,http://shop1.phinf.naver.net/20241030_4/1730280825825tH8Ys_PNG/48583480627310637_627000613.png,https://shoppinglive.naver.com/channels/24173,GRADE_3,,2026-05-20T15:22:37.380829+00:00
102661105,252806,마이브이,102540059,http://shop1.phinf.naver.net/20251111_89/1762846582377ilEaM_JPEG/96979453518881090_1624164754.jpg,https://shoppinglive.naver.com/channels/252806,GRADE_1,,2026-05-20T15:22:38.063894+00:00
100914976,68550,설화수,100850728,https://shop-phinf.pstatic.net/20241021_160/1729515956246bEynj_JPEG/6f8a5992.jpg,https://shoppinglive.naver.com/channels/68550,GRADE_1,롯데백화점 잠실점,2026-05-20T15:22:38.809616+00:00
101848448,205733,마리브 스토어,101750190,http://shop1.phinf.naver.net/20230918_212/1695015373935LbWSA_JPEG/96151208771851150_115011905.jpg,https://shoppinglive.naver.com/channels/205733,GRADE_2,,2026-05-20T15:22:38.809616+00:00
100927319,65780,지방시뷰티,100862656,http://shop1.phinf.naver.net/20251002_104/1759370221926bHHG7_PNG/12965134072306146_824332767.png,https://shoppinglive.naver.com/channels/65780,GRADE_1,,2026-05-20T15:22:40.015148+00:00
102702576,260470,모에뜨 moet,102580717,http://shop1.phinf.naver.net/20260128_163/1769577792171K8fqN_PNG/22293352640094550_886862449.png,https://shoppinglive.naver.com/channels/260470,GRADE_2,,2026-05-20T15:22:40.015148+00:00
101086148,77473,아리라끄 Arilac,101015147,http://shop1.phinf.naver.net/20260205_163/177028559836848YMS_PNG/43105652519127591_799907124.png,https://shoppinglive.naver.com/channels/77473,GRADE_1,,2026-05-20T15:22:40.567564+00:00
500054711,67985,ULIKE BEAUTY,500054711,http://shop1.phinf.naver.net/20230710_15/1688950797049r3hbm_JPEG/90086580765203319_430909590.jpg,https://shoppinglive.naver.com/channels/67985,GRADE_3,,2026-05-20T15:22:40.567564+00:00
500098257,19638,DASHING DIVA,500098257,http://shop1.phinf.naver.net/20250512_223/1747007158183ntWxS_PNG/27638481016541125_1334713627.png,https://shoppinglive.naver.com/channels/19638,GRADE_2,,2026-05-20T15:22:40.567564+00:00
102528533,230081,네일헤이쥬,102410399,http://shop1.phinf.naver.net/20241214_169/1734139008907FYVzR_PNG/68271855590669614_959556665.png,https://shoppinglive.naver.com/channels/230081,GRADE_1,,2026-05-20T15:22:40.567564+00:00
102706031,247183,엘누아르,102584114,http://shop1.phinf.naver.net/20251026_250/1761469791196BiH8q_PNG/1009808016836893_140141536.png,https://shoppinglive.naver.com/channels/247183,GRADE_1,,2026-05-20T15:22:41.596593+00:00
100315014,263496,비코코스메틱,100283413,http://shop1.phinf.naver.net/20260512_132/1778561774747lIsP2_PNG/27318045831785830_1929309782.png,https://shoppinglive.naver.com/channels/263496,GRADE_1,,2026-05-20T15:22:42.138518+00:00
102404462,235906,맘마미아 옷장,102289920,http://shop1.phinf.naver.net/20250514_271/1747197749795oFEO4_PNG/81330590165130838_368843508.png,https://shoppinglive.naver.com/channels/235906,GRADE_1,,2026-05-20T15:22:42.138518+00:00
102666129,250576,베가글로우,102544979,https://shop-phinf.pstatic.net/20241021_160/1729515956246bEynj_JPEG/6f8a5992.jpg,https://shoppinglive.naver.com/channels/250576,GRADE_2,,2026-05-20T15:22:42.138518+00:00
101407644,194496,비더제니,101324227,http://shop1.phinf.naver.net/20230727_250/1690430816874l3zEq_JPEG/91566659589222727_1308548228.jpg,https://shoppinglive.naver.com/channels/194496,GRADE_1,,2026-05-20T15:22:42.907659+00:00
101109465,162794,디오에스앤유니크,101037649,http://shop1.phinf.naver.net/20240214_129/1707896323157pclP2_JPEG/109032102877237298_2096897474.jpg,https://shoppinglive.naver.com/channels/162794,GRADE_1,,2026-05-20T15:22:42.907659+00:00
101509859,255364,쉴드몰,101423031,http://shop1.phinf.naver.net/20220405_299/1649159074148TTnSo_JPEG/50294919863928926_65435680.jpg,https://shoppinglive.naver.com/channels/255364,GRADE_1,,2026-05-20T15:22:42.907659+00:00
102682401,249920,오라셀,102560883,http://shop1.phinf.naver.net/20251010_172/176008206475820mNM_JPEG/5268560906580946_1089558508.JPG,https://shoppinglive.naver.com/channels/249920,GRADE_1,,2026-05-20T15:22:42.907659+00:00
101574977,174463,닥터커머스,101485699,http://shop1.phinf.naver.net/20220623_294/1655978780255jP3PG_PNG/57114615088630354_346662805.png,https://shoppinglive.naver.com/channels/174463,GRADE_1,,2026-05-20T15:22:42.907659+00:00
101711298,117708,브리드케어,101617901,http://shop1.phinf.naver.net/20240220_129/1708398722425W6Edk_JPEG/35701406306820979_432843264.jpg,https://shoppinglive.naver.com/channels/117708,GRADE_2,,2026-05-20T15:22:43.487654+00:00
100887719,65695,크리니크 공식 스토어,100824698,http://shop1.phinf.naver.net/20201224_116/16087772445837cx5S_PNG/132084324057672259_1095442856.png,https://shoppinglive.naver.com/channels/65695,GRADE_4,,2026-05-20T15:22:44.449209+00:00
101753283,202085,리얼 프로,101658094,http://shop1.phinf.naver.net/20221230_105/1672364827049dM3yw_JPEG/73500610766683052_1073136670.jpg,https://shoppinglive.naver.com/channels/202085,GRADE_2,,2026-05-20T15:22:44.449209+00:00
100294313,86262,올가휴본사공식몰,100264881,http://shop1.phinf.naver.net/20240605_252/1717555711527nS89r_PNG/118691607262422270_1126127082.png,https://shoppinglive.naver.com/channels/86262,GRADE_2,,2026-05-20T15:22:44.449209+00:00
500126297,139826,바이오더마코리아,500126297,http://shop1.phinf.naver.net/20250304_24/17410463143036sQrI_JPEG/487933516019491_1190903173.jpg,https://shoppinglive.naver.com/channels/139826,GRADE_1,,2026-05-20T15:22:45.465210+00:00
100744659,125679,스카비올,100687041,http://shop1.phinf.naver.net/20250325_199/1742859524391GDuV8_PNG/66983343269333188_1237201632.png,https://shoppinglive.naver.com/channels/125679,GRADE_2,,2026-05-20T15:22:45.465210+00:00
100306308,46964,토니모리 공식몰,100275631,http://shop1.phinf.naver.net/20211209_255/1639036517444aE7Le_PNG/40172413173176891_1561815606.png,https://shoppinglive.naver.com/channels/46964,GRADE_2,,2026-05-20T15:22:45.465210+00:00
102453915,222774,필수탬,102338074,http://shop1.phinf.naver.net/20260320_22/1773967676129S4LxV_PNG/55667242783387848_1048099039.png,https://shoppinglive.naver.com/channels/222774,GRADE_1,,2026-05-20T15:22:46.216681+00:00
102040230,129274,비에이치스토리코스메틱,101935355,http://shop1.phinf.naver.net/20260512_178/1778548092897rxAeD_JPEG/112680934123770223_689350026.jpg,https://shoppinglive.naver.com/channels/129274,GRADE_2,,2026-05-20T15:22:46.216681+00:00
100079491,162892,시크릿영,100071282,http://shop1.phinf.naver.net/20220907_34/1662557495238Frys8_PNG/63693329048483331_707572224.png,https://shoppinglive.naver.com/channels/162892,GRADE_1,,2026-05-20T15:22:47.086064+00:00
1100011852,256898,SIGEUMCHI,1100011636,http://shop1.phinf.naver.net/20251112_220/1762924716035UrXXO_JPEG/13015662995694977_363124544.jpg,https://shoppinglive.naver.com/channels/256898,GRADE_2,,2026-05-20T15:22:48.548266+00:00
102013451,262768,LEVIEMER,101909395,http://shop1.phinf.naver.net/20250904_25/1756952839983Lj1li_JPEG/10547752060340156_1101250675.jpg,https://shoppinglive.naver.com/channels/262768,GRADE_1,,2026-05-20T15:22:48.548266+00:00
100736083,64529,유닉스전자,100678705,http://shop1.phinf.naver.net/20240220_11/1708418825081QjyLC_JPEG/35721508961611245_793079939.jpg,https://shoppinglive.naver.com/channels/64529,GRADE_3,,2026-05-20T15:22:49.192485+00:00
100928751,64193,베네피트 코스메틱스,100864027,http://shop1.phinf.naver.net/20250121_153/1737423374649OncfH_JPEG/55117453466499575_445801775.jpg,https://shoppinglive.naver.com/channels/64193,GRADE_3,,2026-05-20T15:22:49.192485+00:00
102454744,204479,우르오스,102338883,http://shop1.phinf.naver.net/20240829_79/1724913716663qTrqm_PNG/11281302375656299_1436107326.png,https://shoppinglive.naver.com/channels/204479,GRADE_3,,2026-05-20T15:22:49.192485+00:00
100894104,61590,나스,100830834,http://shop1.phinf.naver.net/20201224_202/1608777257763WSpzm_PNG/132084310298081494_329417528.png,https://shoppinglive.naver.com/channels/61590,GRADE_1,,2026-05-20T15:22:49.806430+00:00
101332768,231664,칼앤한스,101251802,http://shop1.phinf.naver.net/20211006_67/1633480931119yxyP4_JPEG/34616773829761854_1177377279.jpg,https://shoppinglive.naver.com/channels/231664,GRADE_1,,2026-05-20T15:22:50.492895+00:00
500266132,32713,키스뉴욕,500266132,http://shop1.phinf.naver.net/20200114_17/1578961045337Xlq7Q_JPEG/16320879883487049_2120539569.jpg,https://shoppinglive.naver.com/channels/32713,GRADE_2,,2026-05-20T15:22:50.492895+00:00
1100014979,263087,JINOVO,1100014707,http://shop1.phinf.naver.net/20260131_76/1769853260389p2c7w_JPEG/99214877924814197_1367288229.jpeg,https://shoppinglive.naver.com/channels/263087,GRADE_2,,2026-05-20T15:22:50.492895+00:00
101121137,69329,J-BRANDING,101048799,http://shop1.phinf.naver.net/20211025_187/1635136565666EWJdY_PNG/36272411384553164_150928183.png,https://shoppinglive.naver.com/channels/69329,GRADE_2,,2026-05-20T15:22:50.492895+00:00
100376074,81078,비에이치스토리,100339977,http://shop1.phinf.naver.net/20260417_261/1776386930716H1RKG_JPEG/110519845857696896_581864498.jpg,https://shoppinglive.naver.com/channels/81078,GRADE_1,,2026-05-20T15:22:51.077794+00:00
101173166,103485,쏭리샵,101098712,http://shop1.phinf.naver.net/20240801_182/172252246180289Xyi_PNG/14227027631098009_154103067.png,https://shoppinglive.naver.com/channels/103485,GRADE_1,,2026-05-20T15:22:51.077794+00:00
500110384,198675,내츄럴앤펀,500110384,http://shop1.phinf.naver.net/20250220_160/17400355504370g77m_JPEG/76399197834648595_391145687.jpg,https://shoppinglive.naver.com/channels/198675,GRADE_1,,2026-05-20T15:22:51.723048+00:00
102128938,147330,러베,102021386,http://shop1.phinf.naver.net/20250320_250/1742437637958KsGNQ_JPEG/66561456829656528_1218721951.jpg,https://shoppinglive.naver.com/channels/147330,GRADE_3,,2026-05-20T15:22:52.574182+00:00
100717715,238841,네일창작소,100661058,http://shop1.phinf.naver.net/20260113_197/1768289190356bnUyn_PNG/17544383473146905_1619330198.png,https://shoppinglive.naver.com/channels/238841,GRADE_1,,2026-05-20T15:22:52.574182+00:00
500113617,20922,더툴랩,500113617,http://shop1.phinf.naver.net/20260324_294/1774329284120liunG_JPEG/40615807395528314_1791245271.jpg,https://shoppinglive.naver.com/channels/20922,GRADE_2,,2026-05-20T15:22:53.496176+00:00
500242639,31068,VDL 공식플래그십 스토어,500242639,http://shop1.phinf.naver.net/20260324_200/1774352655212snqsd_JPEG/11324084176178487_213945647.jpg,https://shoppinglive.naver.com/channels/31068,GRADE_3,,2026-05-20T15:22:54.271479+00:00
101816823,154266,오디렌,101719425,https://shop-phinf.pstatic.net/20241021_160/1729515956246bEynj_JPEG/6f8a5992.jpg,https://shoppinglive.naver.com/channels/154266,GRADE_2,,2026-05-20T15:22:54.271479+00:00
102796781,255093,사비에르,102673402,http://shop1.phinf.naver.net/20251022_58/1761115225139olxHv_JPEG/95248112086047934_1436270297.jpg,https://shoppinglive.naver.com/channels/255093,GRADE_1,,2026-05-20T15:22:55.251102+00:00
101433556,126381,아브카,101349426,http://shop1.phinf.naver.net/20220527_266/1653638001288kcTU0_JPEG/54773899664965643_2126727012.jpg,https://shoppinglive.naver.com/channels/126381,GRADE_1,,2026-05-20T15:22:55.251102+00:00
500051831,15413,23YEARSOLD,500051831,http://shop1.phinf.naver.net/20250221_118/1740116042134vuole_PNG/43628579132811457_1034296834.png,https://shoppinglive.naver.com/channels/15413,GRADE_2,,2026-05-20T15:22:56.305124+00:00
100196879,42788,에이센트ASCENT,100176774,http://shop1.phinf.naver.net/20220715_150/1657877874268NaBr7_JPEG/59013702095753968_95973543.jpg,https://shoppinglive.naver.com/channels/42788,GRADE_3,,2026-05-20T15:22:56.305124+00:00
101735727,101272,에버셀,101641371,http://shop1.phinf.naver.net/20241231_175/1735613428878apNh4_JPEG/69746307018886848_1570300908.jpg,https://shoppinglive.naver.com/channels/101272,GRADE_2,,2026-05-20T15:22:56.305124+00:00
500146622,23791,메디힐 스토어,500146622,http://shop1.phinf.naver.net/20240326_55/1711427164490JWKTA_PNG/112562944215696764_692799373.png,https://shoppinglive.naver.com/channels/23791,GRADE_3,,2026-05-20T15:22:56.305124+00:00
101189811,69586,트루히알100,101114645,http://shop1.phinf.naver.net/20241108_227/1731041033329HX1gI_PNG/80428831121710326_2000565961.png,https://shoppinglive.naver.com/channels/69586,GRADE_2,,2026-05-20T15:22:56.305124+00:00
500002685,8799,나실패밀리,500002685,http://shop1.phinf.naver.net/20230921_216/1695280614141KiXuc_PNG/96416456854843919_1681879198.png,https://shoppinglive.naver.com/channels/8799,GRADE_2,,2026-05-20T15:22:57.161368+00:00
100130463,243385,로로비건,100117729,http://shop1.phinf.naver.net/20220927_71/1664260130535F7z2J_JPEG/65396026271664347_787236908.jpg,https://shoppinglive.naver.com/channels/243385,GRADE_1,,2026-05-20T15:22:57.161368+00:00
102545439,261681,파우치24,102426790,http://shop1.phinf.naver.net/20250115_157/1736929276628aHJi1_JPEG/34614090675119478_904504274.jpg,https://shoppinglive.naver.com/channels/261681,GRADE_2,,2026-05-20T15:22:57.161368+00:00
102304431,261397,오슬리왁스,102192366,https://shop-phinf.pstatic.net/20241021_160/1729515956246bEynj_JPEG/6f8a5992.jpg,https://shoppinglive.naver.com/channels/261397,GRADE_1,,2026-05-20T15:22:58.149375+00:00
500233059,259028,한국메디뷰티,500233059,http://shop1.phinf.naver.net/20260216_137/17712530753741nF3p_JPEG/9789043368376434_1410733681.jpg,https://shoppinglive.naver.com/channels/259028,GRADE_2,,2026-05-20T15:22:59.680061+00:00
102708781,245815,끌레브 스토어,102586812,http://shop1.phinf.naver.net/20250821_241/1755766800742cPzrS_PNG/2667540994773325_973931126.png,https://shoppinglive.naver.com/channels/245815,GRADE_2,,2026-05-20T15:22:59.680061+00:00
100335614,48202,유세린공식스토어,100302359,http://shop1.phinf.naver.net/20210813_227/1628861841669ltaxm_JPEG/29997730383247432_1020650459.jpg,https://shoppinglive.naver.com/channels/48202,GRADE_3,,2026-05-20T15:23:00.907719+00:00
102650401,238328,LG프라엘,102529597,http://shop1.phinf.naver.net/20250619_170/1750296483260YuNyp_JPEG/4834446872144478_249980705.jpg,https://shoppinglive.naver.com/channels/238328,GRADE_3,,2026-05-20T15:23:00.907719+00:00
101180106,72073,에스티 로더,101105338,http://shop1.phinf.naver.net/20210622_133/1624316539468GgPTO_PNG/147623792127474851_1840996976.png,https://shoppinglive.naver.com/channels/72073,GRADE_4,,2026-05-20T15:23:02.807841+00:00
1100063691,260089,썸머홀릭,1100062565,http://shop1.phinf.naver.net/20260128_4/1769587706345KTKfV_PNG/5625473172789180_1793675490.png,https://shoppinglive.naver.com/channels/260089,GRADE_2,,2026-05-20T15:23:02.807841+00:00
100190464,42468,리빙BOX,100171057,http://shop1.phinf.naver.net/20260323_198/1774230887403OEn7j_JPEG/60211872951755704_1222404399.jpg,https://shoppinglive.naver.com/channels/42468,GRADE_1,,2026-05-20T15:23:04.557092+00:00
102262275,192656,디얼테이스트,102151008,http://shop1.phinf.naver.net/20240212_184/1707736748771umxtc_PNG/108872583603791161_1718646661.png,https://shoppinglive.naver.com/channels/192656,GRADE_1,,2026-05-20T15:23:04.557092+00:00
102007270,227314,메이보릿,101903410,http://shop1.phinf.naver.net/20230617_93/16869700437862pTRq_JPEG/88105877599698355_1168375361.jpg,https://shoppinglive.naver.com/channels/227314,GRADE_2,,2026-05-20T15:23:07.240538+00:00
101360025,263152,Sambo Beauty,101278224,http://shop1.phinf.naver.net/20260303_231/1772525152761uiM0s_JPEG/19886717620615527_503883254.jpg,https://shoppinglive.naver.com/channels/263152,GRADE_2,,2026-05-20T15:23:07.240538+00:00
500062269,75163,DOCTORCOS,500062269,http://shop1.phinf.naver.net/20200902_70/1599014749511pGefO_JPEG/150577275028270_2125855028.jpg,https://shoppinglive.naver.com/channels/75163,GRADE_2,,2026-05-20T15:23:09.240849+00:00
101798642,107188,아벤느코리아,101701730,http://shop1.phinf.naver.net/20221222_116/1671698004103SB6I9_JPEG/72833831898449803_1835692618.jpg,https://shoppinglive.naver.com/channels/107188,GRADE_1,,2026-05-20T15:23:09.240849+00:00
100258409,75893,더마펌,100232256,http://shop1.phinf.naver.net/20210319_181/1616122392412aH2Mi_JPEG/17258291121563188_2045903863.JPG,https://shoppinglive.naver.com/channels/75893,GRADE_2,,2026-05-20T15:23:10.031739+00:00
1100097222,263278,레미디유,1100095376,http://shop1.phinf.naver.net/20260520_220/1779239785343AJyHG_JPEG/5146462509258960_2103279276.jpg,https://shoppinglive.naver.com/channels/263278,GRADE_1,,2026-05-20T15:23:10.031739+00:00
101789363,108141,에르제 공식스토어,101692795,http://shop1.phinf.naver.net/20221213_29/1670917801173hLnwL_PNG/72053643890307917_773834265.png,https://shoppinglive.naver.com/channels/108141,GRADE_1,,2026-05-20T15:23:10.031739+00:00
101069155,76865,현대약품 마이녹셀,100998753,http://shop1.phinf.naver.net/20250609_245/1749454944635hHsIi_JPEG/19829365755368185_1078967005.jpg,https://shoppinglive.naver.com/channels/76865,GRADE_2,,2026-05-20T15:23:10.031739+00:00
100618019,57800,네일내일,100565944,http://shop1.phinf.naver.net/20240820_226/1724144747929YCK5i_PNG/50845990001467156_1321527767.png,https://shoppinglive.naver.com/channels/57800,GRADE_1,,2026-05-20T15:23:11.090762+00:00
101175620,67740,아리따움 조치원점,101101007,http://shop1.phinf.naver.net/20211008_80/1633685408817e6rHf_JPEG/34821242610712686_488172149.jpg,https://shoppinglive.naver.com/channels/67740,GRADE_2,,2026-05-20T15:23:11.090762+00:00
100933445,75232,윈세프,100868589,http://shop1.phinf.naver.net/20240227_83/17089991488988inJx_JPEG/110134932615643017_975539157.jpg,https://shoppinglive.naver.com/channels/75232,GRADE_1,,2026-05-20T15:23:11.932068+00:00
100050719,62085,닥터펩티,100044905,http://shop1.phinf.naver.net/20251209_113/1765239335541wJP72_JPEG/99971994452405179_946482640.jpg,https://shoppinglive.naver.com/channels/62085,GRADE_3,,2026-05-20T15:23:11.932068+00:00
1100041049,256610,파머시 코리아,1100040364,http://shop1.phinf.naver.net/20251219_29/1766108712654genn7_JPEG/47349907644609303_171099989.jpg,https://shoppinglive.naver.com/channels/256610,GRADE_1,,2026-05-20T15:23:11.932068+00:00
101772837,131009,필립비,101676844,http://shop1.phinf.naver.net/20230309_271/1678330296274L3CIu_JPEG/79466079987179399_76060343.jpg,https://shoppinglive.naver.com/channels/131009,GRADE_1,,2026-05-20T15:23:11.932068+00:00
101322305,95175,아느로 ANRO,101241637,http://shop1.phinf.naver.net/20240329_89/1711702530040wh8Wd_PNG/112838372756761378_868077296.png,https://shoppinglive.naver.com/channels/95175,GRADE_2,,2026-05-20T15:23:12.862768+00:00
500176505,25971,에센허브 공식몰,500176505,http://shop1.phinf.naver.net/20230421_49/1682070267984GM5Mu_JPEG/83206166696972662_916871654.jpg,https://shoppinglive.naver.com/channels/25971,GRADE_1,,2026-05-20T15:23:12.862768+00:00
101378202,98143,몰튼 브라운,101295755,http://shop1.phinf.naver.net/20250829_223/17564245600233321a_JPEG/22522923141780381_50086308.jpg,https://shoppinglive.naver.com/channels/98143,GRADE_1,,2026-05-20T15:23:13.787585+00:00
1100077512,262320,봉봉달달,1100076012,https://shop-phinf.pstatic.net/20241021_160/1729515956246bEynj_JPEG/6f8a5992.jpg,https://shoppinglive.naver.com/channels/262320,GRADE_1,,2026-05-20T15:23:14.608527+00:00
500041465,60797,블라이드 BLITHE,500041465,http://shop1.phinf.naver.net/20240319_88/17108311300365cfEK_PNG/111966964872888191_1047916805.png,https://shoppinglive.naver.com/channels/60797,GRADE_2,,2026-05-20T15:23:14.608527+00:00
101557817,97110,샤블.,101469133,http://shop1.phinf.naver.net/20220915_101/1663217121519AWtlP_JPEG/64352949330954167_1549010047.jpg,https://shoppinglive.naver.com/channels/97110,GRADE_2,,2026-05-20T15:23:15.522129+00:00
500274609,33263,살림백서,500274609,http://shop1.phinf.naver.net/20260324_14/1774359166934IqdYy_JPEG/19354443319611261_-1846440142.jpg,https://shoppinglive.naver.com/channels/33263,GRADE_3,,2026-05-20T15:23:15.522129+00:00
1100140358,263260,스킨모먼트,1100137818,https://shop-phinf.pstatic.net/20241021_160/1729515956246bEynj_JPEG/6f8a5992.jpg,https://shoppinglive.naver.com/channels/263260,GRADE_1,,2026-05-20T15:23:15.522129+00:00
101277434,84446,메디큐브 공식몰,101198497,http://shop1.phinf.naver.net/20250612_245/1749707543217pAprO_JPEG/62916002257160462_2116003787.jpg,https://shoppinglive.naver.com/channels/84446,GRADE_3,,2026-05-20T15:23:16.365676+00:00
1100038210,256872,Unidit,1100037572,http://shop1.phinf.naver.net/20260324_166/1774313558711uEhdq_JPEG/108446335870341501_2142649308.jpg,https://shoppinglive.naver.com/channels/256872,GRADE_2,,2026-05-20T15:23:17.417935+00:00
500185252,26537,로씨네 슈퍼마트,500185252,http://shop1.phinf.naver.net/20240723_133/1721675637594gQEoU_JPEG/69264089945637211_1296551540.JPG,https://shoppinglive.naver.com/channels/26537,GRADE_2,,2026-05-20T15:23:18.809552+00:00
101897153,151068,헤이봄네일,101797296,http://shop1.phinf.naver.net/20240523_70/1716451108355ksQ0U_JPEG/43753792234093102_2035212241.jpg,https://shoppinglive.naver.com/channels/151068,GRADE_1,,2026-05-20T15:23:20.924445+00:00
100862597,79908,온그리디언츠,100800494,http://shop1.phinf.naver.net/20211020_98/16346948113494PruG_JPEG/35830645170192734_550772911.jpg,https://shoppinglive.naver.com/channels/79908,GRADE_3,,2026-05-20T15:23:21.954675+00:00
100770404,61786,피지오겔 공식몰,100711912,http://shop1.phinf.naver.net/20200701_215/1593597103499G5YJY_JPEG/30956938031047044_16987625.jpg,https://shoppinglive.naver.com/channels/61786,GRADE_3,,2026-05-20T15:23:22.919836+00:00
500229964,30262,아비브,500229964,http://shop1.phinf.naver.net/20260324_272/1774350174939HGHF6_JPEG/ffd4742d-d442-425b-8cef-602844735690.jpg,https://shoppinglive.naver.com/channels/30262,GRADE_2,,2026-05-20T15:23:22.919836+00:00
102077630,228882,김하찬,101971601,http://shop1.phinf.naver.net/20260512_113/1778549374258dQFAL_JPEG/30757168112959833_85563580.jpg,https://shoppinglive.naver.com/channels/228882,GRADE_1,,2026-05-20T15:23:22.919836+00:00
101030732,80598,키엘,100961854,http://shop1.phinf.naver.net/20211023_44/1634992500304WDgkR_JPEG/36128398813770625_327666194.jpg,https://shoppinglive.naver.com/channels/80598,GRADE_1,,2026-05-20T15:23:22.919836+00:00
100083253,37849,티나인,100074723,http://shop1.phinf.naver.net/20250625_156/17508144763127TYwV_PNG/48381727944659538_2084127225.png,https://shoppinglive.naver.com/channels/37849,GRADE_1,,2026-05-20T15:23:23.604841+00:00
102216514,168862,브링셀,102106365,http://shop1.phinf.naver.net/20231229_139/1703823504663jXoln_JPEG/31126188546476484_1234481130.jpg,https://shoppinglive.naver.com/channels/168862,GRADE_1,,2026-05-20T15:23:23.604841+00:00
102661139,246449,티나인랩,102540091,http://shop1.phinf.naver.net/20250819_181/1755584637590P9A76_PNG/89717485388608555_622604145.png,https://shoppinglive.naver.com/channels/246449,GRADE_1,,2026-05-20T15:23:23.604841+00:00
1100075050,261721,블랑큐라,1100073595,http://shop1.phinf.naver.net/20260223_267/17718313415485Ip0n_PNG/40490776427820493_2046339686.png,https://shoppinglive.naver.com/channels/261721,GRADE_1,,2026-05-20T15:23:23.604841+00:00
500036346,13630,모나코올리브,500036346,http://shop1.phinf.naver.net/20191129_72/1575015003366dxle8_JPEG/12377336925161717_1466908415.jpg,https://shoppinglive.naver.com/channels/13630,GRADE_2,,2026-05-20T15:23:25.477315+00:00
100318395,79956,밍블랑 mingblanc,100286492,http://shop1.phinf.naver.net/20241026_151/17299254937003uih3_JPEG/6412801823777166_1731722875.jpg,https://shoppinglive.naver.com/channels/79956,GRADE_1,,2026-05-20T15:23:25.477315+00:00
101368678,86697,웨이크메이크,101286601,http://shop1.phinf.naver.net/20250220_43/1740037947395htbGu_JPEG/9705755540104038_1584363107.jpg,https://shoppinglive.naver.com/channels/86697,GRADE_3,,2026-05-20T15:23:26.264046+00:00
1100036596,263198,바이닉 BYNIQ,1100035984,http://shop1.phinf.naver.net/20260122_107/1769037810653QQU0S_PNG/11169126311288277_1507773475.png,https://shoppinglive.naver.com/channels/263198,GRADE_1,,2026-05-20T15:23:26.264046+00:00
102683100,253726,나비클,102561571,http://shop1.phinf.naver.net/20250915_198/1757921630210r2JNg_PNG/92054578399836210_1323374926.png,https://shoppinglive.naver.com/channels/253726,GRADE_2,,2026-05-20T15:23:27.151546+00:00
100324597,89313,아발리코 코리아,100292136,http://shop1.phinf.naver.net/20251111_205/1762822106051Xvxf2_JPEG/17510149055839190_416067671.jpg,https://shoppinglive.naver.com/channels/89313,GRADE_1,,2026-05-20T15:23:27.151546+00:00
102268358,260229,웅의유통샵,102156971,https://shop-phinf.pstatic.net/20241021_160/1729515956246bEynj_JPEG/6f8a5992.jpg,https://shoppinglive.naver.com/channels/260229,GRADE_1,,2026-05-20T15:23:27.151546+00:00
102671623,237174,듀얼테트라 공식몰,102550345,http://shop1.phinf.naver.net/20250515_16/1747264057871hPMto_JPEG/10809992701336337_318416411.jpg,https://shoppinglive.naver.com/channels/237174,GRADE_3,,2026-05-20T15:23:29.361617+00:00
101283582,99599,레놉티,101204373,http://shop1.phinf.naver.net/20220613_10/1655046874881cLcpF_JPEG/56182763592836496_329855834.jpg,https://shoppinglive.naver.com/channels/99599,GRADE_2,,2026-05-20T15:23:29.361617+00:00
100245661,44831,메이베나,100220755,http://shop1.phinf.naver.net/20230920_191/1695179502674XLWuo_PNG/96315401382875859_598858.png,https://shoppinglive.naver.com/channels/44831,GRADE_2,,2026-05-20T15:23:29.361617+00:00
100170404,66737,듀얼소닉,100153320,http://shop1.phinf.naver.net/20231221_131/1703138922307t1Boj_JPEG/104274750131852077_1650916312.jpg,https://shoppinglive.naver.com/channels/66737,GRADE_3,,2026-05-20T15:23:31.203700+00:00
101385072,86206,바이오힐보 BOH,101302409,http://shop1.phinf.naver.net/20230118_115/1673999893784LgY8O_JPEG/75135782493553939_592434712.jpg,https://shoppinglive.naver.com/channels/86206,GRADE_3,,2026-05-20T15:23:34.286870+00:00
101591420,142229,트라미셀 공식몰,101501619,http://shop1.phinf.naver.net/20250701_76/1751352227462EDNWf_JPEG/4230818711675334_1857565761.jpg,https://shoppinglive.naver.com/channels/142229,GRADE_2,,2026-05-20T15:23:34.286870+00:00
500003892,71261,블루윙샵,500003892,http://shop1.phinf.naver.net/20260324_266/1774312994329k0YMT_JPEG/84842809071457873_1381682235.jpg,https://shoppinglive.naver.com/channels/71261,GRADE_2,,2026-05-20T15:23:34.286870+00:00
102622290,243689,루미벨라 Lumibella,102502004,http://shop1.phinf.naver.net/20250728_266/1753690892948rOlBE_PNG/57203429933346890_1893419442.png,https://shoppinglive.naver.com/channels/243689,GRADE_1,,2026-05-20T15:23:35.264438+00:00
1100045094,257311,더리더스노트,1100044337,http://shop1.phinf.naver.net/20260102_2/1767331524617vji1o_PNG/2126621975229389_944923075.png,https://shoppinglive.naver.com/channels/257311,GRADE_2,,2026-05-20T15:23:35.264438+00:00
100986036,240501,피히츠,100919106,http://shop1.phinf.naver.net/20251126_149/1764139984429EHQNI_PNG/98272837584790699_1253853147.png,https://shoppinglive.naver.com/channels/240501,GRADE_2,,2026-05-20T15:23:35.264438+00:00
102332861,249892,슬로먼트,102220109,http://shop1.phinf.naver.net/20251022_57/1761110153409GH1mF_JPEG/14705065552107000_770351649.jpg,https://shoppinglive.naver.com/channels/249892,GRADE_2,,2026-05-20T15:23:36.029923+00:00
500230540,30229,LG생활건강 향수 공식몰,500230540,http://shop1.phinf.naver.net/20220720_291/1658299319072hEz56_JPEG/59435207786566667_1156425873.jpg,https://shoppinglive.naver.com/channels/30229,GRADE_3,,2026-05-20T15:23:36.029923+00:00
500234134,187499,에코레비,500234134,http://shop1.phinf.naver.net/20240115_128/1705319324980t5Ago_JPEG/106455223653429167_610365299.jpg,https://shoppinglive.naver.com/channels/187499,GRADE_2,,2026-05-20T15:23:36.760207+00:00
500137650,22939,러쉬코리아,500137650,http://shop1.phinf.naver.net/20240318_211/1710751552131mOn0o_JPEG/111887450843536351_1452380132.jpg,https://shoppinglive.naver.com/channels/22939,GRADE_2,,2026-05-20T15:23:36.760207+00:00
101864027,200230,르마하 LeMAHA,101765353,http://shop1.phinf.naver.net/20250814_231/1755177623379tu7fE_PNG/30795673834436641_2026718979.png,https://shoppinglive.naver.com/channels/200230,GRADE_2,,2026-05-20T15:23:36.760207+00:00
101357528,167398,오하다 코스메틱,101275803,http://shop1.phinf.naver.net/20220204_264/1643956483486GS8WW_JPEG/45092325988038795_878984852.jpg,https://shoppinglive.naver.com/channels/167398,GRADE_1,,2026-05-20T15:23:38.270459+00:00
101813849,209675,STORE벅스,101716531,https://shop-phinf.pstatic.net/20241021_160/1729515956246bEynj_JPEG/6f8a5992.jpg,https://shoppinglive.naver.com/channels/209675,GRADE_1,,2026-05-20T15:23:38.270459+00:00
100277752,45730,뷰레이터닷컴,100249772,http://shop1.phinf.naver.net/20260323_182/1774249555033jkccR_PNG/24108243703948167_20401321.png,https://shoppinglive.naver.com/channels/45730,GRADE_1,,2026-05-20T15:23:38.270459+00:00
500029131,37711,폴라초이스,500029131,http://shop1.phinf.naver.net/20260310_253/17731002640956zpyC_PNG/16731710971909605_988033445.png,https://shoppinglive.naver.com/channels/37711,GRADE_2,,2026-05-20T15:23:38.270459+00:00
101539731,113001,리메인49,101451614,http://shop1.phinf.naver.net/20240618_21/1718691025165HUVG8_JPEG/25203452822310935_706878541.jpg,https://shoppinglive.naver.com/channels/113001,GRADE_1,,2026-05-20T15:23:39.081736+00:00
102341254,214419,코스놀로지,102228304,http://shop1.phinf.naver.net/20240503_207/171471877421668tYc_PNG/42021458100633725_886534431.png,https://shoppinglive.naver.com/channels/214419,GRADE_1,,2026-05-20T15:23:39.081736+00:00
1100077196,263144,코스놀로지,102228304,http://shop1.phinf.naver.net/20260202_296/1769989190818Lxu3H_JPEG/50188804729065196_859671898.jpg,https://shoppinglive.naver.com/channels/263144,GRADE_1,,2026-05-20T15:23:39.827761+00:00
1000009608,97361,에포나,500075494,http://shop1.phinf.naver.net/20191015_253/1571105653840xXQtY_JPEG/8467196263432288_1373778880.jpg,https://shoppinglive.naver.com/channels/97361,GRADE_3,,2026-05-20T15:23:39.827761+00:00
500233940,30401,로벡틴,500233940,http://shop1.phinf.naver.net/20200825_179/1598352368588TlM0L_JPEG/35712203111973351_1331713272.jpg,https://shoppinglive.naver.com/channels/30401,GRADE_1,,2026-05-20T15:23:40.917179+00:00
101251814,259116,립소이,101173870,http://shop1.phinf.naver.net/20220620_56/1655706366206UTRt0_JPEG/56842192996105802_1466324335.jpg,https://shoppinglive.naver.com/channels/259116,GRADE_2,,2026-05-20T15:23:41.702736+00:00
100360927,59522,GLASH 글래쉬,100325988,http://shop1.phinf.naver.net/20240810_75/1723237566428f13Is_PNG/51605207517294746_396748212.png,https://shoppinglive.naver.com/channels/59522,GRADE_2,,2026-05-20T15:23:41.703740+00:00
500089629,117578,ShionLe,500089629,http://shop1.phinf.naver.net/20251128_231/1764308999373yw0ky_JPEG/47510396204524124_329857725.jpg,https://shoppinglive.naver.com/channels/117578,GRADE_2,,2026-05-20T15:23:41.703740+00:00
102335597,263108,온헤어셀렉트,102222780,http://shop1.phinf.naver.net/20260424_13/1777039087351bwDCG_JPEG/111172019620442606_1646133740.jpg,https://shoppinglive.naver.com/channels/263108,GRADE_1,,2026-05-20T15:23:42.611173+00:00
101437932,198121,엘다옴,101353656,http://shop1.phinf.naver.net/20250918_63/1758159642172xfGgt_PNG/11927326127277457_372427135.png,https://shoppinglive.naver.com/channels/198121,GRADE_1,,2026-05-20T15:23:42.611173+00:00
1100131918,262581,카나토-아벤디카 공식몰,1100129502,http://shop1.phinf.naver.net/20260423_74/1776913282184Oe3s4_PNG/56826092057991138_684778608.png,https://shoppinglive.naver.com/channels/262581,GRADE_1,,2026-05-20T15:23:42.611173+00:00
100816808,153366,스토비투,100756530,http://shop1.phinf.naver.net/20210901_52/163045686486771qmN_JPEG/31592753581368888_1690596981.jpg,https://shoppinglive.naver.com/channels/153366,GRADE_1,,2026-05-20T15:23:43.399677+00:00
102797604,260424,주식회사한남더라인,102674212,https://shop-phinf.pstatic.net/20241021_160/1729515956246bEynj_JPEG/6f8a5992.jpg,https://shoppinglive.naver.com/channels/260424,GRADE_1,,2026-05-20T15:23:44.294776+00:00
500285727,121873,비큐셀,500285727,http://shop1.phinf.naver.net/20201012_45/1602489978716K05iy_JPEG/39851521399875068_470210195.jpg,https://shoppinglive.naver.com/channels/121873,GRADE_1,,2026-05-20T15:23:44.294776+00:00
1100040282,259718,브러쉬상회,1100039609,http://shop1.phinf.naver.net/20251223_210/1766471291096XUpfK_JPEG/100604277176395922_38239512.jpg,https://shoppinglive.naver.com/channels/259718,GRADE_1,,2026-05-20T15:23:46.305295+00:00
102159154,214339,빛채은에스테틱,102050699,http://shop1.phinf.naver.net/20241015_217/17289770290493vJJb_PNG/23061687238787448_1604334618.png,https://shoppinglive.naver.com/channels/214339,GRADE_1,,2026-05-20T15:23:47.251349+00:00
102019958,216203,신나라상점,101915729,http://shop1.phinf.naver.net/20230707_249/1688662655853FwCAK_JPEG/89798490676643503_15364680.jpg,https://shoppinglive.naver.com/channels/216203,GRADE_1,,2026-05-20T15:23:48.173831+00:00
102657637,233732,동안플랜,102536696,http://shop1.phinf.naver.net/20260507_231/1778149024447GEbsq_JPEG/112281963571395301_1726920484.jpg,https://shoppinglive.naver.com/channels/233732,GRADE_1,,2026-05-20T15:23:48.173831+00:00
102591166,234609,ZULLIP,102471476,http://shop1.phinf.naver.net/20250422_65/1745313008458KNxw4_JPEG/79445786009782800_745553947.jpg,https://shoppinglive.naver.com/channels/234609,GRADE_1,,2026-05-20T15:23:48.985434+00:00
102631622,231294,이공칠 마켓,102511155,http://shop1.phinf.naver.net/20250419_114/1745070795463UpA62_JPEG/54773609295863597_1727613222.jpg,https://shoppinglive.naver.com/channels/231294,GRADE_1,,2026-05-20T15:23:48.985434+00:00
101515031,107917,미쁘다희경,101428029,http://shop1.phinf.naver.net/20230211_160/1676044593223swYD0_PNG/77180428059519244_502680929.png,https://shoppinglive.naver.com/channels/107917,GRADE_2,,2026-05-20T15:23:53.056512+00:00
100417912,51451,실시간 런던,100378162,http://shop1.phinf.naver.net/20230626_243/1687769431267GKXPu_JPEG/88905265085365689_1992650520.jpg,https://shoppinglive.naver.com/channels/51451,GRADE_2,,2026-05-20T15:23:53.056512+00:00
100476087,71897,본심플,100432149,http://shop1.phinf.naver.net/20250406_193/1743921407206rUKyn_PNG/26579207038739984_378183123.png,https://shoppinglive.naver.com/channels/71897,GRADE_2,,2026-05-20T15:23:56.307532+00:00
102425671,216849,원포인트샵,102310573,http://shop1.phinf.naver.net/20241125_262/1732529482950nr7jc_PNG/80363222692065541_82300107.png,https://shoppinglive.naver.com/channels/216849,GRADE_2,,2026-05-20T15:23:59.991731+00:00
102165020,172705,오베닉,102056394,http://shop1.phinf.naver.net/20251031_286/17618868770026sgYn_PNG/78112191860475509_895536181.png,https://shoppinglive.naver.com/channels/172705,GRADE_2,,2026-05-20T15:24:01.171805+00:00
101069288,79699,굿모닝바이오연구소,100998879,http://shop1.phinf.naver.net/20241211_160/17338859144801rEHY_JPEG/4412769318780430_1264077260.jpg,https://shoppinglive.naver.com/channels/79699,GRADE_2,,2026-05-20T15:24:02.404161+00:00
102305181,247810,이드르르,102193096,http://shop1.phinf.naver.net/20241024_62/1729729289536sHXJO_JPEG/63862137335759137_1679358228.jpg,https://shoppinglive.naver.com/channels/247810,GRADE_1,,2026-05-20T15:24:03.378237+00:00
101109309,172661,에스테덤,101037494,http://shop1.phinf.naver.net/20240226_293/1708922767314Mbmnf_JPEG/36225451198994243_1979369872.jpg,https://shoppinglive.naver.com/channels/172661,GRADE_1,,2026-05-20T15:24:03.378237+00:00
500236829,30684,쿤달 KUNDAL,500236829,http://shop1.phinf.naver.net/20200320_106/1584665866834bWWMx_JPEG/22025701384822658_457086060.jpg,https://shoppinglive.naver.com/channels/30684,GRADE_3,,2026-05-20T15:24:03.378237+00:00
100755571,63773,랑콤,100697555,http://shop1.phinf.naver.net/20260410_14/1775809323311uLX4c_JPEG/109942148109926548_750280480.jpg,https://shoppinglive.naver.com/channels/63773,GRADE_1,,2026-05-20T15:24:04.376525+00:00
500002971,8671,디클,500002971,http://shop1.phinf.naver.net/20241126_277/173258285738287fCJ_PNG/33504076392553449_339409820.png,https://shoppinglive.naver.com/channels/8671,GRADE_2,,2026-05-20T15:24:04.376525+00:00
1100005704,258147,스킨앤플러스,1100005600,http://shop1.phinf.naver.net/20260321_289/1774085952470VRQFO_JPEG/55785519183851069_1280480848.jpg,https://shoppinglive.naver.com/channels/258147,GRADE_1,,2026-05-20T15:24:05.956833+00:00
500261020,135778,비알코스메틱,500261020,http://shop1.phinf.naver.net/20230901_200/16935714077107sn6N_JPEG/94707303402141549_1176030455.jpg,https://shoppinglive.naver.com/channels/135778,GRADE_1,,2026-05-20T15:24:06.603566+00:00
59761589,229715,소담스퀘어 광주,eNmFx,https://g-selected.pstatic.net/MjAyNTA0MDhfMTY4/MDAxNzQ0MDk0MDIzNzk1.DJATIGwU5sExgkVWcvYY4MpT6BfmCNnArb6MkAmQaf0g.5nTsLiL7uON5JPKI-PuxFjtea8-qLm4mTUXzMobZSn0g.JPEG/image.jpg,https://shoppinglive.naver.com/channels/229715,GRADE_3,,2026-05-20T15:24:09.562283+00:00
102712404,240897,STANPAD,102590390,http://shop1.phinf.naver.net/20250718_13/1752819123352oh7uW_PNG/50297257867036498_237447216.png,https://shoppinglive.naver.com/channels/240897,GRADE_2,,2026-05-20T15:24:11.771144+00:00
100993365,66658,안탈라,100926091,http://shop1.phinf.naver.net/20230429_26/1682733475458FlBY0_JPEG/83869309274351973_188838751.jpg,https://shoppinglive.naver.com/channels/66658,GRADE_2,,2026-05-20T15:24:12.831307+00:00
100979625,251851,플라워노즈 코리아,100912937,http://shop1.phinf.naver.net/20251010_255/1760064798806lYXxe_JPEG/14727181783072055_1208362562.jpg,https://shoppinglive.naver.com/channels/251851,GRADE_1,,2026-05-20T15:24:14.701304+00:00
102541439,250718,에타퓨르,102422966,http://shop1.phinf.naver.net/20250112_133/1736640626835RBnx9_JPEG/70773459665141276_1659631322.jpg,https://shoppinglive.naver.com/channels/250718,GRADE_1,,2026-05-20T15:24:14.701304+00:00
1100104989,262946,유니온커머스26,1100102989,https://shop-phinf.pstatic.net/20241021_160/1729515956246bEynj_JPEG/6f8a5992.jpg,https://shoppinglive.naver.com/channels/262946,GRADE_1,,2026-05-20T15:24:15.718616+00:00
102358704,218629,오가르샵,102245314,http://shop1.phinf.naver.net/20240911_40/1726000920996yBOhf_JPEG/16354339039056475_1266446970.jpg,https://shoppinglive.naver.com/channels/218629,GRADE_1,,2026-05-20T15:24:16.725983+00:00
57850265,182234,소담스퀘어 in 당산,ewsWO,https://phinf.pstatic.net/dthumb/?src=%22https%3A%2F%2Fphinf.pstatic.net%2Fcontact%2F20220401_73%2F1648795985523euBDt_JPEG%2F%25BC%25D2%25B4%25E3%25BD%25BA%25C4%25F9%25BE%25EE_%25B7%25CE%25B0%25ED.jpg%22&service=selective,https://shoppinglive.naver.com/channels/182234,GRADE_1,,2026-05-20T15:24:17.849448+00:00
500029794,12950,브랜드 샵,500029794,http://shop1.phinf.naver.net/20260202_227/177000186859222pIM_JPEG/47652764361680098_1028597255.jpg,https://shoppinglive.naver.com/channels/12950,GRADE_2,,2026-05-20T15:24:17.849448+00:00
500011764,10418,고운세상 닥터지,500011764,http://shop1.phinf.naver.net/20260324_200/1774314204357yT7K4_PNG/1053819981196609_-882391168.png,https://shoppinglive.naver.com/channels/10418,GRADE_3,,2026-05-20T15:24:18.872636+00:00
101190827,114271,폴앤조,101115613,http://shop1.phinf.naver.net/20210514_7/1620981773939rVvkV_JPEG/22117669675313174_2138722849.jpg,https://shoppinglive.naver.com/channels/114271,GRADE_1,,2026-05-20T15:24:22.082331+00:00
100288230,64580,스킨파우더룸더치스.주얼리,100259331,http://shop1.phinf.naver.net/20220103_93/1641167359845gM1Q5_JPEG/42303258500934797_971964860.jpg,https://shoppinglive.naver.com/channels/64580,GRADE_1,,2026-05-20T15:24:22.082331+00:00
101254284,84605,더파이 공식몰,101176244,http://shop1.phinf.naver.net/20220906_10/16624471408639X6Ot_JPEG/63582968693970719_1446785844.jpg,https://shoppinglive.naver.com/channels/84605,GRADE_1,,2026-05-20T15:24:23.081824+00:00
100177098,74398,KITO,100159104,http://shop1.phinf.naver.net/20250721_73/1753083967377a0RQU_JPEG/7661796472045689_1630293551.jpg,https://shoppinglive.naver.com/channels/74398,GRADE_2,,2026-05-20T15:24:23.081824+00:00
101847203,159232,원 드롭 레이디,101748978,http://shop1.phinf.naver.net/20240722_290/1721637570813QJzKi_PNG/69226023159453804_1489931750.png,https://shoppinglive.naver.com/channels/159232,GRADE_1,,2026-05-20T15:24:24.256160+00:00
100182738,69495,세포랩,100164118,http://shop1.phinf.naver.net/20240321_26/1711004969834Fvcxs_PNG/112140749558673413_660893380.png,https://shoppinglive.naver.com/channels/69495,GRADE_3,,2026-05-20T15:24:24.256160+00:00
500001349,161,아모레베이직,500001349,http://shop1.phinf.naver.net/20241015_151/1728973588568bYqAE_JPEG/22176175781335701_623791877.jpg,https://shoppinglive.naver.com/channels/161,GRADE_1,,2026-05-20T15:24:24.256160+00:00
101157530,94743,부케가르니,101083731,http://shop1.phinf.naver.net/20240902_262/1725241771019v9UAj_JPEG/50441863726055817_1619160090.jpg,https://shoppinglive.naver.com/channels/94743,GRADE_1,,2026-05-20T15:24:25.285899+00:00
100662164,118588,ELT 이엘티코스메틱,100607957,http://shop1.phinf.naver.net/20260204_65/1770188075929SE0kw_JPEG/12319391584370763_368313965.jpg,https://shoppinglive.naver.com/channels/118588,GRADE_2,,2026-05-20T15:24:25.285899+00:00
500251259,31881,라피타 스토어,500251259,http://shop1.phinf.naver.net/20220714_56/1657774119514PQK15_PNG/58909899240978175_186846764.png,https://shoppinglive.naver.com/channels/31881,GRADE_1,,2026-05-20T15:24:25.285899+00:00
102210969,165683,오브룸 스토어,102100962,http://shop1.phinf.naver.net/20240523_282/1716442138626vUPpq_JPEG/117578034362992079_948389055.jpg,https://shoppinglive.naver.com/channels/165683,GRADE_1,,2026-05-20T15:24:25.285899+00:00
500023054,12193,유안재네이쳐,500023054,http://shop1.phinf.naver.net/20240128_169/1706390749167YD9JE_GIF/107526532882715776_1403037704.gif,https://shoppinglive.naver.com/channels/12193,GRADE_1,,2026-05-20T15:24:26.331996+00:00
101257998,222788,오루트,101179832,http://shop1.phinf.naver.net/20260414_110/1776128919367cpTjv_PNG/110261744165916068_72120916.png,https://shoppinglive.naver.com/channels/222788,GRADE_1,,2026-05-20T15:24:26.331996+00:00
500096177,66061,보거스,500096177,http://shop1.phinf.naver.net/20260324_118/1774326644095qjrly_JPEG/10366977239210634_395716706.jpg,https://shoppinglive.naver.com/channels/66061,GRADE_1,,2026-05-20T15:24:27.928854+00:00
1100078439,262616,아틀리에 코롱,1100076914,http://shop1.phinf.naver.net/20260204_242/17701635719175pmU5_JPEG/99525189459817099_83893708.jpg,https://shoppinglive.naver.com/channels/262616,GRADE_1,,2026-05-20T15:24:27.928854+00:00
1100099851,262507,핑크레인컴,1100097959,http://shop1.phinf.naver.net/20260423_137/1776930541446QSAvy_PNG/131759096394199627_2025108287.png,https://shoppinglive.naver.com/channels/262507,GRADE_1,,2026-05-20T15:24:27.928854+00:00
100058718,64286,에이뷰티 에스테틱,100052234,http://shop1.phinf.naver.net/20191228_94/1577463217402jUOfr_JPEG/14826605928351102_1711155778.jpg,https://shoppinglive.naver.com/channels/64286,GRADE_1,,2026-05-20T15:24:28.853238+00:00
102582488,261429,Wearscent,102462936,http://shop1.phinf.naver.net/20260211_132/1770788412368AqUcw_JPEG/2490128241547137_1732313401.jpg,https://shoppinglive.naver.com/channels/261429,GRADE_1,,2026-05-20T15:24:29.840174+00:00
1100078425,262889,프라다 뷰티,1100076900,http://shop1.phinf.naver.net/20260211_236/1770796406476mrJyc_JPEG/104929253621308900_1179682500.jpg,https://shoppinglive.naver.com/channels/262889,GRADE_1,,2026-05-20T15:24:29.840174+00:00
102321717,244708,헤드스파 크리시모,102209260,https://shop-phinf.pstatic.net/20241021_160/1729515956246bEynj_JPEG/6f8a5992.jpg,https://shoppinglive.naver.com/channels/244708,GRADE_1,,2026-05-20T15:24:31.092982+00:00
500035474,13524,에스쁘아 본사직영샵,500035474,http://shop1.phinf.naver.net/20191030_240/1572411536690teSP7_PNG/9773870248234678_482766710.png,https://shoppinglive.naver.com/channels/13524,GRADE_1,,2026-05-20T15:24:31.092982+00:00
100603605,57461,블랑101 브랜드스토어,100552270,http://shop1.phinf.naver.net/20230620_156/1687233951850YusOp_PNG/88369847584564903_920495409.png,https://shoppinglive.naver.com/channels/57461,GRADE_3,,2026-05-20T15:24:31.807731+00:00
100795648,216673,큐시락토,100736248,http://shop1.phinf.naver.net/20241203_251/1733188231481j8JcP_PNG/5509311635238735_2059630087.png,https://shoppinglive.naver.com/channels/216673,GRADE_2,,2026-05-20T15:24:32.760457+00:00
102074506,159569,더 건강 플러스,101968615,http://shop1.phinf.naver.net/20240822_23/1724299172672CzVTM_PNG/36280075278559376_1659602183.png,https://shoppinglive.naver.com/channels/159569,GRADE_2,,2026-05-20T15:24:32.760457+00:00
100106252,38824,롱키원,100095804,http://shop1.phinf.naver.net/20251118_270/1763446607431srwJF_JPEG/747343704404021_1270492323.jpg,https://shoppinglive.naver.com/channels/38824,GRADE_2,,2026-05-20T15:24:32.760457+00:00
101326178,263905,하나드림,101245407,http://shop1.phinf.naver.net/20240129_294/17065269422513rd21_PNG/107662837987177946_669533468.png,https://shoppinglive.naver.com/channels/263905,GRADE_1,,2026-05-20T15:24:32.760457+00:00
100516508,198893,효소담은,100469970,http://shop1.phinf.naver.net/20231110_108/1699544414343yKfz3_PNG/100680249171055547_1337030477.png,https://shoppinglive.naver.com/channels/198893,GRADE_2,,2026-05-20T15:24:32.760457+00:00
101691191,190219,사맛디디저트,101598353,http://shop1.phinf.naver.net/20241229_266/1735444642352YyCbl_JPEG/69577490136086505_175818207.jpg,https://shoppinglive.naver.com/channels/190219,GRADE_2,,2026-05-20T15:24:32.760457+00:00
101061921,97861,홈사시스토어 나르위안,100991804,http://shop1.phinf.naver.net/20250424_228/1745474637670w7bxt_PNG/79607436808183165_841427192.png,https://shoppinglive.naver.com/channels/97861,GRADE_2,,2026-05-20T15:24:32.760457+00:00
101323312,79804,푸드제철소,101242624,http://shop1.phinf.naver.net/20211102_163/1635785083542Tsvh0_JPEG/36920867250907907_1373826424.jpg,https://shoppinglive.naver.com/channels/79804,GRADE_2,,2026-05-20T15:24:32.760457+00:00
100828966,192032,천안언니네 스토어,100768175,http://shop1.phinf.naver.net/20210116_4/1610762034879SOH92_JPEG/11897814589887363_1469075125.jpg,https://shoppinglive.naver.com/channels/192032,GRADE_1,,2026-05-20T15:24:35.228516+00:00
102722638,260427,태희고흥,102600442,http://shop1.phinf.naver.net/20260430_209/1777522736447iJTPV_JPEG/111655577638448291_2135142654.jpg,https://shoppinglive.naver.com/channels/260427,GRADE_1,,2026-05-20T15:24:35.228516+00:00
100396732,78323,궁디저트,100358849,http://shop1.phinf.naver.net/20220809_165/1660011669045sUxXb_JPEG/61147514763254052_1227108953.jpg,https://shoppinglive.naver.com/channels/78323,GRADE_2,,2026-05-20T15:24:35.228516+00:00
102784189,257903,뉴트리오닉,102660995,http://shop1.phinf.naver.net/20251208_65/1765180020396asP9q_JPEG/2179288397701589_418899734.jpg,https://shoppinglive.naver.com/channels/257903,GRADE_2,,2026-05-20T15:24:35.228516+00:00
100356986,48965,청룡다원OrganicTEA,100322342,http://shop1.phinf.naver.net/20260323_51/1774263693075VCgU4_JPEG/32793656468962034_97327087.jpg,https://shoppinglive.naver.com/channels/48965,GRADE_1,,2026-05-20T15:24:35.228516+00:00
101111804,70801,CJ웰케어 스토어,101039895,http://shop1.phinf.naver.net/20210315_162/16157906343755G6qe_PNG/16926414081367978_505096598.png,https://shoppinglive.naver.com/channels/70801,GRADE_3,,2026-05-20T15:24:35.228516+00:00
102642487,239049,오늘도흑염룡,102521809,http://shop1.phinf.naver.net/20251227_150/1766806580560S1jIU_JPEG/46940812372087652_736547494.jpg,https://shoppinglive.naver.com/channels/239049,GRADE_2,,2026-05-20T15:24:35.228516+00:00
102655931,236854,컬리N마트,102535031,http://shop1.phinf.naver.net/20250901_131/1756698876619sr4dq_PNG/16184091615082027_1874849707.png,https://shoppinglive.naver.com/channels/236854,GRADE_3,,2026-05-20T15:24:36.213929+00:00
1100043373,263913,효능 좋은 영양제 약 진액,1100042657,http://shop1.phinf.naver.net/20251229_56/1766982878075QRRQ8_PNG/35407473185296819_1367783540.png,https://shoppinglive.naver.com/channels/263913,GRADE_1,,2026-05-20T15:24:36.213929+00:00
100640699,73929,얌쿡 맛있는 다이어트 식단,100587550,http://shop1.phinf.naver.net/20210329_95/1616948597809Yj2O4_JPEG/18084486519261661_1377804879.jpg,https://shoppinglive.naver.com/channels/73929,GRADE_2,,2026-05-20T15:24:36.213929+00:00
100899106,99685,바다 품은 식탁,100835632,http://shop1.phinf.naver.net/20210206_270/1612608322627JbhMX_JPEG/13744165337869220_640832153.jpg,https://shoppinglive.naver.com/channels/99685,GRADE_1,,2026-05-20T15:24:36.213929+00:00
500084505,18608,일화본사 공식쇼핑몰,500084505,http://shop1.phinf.naver.net/20251210_158/1765345337277rA04z_PNG/37879781595682686_1355946463.png,https://shoppinglive.naver.com/channels/18608,GRADE_3,,2026-05-20T15:24:36.213929+00:00
1100118826,263859,최애과일,1100116608,http://shop1.phinf.naver.net/20260410_292/1775754958924Qb8Pf_JPEG/102228847745799231_2058831857.jpg,https://shoppinglive.naver.com/channels/263859,GRADE_2,,2026-05-20T15:24:36.213929+00:00
100060391,83714,유유제약,100053733,http://shop1.phinf.naver.net/20230801_12/16908740350135yR0y_PNG/92009923725001185_1016268645.png,https://shoppinglive.naver.com/channels/83714,GRADE_2,,2026-05-20T15:24:36.213929+00:00
102624381,248972,주식회사 아나푸드,102504056,http://shop1.phinf.naver.net/20251103_179/1762169209547Elr3D_PNG/96302111697067778_2141919987.png,https://shoppinglive.naver.com/channels/248972,GRADE_2,,2026-05-20T15:24:36.213929+00:00
64887435,201104,just do EAT,2cLwFs,https://phinf.pstatic.net/dthumb/?src=%22https%3A%2F%2Fg-selected.pstatic.net%2FMjAyNTEyMjRfMjYw%2FMDAxNzY2NTU4MjMzMzc2.FAdDY58AQtm1vX8RDTnFQiFeJECoDHc4Q-6y7nvh5SMg.c11PyQv_z_mMYjeb33g1z7Vy06q3cULTXF-Y1l4c-XMg.JPEG%2Fimage.jpg%22&service=selective,https://shoppinglive.naver.com/channels/201104,GRADE_3,,2026-05-20T15:24:36.213929+00:00
500176670,26055,프롬바이오,500176670,http://shop1.phinf.naver.net/20260324_70/17743401312827SPvN_JPEG/27546760628631570_-521377123.jpg,https://shoppinglive.naver.com/channels/26055,GRADE_3,,2026-05-20T15:24:36.895681+00:00
101258843,80497,모던한담,101180639,http://shop1.phinf.naver.net/20210723_5/1627048988011NN8PY_JPEG/28184771729085010_1314493115.jpg,https://shoppinglive.naver.com/channels/80497,GRADE_2,,2026-05-20T15:24:36.895681+00:00
500280612,62797,황금눈쌀 쌀집아저씨,500280612,http://shop1.phinf.naver.net/20260324_51/1774360451718PpCdw_PNG/61663128876327169_1951659406.png,https://shoppinglive.naver.com/channels/62797,GRADE_2,,2026-05-20T15:24:36.895681+00:00
100959468,64170,풀무원헬스케어 공식스토어,100893593,http://shop1.phinf.naver.net/20260119_158/1768781479663nkFDD_JPEG/8382687668296793_1131028506.jpg,https://shoppinglive.naver.com/channels/64170,GRADE_2,,2026-05-20T15:24:36.895681+00:00
500066176,358,순수식품,500066176,http://shop1.phinf.naver.net/20260324_180/17743224666509g6o1_JPEG/43540312731377341_-2125815625.jpg,https://shoppinglive.naver.com/channels/358,GRADE_2,,2026-05-20T15:24:36.895681+00:00
500240453,30939,데이즈온공식스토어,500240453,http://shop1.phinf.naver.net/20260109_204/1767941004073NIYhp_PNG/17196197193722117_1978535641.png,https://shoppinglive.naver.com/channels/30939,GRADE_2,,2026-05-20T15:24:36.895681+00:00
102097788,238500,챨스네방앗간,101991164,http://shop1.phinf.naver.net/20231106_272/1699256949183uAB1T_PNG/100392784010886427_1915686086.png,https://shoppinglive.naver.com/channels/238500,GRADE_1,,2026-05-20T15:24:36.895681+00:00
1100085684,262271,원기복,1100084008,http://shop1.phinf.naver.net/20260304_240/1772557854231bfw0h_PNG/4259570111719026_874003329.png,https://shoppinglive.naver.com/channels/262271,GRADE_2,,2026-05-20T15:24:36.895681+00:00
100067148,110904,미식곳간,100059887,http://shop1.phinf.naver.net/20230526_76/1685082348576J9ez8_JPEG/86218128294747207_742424065.jpg,https://shoppinglive.naver.com/channels/110904,GRADE_2,,2026-05-20T15:24:36.895681+00:00
102712020,239604,바이오메라,102590023,http://shop1.phinf.naver.net/20250708_175/175196299711998qdd_PNG/65342978973767834_1407451393.png,https://shoppinglive.naver.com/channels/239604,GRADE_3,,2026-05-20T15:24:36.895681+00:00
102349213,193489,명일닭발,102236078,https://shop-phinf.pstatic.net/20241021_160/1729515956246bEynj_JPEG/6f8a5992.jpg,https://shoppinglive.naver.com/channels/193489,GRADE_2,,2026-05-20T15:24:37.226730+00:00
102577539,243395,신선한 남도장터,102458072,http://shop1.phinf.naver.net/20250311_102/1741654231299KIQr0_JPEG/75787050062251258_1617478369.jpg,https://shoppinglive.naver.com/channels/243395,GRADE_1,,2026-05-20T15:24:37.226730+00:00
500058377,234776,쇼핑메이커,500058377,http://shop1.phinf.naver.net/20250526_98/17482501723066Ob9P_JPEG/28235531357155604_710381418.jpg,https://shoppinglive.naver.com/channels/234776,GRADE_1,,2026-05-20T15:24:37.226730+00:00
500014934,169907,쉐프소,500014934,http://shop1.phinf.naver.net/20260324_270/1774314760454Ux9xb_JPEG/9180091311836497_840985151.JPG,https://shoppinglive.naver.com/channels/169907,GRADE_1,,2026-05-20T15:24:37.226730+00:00
500177774,26181,전복마을,500177774,http://shop1.phinf.naver.net/20260324_55/1774340485884TCk3Q_JPEG/ef70ff36-c591-4e1e-b064-509ea25580a4.jpg,https://shoppinglive.naver.com/channels/26181,GRADE_2,,2026-05-20T15:24:37.226730+00:00
102059348,247828,맛통령 프리미엄,101953877,http://shop1.phinf.naver.net/20230814_107/1691998870187NePMX_JPEG/19301554063285261_1616110946.jpg,https://shoppinglive.naver.com/channels/247828,GRADE_2,,2026-05-20T15:24:37.627285+00:00
500166979,25369,곤약,500166979,http://shop1.phinf.naver.net/20211214_87/1639443598345r2BJ6_PNG/40579497052495731_1692705789.png,https://shoppinglive.naver.com/channels/25369,GRADE_2,,2026-05-20T15:24:37.627285+00:00
100907913,68477,은영이떡볶이,100843956,http://shop1.phinf.naver.net/20250327_219/17430582922045ppjl_PNG/79333287174374427_1614703186.png,https://shoppinglive.naver.com/channels/68477,GRADE_2,,2026-05-20T15:24:37.627285+00:00
101413160,201846,GREENMONSTERS,101329570,http://shop1.phinf.naver.net/20221027_252/1666810210005C6SlS_JPEG/67945993711482439_1053802175.jpg,https://shoppinglive.naver.com/channels/201846,GRADE_2,,2026-05-20T15:24:37.627285+00:00
500000970,8733,세상담기-네오홀릭,500000970,http://shop1.phinf.naver.net/20210614_99/1623658278725vpH4H_JPEG/24794124433069501_306137473.jpg,https://shoppinglive.naver.com/channels/8733,GRADE_2,,2026-05-20T15:24:37.627285+00:00
101554583,122670,올리온,101465979,http://shop1.phinf.naver.net/20230623_165/1687497561631hEVQh_JPEG/14800245509164749_1595757833.jpg,https://shoppinglive.naver.com/channels/122670,GRADE_2,,2026-05-20T15:24:37.627285+00:00
100391506,58916,무화당,100354018,http://shop1.phinf.naver.net/20220615_172/16552595870558mrLH_PNG/56395420856819148_17580546.png,https://shoppinglive.naver.com/channels/58916,GRADE_2,,2026-05-20T15:24:37.627285+00:00
100515377,84585,보고바이오,100468887,http://shop1.phinf.naver.net/20260325_113/1774419137849CLKFz_PNG/504530990483298_2053079561.png,https://shoppinglive.naver.com/channels/84585,GRADE_2,,2026-05-20T15:24:38.572619+00:00
101012315,254471,라바짜B2B몰,100944270,http://shop1.phinf.naver.net/20260414_1/1776157194511NWF0c_JPEG/30799426454019105_227189135.jpg,https://shoppinglive.naver.com/channels/254471,GRADE_2,,2026-05-20T15:24:38.572619+00:00
102686757,262460,소담송하,102565147,http://shop1.phinf.naver.net/20250730_64/1753852702271mpJ50_JPEG/6570132494798730_1784363533.jpg,https://shoppinglive.naver.com/channels/262460,GRADE_2,,2026-05-20T15:24:38.572619+00:00
101421946,207540,신키네도코리아,101338112,http://shop1.phinf.naver.net/20220408_89/1649400629816kgOdc_JPEG/50536409541243810_1330417279.jpg,https://shoppinglive.naver.com/channels/207540,GRADE_2,,2026-05-20T15:24:38.572619+00:00
100447593,198571,햇살바다몰,100405832,http://shop1.phinf.naver.net/20240828_147/1724806870980yKTAf_JPEG/48671155979892990_1069306044.jpg,https://shoppinglive.naver.com/channels/198571,GRADE_2,,2026-05-20T15:24:38.572619+00:00
100306349,61534,바료랑,100275670,http://shop1.phinf.naver.net/20240401_293/1711957423380FyzbE_JPEG/113093312093401980_172022683.jpg,https://shoppinglive.naver.com/channels/61534,GRADE_1,,2026-05-20T15:24:38.572619+00:00
1100102651,262731,제주오름포크,1100100721,http://shop1.phinf.naver.net/20260430_7/1777515852339IxWgB_JPEG/92531516933337359_383370131.jpg,https://shoppinglive.naver.com/channels/262731,GRADE_1,,2026-05-20T15:24:38.572619+00:00
101286716,84741,만수동떡볶이 만떡,101207396,http://shop1.phinf.naver.net/20230405_65/1680676377044YgjrX_JPEG/81812219755446006_1399226080.jpg,https://shoppinglive.naver.com/channels/84741,GRADE_2,,2026-05-20T15:24:38.572619+00:00
500106091,20264,웰빙스토리,500106091,http://shop1.phinf.naver.net/20230830_265/1693380902227DiA5j_JPEG/94516730039971938_2107322715.jpg,https://shoppinglive.naver.com/channels/20264,GRADE_2,,2026-05-20T15:24:38.909823+00:00
100804639,60583,휴온스N,100744858,http://shop1.phinf.naver.net/20250429_144/1745900030473UPmwr_PNG/80032863971293158_1507552205.png,https://shoppinglive.naver.com/channels/60583,GRADE_3,,2026-05-20T15:24:38.909823+00:00
101030696,83352,통영먹푸드,100961821,http://shop1.phinf.naver.net/20231024_225/1698131670011IFIkm_JPEG/99267565747409826_674165611.jpg,https://shoppinglive.naver.com/channels/83352,GRADE_2,,2026-05-20T15:24:38.909823+00:00
100375486,49720,김포1번가 축산물도매시장,100339412,http://shop1.phinf.naver.net/20260323_292/1774266723202oM8g2_JPEG/75776269420875706_243996954.jpg,https://shoppinglive.naver.com/channels/49720,GRADE_2,,2026-05-20T15:24:39.309764+00:00
100325730,59543,롯데웰푸드,100293178,http://shop1.phinf.naver.net/20240313_148/1710309171716069IF_PNG/111444951441986301_394554160.png,https://shoppinglive.naver.com/channels/59543,GRADE_3,,2026-05-20T15:24:39.309764+00:00
102794696,252978,푸드킹 도르리,102671337,http://shop1.phinf.naver.net/20251119_114/1763537885965DvDoc_PNG/18138549982822297_2051761974.png,https://shoppinglive.naver.com/channels/252978,GRADE_1,,2026-05-20T15:24:39.309764+00:00
100136792,290,매일유업 직영스토어,100123502,http://shop1.phinf.naver.net/20190923_121/1569200392464YQiXL_JPEG/6563781006446873_847485773.jpg,https://shoppinglive.naver.com/channels/290,GRADE_3,,2026-05-20T15:24:39.309764+00:00
102775949,259725,조선명찬,102652895,http://shop1.phinf.naver.net/20251014_215/1760430196285gx9J7_JPEG/94563057415754055_925643732.jpg,https://shoppinglive.naver.com/channels/259725,GRADE_1,,2026-05-20T15:24:39.309764+00:00
100731715,60395,샘표 새미네마켓,100674486,http://shop1.phinf.naver.net/20201211_126/16076749333034IrDr_JPEG/8810767116577338_559873011.jpg,https://shoppinglive.naver.com/channels/60395,GRADE_3,,2026-05-20T15:24:39.309764+00:00
1100065829,262519,리플로우 공식스토어,1100064581,http://shop1.phinf.naver.net/20260408_45/1775639839332tMVnI_PNG/102113728154387756_274008671.png,https://shoppinglive.naver.com/channels/262519,GRADE_2,,2026-05-20T15:24:40.102285+00:00
500277147,630,인생식탁,500277147,http://shop1.phinf.naver.net/20231013_197/1697164462112H68BN_JPEG/98300241815567086_1428691388.jpg,https://shoppinglive.naver.com/channels/630,GRADE_3,,2026-05-20T15:24:40.102285+00:00
100615445,83849,초정담,100563501,http://shop1.phinf.naver.net/20211223_146/1640247785406lRlUx_JPEG/41383681092201310_1068286999.jpg,https://shoppinglive.naver.com/channels/83849,GRADE_3,,2026-05-20T15:24:40.102285+00:00
102449859,210207,저스트베이글스,102334114,http://shop1.phinf.naver.net/20250718_194/1752819254246npLB8_PNG/86952055694636217_2023635729.png,https://shoppinglive.naver.com/channels/210207,GRADE_2,,2026-05-20T15:24:40.102285+00:00
102239354,199487,프레쉬한삶,102128607,http://shop1.phinf.naver.net/20240925_234/172727435048693Hzw_JPEG/7846519080827740_273268772.jpg,https://shoppinglive.naver.com/channels/199487,GRADE_2,,2026-05-20T15:24:40.102285+00:00
102705273,255660,임명진떡갈비,102583367,http://shop1.phinf.naver.net/20250624_49/1750746364075aOsGD_PNG/3446938225405570_1809245656.png,https://shoppinglive.naver.com/channels/255660,GRADE_1,,2026-05-20T15:24:40.102285+00:00
100386600,155088,농수산물유통,100349510,http://shop1.phinf.naver.net/20231115_236/1700035331603Lg5dA_JPEG/27338015477118665_1956543329.jpg,https://shoppinglive.naver.com/channels/155088,GRADE_2,,2026-05-20T15:24:40.102285+00:00
102498409,263209,이너온,102381069,http://shop1.phinf.naver.net/20251002_256/1759369085293UdMvb_JPEG/6047506345651360_1370875660.jpg,https://shoppinglive.naver.com/channels/263209,GRADE_2,,2026-05-20T15:24:40.981965+00:00
500025616,12396,더꽃게,500025616,http://shop1.phinf.naver.net/20220506_181/1651803929531I3BBp_JPEG/52939828242644797_129870191.jpg,https://shoppinglive.naver.com/channels/12396,GRADE_2,,2026-05-20T15:24:40.981965+00:00
500003682,8468,일동후디스,500003682,http://shop1.phinf.naver.net/20201118_183/1605663683756rbCRR_JPEG/6799582462172366_493214733.jpg,https://shoppinglive.naver.com/channels/8468,GRADE_3,,2026-05-20T15:24:40.981965+00:00
100080793,47632,대구 낙원막창곱창마을,500048604,http://shop1.phinf.naver.net/20200110_92/1578623534803DkqW6_JPEG/101930787358498541_1643674263.jpg,https://shoppinglive.naver.com/channels/47632,GRADE_2,,2026-05-20T15:24:40.981965+00:00
500019604,11364,투스타몰,500019604,http://shop1.phinf.naver.net/20260324_159/1774315449459Ui3Fu_GIF/29370556592151997_454969208.gif,https://shoppinglive.naver.com/channels/11364,GRADE_2,,2026-05-20T15:24:40.981965+00:00
101027371,92755,수달리커피,100958640,http://shop1.phinf.naver.net/20260327_268/1774568213554zqYo2_JPEG/39371766681479392_1062434200.jpg,https://shoppinglive.naver.com/channels/92755,GRADE_1,,2026-05-20T15:24:40.981965+00:00
100125356,195767,약선 푸드,100113105,http://shop1.phinf.naver.net/20210322_210/1616376217113AW6Y4_JPEG/17511996634811758_1618107145.jpg,https://shoppinglive.naver.com/channels/195767,GRADE_1,,2026-05-20T15:24:40.981965+00:00
101797924,178320,very-me,101701029,http://shop1.phinf.naver.net/20230317_159/1678990371716epdPc_JPEG/80126151436183060_1330623813.jpg,https://shoppinglive.naver.com/channels/178320,GRADE_1,,2026-05-20T15:24:41.492971+00:00
500135826,86888,서울아내와 원래농부,500135826,http://shop1.phinf.naver.net/20260324_134/1774333247543lcrOt_JPEG/490ac8a0-6753-4bab-bc3d-2617b5248379.jpg,https://shoppinglive.naver.com/channels/86888,GRADE_1,,2026-05-20T15:24:41.492971+00:00
101180283,91682,대밭고을,101105505,http://shop1.phinf.naver.net/20221121_197/1668993163026x5U9S_JPEG/70128946732333428_223336196.jpg,https://shoppinglive.naver.com/channels/91682,GRADE_1,,2026-05-20T15:24:41.492971+00:00
1000025984,47624,강원태백 동해가마솥설렁탕,500048604,http://shop1.phinf.naver.net/20200110_293/1578651637355SkF1f_JPEG/101958689879221649_1316673555.jpg,https://shoppinglive.naver.com/channels/47624,GRADE_1,,2026-05-20T15:24:41.492971+00:00
500082920,90942,납작닷컴,500082920,https://shop-phinf.pstatic.net/20241021_160/1729515956246bEynj_JPEG/6f8a5992.jpg,https://shoppinglive.naver.com/channels/90942,GRADE_2,,2026-05-20T15:24:41.492971+00:00
101396394,209725,고기중독 공식,101313377,http://shop1.phinf.naver.net/20251209_131/17652759748303btDa_PNG/19965830798961454_1062704921.png,https://shoppinglive.naver.com/channels/209725,GRADE_1,,2026-05-20T15:24:41.492971+00:00
100616689,57753,일등푸드,100564680,http://shop1.phinf.naver.net/20250513_114/1747119514005txABr_PNG/7163681145856232_832526257.png,https://shoppinglive.naver.com/channels/57753,GRADE_2,,2026-05-20T15:24:41.492971+00:00
102539977,219317,아우라커피,102421541,http://shop1.phinf.naver.net/20250227_97/17406628267271ytXb_JPEG/74795657723229130_1571971756.jpg,https://shoppinglive.naver.com/channels/219317,GRADE_1,,2026-05-20T15:24:41.492971+00:00
500221627,236881,샵데이,500221627,http://shop1.phinf.naver.net/20250909_79/1757385769263glntt_PNG/27892736151661876_771132897.png,https://shoppinglive.naver.com/channels/236881,GRADE_1,,2026-05-20T15:24:41.492971+00:00
500048604,47609,오팜 착한농장 장터,500048604,http://shop1.phinf.naver.net/20260324_298/17743197349173DwKQ_JPEG/11688817650669970_1555248359.jpg,https://shoppinglive.naver.com/channels/47609,GRADE_2,,2026-05-20T15:24:41.913995+00:00
500211718,62101,우체국 쇼핑몰,500211718,http://shop1.phinf.naver.net/20220711_161/1657517174368XsaPn_JPEG/58652954091896983_236426646.jpg,https://shoppinglive.naver.com/channels/62101,GRADE_2,,2026-05-20T15:24:41.913995+00:00
100141380,138240,야곱의꿈농장,100127657,http://shop1.phinf.naver.net/20250629_98/1751197862249dKRE8_PNG/4076453489695553_1373332477.png,https://shoppinglive.naver.com/channels/138240,GRADE_1,,2026-05-20T15:24:41.913995+00:00
500091839,81135,다신샵다이어트,500091839,http://shop1.phinf.naver.net/20210107_253/1609996728807AA5e6_PNG/11132624544187744_1168930348.png,https://shoppinglive.naver.com/channels/81135,GRADE_1,,2026-05-20T15:24:41.913995+00:00
101169550,82189,힘가네,101095251,http://shop1.phinf.naver.net/20230426_269/1682518113778OLY5N_JPEG/83653897486789125_500476279.jpg,https://shoppinglive.naver.com/channels/82189,GRADE_3,,2026-05-20T15:24:41.913995+00:00
500256070,263836,도화농산,500256070,http://shop1.phinf.naver.net/20260303_152/1772525366680ulEIC_PNG/22104522582209814_405971155.png,https://shoppinglive.naver.com/channels/263836,GRADE_1,,2026-05-20T15:24:42.544880+00:00
100108758,38918,웨이테크,100098050,http://shop1.phinf.naver.net/20260320_173/1773984393421cFNnV_JPEG/74020872998539474_1227171389.jpg,https://shoppinglive.naver.com/channels/38918,GRADE_2,,2026-05-20T15:24:42.544880+00:00
101300215,103967,복분자하우스,101220358,http://shop1.phinf.naver.net/20250109_274/1736404294556fCNW6_PNG/84069212595569460_602646690.png,https://shoppinglive.naver.com/channels/103967,GRADE_1,,2026-05-20T15:24:43.583057+00:00
101235937,79744,돌쇠네 농산물,101158639,http://shop1.phinf.naver.net/20260511_71/1778460843921FcBnh_JPEG/112593664046551416_671743905.jpg,https://shoppinglive.naver.com/channels/79744,GRADE_2,,2026-05-20T15:24:43.583057+00:00
1100040396,257326,GENIFIT,1100039720,http://shop1.phinf.naver.net/20251231_99/17671491453590bXGQ_PNG/16487571516605209_1096647318.png,https://shoppinglive.naver.com/channels/257326,GRADE_1,,2026-05-20T15:24:43.583057+00:00
102296797,263856,초롱초롱호두,102184903,http://shop1.phinf.naver.net/20241211_136/1733902782849UVBf3_PNG/68035549287270805_773405809.png,https://shoppinglive.naver.com/channels/263856,GRADE_1,,2026-05-20T15:24:43.583057+00:00
1000018224,47620,경북영주 황종국,500048604,http://shop1.phinf.naver.net/20260325_184/1774399784633ePKVI_JPEG/%B0%E6%BA%CF%BF%B5%C1%D6_%C8%B2%C1%BE%B1%B9.jpg,https://shoppinglive.naver.com/channels/47620,GRADE_1,,2026-05-20T15:24:43.583057+00:00
101105900,77638,마녀떡볶이,101034204,http://shop1.phinf.naver.net/20210306_124/16149926656041KOh5_JPEG/16128499417416028_1856349345.jpg,https://shoppinglive.naver.com/channels/77638,GRADE_2,,2026-05-20T15:24:43.583057+00:00
500009773,10457,휴럼본사,500009773,http://shop1.phinf.naver.net/20200211_95/1581382479736h8NKQ_JPEG/18744813299308591_1104205935.jpg,https://shoppinglive.naver.com/channels/10457,GRADE_2,,2026-05-20T15:24:43.583057+00:00
101699752,149767,과일다방 과일바구니과일선물,101606649,http://shop1.phinf.naver.net/20260310_149/1773121885601VsTS3_PNG/13140669473557434_750103837.png,https://shoppinglive.naver.com/channels/149767,GRADE_1,,2026-05-20T15:24:43.583057+00:00
101171274,80147,우돈타,101096904,http://shop1.phinf.naver.net/20260126_60/1769406073913Wlu3j_PNG/23958353435757698_1324748174.png,https://shoppinglive.naver.com/channels/80147,GRADE_2,,2026-05-20T15:24:43.983041+00:00
102735375,246052,리라이브딜,102612961,http://shop1.phinf.naver.net/20250905_218/17570510777042rnuo_PNG/71940784567344714_441639405.png,https://shoppinglive.naver.com/channels/246052,GRADE_2,,2026-05-20T15:24:43.983041+00:00
102513103,218179,루트인 ROOTIN,102395397,http://shop1.phinf.naver.net/20241104_168/1730684758768fw0sC_JPEG/77403078185064251_577873539.jpg,https://shoppinglive.naver.com/channels/218179,GRADE_2,,2026-05-20T15:24:43.983041+00:00
101751278,258790,김천농수산,101656180,http://shop1.phinf.naver.net/20260130_73/1769737910876rl83o_PNG/51153104870309392_153638072.png,https://shoppinglive.naver.com/channels/258790,GRADE_2,,2026-05-20T15:24:43.983041+00:00
101383248,89398,밋앤밀,101300624,http://shop1.phinf.naver.net/20240520_24/1716180909823GUpXr_JPEG/43483593707720518_414617169.jpg,https://shoppinglive.naver.com/channels/89398,GRADE_2,,2026-05-20T15:24:43.983041+00:00
100912460,68151,홍직구,100848313,http://shop1.phinf.naver.net/20210104_94/1609751622702iodf4_PNG/10887465375940114_1345105861.png,https://shoppinglive.naver.com/channels/68151,GRADE_2,,2026-05-20T15:24:43.983041+00:00
101511593,181097,과소담,101424710,http://shop1.phinf.naver.net/20260111_58/1768134983235afEvX_JPEG/4618428381297234_1186322540.jpg,https://shoppinglive.naver.com/channels/181097,GRADE_1,,2026-05-20T15:24:43.983041+00:00
500197498,89280,백산인삼,500197498,http://shop1.phinf.naver.net/20210323_257/1616478926363D5dMN_JPEG/17614706069060350_243791702.jpg,https://shoppinglive.naver.com/channels/89280,GRADE_1,,2026-05-20T15:24:43.983041+00:00
1100015034,260984,이지베지랩,1100014760,http://shop1.phinf.naver.net/20251122_163/1763811954267tostJ_JPEG/26794290382231254_1330863928.jpg,https://shoppinglive.naver.com/channels/260984,GRADE_1,,2026-05-20T15:24:43.983041+00:00
101446791,166461,솜씨존,101362262,http://shop1.phinf.naver.net/20241014_73/1728871662444vCDgI_JPEG/22074249657985670_552761981.jpg,https://shoppinglive.naver.com/channels/166461,GRADE_1,,2026-05-20T15:24:45.565533+00:00
1000019890,13001,경남고성 홍대규,500030656,http://shop1.phinf.naver.net/20260325_135/1774400731009hOmAF_JPEG/%B0%E6%B3%B2%B0%ED%BC%BA_%C8%AB%B4%EB%B1%D4.jpg,https://shoppinglive.naver.com/channels/13001,GRADE_2,,2026-05-20T15:24:45.565533+00:00
100157890,47639,경북울릉 울릉청정,500048604,http://shop1.phinf.naver.net/20200117_181/1579230019703WlI07_JPEG/102537072224320636_1398410952.jpg,https://shoppinglive.naver.com/channels/47639,GRADE_1,,2026-05-20T15:24:45.565533+00:00
100528999,55254,생수삼청정,100481595,http://shop1.phinf.naver.net/20241108_145/1731027124523M1A7z_JPEG/65159944659511337_1237945243.jpg,https://shoppinglive.naver.com/channels/55254,GRADE_1,,2026-05-20T15:24:45.565533+00:00
102135658,171422,발리 마켓,102027954,http://shop1.phinf.naver.net/20240916_1/1726480792694YNzTw_JPEG/6613215507875120_727647280.jpg,https://shoppinglive.naver.com/channels/171422,GRADE_1,,2026-05-20T15:24:45.565533+00:00
1100111735,261045,든든해 스토어,1100109620,http://shop1.phinf.naver.net/20260402_187/17750960869446W51X_JPEG/58171551735263914_1604341883.jpg,https://shoppinglive.naver.com/channels/261045,GRADE_1,,2026-05-20T15:24:45.565533+00:00
100544498,55782,피터씨마켓,100496289,http://shop1.phinf.naver.net/20201222_27/1608611804175zc0CK_JPEG/9747587886163780_1171351957.jpg,https://shoppinglive.naver.com/channels/55782,GRADE_2,,2026-05-20T15:24:45.565533+00:00
100799297,61642,소자매커피,100739724,http://shop1.phinf.naver.net/20250826_62/1756170995135WaUrR_JPEG/10345734943214605_2054750049.jpg,https://shoppinglive.naver.com/channels/61642,GRADE_2,,2026-05-20T15:24:45.565533+00:00
1100113379,261047,꼬숩리,1100111249,http://shop1.phinf.naver.net/20260504_255/1777905231965xihmm_PNG/112038171070440571_12435029.png,https://shoppinglive.naver.com/channels/261047,GRADE_1,,2026-05-20T15:24:45.843042+00:00
101469739,96928,쿡루트,101384354,http://shop1.phinf.naver.net/20221017_170/1665987525371PXWtq_PNG/67123309086973412_2099857278.png,https://shoppinglive.naver.com/channels/96928,GRADE_2,,2026-05-20T15:24:45.843042+00:00
100496460,65425,범표원두,100451147,http://shop1.phinf.naver.net/20240509_24/1715237430330HCo4u_PNG/116373326064535353_1973353222.png,https://shoppinglive.naver.com/channels/65425,GRADE_2,,2026-05-20T15:24:45.843042+00:00
1100112011,263892,퍼니키친,1100109894,http://shop1.phinf.naver.net/20260404_115/1775274610696eCzNc_JPEG/109407537826390352_1541255946.jpg,https://shoppinglive.naver.com/channels/263892,GRADE_1,,2026-05-20T15:24:46.981867+00:00
100186270,47680,강원춘천 성민닭갈비,500048604,http://shop1.phinf.naver.net/20200110_217/15786410239436Rd53_JPEG/101948076468956976_954077130.jpg,https://shoppinglive.naver.com/channels/47680,GRADE_1,,2026-05-20T15:24:46.981867+00:00
500021324,12054,푸드스토어,500021324,http://shop1.phinf.naver.net/20240802_136/1722559651581YmgmO_JPEG/12913069586116793_2006348551.jpg,https://shoppinglive.naver.com/channels/12054,GRADE_2,,2026-05-20T15:24:46.981867+00:00
100780894,100629,바지런농장,100722050,http://shop1.phinf.naver.net/20260213_205/1770992719310U5sa9_JPEG/84481977611688262_1901138470.jpg,https://shoppinglive.naver.com/channels/100629,GRADE_1,,2026-05-20T15:24:46.981867+00:00
500058094,72737,두리농산알로에,500058094,http://shop1.phinf.naver.net/20200811_19/1597128738208dpNCQ_JPEG/34489476835652650_1919937085.jpg,https://shoppinglive.naver.com/channels/72737,GRADE_2,,2026-05-20T15:24:46.981867+00:00
100589210,751,경기파주 한성족발,500048604,http://shop1.phinf.naver.net/20200113_91/1578897686008M3a3v_JPEG/102204738533193430_1838243404.jpg,https://shoppinglive.naver.com/channels/751,GRADE_2,,2026-05-20T15:24:46.981867+00:00
1100139366,263890,제주은희네해장국 공식몰,1100136837,http://shop1.phinf.naver.net/20260427_271/1777259512527M1jpR_PNG/26829724979834360_221439248.png,https://shoppinglive.naver.com/channels/263890,GRADE_1,,2026-05-20T15:24:46.981867+00:00
100094987,191363,두드림공식스토어,100085453,http://shop1.phinf.naver.net/20240529_219/1716974659866xJH7N_JPEG/44277343747108507_141377731.jpg,https://shoppinglive.naver.com/channels/191363,GRADE_3,,2026-05-20T15:24:46.981867+00:00
101084410,91435,용매골농원,101013472,http://shop1.phinf.naver.net/20210428_134/16196087337970KVir_JPEG/20744629530094280_1041546887.jpg,https://shoppinglive.naver.com/channels/91435,GRADE_1,,2026-05-20T15:24:46.981867+00:00
100237326,148071,제주맘,100213307,http://shop1.phinf.naver.net/20250825_17/1756099599772dOAlO_JPEG/10692967720670321_1560185510.jpg,https://shoppinglive.naver.com/channels/148071,GRADE_1,,2026-05-20T15:24:47.320063+00:00
101424246,259043,솜씨가 김치,101340352,http://shop1.phinf.naver.net/20240911_229/1726032272696udh5c_JPEG/11928103683251552_1594722036.jpg,https://shoppinglive.naver.com/channels/259043,GRADE_1,,2026-05-20T15:24:47.320063+00:00
102705997,240065,리딥온,102584080,http://shop1.phinf.naver.net/20251216_228/1765868684472TpE87_PNG/3085467303412463_1329785758.png,https://shoppinglive.naver.com/channels/240065,GRADE_1,,2026-05-20T15:24:47.320063+00:00
100261268,45454,구룡포 하모니과메기,100234845,http://shop1.phinf.naver.net/20221003_242/1664783162470Nr2U2_JPEG/65919005178990636_2142114442.jpg,https://shoppinglive.naver.com/channels/45454,GRADE_2,,2026-05-20T15:24:47.320063+00:00
500082415,18267,바른씨,500082415,http://shop1.phinf.naver.net/20250410_166/1744263401194lIo1R_JPEG/10876905567646033_1278087625.jpg,https://shoppinglive.naver.com/channels/18267,GRADE_3,,2026-05-20T15:24:47.320063+00:00
100146361,601,CJ제일제당,100131923,http://shop1.phinf.naver.net/20230623_118/1687478224257OLgKT_JPEG/88614007947865060_1481082914.jpg,https://shoppinglive.naver.com/channels/601,GRADE_3,,2026-05-20T15:24:47.320063+00:00
100057754,36601,땡큐파머스,100051353,http://shop1.phinf.naver.net/20240704_40/1720059938979tNth2_PNG/3888929858916523_1788620745.png,https://shoppinglive.naver.com/channels/36601,GRADE_1,,2026-05-20T15:24:47.320063+00:00
1100043234,259988,사철마켓,1100042522,http://shop1.phinf.naver.net/20260515_80/1778830777582nKWR0_PNG/31531351733296091_960316078.png,https://shoppinglive.naver.com/channels/259988,GRADE_2,,2026-05-20T15:24:47.540779+00:00
101979353,144236,이른숲속,101876407,http://shop1.phinf.naver.net/20230821_183/16926029352040axkM_JPEG/93738823904030145_1900930915.jpg,https://shoppinglive.naver.com/channels/144236,GRADE_2,,2026-05-20T15:24:47.540779+00:00
102748593,258663,입술 LIPSUL,102625946,http://shop1.phinf.naver.net/20251103_169/1762132985685IYSLK_PNG/112817467749029582_1198376094.png,https://shoppinglive.naver.com/channels/258663,GRADE_2,,2026-05-20T15:24:47.540779+00:00
101784874,157621,다온 낙곱새,101688449,http://shop1.phinf.naver.net/20231125_45/17009089919176JlEw_PNG/28211675801364078_2051687898.png,https://shoppinglive.naver.com/channels/157621,GRADE_2,,2026-05-20T15:24:47.540779+00:00
500149400,23886,담꽃,500149400,http://shop1.phinf.naver.net/20231122_266/1700612529468pG8pj_PNG/101748309192091958_653986311.png,https://shoppinglive.naver.com/channels/23886,GRADE_1,,2026-05-20T15:24:47.540779+00:00
500192901,27280,더리틀스,500192901,http://shop1.phinf.naver.net/20210602_256/1622611828821JljuU_PNG/23747612535146415_1273954753.png,https://shoppinglive.naver.com/channels/27280,GRADE_2,,2026-05-20T15:24:47.540779+00:00
21779655,90257,와우 먹방,6vtbY,https://g-selected.pstatic.net/MjAyNDA1MDNfMzQg/MDAxNzE0NzMxNTkxMTQ3.TE07u35i2hhMcBNobHNKP2FV8GiL59tPWBQm0YkTTE0g.uQGWlPKDuhajLJXgO8sOhG94xAAglKSWS3LOW-b64ccg.JPEG/temp_1714731590609.jpg,https://shoppinglive.naver.com/channels/90257,GRADE_3,,2026-05-20T15:24:47.540779+00:00
102062663,137365,글루어트,101957071,http://shop1.phinf.naver.net/20250520_83/1747742370737Y66uq_PNG/81875207884750395_1953709335.png,https://shoppinglive.naver.com/channels/137365,GRADE_3,,2026-05-20T15:24:48.518583+00:00
500008999,10536,BOTO,500008999,http://shop1.phinf.naver.net/20260324_44/1774313704124qmUgB_PNG/73966876416580985_-903776563.png,https://shoppinglive.naver.com/channels/10536,GRADE_2,,2026-05-20T15:24:48.518583+00:00
101467145,120056,오이르로스터스,101381847,http://shop1.phinf.naver.net/20220215_183/1644909046893qngR0_JPEG/46044889326411415_132923872.JPG,https://shoppinglive.naver.com/channels/120056,GRADE_2,,2026-05-20T15:24:48.518583+00:00
100373986,61088,건화한우다,100338064,http://shop1.phinf.naver.net/20260323_141/1774266418994wYJMe_PNG/35011545353648042_1797118944.PNG,https://shoppinglive.naver.com/channels/61088,GRADE_3,,2026-05-20T15:24:48.518583+00:00
500162797,25186,덕화명란 공식스토어,500162797,http://shop1.phinf.naver.net/20260205_172/1770246988390BA4T3_PNG/20219341500775501_166157824.png,https://shoppinglive.naver.com/channels/25186,GRADE_2,,2026-05-20T15:24:48.518583+00:00
101309003,80170,이마트몰,101228778,http://shop1.phinf.naver.net/20211220_171/1639976117230GWcRW_PNG/163283369921293632_1390833600.png,https://shoppinglive.naver.com/channels/80170,GRADE_2,,2026-05-20T15:24:48.518583+00:00
102681458,251408,코멧푸드,102559954,http://shop1.phinf.naver.net/20260402_262/17750962713543ooCY_JPEG/109229198485093604_1011700953.jpg,https://shoppinglive.naver.com/channels/251408,GRADE_2,,2026-05-20T15:24:48.519086+00:00
100111855,813,청정원 공식스토어,100100850,http://shop1.phinf.naver.net/20260320_217/17739852476252qyWj_JPEG/66335147649489_13116503.jpg,https://shoppinglive.naver.com/channels/813,GRADE_3,,2026-05-20T15:24:48.519086+00:00
100590685,57139,닥터파이토,100539968,http://shop1.phinf.naver.net/20210223_205/1614078466020CNH6m_PNG/15214308734214831_240237577.png,https://shoppinglive.naver.com/channels/57139,GRADE_2,,2026-05-20T15:24:49.246206+00:00
101336693,80398,하림퍼스트키친,101255602,http://shop1.phinf.naver.net/20231030_50/1698630642349GxICR_PNG/99766541057235492_1796090286.png,https://shoppinglive.naver.com/channels/80398,GRADE_3,,2026-05-20T15:24:49.246206+00:00
500110755,20774,풀무원,500110755,http://shop1.phinf.naver.net/20260324_64/1774328720541Emsv0_JPEG/10967292693981251_503558937.jpg,https://shoppinglive.naver.com/channels/20774,GRADE_3,,2026-05-20T15:24:49.246206+00:00
100449422,52543,주식회사 성경식품,100407527,http://shop1.phinf.naver.net/20260324_49/1774278090427y4Kss_PNG/899253327710004_219814114.png,https://shoppinglive.naver.com/channels/52543,GRADE_3,,2026-05-20T15:24:49.246206+00:00
101412295,91488,라이필 공식 스토어,101328732,http://shop1.phinf.naver.net/20231206_38/1701828452655bpR0b_PNG/102964341369457336_220926436.png,https://shoppinglive.naver.com/channels/91488,GRADE_2,,2026-05-20T15:24:49.246206+00:00
500115640,76,대한민국농수산,500115640,http://shop1.phinf.naver.net/20191029_64/1572304670351S9018_JPEG/9664504900054079_1666051054.jpg,https://shoppinglive.naver.com/channels/76,GRADE_3,,2026-05-20T15:24:49.246206+00:00
101388072,83548,곡물도감,101305311,http://shop1.phinf.naver.net/20240821_254/1724235315223T8URs_PNG/30128607047944881_942236639.png,https://shoppinglive.naver.com/channels/83548,GRADE_3,,2026-05-20T15:24:49.246206+00:00
100284235,45971,블랙모어스,100255694,http://shop1.phinf.naver.net/20260323_260/1774250775097juAuU_PNG/35023339497358542_641276167.png,https://shoppinglive.naver.com/channels/45971,GRADE_3,,2026-05-20T15:24:49.246206+00:00
100152924,740,천호엔케어,100137815,http://shop1.phinf.naver.net/20231229_192/1703823179281k9uc4_JPEG/104959021992328341_1190329577.jpg,https://shoppinglive.naver.com/channels/740,GRADE_2,,2026-05-20T15:24:50.271961+00:00
100145510,40566,안아팜,100131330,http://shop1.phinf.naver.net/20211005_156/1633421884154uwvOT_JPEG/34557717958458708_1353907281.jpg,https://shoppinglive.naver.com/channels/40566,GRADE_2,,2026-05-20T15:24:50.271961+00:00
102373578,197961,문경시조합농산몰,102259845,http://shop1.phinf.naver.net/20240806_71/1722908599390CaLty_JPEG/5450578209392750_2074634289.jpg,https://shoppinglive.naver.com/channels/197961,GRADE_3,,2026-05-20T15:24:50.271961+00:00
500029119,687,센트럴팜,500029119,http://shop1.phinf.naver.net/20260324_56/1774317112376TQ2q8_PNG/13312945143256285_1001531330.png,https://shoppinglive.naver.com/channels/687,GRADE_2,,2026-05-20T15:24:50.271961+00:00
102365917,193015,닥터가,102252357,http://shop1.phinf.naver.net/20240718_110/17212846852420M5QP_PNG/4514514190471234_173235275.png,https://shoppinglive.naver.com/channels/193015,GRADE_2,,2026-05-20T15:24:50.271961+00:00
1100098400,263854,웰픽어스,1100096539,http://shop1.phinf.naver.net/20260309_14/1773017195817IOcjN_PNG/25717769964490315_976088718.png,https://shoppinglive.naver.com/channels/263854,GRADE_1,,2026-05-20T15:24:50.271961+00:00
500250183,31584,홍코너떡볶이,500250183,http://shop1.phinf.naver.net/20260324_64/1774354291868GE4HB_PNG/80163181462516565_520964429.png,https://shoppinglive.naver.com/channels/31584,GRADE_1,,2026-05-20T15:24:50.640703+00:00
101136458,69323,다이버수산,101063450,http://shop1.phinf.naver.net/20210326_219/1616736471739iNbPU_JPEG/17872370425347272_1876667899.jpg,https://shoppinglive.naver.com/channels/69323,GRADE_2,,2026-05-20T15:24:50.640703+00:00
102361595,201642,황해연 헬씨약사몰,102248142,http://shop1.phinf.naver.net/20250315_241/1742000890210tOsPd_JPEG/2670378025178351_2116565743.jpg,https://shoppinglive.naver.com/channels/201642,GRADE_2,,2026-05-20T15:24:50.640703+00:00
100011715,34615,이롬 공식 스토어,100009527,http://shop1.phinf.naver.net/20210727_219/1627356613331nl3ep_PNG/28492448164953628_1550314393.png,https://shoppinglive.naver.com/channels/34615,GRADE_2,,2026-05-20T15:24:50.640703+00:00
500187433,26959,덴프스,500187433,http://shop1.phinf.naver.net/20231012_80/169708045961397oxL_JPEG/98216348317017433_577772118.jpg,https://shoppinglive.naver.com/channels/26959,GRADE_3,,2026-05-20T15:24:50.640703+00:00
500235468,152852,슈얼리 본사 쇼핑몰,500235468,http://shop1.phinf.naver.net/20240419_252/1713490131635t9UXC_JPEG/40792815521639370_446776924.jpg,https://shoppinglive.naver.com/channels/152852,GRADE_2,,2026-05-20T15:24:50.640703+00:00
500048101,14795,퓨어스랩,500048101,http://shop1.phinf.naver.net/20200330_169/1585559441564CWSQd_JPEG/22922830090472680_1593739033.jpg,https://shoppinglive.naver.com/channels/14795,GRADE_2,,2026-05-20T15:24:50.640703+00:00
101027736,62879,더맛있는,100618563,http://shop1.phinf.naver.net/20200604_219/1591250928872CxFgs_JPEG/28614317367970964_1421681303.jpg,https://shoppinglive.naver.com/channels/62879,GRADE_2,,2026-05-20T15:24:50.640703+00:00
101311262,82605,토리야,101230946,http://shop1.phinf.naver.net/20250304_26/1741091990409GzLb9_PNG/26048575461729360_1008317381.png,https://shoppinglive.naver.com/channels/82605,GRADE_2,,2026-05-20T15:24:51.923589+00:00
500146356,23901,훈훈수산,500146356,http://shop1.phinf.naver.net/20260324_25/1774335049566HcFKN_PNG/12019788502762509_1590084432.png,https://shoppinglive.naver.com/channels/23901,GRADE_3,,2026-05-20T15:24:51.923589+00:00
100879039,76408,한촌설렁탕 공식몰,100816333,http://shop1.phinf.naver.net/20221116_124/1668585775079xEFsR_JPEG/69721608879276510_1108856726.jpg,https://shoppinglive.naver.com/channels/76408,GRADE_1,,2026-05-20T15:24:51.923589+00:00
500125595,21972,솜씨로운:솜씨떡볶이,500125595,http://shop1.phinf.naver.net/20260324_120/1774331485714MmjTc_JPEG/32742522902493978_1332393484.jpg,https://shoppinglive.naver.com/channels/21972,GRADE_2,,2026-05-20T15:24:51.923589+00:00
1100085913,261701,평창양송이삼촌,1100084234,http://shop1.phinf.naver.net/20260223_175/1771815167118qO3p3_PNG/7993808923736358_1632295467.png,https://shoppinglive.naver.com/channels/261701,GRADE_1,,2026-05-20T15:24:52.456653+00:00
100308774,53522,밀프레드,100277750,http://shop1.phinf.naver.net/20230619_208/1687136660608PGBQ1_PNG/14439344472179908_1506743373.png,https://shoppinglive.naver.com/channels/53522,GRADE_2,,2026-05-20T15:24:52.456653+00:00
100744567,106426,대구축산농협,100686955,http://shop1.phinf.naver.net/20230411_136/1681180116296NyBdD_JPEG/82315944064138625_1591196693.jpg,https://shoppinglive.naver.com/channels/106426,GRADE_2,,2026-05-20T15:24:52.456653+00:00
101913504,208054,제누 브랜드 스토어,101812957,http://shop1.phinf.naver.net/20241219_110/1734602944420hQXPK_PNG/14551709069066920_610675267.png,https://shoppinglive.naver.com/channels/208054,GRADE_2,,2026-05-20T15:24:52.456653+00:00
101231704,87661,디뉴 스토어,101154580,http://shop1.phinf.naver.net/20210803_236/1627958723815QhTQQ_JPEG/29094612522509428_130362421.jpg,https://shoppinglive.naver.com/channels/87661,GRADE_2,,2026-05-20T15:24:52.456653+00:00
102264153,177443,오카라이브,102152858,http://shop1.phinf.naver.net/20251125_19/1764038217263w7JGu_PNG/98170990407517831_1948723211.png,https://shoppinglive.naver.com/channels/177443,GRADE_3,,2026-05-20T15:24:52.456653+00:00
101924557,131666,장사의신몰,101823585,http://shop1.phinf.naver.net/20260201_140/1769944409073yl0zs_PNG/25927126139551202_1626848199.png,https://shoppinglive.naver.com/channels/131666,GRADE_1,,2026-05-20T15:24:53.361218+00:00
100848919,141657,통영푸드팡팡,100787328,http://shop1.phinf.naver.net/20210513_148/1620890893255mVKAQ_JPEG/22026676955690015_1500085296.jpg,https://shoppinglive.naver.com/channels/141657,GRADE_2,,2026-05-20T15:24:53.361218+00:00
100651712,66483,초가1999,100597961,http://shop1.phinf.naver.net/20200227_16/1582780071679QLRPb_JPEG/20142405245816290_1702661190.jpg,https://shoppinglive.naver.com/channels/66483,GRADE_1,,2026-05-20T15:24:53.361218+00:00
100821356,67343,인천 초가숯불갈비,100597961,http://shop1.phinf.naver.net/20200722_242/1595385919953cs9cA_JPEG/118693172508480448_1342112132.jpg,https://shoppinglive.naver.com/channels/67343,GRADE_2,,2026-05-20T15:24:53.361218+00:00
100345879,61467,맛의비결,100311927,http://shop1.phinf.naver.net/20260512_299/1778575696410XcyRF_JPEG/15451128398530461_1670144754.jpg,https://shoppinglive.naver.com/channels/61467,GRADE_1,,2026-05-20T15:24:53.361218+00:00
500187690,85116,냠냠제주,500187690,http://shop1.phinf.naver.net/20230805_51/1691227156998fzodc_JPEG/92363055698360596_2139266374.jpg,https://shoppinglive.naver.com/channels/85116,GRADE_1,,2026-05-20T15:24:54.258576+00:00
1100089301,262711,주안상본점,1100087569,https://shop-phinf.pstatic.net/20241021_160/1729515956246bEynj_JPEG/6f8a5992.jpg,https://shoppinglive.naver.com/channels/262711,GRADE_1,,2026-05-20T15:24:54.258576+00:00
100129908,86805,가미정샤보리,100117208,http://shop1.phinf.naver.net/20240605_240/1717579023750yHrWc_JPEG/118714912464062150_2026421870.jpg,https://shoppinglive.naver.com/channels/86805,GRADE_1,,2026-05-20T15:24:55.044992+00:00
100007954,71153,바보아빠,100006170,http://shop1.phinf.naver.net/20260319_149/1773903021774WHNvj_JPEG/21165685292326627_-621652191.jpg,https://shoppinglive.naver.com/channels/71153,GRADE_2,,2026-05-20T15:24:55.044992+00:00
500104713,20191,SPC삼립 공식몰,500104713,http://shop1.phinf.naver.net/20260324_224/1774327879544iXfRX_PNG/4332015579927223_1920892888.png,https://shoppinglive.naver.com/channels/20191,GRADE_2,,2026-05-20T15:24:55.044992+00:00
500063791,66656,빈스랩,500063791,http://shop1.phinf.naver.net/20200521_182/1590043230726Q4w2G_JPEG/27404773249736177_1490082538.jpg,https://shoppinglive.naver.com/channels/66656,GRADE_2,,2026-05-20T15:24:55.044992+00:00
500123774,91323,환씨푸드,500123774,http://shop1.phinf.naver.net/20260324_96/1774331074787fUGWF_JPEG/9824159a-4af2-4b8d-a115-49028bf59af2.jpg,https://shoppinglive.naver.com/channels/91323,GRADE_2,,2026-05-20T15:24:55.536808+00:00
500123021,21854,온거로 먹는 청송꿀땡이사과,500123021,http://shop1.phinf.naver.net/20200630_171/1593500163464SlVzu_JPEG/30863551944739720_2040296333.jpg,https://shoppinglive.naver.com/channels/21854,GRADE_2,,2026-05-20T15:24:55.536808+00:00
101771930,110847,영산홍어 홍선가 공식몰,101676011,http://shop1.phinf.naver.net/20221215_19/1671089428251DiS8C_PNG/72225207976046799_221536231.png,https://shoppinglive.naver.com/channels/110847,GRADE_2,,2026-05-20T15:24:55.536808+00:00
100814275,85838,동원산업 공식스토어,100754107,http://shop1.phinf.naver.net/20210811_270/1628665864822XrhP9_JPEG/29801707533394113_1218100313.jpg,https://shoppinglive.naver.com/channels/85838,GRADE_2,,2026-05-20T15:24:55.536808+00:00
100782929,60856,고려은단몰,100723984,http://shop1.phinf.naver.net/20200724_254/1595568408613sdhnp_JPEG/32931797130649436_1458906207.jpg,https://shoppinglive.naver.com/channels/60856,GRADE_3,,2026-05-20T15:24:56.043541+00:00
1100062617,261968,맛있는 준이네 과일,1100061548,http://shop1.phinf.naver.net/20260409_217/1775732112946E99ua_JPEG/52134555075490732_969054733.jpg,https://shoppinglive.naver.com/channels/261968,GRADE_1,,2026-05-20T15:24:56.043541+00:00
102306637,263285,몸애비책,102194518,http://shop1.phinf.naver.net/20250630_149/1751257735587CVxz0_PNG/5894343585138760_359520933.png,https://shoppinglive.naver.com/channels/263285,GRADE_1,,2026-05-20T15:24:56.043541+00:00
101877578,124940,이웃집 텃밭,101778376,http://shop1.phinf.naver.net/20230227_198/1677472104423z2BYn_PNG/78608000158956157_114534264.png,https://shoppinglive.naver.com/channels/124940,GRADE_1,,2026-05-20T15:24:56.043541+00:00
100894278,64169,폰타나 공식스토어,100830997,http://shop1.phinf.naver.net/20200921_216/1600656872358pwez6_PNG/1792718072718510_76754671.png,https://shoppinglive.naver.com/channels/64169,GRADE_3,,2026-05-20T15:24:56.043541+00:00
101435796,85824,얼라이브,100406154,http://shop1.phinf.naver.net/20241107_191/17309474887315aA7T_JPEG/3455715654288382_904599863.jpg,https://shoppinglive.naver.com/channels/85824,GRADE_3,,2026-05-20T15:24:56.646362+00:00
102738250,250265,열매당과일,102615786,http://shop1.phinf.naver.net/20260130_240/1769767327171UGwTD_JPEG/24319606717420471_1471075352.jpg,https://shoppinglive.naver.com/channels/250265,GRADE_2,,2026-05-20T15:24:56.646362+00:00
100679457,263565,강원도할매 김춘자명인김치,100624383,http://shop1.phinf.naver.net/20230626_199/1687762197788PhHfk_PNG/88898086502616361_1098941771.png,https://shoppinglive.naver.com/channels/263565,GRADE_2,,2026-05-20T15:24:56.646362+00:00
500174648,26023,자연지애,500174648,http://shop1.phinf.naver.net/20260304_11/1772615420896Ep5vN_JPEG/86104679276221853_1449292074.jpg,https://shoppinglive.naver.com/channels/26023,GRADE_2,,2026-05-20T15:24:56.646362+00:00
1100075064,262832,진해수협 수산물직매장,1100073609,http://shop1.phinf.naver.net/20260227_103/17721671299003HhTn_PNG/106299921995417138_2082049276.png,https://shoppinglive.naver.com/channels/262832,GRADE_1,,2026-05-20T15:24:56.646362+00:00
102125733,162646,동화약품 헬스케어,102018251,http://shop1.phinf.naver.net/20231011_236/1697012074285SICAe_JPEG/98147908095554120_63088589.jpg,https://shoppinglive.naver.com/channels/162646,GRADE_3,,2026-05-20T15:24:56.646362+00:00
101431763,92108,주영엔에스,101347677,http://shop1.phinf.naver.net/20240122_239/1705899648396sKdmo_PNG/107035428123391615_720823654.png,https://shoppinglive.naver.com/channels/92108,GRADE_3,,2026-05-20T15:24:56.646362+00:00
500270110,197751,전주커피공장,500270110,http://shop1.phinf.naver.net/20240729_136/1722238208226sw1qH_PNG/39244702002420405_788598556.png,https://shoppinglive.naver.com/channels/197751,GRADE_1,,2026-05-20T15:24:56.646362+00:00
102727785,263865,탐식단,102605499,http://shop1.phinf.naver.net/20250830_281/1756479739385MzL7c_PNG/9179370502193641_1132497477.png,https://shoppinglive.naver.com/channels/263865,GRADE_1,,2026-05-20T15:24:56.646362+00:00
100998801,125695,고래방앗간,100931312,http://shop1.phinf.naver.net/20201228_126/1609140118490Sk1Cp_JPEG/10275898030082294_1088393586.jpg,https://shoppinglive.naver.com/channels/125695,GRADE_2,,2026-05-20T15:24:56.994279+00:00
101917881,140660,새벽딴,101817148,http://shop1.phinf.naver.net/20251029_66/1761727376336qIrjR_PNG/95860211470884704_1481383995.png,https://shoppinglive.naver.com/channels/140660,GRADE_2,,2026-05-20T15:24:56.994279+00:00
101615802,123537,대정한우,101525341,http://shop1.phinf.naver.net/20241206_233/1733474972136AUtap_PNG/3983009197734274_1746024210.png,https://shoppinglive.naver.com/channels/123537,GRADE_2,,2026-05-20T15:24:57.479739+00:00
100267554,238179,목포 완도수산,100240502,http://shop1.phinf.naver.net/20260323_23/1774247517149IjsWV_JPEG/62793544456225147_326677377.jpg,https://shoppinglive.naver.com/channels/238179,GRADE_1,,2026-05-20T15:24:57.479739+00:00
100978159,65642,고수의집밥,100911550,http://shop1.phinf.naver.net/20250326_225/1742967806370LNaqt_JPEG/77100592523625275_990282692.jpg,https://shoppinglive.naver.com/channels/65642,GRADE_2,,2026-05-20T15:24:57.479739+00:00
101013887,64309,광동제약 직영스토어,100945755,http://shop1.phinf.naver.net/20210622_208/1624329318365EkhIv_JPEG/25465152990831929_1110815613.jpg,https://shoppinglive.naver.com/channels/64309,GRADE_3,,2026-05-20T15:24:58.209163+00:00
102669398,238499,히포펀치,102548185,http://shop1.phinf.naver.net/20260115_132/1768446054143MmXfA_PNG/20733033999601110_1551143908.png,https://shoppinglive.naver.com/channels/238499,GRADE_2,,2026-05-20T15:24:58.209668+00:00
101580460,102049,빌드 공식몰,101491049,http://shop1.phinf.naver.net/20230105_34/1672884729368SbxYo_JPEG/74020557194009002_1823533929.jpg,https://shoppinglive.naver.com/channels/102049,GRADE_2,,2026-05-20T15:24:58.209668+00:00
500287543,78839,로트벡쉔 코리아,500287543,http://shop1.phinf.naver.net/20260324_52/17743622063265baFY_JPEG/7872987657136468_1833673794.jpg,https://shoppinglive.naver.com/channels/78839,GRADE_3,,2026-05-20T15:24:58.209668+00:00
100844872,134870,로버츠베리에,100783449,http://shop1.phinf.naver.net/20200820_232/1597904936571zeAtp_PNG/35265675203463377_915018488.png,https://shoppinglive.naver.com/channels/134870,GRADE_3,,2026-05-20T15:24:58.993909+00:00
101461494,201863,우리푸드 대게,101376367,http://shop1.phinf.naver.net/20230823_162/16927207887407seo2_PNG/93856623506461604_1111460460.png,https://shoppinglive.naver.com/channels/201863,GRADE_1,,2026-05-20T15:24:58.993909+00:00
101469736,137807,메빠고,101384351,http://shop1.phinf.naver.net/20241101_183/1730430658180rdBtX_PNG/12864524290739199_887879545.png,https://shoppinglive.naver.com/channels/137807,GRADE_1,,2026-05-20T15:24:58.993909+00:00
100379141,144519,완도더씨,100342790,http://shop1.phinf.naver.net/20211119_160/1637295457597UdXzl_JPEG/38431285420223051_1259293594.jpg,https://shoppinglive.naver.com/channels/144519,GRADE_1,,2026-05-20T15:24:58.993909+00:00
100862090,65427,폴인미트,100800011,http://shop1.phinf.naver.net/20230321_144/16793616783327LCi3_PNG/80497577029982814_1388295211.png,https://shoppinglive.naver.com/channels/65427,GRADE_2,,2026-05-20T15:24:58.993909+00:00
500258101,32354,삼양식품 공식몰,500258101,http://shop1.phinf.naver.net/20230718_41/1689645912460oeJIO_PNG/90781692184712881_534565287.png,https://shoppinglive.naver.com/channels/32354,GRADE_2,,2026-05-20T15:24:58.993909+00:00
100661035,65092,기장끝집,100606875,http://shop1.phinf.naver.net/20240723_95/1721718121607rnH5R_PNG/68775086893212217_1988200858.png,https://shoppinglive.naver.com/channels/65092,GRADE_3,,2026-05-20T15:24:58.993909+00:00
100157727,47092,백두수산 장어,100142090,http://shop1.phinf.naver.net/20210906_110/1630913881082sBNJh_PNG/32049714893761972_629665239.png,https://shoppinglive.naver.com/channels/47092,GRADE_2,,2026-05-20T15:25:00.166675+00:00
100452208,52699,코나포유,100410168,http://shop1.phinf.naver.net/20251127_268/1764250957294gMlcH_PNG/4941207357280484_1035098592.png,https://shoppinglive.naver.com/channels/52699,GRADE_2,,2026-05-20T15:25:00.166675+00:00
102647553,253617,영주네장독대,102526791,http://shop1.phinf.naver.net/20251107_294/17625090206991sfkU_JPEG/109474321711702761_404813676.jpg,https://shoppinglive.naver.com/channels/253617,GRADE_2,,2026-05-20T15:25:00.166675+00:00
500281404,176564,견과네 Get Nuts,500281404,http://shop1.phinf.naver.net/20260318_79/1773811754929ft4p6_PNG/8464587141611459_2079617263.png,https://shoppinglive.naver.com/channels/176564,GRADE_1,,2026-05-20T15:25:00.166675+00:00
101124939,80825,더예쁜한우,101052461,http://shop1.phinf.naver.net/20210329_280/1616986216027GTNe2_JPEG/18122111759680699_1211712695.jpg,https://shoppinglive.naver.com/channels/80825,GRADE_2,,2026-05-20T15:25:00.166675+00:00
101038070,99627,산지이야기,100968917,http://shop1.phinf.naver.net/20220607_81/1654531649114oWJBB_JPEG/55667537829205034_1532159047.jpg,https://shoppinglive.naver.com/channels/99627,GRADE_2,,2026-05-20T15:25:00.927340+00:00
500027766,77113,미드운 MIDEUN,500027766,http://shop1.phinf.naver.net/20260324_191/1774316740308tVEgy_JPEG/e9abcb2d-7ca6-4a6d-888b-2081316f3db6.jpg,https://shoppinglive.naver.com/channels/77113,GRADE_2,,2026-05-20T15:25:00.927340+00:00
101640943,195316,죽은척하는생선가게,101549735,http://shop1.phinf.naver.net/20250728_93/175369921070913a5C_JPEG/6416640925287679_173488920.jpg,https://shoppinglive.naver.com/channels/195316,GRADE_2,,2026-05-20T15:25:00.927340+00:00
102780167,250969,러브프라이즈,102657037,http://shop1.phinf.naver.net/20251104_52/1762229197682TrzYl_JPEG/96362160820974892_1836439874.jpg,https://shoppinglive.naver.com/channels/250969,GRADE_1,,2026-05-20T15:25:00.927340+00:00
101051465,71027,햇쌀가게,100981808,http://shop1.phinf.naver.net/20220113_166/1642057618467gRTP8_JPEG/43193398188047050_1799577379.jpg,https://shoppinglive.naver.com/channels/71027,GRADE_1,,2026-05-20T15:25:00.927340+00:00
100535383,55401,제주아꼼이네,100487666,http://shop1.phinf.naver.net/20200417_225/1587130067220KgFqs_JPEG/24492400795118862_671671424.jpg,https://shoppinglive.naver.com/channels/55401,GRADE_3,,2026-05-20T15:25:01.810953+00:00
1100092575,260792,시골쥐의 텃밭,1100090800,http://shop1.phinf.naver.net/20260417_223/1776392538979eqeda_PNG/792152805041347_313287586.png,https://shoppinglive.naver.com/channels/260792,GRADE_1,,2026-05-20T15:25:01.810953+00:00
500255145,32160,crabmarket,500255145,http://shop1.phinf.naver.net/20260324_8/1774355109251w4Yhy_JPEG/12013958765993744_-1640467717.jpg,https://shoppinglive.naver.com/channels/32160,GRADE_2,,2026-05-20T15:25:01.810953+00:00
100669779,228665,탕비버셜,100615257,http://shop1.phinf.naver.net/20240911_275/1726039683723WeuSI_JPEG/9868674602711005_1127600684.jpg,https://shoppinglive.naver.com/channels/228665,GRADE_2,,2026-05-20T15:25:02.510930+00:00
100081660,37787,산청유기농한우,100073248,http://shop1.phinf.naver.net/20240620_22/1718868089586UA7Aw_PNG/9143071436293480_1808811424.png,https://shoppinglive.naver.com/channels/37787,GRADE_1,,2026-05-20T15:25:02.510930+00:00
500247133,31499,이브랜드,500247133,http://shop1.phinf.naver.net/20230920_9/1695186783172uLkyY_JPEG/1076474963135992_1003534772.jpg,https://shoppinglive.naver.com/channels/31499,GRADE_1,,2026-05-20T15:25:02.510930+00:00
1100074455,261605,햄킷,1100073024,http://shop1.phinf.naver.net/20260318_219/1773809688054LmKcD_PNG/107942559174319038_399069133.png,https://shoppinglive.naver.com/channels/261605,GRADE_2,,2026-05-20T15:25:02.510930+00:00
500238518,30705,인테로,500238518,http://shop1.phinf.naver.net/20230324_298/1679619257813NGstf_JPEG/6921941677727795_297585364.jpg,https://shoppinglive.naver.com/channels/30705,GRADE_1,,2026-05-20T15:25:03.395193+00:00
101597252,121736,비트렌드몰,101507235,http://shop1.phinf.naver.net/20240408_237/1712540618372Q8eul_JPEG/113676461078017561_642706319.jpg,https://shoppinglive.naver.com/channels/121736,GRADE_1,,2026-05-20T15:25:03.395193+00:00
100195791,47663,부산진구 김수만,500048604,http://shop1.phinf.naver.net/20260323_243/1774232177363DBQBx_JPEG/50802382922390422_1294980509.jpg,https://shoppinglive.naver.com/channels/47663,GRADE_1,,2026-05-20T15:25:03.395193+00:00
101371194,91752,닥터체크,101289038,http://shop1.phinf.naver.net/20220227_6/1645920224631icyK3_JPEG/47056052458619603_1176130055.jpg,https://shoppinglive.naver.com/channels/91752,GRADE_3,,2026-05-20T15:25:03.395193+00:00
500003643,8245,헬스케어커머스 힐링팩토리,500003643,http://shop1.phinf.naver.net/20260324_29/17743129723758BqO4_JPEG/28151424601544987_-1038461126.jpg,https://shoppinglive.naver.com/channels/8245,GRADE_2,,2026-05-20T15:25:03.395193+00:00
101442892,216588,극소수,101358460,http://shop1.phinf.naver.net/20260408_178/1775626826846WkX47_PNG/68351945144012355_86980001.png,https://shoppinglive.naver.com/channels/216588,GRADE_2,,2026-05-20T15:25:04.138279+00:00
101144220,70338,퐁당쿠키,101070898,http://shop1.phinf.naver.net/20210419_115/16188258842456LJEm_PNG/19961663958408381_2013651337.png,https://shoppinglive.naver.com/channels/70338,GRADE_1,,2026-05-20T15:25:04.996172+00:00
500115354,180382,커피어클락,500115354,http://shop1.phinf.naver.net/20240402_278/1712069907681g6Gs8_PNG/113205750391264838_912783461.png,https://shoppinglive.naver.com/channels/180382,GRADE_1,,2026-05-20T15:25:04.996172+00:00
1000020746,47644,인천강화 김경호,500048604,http://shop1.phinf.naver.net/20260325_104/1774401252038hJVEL_JPEG/%C0%CE%C3%B5%B0%AD%C8%AD_%B1%E8%B0%E6%C8%A3.jpg,https://shoppinglive.naver.com/channels/47644,GRADE_1,,2026-05-20T15:25:04.996172+00:00
101151247,207071,태극사계,101077657,http://shop1.phinf.naver.net/20250410_27/1744277448544wnPcK_JPEG/90848680090850_853725922.jpg,https://shoppinglive.naver.com/channels/207071,GRADE_2,,2026-05-20T15:25:04.996172+00:00
100744268,123315,충북농협온마켓,100686671,http://shop1.phinf.naver.net/20230426_290/1682484857686v0Ity_JPEG/83620746383986855_1295454186.jpg,https://shoppinglive.naver.com/channels/123315,GRADE_2,,2026-05-20T15:25:04.996172+00:00
101348633,85052,익산원예농협 농협이마켓,101267202,http://shop1.phinf.naver.net/20211026_134/1635241830666gsnCF_JPEG/36377664490172968_446263022.jpg,https://shoppinglive.naver.com/channels/85052,GRADE_3,,2026-05-20T15:25:04.996172+00:00
102466616,260011,서산도너츠2,102350372,http://shop1.phinf.naver.net/20240906_24/1725603652789k950I_PNG/4756104967034008_490417279.png,https://shoppinglive.naver.com/channels/260011,GRADE_1,,2026-05-20T15:25:05.786498+00:00
100645617,137062,비윗유,100592182,http://shop1.phinf.naver.net/20231117_261/1700187801106YjNEn_JPEG/101323580829032785_1240152260.jpg,https://shoppinglive.naver.com/channels/137062,GRADE_2,,2026-05-20T15:25:05.786498+00:00
101083016,156631,건어물 남매,101012109,http://shop1.phinf.naver.net/20240112_44/1705025387583qYLRN_JPEG/106161230294192043_1144003885.jpg,https://shoppinglive.naver.com/channels/156631,GRADE_1,,2026-05-20T15:25:05.786498+00:00
100499836,54323,흰여울팜,100454292,http://shop1.phinf.naver.net/20230808_194/1691458878627viwSd_PNG/92594658346124198_997472919.png,https://shoppinglive.naver.com/channels/54323,GRADE_2,,2026-05-20T15:25:05.786498+00:00
101460724,89336,한끼루,101375622,http://shop1.phinf.naver.net/20250514_88/1747216780428iKItW_JPEG/33292206259680297_562923369.jpg,https://shoppinglive.naver.com/channels/89336,GRADE_2,,2026-05-20T15:25:05.786498+00:00
100012117,172012,단미푸드,100009888,http://shop1.phinf.naver.net/20241209_241/1733732406626lSL5w_JPEG/67865173066762852_1867428704.jpg,https://shoppinglive.naver.com/channels/172012,GRADE_2,,2026-05-20T15:25:06.628080+00:00
500015730,60384,씨알로,500015730,http://shop1.phinf.naver.net/20200724_165/1595578963124HcHPz_JPEG/32939701758371702_1720191286.jpg,https://shoppinglive.naver.com/channels/60384,GRADE_1,,2026-05-20T15:25:06.628080+00:00
102321580,179649,명가삼대떡집,102209125,http://shop1.phinf.naver.net/20250626_281/17509178014281ws80_JPEG/64297783283223375_192465568.jpg,https://shoppinglive.naver.com/channels/179649,GRADE_2,,2026-05-20T15:25:06.628080+00:00
101670935,263495,문경애장,101578968,http://shop1.phinf.naver.net/20220901_283/1662023211489Paw76_JPEG/63158995173354471_808278449.jpg,https://shoppinglive.naver.com/channels/263495,GRADE_1,,2026-05-20T15:25:06.628080+00:00
100506791,196311,마켓게리,100460818,http://shop1.phinf.naver.net/20210827_236/1630071241410h77hn_JPEG/31207137144325495_1623669975.jpg,https://shoppinglive.naver.com/channels/196311,GRADE_1,,2026-05-20T15:25:06.628080+00:00
500281810,33670,두팜,500281810,http://shop2.phinf.naver.net/20170501_286/doofarm_1493599924364JIP59_JPEG/17943606027024138_1303162800.jpg,https://shoppinglive.naver.com/channels/33670,GRADE_3,,2026-05-20T15:25:06.628080+00:00
500287635,37664,농부창고,500287635,http://shop1.phinf.naver.net/20240823_27/17243909903402Abld_PNG/30284282165039652_671614222.png,https://shoppinglive.naver.com/channels/37664,GRADE_2,,2026-05-20T15:25:07.498362+00:00
100214214,85444,VSL3,100192345,http://shop1.phinf.naver.net/20260323_266/1774236232812VIeff_JPEG/23683541098319715_1492999135.jpg,https://shoppinglive.naver.com/channels/85444,GRADE_3,,2026-05-20T15:25:07.498362+00:00
100272382,209907,탁조마켓,100244889,http://shop1.phinf.naver.net/20241025_191/1729788294953cOdTg_JPEG/63921231628415088_2064820865.jpeg,https://shoppinglive.naver.com/channels/209907,GRADE_2,,2026-05-20T15:25:07.498362+00:00
100053376,47654,전남여수 천사갓김치,500048604,http://shop1.phinf.naver.net/20200117_112/1579248376401oyBoi_JPEG/102555428924777357_647840632.jpg,https://shoppinglive.naver.com/channels/47654,GRADE_1,,2026-05-20T15:25:07.498362+00:00
100320764,47448,하이마블,100288636,http://shop1.phinf.naver.net/20200805_199/1596607814740TQSzz_JPEG/33968553159066357_37444906.jpg,https://shoppinglive.naver.com/channels/47448,GRADE_1,,2026-05-20T15:25:07.498362+00:00
500078958,18091,토박이마을,500078958,http://shop1.phinf.naver.net/20250418_7/1744953503869bx9KK_PNG/42520755488303255_1291409246.png,https://shoppinglive.naver.com/channels/18091,GRADE_2,,2026-05-20T15:25:07.498362+00:00
100903030,77272,콰티,100839401,http://shop1.phinf.naver.net/20200916_237/1600235085932S1yCH_JPEG/1370974638572963_1312488537.jpg,https://shoppinglive.naver.com/channels/77272,GRADE_1,,2026-05-20T15:25:07.498362+00:00
100617316,57744,뉴오리진,100565284,http://shop1.phinf.naver.net/20220428_238/1651109855807D61WA_PNG/52245639523861762_2091859634.png,https://shoppinglive.naver.com/channels/57744,GRADE_3,,2026-05-20T15:25:08.252265+00:00
101214695,87139,한우이츠,101138410,http://shop1.phinf.naver.net/20240820_154/1724118382088MT8Sa_PNG/4606002928471287_275631719.png,https://shoppinglive.naver.com/channels/87139,GRADE_2,,2026-05-20T15:25:08.252265+00:00
500156605,24479,키친초이스,500156605,http://shop1.phinf.naver.net/20210201_214/1612162562393as2dn_JPEG/13298397041562435_2073465297.jpg,https://shoppinglive.naver.com/channels/24479,GRADE_1,,2026-05-20T15:25:08.252265+00:00
102576995,232539,그로우잇.,102457540,http://shop1.phinf.naver.net/20250203_73/1738576124889yY0h4_PNG/72709056010292704_1017443720.png,https://shoppinglive.naver.com/channels/232539,GRADE_2,,2026-05-20T15:25:08.252265+00:00
500222939,29686,내츄럴플러스,500222939,http://shop1.phinf.naver.net/20230511_278/1683766268953nXPBp_JPEG/11068952837081205_1077778903.jpg,https://shoppinglive.naver.com/channels/29686,GRADE_3,,2026-05-20T15:25:08.252265+00:00
102158044,153435,풀무원건강생활,102049630,http://shop1.phinf.naver.net/20231108_55/16994057029754lzQz_JPEG/100541598711077568_906821845.jpg,https://shoppinglive.naver.com/channels/153435,GRADE_2,,2026-05-20T15:25:08.252265+00:00
100129181,39813,베지밀-이데이몰,100116577,http://shop1.phinf.naver.net/20220428_147/1651131903870czGKr_JPEG/52267683596366598_137894770.jpg,https://shoppinglive.naver.com/channels/39813,GRADE_3,,2026-05-20T15:25:08.252265+00:00
101620388,197441,제주자연농장,101529789,http://shop1.phinf.naver.net/20240628_108/1719502292178uwV3R_JPEG/44500809978041_323381362.jpg,https://shoppinglive.naver.com/channels/197441,GRADE_2,,2026-05-20T15:25:09.233203+00:00
100399457,145,엉파,100361397,http://shop1.phinf.naver.net/20251215_9/1765753485322VUWGz_PNG/99886318455116077_1471567812.png,https://shoppinglive.naver.com/channels/145,GRADE_2,,2026-05-20T15:25:09.233203+00:00
27060750,72103,네이버Show핑라이브,dTGfi,https://g-selected.pstatic.net/MjAyMjA5MjFfOTgg/MDAxNjYzNzQzOTIzODg3.YBMlM_HeJL4TOIsr37t0ibv74AqFzt3-ss_cWAPcVy0g.gO3aa6Jo8DNdN7XxTD3GaF9WZWc-ILQeGg2h_lCI4OYg.PNG/live_up1.png,https://shoppinglive.naver.com/channels/72103,GRADE_3,,2026-05-20T15:25:09.233203+00:00
100219096,47665,전남여수 등가게장,500048604,http://shop1.phinf.naver.net/20200110_151/1578623595576G4PN1_JPEG/101930648101102498_1323568162.jpg,https://shoppinglive.naver.com/channels/47665,GRADE_1,,2026-05-20T15:25:09.233203+00:00
500166218,25316,김씨언니마켓,500166218,http://shop1.phinf.naver.net/20220414_115/1649906377905NLuNk_PNG/51042276611046121_110797153.png,https://shoppinglive.naver.com/channels/25316,GRADE_2,,2026-05-20T15:25:09.233203+00:00
500129127,67470,지리산처럼,500129127,http://shop1.phinf.naver.net/20230810_190/1691635481114O3dro_JPEG/92771376812857564_2143254820.jpg,https://shoppinglive.naver.com/channels/67470,GRADE_2,,2026-05-20T15:25:09.837752+00:00
500021003,12159,메디포스트 모비타,500021003,http://shop1.phinf.naver.net/20230424_189/1682320190448owwAw_JPEG/83456025283089777_101424626.jpg,https://shoppinglive.naver.com/channels/12159,GRADE_2,,2026-05-20T15:25:09.837752+00:00
500016379,11520,그린스토어 공식몰,500016379,http://shop1.phinf.naver.net/20260324_123/17743148825663bwcy_PNG/84215080991153094_1742529310.png,https://shoppinglive.naver.com/channels/11520,GRADE_2,,2026-05-20T15:25:09.837752+00:00
100018531,60305,동강애 농부마켓,100015645,http://shop1.phinf.naver.net/20260319_299/1773906791818K6RfM_JPEG/15129770982479043_187135324.jpg,https://shoppinglive.naver.com/channels/60305,GRADE_1,,2026-05-20T15:25:09.837752+00:00
102618497,227389,락피도,102498290,http://shop1.phinf.naver.net/20250314_173/17419373777394MqcX_PNG/2606865556527858_415645548.png,https://shoppinglive.naver.com/channels/227389,GRADE_3,,2026-05-20T15:25:09.837752+00:00
101562628,93861,예담우,101473693,http://shop1.phinf.naver.net/20221005_1/1664946584660KbiWI_JPEG/66082419484369760_1030155929.jpg,https://shoppinglive.naver.com/channels/93861,GRADE_2,,2026-05-20T15:25:10.611613+00:00
500195935,744,뉴트리원공식스토어,500195935,http://shop1.phinf.naver.net/20210115_137/16106814009315aDPa_PNG/11817296653652101_1329734795.png,https://shoppinglive.naver.com/channels/744,GRADE_3,,2026-05-20T15:25:10.611613+00:00
100918259,63243,유한양행 본사직영몰,100853842,http://shop1.phinf.naver.net/20210825_174/1629847894802S7Mdh_PNG/30983737507986650_275594233.png,https://shoppinglive.naver.com/channels/63243,GRADE_3,,2026-05-20T15:25:10.611613+00:00
101342244,81709,셀렉스 직영스토어,101260993,http://shop1.phinf.naver.net/20211118_78/1637194698780FecKT_JPEG/38330594129606645_457742723.jpg,https://shoppinglive.naver.com/channels/81709,GRADE_3,,2026-05-20T15:25:10.611613+00:00
101788187,114840,우고래빗,101691655,http://shop1.phinf.naver.net/20231012_287/1697100891683ET2oH_JPEG/98236790386424919_927986857.jpg,https://shoppinglive.naver.com/channels/114840,GRADE_3,,2026-05-20T15:25:10.611613+00:00
101105370,118216,홍익상회,101033723,http://shop1.phinf.naver.net/20250203_85/1738569120756Nch2k_JPEG/72701897918404729_1066607597.jpg,https://shoppinglive.naver.com/channels/118216,GRADE_2,,2026-05-20T15:25:11.081032+00:00
101075823,76058,뉴메드엘앤비,101005212,http://shop1.phinf.naver.net/20251112_66/1762935726365C8ITW_JPEG/37332648809213237_1225363516.jpg,https://shoppinglive.naver.com/channels/76058,GRADE_3,,2026-05-20T15:25:11.081032+00:00
101015607,66970,동아제약,100947386,http://shop1.phinf.naver.net/20210123_208/1611353464877Rm0h3_JPEG/12489310590407333_2117295711.jpg,https://shoppinglive.naver.com/channels/66970,GRADE_3,,2026-05-20T15:25:11.081032+00:00
100954750,129954,넛츠그린,100889062,http://shop1.phinf.naver.net/20201102_161/16042810578779tKjI_JPEG/5416837602378481_909579369.jpg,https://shoppinglive.naver.com/channels/129954,GRADE_1,,2026-05-20T15:25:11.081032+00:00
1100078442,261793,뇸뇸 nyomnyom,1100076917,http://shop1.phinf.naver.net/20260304_194/1772604856394h7qWk_PNG/106737669693310259_1574320985.png,https://shoppinglive.naver.com/channels/261793,GRADE_1,,2026-05-20T15:25:11.398166+00:00
100700087,58998,롯데웰푸드몰,100644155,http://shop1.phinf.naver.net/20220413_284/16498085419563lzS5_JPEG/50944430659919701_876953730.jpg,https://shoppinglive.naver.com/channels/58998,GRADE_3,,2026-05-20T15:25:11.398166+00:00
101545404,97050,은이세끼,101457085,http://shop1.phinf.naver.net/20240513_193/1715577387476lEVa5_PNG/116713283214299842_1816392785.png,https://shoppinglive.naver.com/channels/97050,GRADE_3,,2026-05-20T15:25:12.285842+00:00
500212137,28787,핵폭탄김치,500212137,http://shop1.phinf.naver.net/20211230_145/1640827359912TlyI5_JPEG/41963187735747941_304473576.jpg,https://shoppinglive.naver.com/channels/28787,GRADE_1,,2026-05-20T15:25:12.285842+00:00
100945001,100594,꼬미양,100879678,http://shop1.phinf.naver.net/20201110_174/1604938812280QMwsc_PNG/6074646059979207_1101079910.png,https://shoppinglive.naver.com/channels/100594,GRADE_2,,2026-05-20T15:25:12.285842+00:00
500120216,21427,마녀바스켓,500120216,http://shop1.phinf.naver.net/20230131_267/16751513327471L6tO_JPEG/76287175462885637_1338792010.jpg,https://shoppinglive.naver.com/channels/21427,GRADE_2,,2026-05-20T15:25:12.285842+00:00
500014231,60271,프로게이너,500014231,http://shop1.phinf.naver.net/20250429_258/17459078736586ytWS_JPEG/40450618874364344_2012821987.jpg,https://shoppinglive.naver.com/channels/60271,GRADE_2,,2026-05-20T15:25:12.285842+00:00
102015538,229783,만고커피,101911428,http://shop1.phinf.naver.net/20240729_43/1722249796817u33WO_PNG/1801381326760532_2094053434.png,https://shoppinglive.naver.com/channels/229783,GRADE_2,,2026-05-20T15:25:12.760356+00:00
500169173,25528,웃골농원,500169173,http://shop1.phinf.naver.net/20240729_129/1722236180430uKH4w_JPEG/1819942326527163_2056453381.jpg,https://shoppinglive.naver.com/channels/25528,GRADE_2,,2026-05-20T15:25:12.760356+00:00
100435471,227297,그라노밀,100394508,http://shop1.phinf.naver.net/20260207_124/1770468919519D4F54_JPEG/83958177894692609_1998302695.jpg,https://shoppinglive.naver.com/channels/227297,GRADE_1,,2026-05-20T15:25:13.207873+00:00
102136839,206830,블리스데이파티,102029087,http://shop1.phinf.naver.net/20240623_171/1719127918549G6NY2_JPEG/485508398029752_1396028169.jpg,https://shoppinglive.naver.com/channels/206830,GRADE_1,,2026-05-20T15:25:13.207873+00:00
101545164,165187,숙취해소,101456858,http://shop1.phinf.naver.net/20250708_108/1751949997208Gw3s2_JPEG/27120280009243925_738082178.JPEG,https://shoppinglive.naver.com/channels/165187,GRADE_1,,2026-05-20T15:25:13.207873+00:00
100693015,62886,베테랑칼국수,100637368,http://shop1.phinf.naver.net/20210422_8/16190933731546wUX0_JPEG/20229156795823740_88126508.jpg,https://shoppinglive.naver.com/channels/62886,GRADE_1,,2026-05-20T15:25:13.207873+00:00
100945643,63674,순자네김치,100880286,http://shop1.phinf.naver.net/20201023_258/1603445883352L6pGj_JPEG/4581729041091664_1037822041.JPG,https://shoppinglive.naver.com/channels/63674,GRADE_2,,2026-05-20T15:25:13.959719+00:00
102728951,254242,현해랑.,102606650,http://shop1.phinf.naver.net/20260128_186/17695646005105sCWL_JPEG/103697448539146546_556209149.jpg,https://shoppinglive.naver.com/channels/254242,GRADE_1,,2026-05-20T15:25:13.959719+00:00
100178342,95491,바디랩,100160194,http://shop1.phinf.naver.net/20200604_193/1591263586067iJsYS_JPEG/28625919645969216_1901457020.jpg,https://shoppinglive.naver.com/channels/95491,GRADE_3,,2026-05-20T15:25:13.959719+00:00
101030497,63684,아모레퍼시픽 바이탈뷰티,100961633,http://shop1.phinf.naver.net/20260429_59/1777434602800lNq39_JPEG/31952595174295880_2142320485.jpg,https://shoppinglive.naver.com/channels/63684,GRADE_3,,2026-05-20T15:25:13.959719+00:00
101225563,189711,진도잇츠,101148684,http://shop1.phinf.naver.net/20250724_177/1753328605788f1TrC_PNG/87461370928621788_388672194.png,https://shoppinglive.naver.com/channels/189711,GRADE_2,,2026-05-20T15:25:13.959719+00:00
100953558,70223,제주생선,100887914,http://shop1.phinf.naver.net/20210606_155/1622914539868IuQK8_JPEG/24050319579675141_1687404960.jpg,https://shoppinglive.naver.com/channels/70223,GRADE_1,,2026-05-20T15:25:14.473665+00:00
100937343,63150,롯데칠성음료 공식 스토어,100872326,http://shop1.phinf.naver.net/20201030_84/1604038342119c9013_PNG/5174240824551668_1594670842.png,https://shoppinglive.naver.com/channels/63150,GRADE_3,,2026-05-20T15:25:14.473665+00:00
100328326,47847,착즙하는남자,100295652,http://shop1.phinf.naver.net/20231004_21/1696387910983PkB9a_JPEG/97523806718483793_263972281.jpg,https://shoppinglive.naver.com/channels/47847,GRADE_2,,2026-05-20T15:25:14.473665+00:00
100096292,38453,널담,100086651,http://shop1.phinf.naver.net/20220106_7/1641460136983ROWAP_PNG/42596032720760497_594870687.png,https://shoppinglive.naver.com/channels/38453,GRADE_2,,2026-05-20T15:25:14.473665+00:00
100586493,57072,네슬레공식몰,100536089,http://shop1.phinf.naver.net/20200330_7/15855486201726WxX1_JPEG/22909358803400077_1173587124.jpg,https://shoppinglive.naver.com/channels/57072,GRADE_3,,2026-05-20T15:25:14.812191+00:00
101891893,171028,모모스커피,101792218,http://shop1.phinf.naver.net/20240521_48/1716282357408C4xD7_PNG/117418256119683338_361845653.png,https://shoppinglive.naver.com/channels/171028,GRADE_3,,2026-05-20T15:25:14.812191+00:00
500076088,133722,산지직송 완도전복 특가,500076088,http://shop1.phinf.naver.net/20200814_193/159739910847365j1q_PNG/34761442060830494_1741796820.png,https://shoppinglive.naver.com/channels/133722,GRADE_1,,2026-05-20T15:25:16.366906+00:00
100864321,92003,전라도청년,100802154,http://shop1.phinf.naver.net/20220715_120/1657858840266wopBQ_JPEG/58994738970074072_2054636828.jpg,https://shoppinglive.naver.com/channels/92003,GRADE_2,,2026-05-20T15:25:16.366906+00:00
500031276,12934,굽네몰,500031276,http://shop1.phinf.naver.net/20260324_6/17743172766373dOqD_JPEG/28080108393525816_-565618084.jpg,https://shoppinglive.naver.com/channels/12934,GRADE_1,,2026-05-20T15:25:16.366906+00:00
500002899,570,함소아공식몰,500002899,http://shop1.phinf.naver.net/20220525_56/1653464121662GIgIC_JPEG/54599905048092297_1157118507.jpg,https://shoppinglive.naver.com/channels/570,GRADE_3,,2026-05-20T15:25:16.366906+00:00
500052051,84413,빙그레 본사직영몰,500052051,http://shop1.phinf.naver.net/20211215_39/1639546250872PAiEj_JPEG/40682146611627240_185145513.jpg,https://shoppinglive.naver.com/channels/84413,GRADE_3,,2026-05-20T15:25:16.366906+00:00
100012316,86900,고기소녀,100010055,http://shop1.phinf.naver.net/20230112_80/16734958086888YBp3_PNG/798492573848389_43258932.png,https://shoppinglive.naver.com/channels/86900,GRADE_2,,2026-05-20T15:25:17.214155+00:00
101916269,177873,다곡차곡,101815606,http://shop1.phinf.naver.net/20240315_162/1710465376690y8bqd_JPEG/37768060575615368_1878732659.jpg,https://shoppinglive.naver.com/channels/177873,GRADE_1,,2026-05-20T15:25:17.214155+00:00
500080312,18252,대삼민속식품,500080312,http://shop1.phinf.naver.net/20260420_299/1776688216579GY90R_JPEG/32670933715239974_1823671245.jpg,https://shoppinglive.naver.com/channels/18252,GRADE_1,,2026-05-20T15:25:17.214155+00:00
102089479,148707,청주몰,101983085,http://shop1.phinf.naver.net/20241002_158/1727841004506G9axp_PNG/75505922548862596_736531114.png,https://shoppinglive.naver.com/channels/148707,GRADE_2,,2026-05-20T15:25:17.214155+00:00
102455347,226188,튼튼농산,102339470,http://shop1.phinf.naver.net/20260309_155/1773038325530jXjOU_PNG/9691555675577870_646483457.png,https://shoppinglive.naver.com/channels/226188,GRADE_1,,2026-05-20T15:25:18.031145+00:00
100044686,47628,경북영천 정용주,500048604,http://shop1.phinf.naver.net/20260320_298/1773968641677bLeBA_JPEG/25640138609055867_-2110395576.jpg,https://shoppinglive.naver.com/channels/47628,GRADE_1,,2026-05-20T15:25:18.031145+00:00
100303408,46777,델리스,100272983,http://shop1.phinf.naver.net/20230719_12/1689724163755Aw510_PNG/90859997576430444_1002607570.png,https://shoppinglive.naver.com/channels/46777,GRADE_2,,2026-05-20T15:25:18.031145+00:00
500252944,31659,오메기명원,500252944,http://shop1.phinf.naver.net/20230609_140/168629765689042kNK_PNG/87433491707182577_851655731.png,https://shoppinglive.naver.com/channels/31659,GRADE_1,,2026-05-20T15:25:18.031145+00:00
500048256,60631,NS홈쇼핑,500048256,http://shop1.phinf.naver.net/20201022_74/1603343105795rDH7E_JPEG/4478994502812848_1267457206.jpg,https://shoppinglive.naver.com/channels/60631,GRADE_3,,2026-05-20T15:25:18.031145+00:00
100116210,39288,사미헌,100104795,http://shop1.phinf.naver.net/20211020_165/1634701997533X83Qp_JPEG/35837831271727238_1969082871.jpg,https://shoppinglive.naver.com/channels/39288,GRADE_1,,2026-05-20T15:25:18.722387+00:00
500064796,75211,주식회사 봉이,500064796,http://shop1.phinf.naver.net/20210726_86/1627309923505Pe6Ww_JPEG/28445769224925231_1716346480.jpg,https://shoppinglive.naver.com/channels/75211,GRADE_2,,2026-05-20T15:25:18.722387+00:00
500233440,30305,엔아이에프,500233440,http://shop1.phinf.naver.net/20200622_231/1592806887408KHlj0_JPEG/30170275919766112_570678439.jpg,https://shoppinglive.naver.com/channels/30305,GRADE_1,,2026-05-20T15:25:18.722387+00:00
101271301,167023,명재원,101192596,http://shop1.phinf.naver.net/20241205_219/1733378691199C3aSV_PNG/67511621319923639_1282778888.png,https://shoppinglive.naver.com/channels/167023,GRADE_1,,2026-05-20T15:25:18.722387+00:00
100536542,55494,김규흔한과,100488779,http://shop1.phinf.naver.net/20191225_158/1577253474998WGhs8_JPEG/14616863516175156_972498949.jpg,https://shoppinglive.naver.com/channels/55494,GRADE_1,,2026-05-20T15:25:18.722387+00:00
102057449,174549,100년 산삼 쾌할고,101952023,http://shop1.phinf.naver.net/20231026_281/16983067489568QquR_JPEG/99442576773664922_1704575610.jpg,https://shoppinglive.naver.com/channels/174549,GRADE_1,,2026-05-20T15:25:19.778789+00:00
100023802,47626,제주도 똑순이오메기떡,500048604,http://shop1.phinf.naver.net/20200110_206/1578623677358pi15c_JPEG/101930929913522800_1866695781.jpg,https://shoppinglive.naver.com/channels/47626,GRADE_1,,2026-05-20T15:25:19.778789+00:00
100638857,63231,시골다리,100585814,http://shop1.phinf.naver.net/20200523_285/1590195275588yqdnr_JPEG/27558664105719300_197544438.jpg,https://shoppinglive.naver.com/channels/63231,GRADE_2,,2026-05-20T15:25:19.778789+00:00
500005661,77786,인정식탁,500005661,http://shop1.phinf.naver.net/20211111_234/1636595379520wpnPB_JPEG/37731275251621270_1902927868.jpg,https://shoppinglive.naver.com/channels/77786,GRADE_1,,2026-05-20T15:25:19.778789+00:00
500121843,97953,여주능서농원고구마,500121843,http://shop1.phinf.naver.net/20210630_193/1625011653785T8AG1_JPEG/26147496492260679_1220730521.jpg,https://shoppinglive.naver.com/channels/97953,GRADE_1,,2026-05-20T15:25:19.778789+00:00
500231421,134557,유자할배 남해유자,500231421,http://shop1.phinf.naver.net/20211206_177/1638763181391rULBH_JPEG/39899027030427391_1766137688.jpg,https://shoppinglive.naver.com/channels/134557,GRADE_1,,2026-05-20T15:25:20.416091+00:00
100942725,125793,조니스그로서리,100877490,http://shop1.phinf.naver.net/20241119_153/1731994353029vQxnk_PNG/66127252174412110_1957153131.png,https://shoppinglive.naver.com/channels/125793,GRADE_1,,2026-05-20T15:25:20.416091+00:00
102686004,263781,대화농산,102564419,https://shop-phinf.pstatic.net/20241021_160/1729515956246bEynj_JPEG/6f8a5992.jpg,https://shoppinglive.naver.com/channels/263781,GRADE_1,,2026-05-20T15:25:20.416091+00:00
101125119,263780,마이크로로스터즈,101052627,http://shop1.phinf.naver.net/20211101_34/1635759805603D7lUL_JPEG/36895585257543955_1211743181.jpg,https://shoppinglive.naver.com/channels/263780,GRADE_1,,2026-05-20T15:25:20.416091+00:00
100102548,47634,강원정선 엄인태,500048604,http://shop1.phinf.naver.net/20260320_218/1773982958760agDLL_JPEG/35765310275320421_1657311834.jpg,https://shoppinglive.naver.com/channels/47634,GRADE_1,,2026-05-20T15:25:21.880683+00:00
1100109375,263440,피터붕어빵,1100107300,http://shop1.phinf.naver.net/20260324_139/1774356946151LiR7h_JPEG/27506778932806116_1477172624.jpg,https://shoppinglive.naver.com/channels/263440,GRADE_2,,2026-05-20T15:25:21.880683+00:00
500240104,66933,에치와이,500240104,http://shop1.phinf.naver.net/20210407_237/1617731732901meyUU_JPEG/18867575612030352_838314015.jpg,https://shoppinglive.naver.com/channels/66933,GRADE_3,,2026-05-20T15:25:21.880683+00:00
102061681,146540,싱싱햇,101956122,http://shop1.phinf.naver.net/20250518_205/1747574701177u70nv_PNG/78909118684550198_239493123.png,https://shoppinglive.naver.com/channels/146540,GRADE_2,,2026-05-20T15:25:22.757914+00:00
1100117890,261362,농업개인 우리물산,1100115698,https://shop-phinf.pstatic.net/20241021_160/1729515956246bEynj_JPEG/6f8a5992.jpg,https://shoppinglive.naver.com/channels/261362,GRADE_1,,2026-05-20T15:25:22.757914+00:00
100414086,204163,지니트레저,100374681,http://shop1.phinf.naver.net/20260224_47/1771919273440RyTVJ_JPEG/14755631957249053_505702903.jpg,https://shoppinglive.naver.com/channels/204163,GRADE_2,,2026-05-20T15:25:22.757914+00:00
500027903,12722,시골내음,500027903,http://shop1.phinf.naver.net/20250920_143/1758369688459s5Vdp_PNG/21358854269820267_214332216.png,https://shoppinglive.naver.com/channels/12722,GRADE_1,,2026-05-20T15:25:22.757914+00:00
500091422,96892,테오푸드,500091422,http://shop1.phinf.naver.net/20220827_298/1661564517984OA0hH_JPEG/62700351806559415_651544863.jpg,https://shoppinglive.naver.com/channels/96892,GRADE_1,,2026-05-20T15:25:22.757914+00:00
1000012614,47646,전북완주 유승정,500048604,http://shop1.phinf.naver.net/20260325_124/1774395980852Rc7au_JPEG/25805075030866452_1942895064.jpg,https://shoppinglive.naver.com/channels/47646,GRADE_1,,2026-05-20T15:25:22.757914+00:00
1100002584,255211,열광한우 공식몰,1100002544,http://shop1.phinf.naver.net/20251105_113/1762322841344AxUpL_PNG/17531899226538226_165535614.png,https://shoppinglive.naver.com/channels/255211,GRADE_1,,2026-05-20T15:25:23.429125+00:00
101858468,120405,열광한우,101759926,http://shop1.phinf.naver.net/20251218_263/1766024888414jbw2e_PNG/27914709142659607_573013603.png,https://shoppinglive.naver.com/channels/120405,GRADE_1,,2026-05-20T15:25:23.429125+00:00
101209552,83802,종근당,101133499,http://shop1.phinf.naver.net/20210729_293/162751794142755x3a_PNG/28653776063737952_2100633583.png,https://shoppinglive.naver.com/channels/83802,GRADE_3,,2026-05-20T15:25:23.429125+00:00
101136401,68649,꼬박꼬밥,101063401,http://shop1.phinf.naver.net/20240729_63/1722238156096vBhET_JPEG/2240382581666336_1794336465.jpg,https://shoppinglive.naver.com/channels/68649,GRADE_2,,2026-05-20T15:25:23.429125+00:00
100332329,47679,충남서산 최근명,500048604,http://shop1.phinf.naver.net/20260323_215/1774259654276e9bmN_JPEG/70490173982215892_686460850.jpg,https://shoppinglive.naver.com/channels/47679,GRADE_1,,2026-05-20T15:25:24.243454+00:00
100423281,51589,젠틀파머스,100383179,http://shop1.phinf.naver.net/20251001_61/1759290226056hUjGm_JPEG/93423212173734179_213731599.jpg,https://shoppinglive.naver.com/channels/51589,GRADE_1,,2026-05-20T15:25:24.243454+00:00
1100002630,263760,클리어톤,1100002590,http://shop1.phinf.naver.net/20260408_95/1775645872669vWrjM_PNG/109778806819443443_180864323.png,https://shoppinglive.naver.com/channels/263760,GRADE_1,,2026-05-20T15:25:24.243454+00:00
100801464,95753,고 씨네농장,100741807,https://shop-phinf.pstatic.net/20241021_160/1729515956246bEynj_JPEG/6f8a5992.jpg,https://shoppinglive.naver.com/channels/95753,GRADE_1,,2026-05-20T15:25:24.243454+00:00
100059321,47630,경북상주 이영근,500048604,http://shop1.phinf.naver.net/20260320_261/1773972586640VnOTB_JPEG/28147549078922556_1418321793.jpg,https://shoppinglive.naver.com/channels/47630,GRADE_1,,2026-05-20T15:25:24.243454+00:00
500028041,12437,비비수산,500028041,http://shop1.phinf.naver.net/20220722_106/1658452068438FtaQP_JPEG/59587852154873802_1375799913.jpg,https://shoppinglive.naver.com/channels/12437,GRADE_3,,2026-05-20T15:25:25.025983+00:00
100943878,91184,주왕산가든,100878589,http://shop1.phinf.naver.net/20241017_297/1729153836973PbLKB_PNG/6133562095144176_328881538.png,https://shoppinglive.naver.com/channels/91184,GRADE_3,,2026-05-20T15:25:25.025983+00:00
100305602,46858,명태잡는날,100274987,http://shop1.phinf.naver.net/20200709_263/1594260050592H34uk_JPEG/31621593232783158_307085115.jpg,https://shoppinglive.naver.com/channels/46858,GRADE_2,,2026-05-20T15:25:25.025983+00:00
100596797,57293,켈로그공식판매처,100545783,http://shop1.phinf.naver.net/20191230_64/1577692401722DGklu_JPEG/15055790249926068_974623319.jpg,https://shoppinglive.naver.com/channels/57293,GRADE_3,,2026-05-20T15:25:25.856646+00:00
500030812,189,GNM 자연의품격,500030812,http://shop1.phinf.naver.net/20210830_240/16303012582866JqPH_PNG/31437154021100147_420627674.png,https://shoppinglive.naver.com/channels/189,GRADE_3,,2026-05-20T15:25:25.856646+00:00
101803393,203065,YDY뉴트리션,101706346,http://shop1.phinf.naver.net/20250430_216/1745998281834XXv0t_PNG/82361929232910364_606712652.png,https://shoppinglive.naver.com/channels/203065,GRADE_3,,2026-05-20T15:25:25.856646+00:00
100449673,52583,정관장브랜드스토어,100407756,http://shop1.phinf.naver.net/20230829_13/1693276816571W1pgh_JPEG/20579500453090177_1879683894.jpg,https://shoppinglive.naver.com/channels/52583,GRADE_3,,2026-05-20T15:25:25.856646+00:00
100630827,58044,용쓰네,100578204,http://shop1.phinf.naver.net/20211105_56/1636072461072jQw3B_PNG/37208349785811074_685277773.png,https://shoppinglive.naver.com/channels/58044,GRADE_2,,2026-05-20T15:25:25.856646+00:00
100646067,58378,비피오 공식 스토어,100592613,http://shop1.phinf.naver.net/20260310_239/1773126670339TKIMQ_PNG/91690418140764102_513860078.png,https://shoppinglive.naver.com/channels/58378,GRADE_2,,2026-05-20T15:25:26.794606+00:00
100627146,60712,대상웰라이프 본사쇼핑몰,100574687,http://shop1.phinf.naver.net/20221031_251/1667182619721JLxD3_PNG/68318518418890246_2117377688.png,https://shoppinglive.naver.com/channels/60712,GRADE_3,,2026-05-20T15:25:27.537611+00:00
500272158,13,뉴트리,500272158,http://shop1.phinf.naver.net/20200226_94/15827081868715X6Ey_PNG/20068021418726833_920480787.png,https://shoppinglive.naver.com/channels/13,GRADE_3,,2026-05-20T15:25:27.537611+00:00
100540806,97080,돈시몬 공식스토어,100492791,http://shop1.phinf.naver.net/20240826_42/1724630842161n3u7j_PNG/49503327033598558_107514579.png,https://shoppinglive.naver.com/channels/97080,GRADE_2,,2026-05-20T15:25:27.537611+00:00
101811965,104285,동국제약 뉴트리션,101714692,http://shop1.phinf.naver.net/20240105_296/1704445719968gyT46_JPEG/105581547798143781_1908145289.jpg,https://shoppinglive.naver.com/channels/104285,GRADE_3,,2026-05-20T15:25:27.537611+00:00
101731755,147076,글로벌 가이아,101637648,http://shop1.phinf.naver.net/20230920_1/1695168146125h5EpG_PNG/96303979948317681_1717795323.png,https://shoppinglive.naver.com/channels/147076,GRADE_2,,2026-05-20T15:25:27.987346+00:00
100650048,224817,바른한상,100596371,http://shop1.phinf.naver.net/20250605_289/1749088452331QAoIs_JPEG/5072137481882076_334413333.jpg,https://shoppinglive.naver.com/channels/224817,GRADE_2,,2026-05-20T15:25:27.987346+00:00
100141258,42238,링티,100127544,http://shop1.phinf.naver.net/20250429_209/1745917620740RNQPT_JPEG/8902474464068318_1517941177.jpg,https://shoppinglive.naver.com/channels/42238,GRADE_2,,2026-05-20T15:25:27.987346+00:00
102673244,263755,모모상회2025,102551917,https://shop-phinf.pstatic.net/20241021_160/1729515956246bEynj_JPEG/6f8a5992.jpg,https://shoppinglive.naver.com/channels/263755,GRADE_1,,2026-05-20T15:25:27.987346+00:00
1100062454,258729,아름다운쌀,1100061390,http://shop1.phinf.naver.net/20260131_208/17698547239981l1AI_PNG/25837441139435585_1377517691.png,https://shoppinglive.naver.com/channels/258729,GRADE_1,,2026-05-20T15:25:28.372354+00:00
101877539,215310,레몬일레븐,101778339,http://shop1.phinf.naver.net/20260105_27/1767618536226zLofe_PNG/2413633575950827_1038477303.png,https://shoppinglive.naver.com/channels/215310,GRADE_1,,2026-05-20T15:25:30.047306+00:00
101242710,84069,안국약품,101165131,http://shop1.phinf.naver.net/20220321_3/1647851584370N7AE5_JPEG/48987473073441558_1679463416.jpg,https://shoppinglive.naver.com/channels/84069,GRADE_2,,2026-05-20T15:25:30.047306+00:00
101903020,119956,팀커머스,101802841,http://shop1.phinf.naver.net/20230327_198/167988807621052bzl_PNG/81023964923759136_1143580411.png,https://shoppinglive.naver.com/channels/119956,GRADE_2,,2026-05-20T15:25:31.871565+00:00
500233723,30372,알품게 삼대인천게장,500233723,http://shop1.phinf.naver.net/20231117_28/1700227611139l0UhX_JPEG/101363509850215260_611210123.jpg,https://shoppinglive.naver.com/channels/30372,GRADE_3,,2026-05-20T15:25:31.871565+00:00
101401883,141358,이영애의 건강미식,101318649,http://shop1.phinf.naver.net/20220114_239/1642150507102sxiDo_JPEG/43286286815434291_1386159900.jpg,https://shoppinglive.naver.com/channels/141358,GRADE_2,,2026-05-20T15:25:33.485395+00:00
100913772,250210,트레이딩,100849565,https://shop-phinf.pstatic.net/20241021_160/1729515956246bEynj_JPEG/6f8a5992.jpg,https://shoppinglive.naver.com/channels/250210,GRADE_2,,2026-05-20T15:25:33.485395+00:00
500015190,71849,구수하니,500015190,http://shop1.phinf.naver.net/20210626_159/1624679505400R5CdL_JPEG/25815340166361097_691973065.jpg,https://shoppinglive.naver.com/channels/71849,GRADE_2,,2026-05-20T15:25:33.485395+00:00
100179283,47642,강원평창 변찬수,500048604,http://shop1.phinf.naver.net/20260323_274/1774228317734lQ51G_JPEG/48132491667257281_108851776.jpg,https://shoppinglive.naver.com/channels/47642,GRADE_1,,2026-05-20T15:25:34.206036+00:00
102763206,256455,소온식당,102640367,http://shop1.phinf.naver.net/20251229_66/17670011779192HXHR_PNG/47181313892299216_1659615486.png,https://shoppinglive.naver.com/channels/256455,GRADE_1,,2026-05-20T15:25:34.206036+00:00
500001185,9268,자연에더,500001185,http://shop1.phinf.naver.net/20210525_259/1621870189339hNyhk_JPEG/23006088041009114_985372.jpg,https://shoppinglive.naver.com/channels/9268,GRADE_1,,2026-05-20T15:25:34.206036+00:00
102546883,240592,서로서로농장,102428190,http://shop1.phinf.naver.net/20250630_3/1751270301713VkRD3_PNG/68964380515107571_1938528479.png,https://shoppinglive.naver.com/channels/240592,GRADE_1,,2026-05-20T15:25:34.206036+00:00
102399337,216232,오만가지상회,102284937,http://shop1.phinf.naver.net/20241213_71/1734038745499VDgLS_PNG/49054410080974450_1999219508.png,https://shoppinglive.naver.com/channels/216232,GRADE_1,,2026-05-20T15:25:34.206036+00:00
101120823,99103,빛쌀,101048501,http://shop1.phinf.naver.net/20211129_78/1638160713854KQHLH_PNG/39296493503615879_1173531601.png,https://shoppinglive.naver.com/channels/99103,GRADE_2,,2026-05-20T15:25:34.951887+00:00
100315099,47676,전남보성 장운기,500048604,http://shop1.phinf.naver.net/20260323_232/1774256754138Pbxau_JPEG/68514694761068766_1327158530.jpg,https://shoppinglive.naver.com/channels/47676,GRADE_1,,2026-05-20T15:25:35.463309+00:00
102597214,226114,카니프리몰,102477390,http://shop1.phinf.naver.net/20250223_27/1740300941112OkP9d_JPEG/15918994566728875_1910449398.jpg,https://shoppinglive.naver.com/channels/226114,GRADE_1,,2026-05-20T15:25:35.463309+00:00
100876713,67036,연세유업 직영스토어,100814109,http://shop1.phinf.naver.net/20230628_15/1687931375996THxhl_JPEG/89067271730726467_235691923.jpg,https://shoppinglive.naver.com/channels/67036,GRADE_2,,2026-05-20T15:25:35.463309+00:00
1000023452,47649,강원양구 신현근,500048604,http://shop1.phinf.naver.net/20260325_198/1774402665845587WI_JPEG/%B0%AD%BF%F8%BE%E7%B1%B8_%BD%C5%C7%F6%B1%D9.jpg,https://shoppinglive.naver.com/channels/47649,GRADE_1,,2026-05-20T15:25:35.463309+00:00
500229865,30193,세노비스몰,500229865,http://shop1.phinf.naver.net/20250418_169/1744952793106BrGod_PNG/4996476592932314_1791284896.png,https://shoppinglive.naver.com/channels/30193,GRADE_3,,2026-05-20T15:25:35.905439+00:00
102590617,263732,봉이네 가자미,102470934,https://shop-phinf.pstatic.net/20241021_160/1729515956246bEynj_JPEG/6f8a5992.jpg,https://shoppinglive.naver.com/channels/263732,GRADE_1,,2026-05-20T15:25:35.905439+00:00
100163531,41282,동아오츠카,100147285,http://shop1.phinf.naver.net/20260409_17/1775702042218jy4mT_JPEG/59317417183755125_956420052.jpg,https://shoppinglive.naver.com/channels/41282,GRADE_3,,2026-05-20T15:25:35.905439+00:00
500275233,33464,알엠푸드,500275233,http://shop1.phinf.naver.net/20230802_39/16909604800498wXX7_JPEG/92096259735251368_2139001177.jpg,https://shoppinglive.naver.com/channels/33464,GRADE_3,,2026-05-20T15:25:35.905439+00:00
100722875,63417,압구정메이드,100665987,http://shop1.phinf.naver.net/20200421_147/1587446286041d4LK8_JPEG/24806120579373036_812794710.jpg,https://shoppinglive.naver.com/channels/63417,GRADE_1,,2026-05-20T15:25:35.905439+00:00
500057619,16197,맛꾼푸드,500057619,http://shop1.phinf.naver.net/20260324_273/1774321267520VtK88_JPEG/12621533989249110_908541962.jpg,https://shoppinglive.naver.com/channels/16197,GRADE_2,,2026-05-20T15:25:35.905439+00:00
101698072,147388,서준수산,101605006,http://shop1.phinf.naver.net/20221005_142/1664947401659huEHc_PNG/66083297378144007_369037673.png,https://shoppinglive.naver.com/channels/147388,GRADE_1,,2026-05-20T15:25:36.834412+00:00
100211474,43393,뉴웨스트커피,100189865,http://shop1.phinf.naver.net/20260323_88/1774235658995hlL6w_JPEG/24499681975226998_192709627.jpg,https://shoppinglive.naver.com/channels/43393,GRADE_1,,2026-05-20T15:25:38.264279+00:00
101800811,137625,영동언니,101703832,http://shop1.phinf.naver.net/20240326_32/171146490572987I5x_PNG/112600794441132254_97576517.png,https://shoppinglive.naver.com/channels/137625,GRADE_1,,2026-05-20T15:25:39.121938+00:00
101229611,89278,옳곡 OLHGOK,101152589,http://shop1.phinf.naver.net/20250220_221/17400369569882koVl_PNG/59592222747139093_680053922.png,https://shoppinglive.naver.com/channels/89278,GRADE_3,,2026-05-20T15:25:39.987191+00:00
102739699,255266,소미메종,102617207,http://shop1.phinf.naver.net/20260115_229/1768468628205WHmrg_PNG/48054545628565441_1955534759.png,https://shoppinglive.naver.com/channels/255266,GRADE_1,,2026-05-20T15:25:39.987191+00:00
101025869,162127,농가의 자부심,100957184,http://shop1.phinf.naver.net/20230217_214/1676610220824nyjrK_PNG/3912904708536035_1335402345.png,https://shoppinglive.naver.com/channels/162127,GRADE_1,,2026-05-20T15:25:39.987191+00:00
101484747,116653,포항칠수산,101398855,http://shop1.phinf.naver.net/20220803_14/1659494469010ccSOs_PNG/60630311719942454_1963259539.png,https://shoppinglive.naver.com/channels/116653,GRADE_1,,2026-05-20T15:25:40.581026+00:00
100090154,47656,경북 포항 유성일등과메기,500048604,http://shop1.phinf.naver.net/20200117_39/1579248628678YqFXy_JPEG/102555681204775649_1903894680.jpg,https://shoppinglive.naver.com/channels/47656,GRADE_1,,2026-05-20T15:25:41.131495+00:00
100256573,114005,에센티아 팩토리,100230611,http://shop1.phinf.naver.net/20250326_45/1742958458965vCoSL_PNG/77091261515743393_2095280161.png,https://shoppinglive.naver.com/channels/114005,GRADE_2,,2026-05-20T15:25:41.131495+00:00
500127975,22278,상주토성곶감,500127975,http://shop1.phinf.naver.net/20260324_110/1774331743434n0K2s_PNG/32505458453646018_708585621.png,https://shoppinglive.naver.com/channels/22278,GRADE_1,,2026-05-20T15:25:41.131495+00:00
500108263,20354,슈퍼네이처,500108263,http://shop1.phinf.naver.net/20260324_127/1774328487983m2b50_JPEG/40552886668994647_1917182131.jpg,https://shoppinglive.naver.com/channels/20354,GRADE_2,,2026-05-20T15:25:41.816060+00:00
100280775,74101,보령컨슈머헬스케어,100252530,http://shop1.phinf.naver.net/20220424_221/1650776086324O3TkR_JPEG/51911870037956339_1392464472.jpg,https://shoppinglive.naver.com/channels/74101,GRADE_2,,2026-05-20T15:25:41.816060+00:00
101623111,106633,카누 공식 브랜드스토어,101532454,http://shop1.phinf.naver.net/20221213_283/1670890537984PYP6e_PNG/72026365807581038_1749141616.png,https://shoppinglive.naver.com/channels/106633,GRADE_3,,2026-05-20T15:25:42.404156+00:00
1100007493,263711,헤이찰리,1100007359,http://shop1.phinf.naver.net/20260313_53/1773388433106R6S4Y_JPEG/369805967546408_1632884169.jpg,https://shoppinglive.naver.com/channels/263711,GRADE_1,,2026-05-20T15:25:42.404156+00:00
500241388,30821,티젠 공식쇼핑몰,500241388,http://shop1.phinf.naver.net/20230227_81/167745626507625fQ4_JPEG/78592099909818028_950299011.jpg,https://shoppinglive.naver.com/channels/30821,GRADE_3,,2026-05-20T15:25:42.404156+00:00
100002411,34239,애슐리 홈스토랑,100001690,http://shop1.phinf.naver.net/20220412_182/1649725677134MWG9L_PNG/50861519847511263_1050462988.png,https://shoppinglive.naver.com/channels/34239,GRADE_3,,2026-05-20T15:25:42.404156+00:00
100390378,50350,소소한형제,100352973,http://shop1.phinf.naver.net/20260323_242/1774269256397DWUlz_JPEG/78854076039320033_381081825.jpg,https://shoppinglive.naver.com/channels/50350,GRADE_3,,2026-05-20T15:25:42.885604+00:00
102578866,258439,안면도 로얄육개장,102459363,http://shop1.phinf.naver.net/20251125_138/1764039814239cjHN2_PNG/36639678261196501_1032359082.png,https://shoppinglive.naver.com/channels/258439,GRADE_2,,2026-05-20T15:25:42.885604+00:00
101108243,131141,더써드로스터스,101036485,http://shop1.phinf.naver.net/20240509_227/1715248241830DtaaR_JPEG/42550925711355127_378671650.jpg,https://shoppinglive.naver.com/channels/131141,GRADE_2,,2026-05-20T15:25:42.885604+00:00
102738395,243214,포항 영남수산,102615929,http://shop1.phinf.naver.net/20260211_60/1770738759538SBnN9_PNG/104871572838419181_6862802.png,https://shoppinglive.naver.com/channels/243214,GRADE_1,,2026-05-20T15:25:43.443791+00:00
102728440,260615,루트테라피,102606148,http://shop1.phinf.naver.net/20260113_275/1768272327581kTTYd_JPEG/22953062557980374_486243162.jpg,https://shoppinglive.naver.com/channels/260615,GRADE_2,,2026-05-20T15:25:43.443791+00:00
102550337,235592,현풍할매외손자집,102431537,http://shop1.phinf.naver.net/20250408_11/1744100631193kpUOM_PNG/78233481304585415_700358817.png,https://shoppinglive.naver.com/channels/235592,GRADE_1,,2026-05-20T15:25:43.443791+00:00
100634974,58174,상천장어,100582126,http://shop1.phinf.naver.net/20200220_109/1582192923994d9MJy_JPEG/19556312519796451_404573657.jpg,https://shoppinglive.naver.com/channels/58174,GRADE_1,,2026-05-20T15:25:44.493731+00:00
102773869,255732,초록담 수제페스토,102650849,http://shop1.phinf.naver.net/20250920_204/1758356024170mMxOf_PNG/12123708108437528_780861328.png,https://shoppinglive.naver.com/channels/255732,GRADE_2,,2026-05-20T15:25:44.493731+00:00
100135919,95620,과일드림,100122728,http://shop1.phinf.naver.net/20220718_54/1658127237392l6g3y_JPEG/59263020994646416_1001858465.jpg,https://shoppinglive.naver.com/channels/95620,GRADE_2,,2026-05-20T15:25:44.493731+00:00
101523180,227798,윗집아들네,101435885,http://shop1.phinf.naver.net/20251203_124/17647403505818CMve_PNG/82744017353717006_14086916.png,https://shoppinglive.naver.com/channels/227798,GRADE_1,,2026-05-20T15:25:45.025164+00:00
100367158,49324,백미양식,100331762,http://shop1.phinf.naver.net/20220823_251/1661224148583k9qBu_PNG/62360037284163595_1198519385.png,https://shoppinglive.naver.com/channels/49324,GRADE_2,,2026-05-20T15:25:45.025164+00:00
100476894,47600,강원원주 맛있는수제쌀찐빵,500048604,http://shop1.phinf.naver.net/20200110_47/1578623782660AxTWj_JPEG/101931035216499036_2108989866.jpg,https://shoppinglive.naver.com/channels/47600,GRADE_1,,2026-05-20T15:25:45.025164+00:00
101182925,78888,하루틴 공식스토어,101108046,http://shop1.phinf.naver.net/20210730_271/16276311440350SBLa_PNG/28767039770210685_810977165.png,https://shoppinglive.naver.com/channels/78888,GRADE_3,,2026-05-20T15:25:45.025164+00:00
500151180,24301,스타일푸드,500151180,http://shop1.phinf.naver.net/20260324_35/1774335826736qlD5u_GIF/36555644157133560_466401947.gif,https://shoppinglive.naver.com/channels/24301,GRADE_1,,2026-05-20T15:25:45.025164+00:00
101572451,263704,마켓일품,101483235,http://shop1.phinf.naver.net/20251230_169/1767070403557C180B_PNG/84325277816979770_437447108.png,https://shoppinglive.naver.com/channels/263704,GRADE_1,,2026-05-20T15:25:45.025164+00:00
100845613,67144,늘솜MARKET,100784156,http://shop1.phinf.naver.net/20240105_296/1704451021576WUjj9_PNG/105586917306145671_1146366474.png,https://shoppinglive.naver.com/channels/67144,GRADE_2,,2026-05-20T15:25:46.792979+00:00
100374552,49697,키토제니,100338564,http://shop1.phinf.naver.net/20250708_120/1751952694361Mypvp_JPEG/9435714152781638_1525003038.jpg,https://shoppinglive.naver.com/channels/49697,GRADE_2,,2026-05-20T15:25:46.792979+00:00
101512548,263465,울산언양불고기,101425643,http://shop1.phinf.naver.net/20220411_67/1649652832372BS46D_JPEG/50788721085872896_1700067713.jpg,https://shoppinglive.naver.com/channels/263465,GRADE_2,,2026-05-20T15:25:47.799146+00:00
101163028,95558,피키너츠 pickynuts,101089009,http://shop1.phinf.naver.net/20220223_135/1645584267585jcgI1_JPEG/46720166291356308_245776464.jpg,https://shoppinglive.naver.com/channels/95558,GRADE_2,,2026-05-20T15:25:47.799146+00:00
102224635,257865,팜스고고,102114226,http://shop1.phinf.naver.net/20240613_212/1718280140720c7G5O_JPEG/24792568377372002_1458074448.jpg,https://shoppinglive.naver.com/channels/257865,GRADE_1,,2026-05-20T15:25:47.799146+00:00
100207723,83787,밤바치농장,100186561,http://shop1.phinf.naver.net/20240213_1/1707831062587mOKKQ_PNG/108966951298514268_232877162.png,https://shoppinglive.naver.com/channels/83787,GRADE_1,,2026-05-20T15:25:47.799146+00:00
102764548,263702,레드빈케이크,102641692,https://shop-phinf.pstatic.net/20241021_160/1729515956246bEynj_JPEG/6f8a5992.jpg,https://shoppinglive.naver.com/channels/263702,GRADE_1,,2026-05-20T15:25:47.799146+00:00
1100019536,255887,제주바다를품다,1100019208,http://shop1.phinf.naver.net/20260319_137/1773893224776kLNqD_PNG/3162243454630007_503719638.png,https://shoppinglive.naver.com/channels/255887,GRADE_1,,2026-05-20T15:25:47.799146+00:00
101312260,84505,농진담,101231907,http://shop1.phinf.naver.net/20210911_33/1631323403948Pn4rX_JPEG/32459292606631281_576037549.jpg,https://shoppinglive.naver.com/channels/84505,GRADE_1,,2026-05-20T15:25:47.799146+00:00
102597999,227919,고기터미널,102478158,http://shop1.phinf.naver.net/20250401_232/1743500678614Dumio_PNG/27848729572030805_976697464.png,https://shoppinglive.naver.com/channels/227919,GRADE_2,,2026-05-20T15:25:48.641441+00:00
101124986,73504,블랙스완라이브,101052506,http://shop1.phinf.naver.net/20230316_133/1678949246580C8z6o_PNG/80085142317683760_1363451046.png,https://shoppinglive.naver.com/channels/73504,GRADE_2,,2026-05-20T15:25:48.641441+00:00
100148208,47659,경북영주 순흥기지떡,500048604,http://shop1.phinf.naver.net/20200110_227/1578640482623zy7hu_JPEG/101947535149810532_154191363.jpg,https://shoppinglive.naver.com/channels/47659,GRADE_1,,2026-05-20T15:25:48.641441+00:00
102410328,236966,서천나래,102295638,http://shop1.phinf.naver.net/20250821_128/1755743546381TtXkq_JPEG/89876394162788436_436869196.jpg,https://shoppinglive.naver.com/channels/236966,GRADE_1,,2026-05-20T15:25:48.641441+00:00
101716663,99448,제주올팜,101623120,http://shop1.phinf.naver.net/20221213_33/1670939034242D2pK0_PNG/72074932952044421_2086983221.png,https://shoppinglive.naver.com/channels/99448,GRADE_1,,2026-05-20T15:25:48.641441+00:00
500133186,22632,COCOEL,500133186,http://shop2.phinf.naver.net/20161220_66/gyrosports_1482212264839IQOdH_JPEG/6557157355107050_-1365766681.jpg,https://shoppinglive.naver.com/channels/22632,GRADE_1,,2026-05-20T15:25:48.641441+00:00
101099289,104113,앱솔리,101027885,http://shop1.phinf.naver.net/20250115_102/1736918893561iL0h7_JPEG/34603707601022008_2061898455.jpg,https://shoppinglive.naver.com/channels/104113,GRADE_1,,2026-05-20T15:25:49.177005+00:00
100385141,50228,바이킹마켓,100348226,http://shop1.phinf.naver.net/20221104_88/1667547214051ab8kS_JPEG/68683041880343172_1965806195.jpg,https://shoppinglive.naver.com/channels/50228,GRADE_1,,2026-05-20T15:25:49.177005+00:00
100468137,47598,강원춘천 독일제과,500048604,http://shop1.phinf.naver.net/20200113_283/1578897576534KJCFN_JPEG/102204656055704164_421503406.jpg,https://shoppinglive.naver.com/channels/47598,GRADE_1,,2026-05-20T15:25:49.177005+00:00
100531621,55323,맛의고수공식스토어,100484118,http://shop1.phinf.naver.net/20231107_99/1699319764899snFOo_JPEG/26622448782569184_808238473.jpg,https://shoppinglive.naver.com/channels/55323,GRADE_2,,2026-05-20T15:25:49.177005+00:00
101245756,98559,홍동비책,101168038,http://shop1.phinf.naver.net/20240808_290/1723082439009PoFza_PNG/71019164832098518_1705785714.png,https://shoppinglive.naver.com/channels/98559,GRADE_3,,2026-05-20T15:25:49.177005+00:00
102036180,148420,이룰생활건강,101931471,http://shop1.phinf.naver.net/20251211_24/1765417655472Wx9X6_JPEG/44969239976029149_1765882134.jpg,https://shoppinglive.naver.com/channels/148420,GRADE_1,,2026-05-20T15:25:49.177005+00:00
100259468,45021,식식한상,100233193,http://shop1.phinf.naver.net/20260416_255/1776328161413LLPPv_PNG/843435514746625_1350112942.png,https://shoppinglive.naver.com/channels/45021,GRADE_2,,2026-05-20T15:25:49.177005+00:00
100102471,47657,강원강릉 가배만쥬,500048604,http://shop1.phinf.naver.net/20200110_124/1578623404202jwpPg_JPEG/101930656758635769_410131950.jpg,https://shoppinglive.naver.com/channels/47657,GRADE_1,,2026-05-20T15:25:50.221874+00:00
500027590,12825,더베네푸드 다이어트,500027590,http://shop1.phinf.naver.net/20221011_134/1665476249396MXEKE_PNG/66612148108401454_210632602.png,https://shoppinglive.naver.com/channels/12825,GRADE_1,,2026-05-20T15:25:50.221874+00:00
100373887,69068,마니커,100337971,http://shop1.phinf.naver.net/20230612_36/1686558403154E9k76_PNG/87694186871788775_2013066375.png,https://shoppinglive.naver.com/channels/69068,GRADE_1,,2026-05-20T15:25:50.862489+00:00
100718287,79289,포크밸리,100661600,http://shop1.phinf.naver.net/20200824_147/1598256749587EHlTf_JPEG/35617488219212712_160468198.jpg,https://shoppinglive.naver.com/channels/79289,GRADE_1,,2026-05-20T15:25:50.862489+00:00
100234343,134079,지리산묵가,100210621,http://shop1.phinf.naver.net/20260323_63/1774240615214nti92_JPEG/15831572911421969_466956737.jpg,https://shoppinglive.naver.com/channels/134079,GRADE_1,,2026-05-20T15:25:50.862489+00:00
101940882,203252,청산전복사랑,101839281,http://shop1.phinf.naver.net/20231129_76/1701220803205whlUj_PNG/102356691914988949_72860289.png,https://shoppinglive.naver.com/channels/203252,GRADE_1,,2026-05-20T15:25:50.862489+00:00
102447835,222005,밀밭칼국수,102332146,http://shop1.phinf.naver.net/20250103_190/1735892976987MXIWJ_JPEG/49750179829207401_750314360.jpg,https://shoppinglive.naver.com/channels/222005,GRADE_2,,2026-05-20T15:25:51.425752+00:00
500170089,25513,건강마루,500170089,http://shop1.phinf.naver.net/20260517_30/1778991819980GFtFN_JPEG/3854398087318063_399918518.jpg,https://shoppinglive.naver.com/channels/25513,GRADE_1,,2026-05-20T15:25:51.425752+00:00
100370933,74191,밀크하우스경산,100335248,http://shop1.phinf.naver.net/20260323_43/17742658502091RqcH_JPEG/77314651699227583_646036190.jpg,https://shoppinglive.naver.com/channels/74191,GRADE_2,,2026-05-20T15:25:51.425752+00:00
102400802,197715,셀시어스 공식스토어,102286360,http://shop1.phinf.naver.net/20251021_132/17610349963016kydo_PNG/14629908447932079_901081931.png,https://shoppinglive.naver.com/channels/197715,GRADE_2,,2026-05-20T15:25:51.996598+00:00
102182704,159838,홀베리,102073559,http://shop1.phinf.naver.net/20231128_21/1701134663546BjkYu_PNG/102270506258583271_478359099.png,https://shoppinglive.naver.com/channels/159838,GRADE_3,,2026-05-20T15:25:51.996598+00:00
102732955,243216,스킨마스터,102610568,http://shop1.phinf.naver.net/20251124_123/1763959013273YaM6a_PNG/98091990483849656_611357135.png,https://shoppinglive.naver.com/channels/243216,GRADE_1,,2026-05-20T15:25:51.996598+00:00
500024421,12405,소화농장,500024421,http://shop1.phinf.naver.net/20260324_169/1774316452745DPhMw_JPEG/38884423148696371_-1615508738.jpg,https://shoppinglive.naver.com/channels/12405,GRADE_2,,2026-05-20T15:25:51.996598+00:00
102525194,219810,김치장인  이재하김치,102407167,http://shop1.phinf.naver.net/20260428_155/1777355754270G5vGL_PNG/11252777288839458_875313977.png,https://shoppinglive.naver.com/channels/219810,GRADE_1,,2026-05-20T15:25:51.996598+00:00
100868926,99349,주식회사 해라 몰,100806610,http://shop1.phinf.naver.net/20260417_120/17763913668591U6eA_JPEG/25961579320140520_1970087109.jpg,https://shoppinglive.naver.com/channels/99349,GRADE_1,,2026-05-20T15:25:51.996598+00:00
100426646,104197,영프로식품,100386315,http://shop1.phinf.naver.net/20200731_247/15961719492826v847_JPEG/33535337798208241_1188245920.jpg,https://shoppinglive.naver.com/channels/104197,GRADE_1,,2026-05-20T15:25:52.782657+00:00
100734460,109552,어이딸 부각,100677147,http://shop1.phinf.naver.net/20241217_63/1734425474721BDgWC_PNG/68558325852632594_982356828.png,https://shoppinglive.naver.com/channels/109552,GRADE_2,,2026-05-20T15:25:54.098588+00:00
100189808,193795,기린약방,100170488,http://shop1.phinf.naver.net/20240214_277/1707883793943affSJ_PNG/109019628779161400_1434384654.png,https://shoppinglive.naver.com/channels/193795,GRADE_2,,2026-05-20T15:25:54.098588+00:00
101116539,86524,친절한어부씨,101044433,http://shop1.phinf.naver.net/20220728_48/1658975128952tJO40_JPEG/60111027658364380_370040745.jpg,https://shoppinglive.naver.com/channels/86524,GRADE_2,,2026-05-20T15:25:54.098588+00:00
100292269,494,집에서 먹자,100263025,http://shop1.phinf.naver.net/20220906_266/1662442981460vnp5N_JPEG/63578824169150618_1113916128.jpg,https://shoppinglive.naver.com/channels/494,GRADE_3,,2026-05-20T15:25:54.098588+00:00
500031227,12886,종근당건강,500031227,http://shop1.phinf.naver.net/20250429_17/1745906616370XhqSg_PNG/40449361575953441_383925587.png,https://shoppinglive.naver.com/channels/12886,GRADE_3,,2026-05-20T15:25:54.098588+00:00
500061708,16641,장보남,500061708,http://shop1.phinf.naver.net/20260324_246/1774321848350fGouv_JPEG/29466010516709810_879195449.jpg,https://shoppinglive.naver.com/channels/16641,GRADE_3,,2026-05-20T15:25:54.576316+00:00
500099367,19562,마이 파우치,500099367,http://shop1.phinf.naver.net/20260324_2/1774326914533mKjfa_JPEG/22047741842026264_416994758.jpg,https://shoppinglive.naver.com/channels/19562,GRADE_2,,2026-05-20T15:25:54.576316+00:00
100382944,50034,셰프애찬,100346326,http://shop1.phinf.naver.net/20220802_35/1659397682647z2DrF_JPEG/60533462373197655_904640673.jpg,https://shoppinglive.naver.com/channels/50034,GRADE_1,,2026-05-20T15:25:54.576316+00:00
100656157,68120,아임힐링,100602236,http://shop1.phinf.naver.net/20220418_159/1650260758497hNaqb_JPEG/51396586317046999_287955085.jpg,https://shoppinglive.naver.com/channels/68120,GRADE_2,,2026-05-20T15:25:54.576316+00:00
100673301,61174,더맛있는.,100618563,http://shop1.phinf.naver.net/20200604_219/1591250928872CxFgs_JPEG/28614317367970964_1421681303.jpg,https://shoppinglive.naver.com/channels/61174,GRADE_2,,2026-05-20T15:25:55.317445+00:00
500140227,23193,두루푸드 국민닭갈비,500140227,http://shop2.phinf.naver.net/20160219_162/dooroofood_1455863717263XqsgB_JPEG/bde51e19-0fd9-4056-a4e1-ab5585a63a1d.JPG,https://shoppinglive.naver.com/channels/23193,GRADE_2,,2026-05-20T15:25:56.343576+00:00
1100035785,257427,녹용달이는 아들,1100035182,http://shop1.phinf.naver.net/20260330_157/1774838755070lkevU_PNG/13685014110550811_831232424.png,https://shoppinglive.naver.com/channels/257427,GRADE_2,,2026-05-20T15:25:56.343576+00:00
102263790,190361,안심밥상,102152503,http://shop1.phinf.naver.net/20240216_139/1708060302685BScTx_JPEG/109196145396209295_615436886.jpg,https://shoppinglive.naver.com/channels/190361,GRADE_2,,2026-05-20T15:25:56.343576+00:00
102797817,250663,디카프코리아,102674420,http://shop1.phinf.naver.net/20251030_283/1761805833064PLfP0_PNG/79892320928629024_1819943768.png,https://shoppinglive.naver.com/channels/250663,GRADE_1,,2026-05-20T15:25:56.343576+00:00
100371591,49545,포뉴,100335832,http://shop1.phinf.naver.net/20211202_168/1638407184344bU91A_JPEG/39543073057678588_1975579477.jpg,https://shoppinglive.naver.com/channels/49545,GRADE_2,,2026-05-20T15:25:57.090505+00:00
100864434,68249,송쭈집 본점,100802266,http://shop1.phinf.naver.net/20210204_86/1612407005619s0NcX_JPEG/13542839422437661_409883280.jpg,https://shoppinglive.naver.com/channels/68249,GRADE_3,,2026-05-20T15:25:57.090505+00:00
500146644,156853,비건헬렌스,500146644,http://shop1.phinf.naver.net/20241018_279/1729211962321CIghH_JPEG/63344926446963262_423529148.jpg,https://shoppinglive.naver.com/channels/156853,GRADE_1,,2026-05-20T15:25:57.090505+00:00
500074288,67081,낭만부부,500074288,http://shop1.phinf.naver.net/20200113_73/1578875327181qc6dK_PNG/16238715708464117_2010629211.png,https://shoppinglive.naver.com/channels/67081,GRADE_2,,2026-05-20T15:25:57.972537+00:00
500206254,28461,베이킹조이,500206254,http://shop1.phinf.naver.net/20250513_279/17471275281328NpnC_JPEG/1563541282746051_1927708339.jpg,https://shoppinglive.naver.com/channels/28461,GRADE_2,,2026-05-20T15:25:57.972537+00:00
500130965,131918,바오담,500130965,http://shop1.phinf.naver.net/20211213_63/1639367394323s4yAS_JPEG/40503240016935588_70984392.jpg,https://shoppinglive.naver.com/channels/131918,GRADE_1,,2026-05-20T15:25:57.972537+00:00
500060350,181439,지리산 희망농부의 산양유,500060350,http://shop1.phinf.naver.net/20260324_60/1774321468854c4ryn_JPEG/50217832926584816_1889213115.jpg,https://shoppinglive.naver.com/channels/181439,GRADE_1,,2026-05-20T15:25:58.806034+00:00
102477687,240955,거창 오미자,102361154,http://shop1.phinf.naver.net/20250707_76/1751882511374avxmB_JPEG/75860473175517303_1514725012.jpg,https://shoppinglive.naver.com/channels/240955,GRADE_2,,2026-05-20T15:25:58.806034+00:00
101876591,135385,삼복 등갈비연구소,101777432,http://shop1.phinf.naver.net/20260511_95/1778460452341SzBHV_PNG/28130426401070592_1855303365.png,https://shoppinglive.naver.com/channels/135385,GRADE_2,,2026-05-20T15:25:58.806034+00:00
100798932,113974,역전야시장,100739386,http://shop1.phinf.naver.net/20250425_88/1745547364823J5bzR_PNG/79680142351162648_649469725.png,https://shoppinglive.naver.com/channels/113974,GRADE_1,,2026-05-20T15:25:58.806034+00:00
102702854,247527,정수찬 공식몰,102580989,http://shop1.phinf.naver.net/20260514_124/1778767721566SnTyX_PNG/62578620470101799_953694483.png,https://shoppinglive.naver.com/channels/247527,GRADE_1,,2026-05-20T15:25:59.591344+00:00
100978238,72580,우예담,100911628,http://shop1.phinf.naver.net/20210113_46/1610528042163JOgMJ_PNG/11663887880185248_1245641164.png,https://shoppinglive.naver.com/channels/72580,GRADE_1,,2026-05-20T15:25:59.591344+00:00
100304500,46794,영앤피쉬,100273997,http://shop1.phinf.naver.net/20211028_164/1635424777619xH60L_JPEG/36560673357065196_1458308680.jpg,https://shoppinglive.naver.com/channels/46794,GRADE_2,,2026-05-20T15:25:59.591344+00:00
1100064282,258370,용용이네 농산물,1100063149,http://shop1.phinf.naver.net/20260129_74/1769679888272RS6NI_PNG/24369744187862441_1497147925.png,https://shoppinglive.naver.com/channels/258370,GRADE_2,,2026-05-20T15:26:00.424348+00:00
102675142,263337,어린시절떡볶이,102553766,http://shop1.phinf.naver.net/20260501_126/1777626757271cW7XQ_JPEG/9328780170644360_131320599.jpg,https://shoppinglive.naver.com/channels/263337,GRADE_1,,2026-05-20T15:26:00.424348+00:00
100167938,41496,꼬숩네,100151195,http://shop1.phinf.naver.net/20260320_34/1773998875703eq3NG_JPEG/63823035358827679_783068692.jpg,https://shoppinglive.naver.com/channels/41496,GRADE_2,,2026-05-20T15:26:00.424348+00:00
100307213,175033,경영푸드,100276447,http://shop1.phinf.naver.net/20230511_140/1683793559672m7Gpu_JPEG/84929387486826540_1215422887.jpg,https://shoppinglive.naver.com/channels/175033,GRADE_2,,2026-05-20T15:26:01.148362+00:00
500165549,25175,휴먼거스,500165549,http://shop1.phinf.naver.net/20260324_137/1774338261165yE0kN_JPEG/21087808355166689_-789774176.jpg,https://shoppinglive.naver.com/channels/25175,GRADE_2,,2026-05-20T15:26:02.336405+00:00
101919209,121829,마음이든,101818429,http://shop1.phinf.naver.net/20230414_128/1681461005287QDUPj_JPEG/82596901025597270_685391730.jpg,https://shoppinglive.naver.com/channels/121829,GRADE_1,,2026-05-20T15:26:02.336405+00:00
102137545,162018,아리향에프엔비,102029776,http://shop1.phinf.naver.net/20240725_86/17218918812455LXL4_PNG/38898375049644115_422856892.png,https://shoppinglive.naver.com/channels/162018,GRADE_2,,2026-05-20T15:26:02.336405+00:00
102528348,220252,고덕불고기,102410220,http://shop1.phinf.naver.net/20250523_286/1747973749552Q8Xcy_JPEG/2426522362031862_672690130.jpg,https://shoppinglive.naver.com/channels/220252,GRADE_2,,2026-05-20T15:26:02.336405+00:00
102774348,256858,팔감댁,102651319,http://shop1.phinf.naver.net/20251209_257/1765249566248LtOqL_JPEG/10882577058355969_2144285183.jpg,https://shoppinglive.naver.com/channels/256858,GRADE_1,,2026-05-20T15:26:02.957295+00:00
1100069610,258410,수요과일,1100068279,http://shop1.phinf.naver.net/20260129_174/1769647765169zB0G3_JPEG/42634618317993333_1115862484.jpg,https://shoppinglive.naver.com/channels/258410,GRADE_1,,2026-05-20T15:26:02.957295+00:00
500106538,62731,농업회사법인 문경몰,500106538,http://shop1.phinf.naver.net/20200317_83/1584433359979hSYrF_JPEG/21793194530356097_388847758.jpg,https://shoppinglive.naver.com/channels/62731,GRADE_2,,2026-05-20T15:26:02.957295+00:00
100814716,97551,풍진축산,100754530,http://shop1.phinf.naver.net/20230623_93/1687502606803mtjTS_PNG/88638449516718133_308915979.png,https://shoppinglive.naver.com/channels/97551,GRADE_2,,2026-05-20T15:26:03.820581+00:00
100339666,97717,단비마음,100306107,http://shop1.phinf.naver.net/20220707_92/1657190990576plpft_JPEG/58326833282663205_1343984901.jpg,https://shoppinglive.naver.com/channels/97717,GRADE_2,,2026-05-20T15:26:04.721403+00:00
102403822,199355,진라이브쇼핑,102289292,http://shop1.phinf.naver.net/20240625_27/1719320361796CPDKd_PNG/47955348615564276_1671522058.png,https://shoppinglive.naver.com/channels/199355,GRADE_2,,2026-05-20T15:26:04.721403+00:00
100925437,185277,통 수산,100860834,http://shop1.phinf.naver.net/20220223_40/1645601759429oCMzC_JPEG/46737657882426056_481547090.jpg,https://shoppinglive.naver.com/channels/185277,GRADE_1,,2026-05-20T15:26:04.721403+00:00
100265766,45237,엄마가 보낸 국밥,100238880,http://shop1.phinf.naver.net/20220221_130/1645407158105HisHo_JPEG/46543046811855451_1740208121.jpg,https://shoppinglive.naver.com/channels/45237,GRADE_3,,2026-05-20T15:26:04.721403+00:00
100715415,59734,바다청년의 인생밥상,100658840,http://shop1.phinf.naver.net/20220406_129/16492099335287Xg7Y_PNG/50345761259814987_1504609897.png,https://shoppinglive.naver.com/channels/59734,GRADE_1,,2026-05-20T15:26:04.721403+00:00
100738807,263625,풀내음 흑염소진액,100681352,http://shop1.phinf.naver.net/20240411_159/1712836384988EQ8pT_PNG/113972280668509931_473942507.png,https://shoppinglive.naver.com/channels/263625,GRADE_1,,2026-05-20T15:26:05.423215+00:00
101979309,239528,프루노트,101876364,http://shop1.phinf.naver.net/20250831_152/1756632597837ld5e6_PNG/82020962510670808_64827191.png,https://shoppinglive.naver.com/channels/239528,GRADE_1,,2026-05-20T15:26:05.423215+00:00
102672882,263082,기찬김치,102551562,http://shop1.phinf.naver.net/20250708_205/1751939024908hEaSg_PNG/2917195735907049_1376424330.png,https://shoppinglive.naver.com/channels/263082,GRADE_1,,2026-05-20T15:26:05.423215+00:00
101034361,109965,더까망마켓,100965350,http://shop1.phinf.naver.net/20210804_123/16280674375472LUJL_JPEG/29203333054128520_379491696.JPG,https://shoppinglive.naver.com/channels/109965,GRADE_1,,2026-05-20T15:26:06.070518+00:00
101144391,223331,이룸찬,101071059,http://shop1.phinf.naver.net/20241018_182/1729219676723fxk7p_PNG/63352640846033541_465340284.png,https://shoppinglive.naver.com/channels/223331,GRADE_1,,2026-05-20T15:26:06.070518+00:00
1100020483,256343,우연픽,1100020140,https://shop-phinf.pstatic.net/20241021_160/1729515956246bEynj_JPEG/6f8a5992.jpg,https://shoppinglive.naver.com/channels/256343,GRADE_1,,2026-05-20T15:26:06.070518+00:00
500102371,20038,푸드공작소,500102371,http://shop1.phinf.naver.net/20260324_78/1774327450751OAelV_JPEG/28154123481908845_-991049114.jpg,https://shoppinglive.naver.com/channels/20038,GRADE_2,,2026-05-20T15:26:07.377252+00:00
101893568,112569,후디스 헬스케어,101793821,http://shop1.phinf.naver.net/20240809_42/1723192203155ivfbA_PNG/25125475988362596_1372264078.png,https://shoppinglive.naver.com/channels/112569,GRADE_3,,2026-05-20T15:26:07.377252+00:00
1000019867,47611,제주도 정영숙,500048604,http://shop1.phinf.naver.net/20260325_184/1774400723357qKLco_JPEG/%C1%A6%C1%D6%BD%C3_%C1%A4%BF%B5%BC%F7.jpg,https://shoppinglive.naver.com/channels/47611,GRADE_1,,2026-05-20T15:26:07.377252+00:00
101488998,263627,동부민물수산,101402951,https://shop-phinf.pstatic.net/20241021_160/1729515956246bEynj_JPEG/6f8a5992.jpg,https://shoppinglive.naver.com/channels/263627,GRADE_1,,2026-05-20T15:26:08.011530+00:00
1100047175,256574,더달인,1100046378,http://shop1.phinf.naver.net/20251229_231/1766998707835eXqcG_JPEG/38966197954845739_571633216.jpg,https://shoppinglive.naver.com/channels/256574,GRADE_1,,2026-05-20T15:26:08.011530+00:00
100263327,45115,완주로컬푸드 건강한밥상,100236656,http://shop1.phinf.naver.net/20260323_285/1774246662136UaYoK_JPEG/25497020386744371_1610224343.jpg,https://shoppinglive.naver.com/channels/45115,GRADE_2,,2026-05-20T15:26:08.011530+00:00
500127435,22181,호태아빠의 자연마을,500127435,http://shop1.phinf.naver.net/20210106_160/1609918577384S5SiR_JPEG/11054419657689808_559002278.jpg,https://shoppinglive.naver.com/channels/22181,GRADE_2,,2026-05-20T15:26:08.011530+00:00
1100009372,253331,해원랩,1100009192,http://shop1.phinf.naver.net/20251107_81/1762480031124Kq1la_JPEG/44912102242360441_871481187.jpg,https://shoppinglive.naver.com/channels/253331,GRADE_1,,2026-05-20T15:26:08.011530+00:00
100528446,78833,만전김직영몰,100481064,http://shop1.phinf.naver.net/20230109_87/1673245122090WJNVI_PNG/74380905790706766_485801495.png,https://shoppinglive.naver.com/channels/78833,GRADE_1,,2026-05-20T15:26:08.011530+00:00
100545539,55832,아달당,100497262,http://shop1.phinf.naver.net/20260220_272/17715645634422T5BI_PNG/18926128294443392_476277152.png,https://shoppinglive.naver.com/channels/55832,GRADE_2,,2026-05-20T15:26:09.261898+00:00
500254379,93959,피쉬데이,500254379,http://shop1.phinf.naver.net/20220829_75/1661760111490Ur7JI_JPEG/62895946313883682_813725931.jpg,https://shoppinglive.naver.com/channels/93959,GRADE_2,,2026-05-20T15:26:09.261898+00:00
500196931,27600,프로스랩,500196931,http://shop1.phinf.naver.net/20260324_66/1774344073119w4aSa_JPEG/eb4ba74c-00b4-438a-bd64-6cf6758092fb.jpg,https://shoppinglive.naver.com/channels/27600,GRADE_3,,2026-05-20T15:26:09.261898+00:00
102404157,250278,어니스크 케이크,102289622,http://shop1.phinf.naver.net/20251204_16/17647747061631hVK3_JPEG/14366257857166451_1598515433.jpg,https://shoppinglive.naver.com/channels/250278,GRADE_1,,2026-05-20T15:26:10.048732+00:00
100448678,52558,파파스낵,100406834,http://shop1.phinf.naver.net/20260331_49/1774924081010F66ks_PNG/11489903818247782_1714901865.png,https://shoppinglive.naver.com/channels/52558,GRADE_2,,2026-05-20T15:26:10.048732+00:00
1100130975,263459,나얀샵,1100128574,http://shop1.phinf.naver.net/20260424_41/1777013349000QtGYu_PNG/34496368795935193_1201800883.png,https://shoppinglive.naver.com/channels/263459,GRADE_1,,2026-05-20T15:26:10.048732+00:00
101873955,263614,울산파인포레스트,101774893,http://shop1.phinf.naver.net/20260406_100/1775443122482r1jVJ_JPEG/25022278376585833_400001643.jpg,https://shoppinglive.naver.com/channels/263614,GRADE_1,,2026-05-20T15:26:10.048732+00:00
1000009804,47613,경북영덕 김현상,500048604,http://shop1.phinf.naver.net/20260325_207/1774394663162owtRd_JPEG/20363553113566160_-1868223365.jpg,https://shoppinglive.naver.com/channels/47613,GRADE_1,,2026-05-20T15:26:10.048732+00:00
23764024,121041,jam002 리얼테스트,dfoj9,https://phinf.pstatic.net/dthumb/?src=%22https%3A%2F%2Fg-selected.pstatic.net%2FMjAyNTEyMDlfMzAw%2FMDAxNzY1MjU1MjMzODk5.ohiJXwUGFbSIz4k9cqXoDbpc4xW1UuagkEgvQKUOD5Yg.eS_D9tEt7Ejf5YbQBgI272JCNU9zefhIUk8TiZh5MBEg.JPEG%2Ftemp_1765255233578.jpg%22&service=selective,https://shoppinglive.naver.com/channels/121041,GRADE_1,,2026-05-20T15:26:10.745152+00:00
101938422,168808,원투고홈,101836913,http://shop1.phinf.naver.net/20230701_108/1688189591147gDGbf_JPEG/2078448892277106_281745326.jpg,https://shoppinglive.naver.com/channels/168808,GRADE_1,,2026-05-20T15:26:10.745655+00:00
101169534,80570,남이섬꼬꼬춘천닭갈비,101095235,http://shop1.phinf.naver.net/20210609_92/1623207011321FD7q9_JPEG/24342795036661021_1130334525.jpg,https://shoppinglive.naver.com/channels/80570,GRADE_1,,2026-05-20T15:26:11.770894+00:00
500173412,115400,성주참외 보화농장,500173412,http://shop1.phinf.naver.net/20260324_131/1774320202427Fe8EW_JPEG/108453050457682209_1227528742.jpg,https://shoppinglive.naver.com/channels/115400,GRADE_1,,2026-05-20T15:26:11.770894+00:00
102184495,256534,노랑바나나.디톡스쿨,102075300,http://shop1.phinf.naver.net/20250806_133/175445891281879D8M_JPEG/9054014799308568_948206352.JPG,https://shoppinglive.naver.com/channels/256534,GRADE_2,,2026-05-20T15:26:11.770894+00:00
101461815,176281,에잇써클,101376680,http://shop1.phinf.naver.net/20250428_276/1745845007950Hr9k5_PNG/43412259586999091_607645085.png,https://shoppinglive.naver.com/channels/176281,GRADE_2,,2026-05-20T15:26:12.899139+00:00
100389394,93893,제이비티케이,100352080,http://shop1.phinf.naver.net/20230127_230/1674804679126V9Sa7_PNG/75940462835844667_330420163.png,https://shoppinglive.naver.com/channels/93893,GRADE_1,,2026-05-20T15:26:12.899139+00:00
101501727,263607,동인동찜갈비 최강찜갈비,101415210,http://shop1.phinf.naver.net/20250527_182/1748327591496fHhGa_JPEG/82460364478641577_655384104.jpg,https://shoppinglive.naver.com/channels/263607,GRADE_1,,2026-05-20T15:26:12.899139+00:00
102503999,222940,굿잇츠 goodeats,102386544,http://shop1.phinf.naver.net/20241030_157/1730247664007xVwhX_JPEG/14703024793103276_324818553.jpg,https://shoppinglive.naver.com/channels/222940,GRADE_1,,2026-05-20T15:26:12.899139+00:00
102544103,230434,가온명가,102425486,http://shop1.phinf.naver.net/20250411_155/17443549873503nwOh_JPEG/10968491722311426_1103778431.jpg,https://shoppinglive.naver.com/channels/230434,GRADE_1,,2026-05-20T15:26:14.031866+00:00
100979806,76411,헬시플레이스,100913107,http://shop1.phinf.naver.net/20260414_205/17761307231412MXMj_JPEG/102604611961728905_1003631954.jpg,https://shoppinglive.naver.com/channels/76411,GRADE_2,,2026-05-20T15:26:14.031866+00:00
500143502,59726,맛젤,500143502,http://shop1.phinf.naver.net/20250417_43/1744866218128yYEFo_PNG/78998995679077157_1844058747.png,https://shoppinglive.naver.com/channels/59726,GRADE_1,,2026-05-20T15:26:14.031866+00:00
101094410,68453,목우촌,101023144,http://shop1.phinf.naver.net/20210310_40/1615381111588X6vVt_JPEG/16516891308696736_504418407.jpg,https://shoppinglive.naver.com/channels/68453,GRADE_2,,2026-05-20T15:26:14.031866+00:00
1100130979,263451,레인보우-몰,1100128578,http://shop1.phinf.naver.net/20260511_101/1778467720664XGH1q_PNG/25747364322777106_1016317938.png,https://shoppinglive.naver.com/channels/263451,GRADE_1,,2026-05-20T15:26:14.659475+00:00
100123096,170274,텐텐쇼핑,100111070,http://shop1.phinf.naver.net/20240609_243/1717924356185l3YOw_PNG/119060251922211607_819873963.png,https://shoppinglive.naver.com/channels/170274,GRADE_1,,2026-05-20T15:26:14.659475+00:00
1100130973,263457,드로우ME,1100128572,http://shop1.phinf.naver.net/20260506_2/1778034471503k75sK_PNG/112167291621674638_935688605.png,https://shoppinglive.naver.com/channels/263457,GRADE_1,,2026-05-20T15:26:14.659475+00:00
1100130972,263452,YM Party,1100128571,http://shop1.phinf.naver.net/20260422_288/17768283900542LUtz_PNG/19842967867436900_1939741099.png,https://shoppinglive.naver.com/channels/263452,GRADE_1,,2026-05-20T15:26:14.659475+00:00
1100088696,263460,루나의정원샵,1100086977,http://shop1.phinf.naver.net/20260424_6/1776995082039cEbap_PNG/823061162521991_458427612.png,https://shoppinglive.naver.com/channels/263460,GRADE_1,,2026-05-20T15:26:14.659475+00:00
100933394,263453,허니온기,100868539,http://shop1.phinf.naver.net/20260423_183/17769074959901PhC3_PNG/1307109766243103_1023729782.png,https://shoppinglive.naver.com/channels/263453,GRADE_1,,2026-05-20T15:26:14.659475+00:00
1100130974,263454,강미혜,1100128573,http://shop1.phinf.naver.net/20260422_5/1776828452808MvnU3_PNG/110961305930038187_120220504.png,https://shoppinglive.naver.com/channels/263454,GRADE_1,,2026-05-20T15:26:14.659475+00:00
1100137511,263450,영s픽,1100135004,http://shop1.phinf.naver.net/20260512_260/17785450419631I1eB_PNG/27301313044434110_1548170832.png,https://shoppinglive.naver.com/channels/263450,GRADE_1,,2026-05-20T15:26:15.190259+00:00
1100130976,263455,오후에콩,1100128575,http://shop1.phinf.naver.net/20260422_261/1776863961945y4qpk_JPEG/56776771819640738_500551147.jpeg,https://shoppinglive.naver.com/channels/263455,GRADE_1,,2026-05-20T15:26:15.190259+00:00
100416671,85617,우리농축산몰,100377035,http://shop1.phinf.naver.net/20250703_33/1751513989949rBpSc_PNG/1336793757701428_1456320776.png,https://shoppinglive.naver.com/channels/85617,GRADE_2,,2026-05-20T15:26:15.190259+00:00
1000025002,30371,인천 알품게삼대인천게장,500233723,http://shop1.phinf.naver.net/20250311_55/1741661310925I89Qt_JPEG/75794129668457808_514003238.jpg,https://shoppinglive.naver.com/channels/30371,GRADE_2,,2026-05-20T15:26:15.190259+00:00
500173674,156970,오늘올레,500173674,http://shop2.phinf.naver.net/20160817_112/glacks04_1471424779290WeK6v_JPEG/52ab442f-bc1f-476c-9959-c6874a52473f.jpg,https://shoppinglive.naver.com/channels/156970,GRADE_2,,2026-05-20T15:26:16.090026+00:00
102102042,147228,바밤몰,101995269,http://shop1.phinf.naver.net/20231005_152/1696492552460GME2i_JPEG/97628448197864549_228140142.jpg,https://shoppinglive.naver.com/channels/147228,GRADE_1,,2026-05-20T15:26:16.090026+00:00
101720636,102695,보배마을,101626943,http://shop1.phinf.naver.net/20260313_266/1773367805179jtw6W_PNG/108100464159708056_828905911.png,https://shoppinglive.naver.com/channels/102695,GRADE_2,,2026-05-20T15:26:16.090026+00:00
102432480,201022,숭의가든,102317218,http://shop1.phinf.naver.net/20241018_112/1729223096167Ck5tb_JPEG/33651161453897230_817892931.jpg,https://shoppinglive.naver.com/channels/201022,GRADE_2,,2026-05-20T15:26:16.090026+00:00
101644432,162320,경자국밥,101553142,http://shop1.phinf.naver.net/20240322_218/1711085402949UTXHy_PNG/112221182674392508_795488282.png,https://shoppinglive.naver.com/channels/162320,GRADE_2,,2026-05-20T15:26:16.090026+00:00
102006845,200887,HC한우마을,101902997,http://shop1.phinf.naver.net/20250520_229/1747725514516diGTO_JPEG/19693004630193220_743709307.jpg,https://shoppinglive.naver.com/channels/200887,GRADE_1,,2026-05-20T15:26:16.852157+00:00
100549291,142791,전류리종가집,100500842,http://shop1.phinf.naver.net/20201127_121/16064723707692igpn_JPEG/7608259483154875_2061976170.jpg,https://shoppinglive.naver.com/channels/142791,GRADE_1,,2026-05-20T15:26:16.852157+00:00
101049230,76988,셀게이트,100979671,http://shop1.phinf.naver.net/20250212_3/1739322835336VbxTv_JPEG/73455771464846039_441281940.jpg,https://shoppinglive.naver.com/channels/76988,GRADE_2,,2026-05-20T15:26:16.852157+00:00
101489390,94415,닥터트루,101403329,http://shop1.phinf.naver.net/20220307_269/1646641582016N1y4z_JPEG/47777470728224014_396690345.jpg,https://shoppinglive.naver.com/channels/94415,GRADE_2,,2026-05-20T15:26:16.852157+00:00
102258277,199497,오늘의농부,102147102,http://shop1.phinf.naver.net/20240302_12/1709344429678XTI7p_PNG/110480213396603167_1249377790.png,https://shoppinglive.naver.com/channels/199497,GRADE_2,,2026-05-20T15:26:16.852157+00:00
100326348,123320,화려한우,100293761,http://shop1.phinf.naver.net/20250912_220/1757637420442Ayi4C_PNG/12294769030511540_355700245.png,https://shoppinglive.naver.com/channels/123320,GRADE_3,,2026-05-20T15:26:17.615018+00:00
101627646,208976,락토몰,101536809,http://shop1.phinf.naver.net/20251120_85/1763605835050pM8qu_JPEG/97738663211123155_1127506031.jpg,https://shoppinglive.naver.com/channels/208976,GRADE_2,,2026-05-20T15:26:17.615018+00:00
100068753,37052,ㅍㅏㅁ,100061360,http://shop1.phinf.naver.net/20260205_59/1770261258538cB9B6_PNG/261711653125871_1692772123.png,https://shoppinglive.naver.com/channels/37052,GRADE_2,,2026-05-20T15:26:17.615018+00:00
100711214,84601,한국양봉농협,100654804,http://shop1.phinf.naver.net/20260330_234/1774831184776JLWNS_PNG/35614047897201941_598941588.png,https://shoppinglive.naver.com/channels/84601,GRADE_2,,2026-05-20T15:26:17.615018+00:00
101260297,251924,초코헬스,101182024,http://shop1.phinf.naver.net/20230821_276/1692603444072VXkPq_JPEG/93739277889915980_67818983.jpg,https://shoppinglive.naver.com/channels/251924,GRADE_1,,2026-05-20T15:26:17.615018+00:00
100481504,53688,집순이네 홈카페,100437089,http://shop1.phinf.naver.net/20230308_154/1678252195772Nd1bB_PNG/79388038481504486_1803315739.png,https://shoppinglive.naver.com/channels/53688,GRADE_1,,2026-05-20T15:26:18.377402+00:00
100623475,57886,달빛도마,100571169,http://shop1.phinf.naver.net/20200207_112/1581059240903V4GYi_PNG/18422629399548751_18769281.png,https://shoppinglive.naver.com/channels/57886,GRADE_2,,2026-05-20T15:26:18.377402+00:00
500126835,26,바라던,500126835,http://shop1.phinf.naver.net/20210421_95/161898242122982x10_PNG/20118309941388450_469511996.png,https://shoppinglive.naver.com/channels/26,GRADE_2,,2026-05-20T15:26:18.377402+00:00
101445422,87020,강원속초 김기남,100576347,http://shop1.phinf.naver.net/20240201_120/1706748389333vezcl_JPEG/230055642123313561_1363291751.jpg,https://shoppinglive.naver.com/channels/87020,GRADE_1,,2026-05-20T15:26:19.273078+00:00
100292757,46348,과일꾼,100263466,http://shop1.phinf.naver.net/20260323_86/1774252440805w80xJ_PNG/27042612645651709_1638322323.png,https://shoppinglive.naver.com/channels/46348,GRADE_2,,2026-05-20T15:26:19.273078+00:00
100133860,39985,엄마네한우,100120842,http://shop1.phinf.naver.net/20201215_65/16080228408883OIe4_JPEG/9158668714139607_745123695.jpg,https://shoppinglive.naver.com/channels/39985,GRADE_3,,2026-05-20T15:26:19.273078+00:00
500021419,12136,아주헬스케어,500021419,http://shop1.phinf.naver.net/20250401_228/1743485536619NbW7F_PNG/27833587572298761_594216269.png,https://shoppinglive.naver.com/channels/12136,GRADE_3,,2026-05-20T15:26:19.273078+00:00
101331962,85294,우메종,101251023,http://shop1.phinf.naver.net/20250206_278/1738808170648OuGl1_JPEG/20825257497370370_487499002.jpg,https://shoppinglive.naver.com/channels/85294,GRADE_3,,2026-05-20T15:26:20.387471+00:00
500217835,144,백년밥상,500217835,http://shop1.phinf.naver.net/20250825_75/1756108227972DxvNc_PNG/81496592673679891_783851937.png,https://shoppinglive.naver.com/channels/144,GRADE_2,,2026-05-20T15:26:22.223053+00:00
100983912,79349,제주노몰,100917057,http://shop1.phinf.naver.net/20210215_159/1613399974364xoX5h_JPEG/14535817077432471_1201107253.jpg,https://shoppinglive.naver.com/channels/79349,GRADE_1,,2026-05-20T15:26:22.223053+00:00
102747183,263572,한백김치 천안점,102624561,http://shop1.phinf.naver.net/20260307_52/1772858237394t8xuw_PNG/13028175519939389_1602131338.png,https://shoppinglive.naver.com/channels/263572,GRADE_1,,2026-05-20T15:26:23.782728+00:00
100016513,263573,착한시장,100013798,http://shop1.phinf.naver.net/20260508_226/1778240556865zgPae_PNG/25731123799289324_519431086.png,https://shoppinglive.naver.com/channels/263573,GRADE_1,,2026-05-20T15:26:23.782728+00:00
101170214,157397,유산균돼지,101095887,http://shop1.phinf.naver.net/20210427_95/1619486319145qR6go_PNG/20622214879558793_1235616978.png,https://shoppinglive.naver.com/channels/157397,GRADE_1,,2026-05-20T15:26:23.782728+00:00
101994439,263570,원영식품,101891003,https://shop-phinf.pstatic.net/20241021_160/1729515956246bEynj_JPEG/6f8a5992.jpg,https://shoppinglive.naver.com/channels/263570,GRADE_1,,2026-05-20T15:26:23.782728+00:00
101388903,263569,명월농원,101306120,http://shop1.phinf.naver.net/20250419_67/17450517325504hSDx_JPEG/21004174751422561_211560755.jpg,https://shoppinglive.naver.com/channels/263569,GRADE_1,,2026-05-20T15:26:24.463381+00:00
100535596,70842,행그리LIVE,100487861,http://shop1.phinf.naver.net/20231215_231/1702633976090R8igL_JPEG/103769810922399619_585943123.jpg,https://shoppinglive.naver.com/channels/70842,GRADE_2,,2026-05-20T15:26:24.463381+00:00
500137275,22702,센트룸 공식스토어,500137275,http://shop1.phinf.naver.net/20220627_269/1656300212300X25rA_PNG/57436040130706035_1749795434.png,https://shoppinglive.naver.com/channels/22702,GRADE_3,,2026-05-20T15:26:24.463381+00:00
1100079668,262612,믁끄럽 다이어트 간식,1100078122,http://shop1.phinf.naver.net/20260205_115/17702861069252t9IS_PNG/20846880768616394_1895116159.png,https://shoppinglive.naver.com/channels/262612,GRADE_2,,2026-05-20T15:26:24.463381+00:00
500128667,167430,엉클베리모닝팜,500128667,http://shop1.phinf.naver.net/20260324_216/1774332021619s3xDb_JPEG/28598056025556476_-1148865494.jpg,https://shoppinglive.naver.com/channels/167430,GRADE_2,,2026-05-20T15:26:25.255827+00:00
102495373,263336,온다온스토어,102378093,http://shop1.phinf.naver.net/20260402_39/1775117926613apBVJ_PNG/6819949508476315_165266011.png,https://shoppinglive.naver.com/channels/263336,GRADE_2,,2026-05-20T15:26:25.255827+00:00
102086998,245971,송자매부대찌개,101980663,http://shop1.phinf.naver.net/20241002_168/1727858296841kWaNK_PNG/3476323313005113_1209862753.png,https://shoppinglive.naver.com/channels/245971,GRADE_1,,2026-05-20T15:26:26.049994+00:00
100844677,64439,육육마켓 66Market,100783259,http://shop1.phinf.naver.net/20240326_242/1711430507892AU0Et_PNG/38733191732603407_535430344.png,https://shoppinglive.naver.com/channels/64439,GRADE_2,,2026-05-20T15:26:26.049994+00:00
101613201,263025,영광그린푸드,101522789,http://shop1.phinf.naver.net/20250103_264/1735901108314Ngl6a_PNG/62394414144167961_249362389.png,https://shoppinglive.naver.com/channels/263025,GRADE_2,,2026-05-20T15:26:26.049994+00:00
100387987,51290,비에날몰,100350773,http://shop1.phinf.naver.net/20191111_76/1573440526907c12zW_PNG/10803915453329571_950021398.png,https://shoppinglive.naver.com/channels/51290,GRADE_3,,2026-05-20T15:26:26.049994+00:00
102192517,174983,씨아트푸드,102083091,http://shop1.phinf.naver.net/20241105_72/1730769350647QJJNh_PNG/6982530533929865_493468638.png,https://shoppinglive.naver.com/channels/174983,GRADE_2,,2026-05-20T15:26:27.490105+00:00
100545641,98743,날마다꼬신참기름,100497356,http://shop1.phinf.naver.net/20191114_60/1573731432341u3kbb_PNG/11094820882988203_1658885716.png,https://shoppinglive.naver.com/channels/98743,GRADE_1,,2026-05-20T15:26:27.490105+00:00
102422086,223373,ASTRO FARMER,102307079,http://shop1.phinf.naver.net/20250207_1/1738898267222uE4P7_PNG/21709683035450566_999929815.png,https://shoppinglive.naver.com/channels/223373,GRADE_1,,2026-05-20T15:26:28.264301+00:00
102006080,144627,동서식품 공식 브랜드스토어,101902260,http://shop1.phinf.naver.net/20260129_150/1769648574583gKMdq_JPEG/76405938977111152_1988153203.jpg,https://shoppinglive.naver.com/channels/144627,GRADE_2,,2026-05-20T15:26:28.264301+00:00
500135478,22874,오설록 본사직영몰,500135478,http://shop1.phinf.naver.net/20230221_44/1676962982251Pl6x7_JPEG/78098765966907462_1623966667.jpg,https://shoppinglive.naver.com/channels/22874,GRADE_3,,2026-05-20T15:26:29.320720+00:00
100039336,16078,반찬뜰,100034434,http://shop1.phinf.naver.net/20240704_298/1720057086168ITfnv_JPEG/27368688985160997_82032571.jpg,https://shoppinglive.naver.com/channels/16078,GRADE_2,,2026-05-20T15:26:29.320720+00:00
102681621,250557,본디 BONDI,102560111,http://shop1.phinf.naver.net/20260113_60/1768297053261WdOMX_PNG/102429969933740361_185542270.png,https://shoppinglive.naver.com/channels/250557,GRADE_1,,2026-05-20T15:26:29.320720+00:00
102222997,170890,베지셀,102112716,http://shop1.phinf.naver.net/20251205_78/1764897645827m36Jd_JPEG/23356319989087946_765734410.jpg,https://shoppinglive.naver.com/channels/170890,GRADE_1,,2026-05-20T15:26:29.320720+00:00
1100036216,263561,프렌즈허브 코스트코어,1100035608,http://shop1.phinf.naver.net/20251211_248/17654398183620TmuU_PNG/20097167305354134_1660686782.png,https://shoppinglive.naver.com/channels/263561,GRADE_1,,2026-05-20T15:26:30.614643+00:00
500248939,31393,한채원,500248939,http://shop1.phinf.naver.net/20230713_152/1689221839816gObFh_PNG/90357682531074446_984937080.png,https://shoppinglive.naver.com/channels/31393,GRADE_1,,2026-05-20T15:26:30.614643+00:00
102711886,252056,바스켓마마,102589890,http://shop1.phinf.naver.net/20250714_270/1752471006977hE7SM_PNG/28873449115896241_632007972.png,https://shoppinglive.naver.com/channels/252056,GRADE_2,,2026-05-20T15:26:30.614643+00:00
100271417,45482,더 건강하게 좋은습관,100244015,http://shop1.phinf.naver.net/20200117_106/1579247937444vWL1J_JPEG/16608676074483781_209505327.jpg,https://shoppinglive.naver.com/channels/45482,GRADE_1,,2026-05-20T15:26:31.842909+00:00
101095839,81052,미숙 마켓,101024519,http://shop1.phinf.naver.net/20220811_252/1660209736630GKbCR_JPEG/61345564456150435_1386625772.jpg,https://shoppinglive.naver.com/channels/81052,GRADE_2,,2026-05-20T15:26:31.842909+00:00
101276036,263557,주방을책임지는남자,101197139,http://shop1.phinf.naver.net/20220310_278/1646890725876GepyR_PNG/48026559697875933_561915663.png,https://shoppinglive.naver.com/channels/263557,GRADE_1,,2026-05-20T15:26:31.842909+00:00
500050384,15521,보넬드,500050384,http://shop1.phinf.naver.net/20240806_182/1722908631991MzGRa_PNG/9645851895835832_110423185.png,https://shoppinglive.naver.com/channels/15521,GRADE_2,,2026-05-20T15:26:31.842909+00:00
102224047,165073,수려한 합천,102113738,http://shop1.phinf.naver.net/20240105_72/1704416036029wHA58_JPEG/105551869849541690_327390451.jpg,https://shoppinglive.naver.com/channels/165073,GRADE_2,,2026-05-20T15:26:31.842909+00:00
100449469,52562,닥터린 공식스토어,100407569,http://shop1.phinf.naver.net/20200317_7/1584421831824fFxa1_JPEG/21782570458695480_292758065.jpg,https://shoppinglive.naver.com/channels/52562,GRADE_3,,2026-05-20T15:26:32.802930+00:00
500121846,21691,경상두부,500121846,http://shop1.phinf.naver.net/20260324_149/1774330882766iu6Pg_JPEG/27348225117512561_933092516.jpg,https://shoppinglive.naver.com/channels/21691,GRADE_1,,2026-05-20T15:26:33.993576+00:00
101562088,97063,여수엄마게장,101473177,http://shop1.phinf.naver.net/20250829_153/1756470950703YOfCF_PNG/90603766850088131_815971185.png,https://shoppinglive.naver.com/channels/97063,GRADE_3,,2026-05-20T15:26:33.993576+00:00
500057827,16460,프레쉬하임,500057827,http://shop2.phinf.naver.net/20160120_164/g9inmarthian_1453250518933boWWd_PNG/e37d5d47-65e9-4e31-ba33-aaa02e3bfa55.png,https://shoppinglive.naver.com/channels/16460,GRADE_1,,2026-05-20T15:26:34.735401+00:00
101110069,69648,남부파머스,101038235,http://shop1.phinf.naver.net/20221019_146/1666140084987Avndz_PNG/67275919821387091_1949214527.png,https://shoppinglive.naver.com/channels/69648,GRADE_2,,2026-05-20T15:26:34.735401+00:00
500217683,301,주식회사 하림,500217683,http://shop1.phinf.naver.net/20200723_22/1595480507375wxr2v_PNG/32841246003701000_698876957.png,https://shoppinglive.naver.com/channels/301,GRADE_3,,2026-05-20T15:26:35.569610+00:00
101619660,118824,바맘,101529090,http://shop1.phinf.naver.net/20240213_206/17077926895653u9VB_JPEG/108928517395582541_429444203.jpg,https://shoppinglive.naver.com/channels/118824,GRADE_3,,2026-05-20T15:26:35.569610+00:00
500202616,28249,자연닮음,500202616,http://shop1.phinf.naver.net/20260324_73/1774344981279b9RXb_JPEG/3632599978150519_-1493283392.jpg,https://shoppinglive.naver.com/channels/28249,GRADE_1,,2026-05-20T15:26:36.433243+00:00
1100122799,262856,장항하늘마켓,1100120512,http://shop1.phinf.naver.net/20260414_38/1776150303520FzyI3_JPEG/110283230642688760_2005391479.jpg,https://shoppinglive.naver.com/channels/262856,GRADE_1,,2026-05-20T15:26:36.434246+00:00
100933341,88733,안일농장,100868487,https://shop-phinf.pstatic.net/20241021_160/1729515956246bEynj_JPEG/6f8a5992.jpg,https://shoppinglive.naver.com/channels/88733,GRADE_2,,2026-05-20T15:26:37.428846+00:00
100064771,36968,팜포라이프 쌈채소,100057768,http://shop1.phinf.naver.net/20250109_111/1736406352747s21YK_PNG/4638806857426727_162514701.png,https://shoppinglive.naver.com/channels/36968,GRADE_2,,2026-05-20T15:26:37.428846+00:00
102751248,245500,이가네동태탕,102628571,http://shop1.phinf.naver.net/20250927_174/1758945846830ey1IB_PNG/93078685962126553_1387210226.png,https://shoppinglive.naver.com/channels/245500,GRADE_1,,2026-05-20T15:26:38.568946+00:00
101951138,205558,파먼스커피,101849143,http://shop1.phinf.naver.net/20251226_266/17667077498675PFEQ_JPEG/46887885894572637_964620364.JPEG,https://shoppinglive.naver.com/channels/205558,GRADE_1,,2026-05-20T15:26:38.568946+00:00
500049502,39,썬썬몰,500049502,http://shop1.phinf.naver.net/20260324_141/1774320079457Dckp1_JPEG/66118206313608511_641322432.jpg,https://shoppinglive.naver.com/channels/39,GRADE_1,,2026-05-20T15:26:38.568946+00:00
500162184,24968,싸리재,500162184,http://shop1.phinf.naver.net/20240520_287/1716169013434kjPNC_JPEG/117304902145043480_889195041.jpg,https://shoppinglive.naver.com/channels/24968,GRADE_2,,2026-05-20T15:26:39.647512+00:00
101899769,131160,타향골 1979,101799754,http://shop1.phinf.naver.net/20230514_52/1683991968452WCPxU_JPEG/85127803286223107_751329641.jpg,https://shoppinglive.naver.com/channels/131160,GRADE_2,,2026-05-20T15:26:39.647512+00:00
3304707,63984,잼형 서경환,lVs8,https://g-selected.pstatic.net/MjAyNDEyMThfMzYg/MDAxNzM0NDk5NTU4NDgw.40jIdR2rYPiEfBddzpDa0rsmJfgwyeguiR3ubg19cI0g.St8vjAt1bS1qF-8pzIRvlpPGPytMMBXUXxKGm9wmzBAg.JPEG/temp_1734499557497.jpg,https://shoppinglive.naver.com/channels/63984,GRADE_3,,2026-05-20T15:26:40.705266+00:00
500181938,26623,한만두스토어,500181938,http://shop1.phinf.naver.net/20220715_134/1657848855729gQrh5_JPEG/58984639440028780_1078601054.jpg,https://shoppinglive.naver.com/channels/26623,GRADE_2,,2026-05-20T15:26:40.705266+00:00
1100087622,263462,GREENBOXSHOP,1100085915,http://shop1.phinf.naver.net/20260326_165/1774505709298X0uDv_PNG/3646440909518875_901601622.png,https://shoppinglive.naver.com/channels/263462,GRADE_2,,2026-05-20T15:26:41.739367+00:00
100222793,45532,마켓경기,100200165,http://shop1.phinf.naver.net/20210310_70/161537077320710fJ6_JPEG/16506607987406700_836740212.jpg,https://shoppinglive.naver.com/channels/45532,GRADE_2,,2026-05-20T15:26:41.739367+00:00
101335538,84418,키즈텐,101254481,http://shop1.phinf.naver.net/20220617_140/1655446238871r9IaE_JPEG/56582022588342613_77590253.jpg,https://shoppinglive.naver.com/channels/84418,GRADE_3,,2026-05-20T15:26:41.739367+00:00
101191129,124093,스위치온 공식몰,101115899,http://shop1.phinf.naver.net/20240909_29/1725851524065UGg0i_JPEG/6223882035025996_1071349626.jpg,https://shoppinglive.naver.com/channels/124093,GRADE_3,,2026-05-20T15:26:41.739367+00:00
100627003,65332,옛날과자굽는아저씨,100574554,http://shop1.phinf.naver.net/20240425_75/1714031134753U8251_PNG/115167030490436981_1330819060.png,https://shoppinglive.naver.com/channels/65332,GRADE_2,,2026-05-20T15:26:42.648835+00:00
101216822,107498,해야미푸드,101140452,http://shop1.phinf.naver.net/20210611_294/1623338796762heKa2_JPEG/24474685248577415_404119257.jpg,https://shoppinglive.naver.com/channels/107498,GRADE_1,,2026-05-20T15:26:42.648835+00:00
500222302,29700,하린이네쭈꾸미,500222302,http://shop1.phinf.naver.net/20210716_107/1626399573448Bozd2_PNG/27535353041317623_142074168.png,https://shoppinglive.naver.com/channels/29700,GRADE_3,,2026-05-20T15:26:44.413531+00:00
100141450,40381,부성,100127717,http://shop1.phinf.naver.net/20250815_44/1755245761444GiKdd_JPEG/89378664578945190_2118535254.jpg,https://shoppinglive.naver.com/channels/40381,GRADE_2,,2026-05-20T15:26:45.260707+00:00
101902811,196658,우랩-정직한 한우연구소,101802636,http://shop1.phinf.naver.net/20240802_124/1722586412214CW6w6_JPEG/3163966910508839_120561297.jpg,https://shoppinglive.naver.com/channels/196658,GRADE_1,,2026-05-20T15:26:45.260707+00:00
500042971,14336,교동 공식몰,500042971,http://shop1.phinf.naver.net/20210326_177/1616749465250AyD4r_JPEG/17885360979529832_426195083.jpg,https://shoppinglive.naver.com/channels/14336,GRADE_1,,2026-05-20T15:26:45.260707+00:00
100637893,58192,칠구떡볶이,100584902,http://shop1.phinf.naver.net/20200911_49/1599804362919Eenkx_JPEG/940142644662351_595010806.jpg,https://shoppinglive.naver.com/channels/58192,GRADE_2,,2026-05-20T15:26:46.125225+00:00
102390033,195870,마담미쉘,102275865,http://shop1.phinf.naver.net/20240607_165/1717760256107nUfYb_JPEG/118896098820906238_1753377839.jpg,https://shoppinglive.naver.com/channels/195870,GRADE_1,,2026-05-20T15:26:46.125225+00:00
102617223,228790,원고기,102497039,http://shop1.phinf.naver.net/20250710_115/17521194503700IQjD_PNG/86252338728579622_1601956917.png,https://shoppinglive.naver.com/channels/228790,GRADE_2,,2026-05-20T15:26:46.125225+00:00
101431137,88545,육거리소문난만두,101347065,http://shop1.phinf.naver.net/20240105_267/1704421679410tmaD5_JPEG/105557513220495373_355781158.jpg,https://shoppinglive.naver.com/channels/88545,GRADE_2,,2026-05-20T15:26:49.378592+00:00
100143580,245121,한진휴에프샵,100129659,http://shop1.phinf.naver.net/20251211_202/1765433054692wqlwe_JPEG/27322875418340686_271662555.jpg,https://shoppinglive.naver.com/channels/245121,GRADE_2,,2026-05-20T15:26:49.378592+00:00
102787305,261416,샐럽올데이,102664065,http://shop1.phinf.naver.net/20260207_151/1770469533191hHM6P_JPEG/99831150679673187_318598951.jpg,https://shoppinglive.naver.com/channels/261416,GRADE_1,,2026-05-20T15:26:49.378592+00:00
100440429,82646,154pick,100399151,http://shop1.phinf.naver.net/20200507_103/15888419100767w2zx_JPEG/26202648701793647_1991024575.JPG,https://shoppinglive.naver.com/channels/82646,GRADE_1,,2026-05-20T15:26:49.378592+00:00
101440092,254609,TL FOOD,101355753,http://shop1.phinf.naver.net/20250919_78/1758291681909HnlH2_PNG/92424595030196093_373501939.png,https://shoppinglive.naver.com/channels/254609,GRADE_2,,2026-05-20T15:26:50.218713+00:00
101740760,110679,맵지만,101646107,http://shop1.phinf.naver.net/20221123_20/16691785725760J77Q_JPEG/70314468303952611_1593809949.jpeg,https://shoppinglive.naver.com/channels/110679,GRADE_2,,2026-05-20T15:26:50.218713+00:00
101499059,242858,원조 김태주선산곱창,101412649,http://shop1.phinf.naver.net/20220317_170/1647499911374mGI64_JPEG/48635754066250217_50891146.jpg,https://shoppinglive.naver.com/channels/242858,GRADE_2,,2026-05-20T15:26:50.218713+00:00
102093503,150083,리상회 스토어,101986998,http://shop1.phinf.naver.net/20231108_289/1699418227598aNA2u_PNG/100554011315521761_1464761390.png,https://shoppinglive.naver.com/channels/150083,GRADE_2,,2026-05-20T15:26:51.146648+00:00
102799326,255803,과채로움 스토어,102675903,http://shop1.phinf.naver.net/20251204_157/1764815966933IPiDK_JPEG/74291094968718086_1945611486.jpg,https://shoppinglive.naver.com/channels/255803,GRADE_2,,2026-05-20T15:26:51.146648+00:00
101380387,258001,비웰 스토어,101297852,http://shop1.phinf.naver.net/20211124_271/16377212274939QwL0_JPEG/38857055096218621_1470098752.jpg,https://shoppinglive.naver.com/channels/258001,GRADE_2,,2026-05-20T15:26:51.995816+00:00
102335777,198470,콩쥐각,102222959,http://shop1.phinf.naver.net/20240624_139/1719233554053bPNYy_JPEG/66290519336129584_351956558.jpg,https://shoppinglive.naver.com/channels/198470,GRADE_2,,2026-05-20T15:26:51.995816+00:00
100650785,71885,은채맘도라지청,100597091,http://shop1.phinf.naver.net/20240826_43/172463838466435SoP_JPEG/36619287275221102_1828937259.jpg,https://shoppinglive.naver.com/channels/71885,GRADE_2,,2026-05-20T15:26:53.839694+00:00
100683757,125752,이너띵스 공식몰,100628490,http://shop1.phinf.naver.net/20250113_130/1736738757937T4h6h_PNG/70871590761841136_501362930.png,https://shoppinglive.naver.com/channels/125752,GRADE_1,,2026-05-20T15:26:53.839694+00:00
500103433,223105,참나무박차고,500103433,http://shop1.phinf.naver.net/20240710_150/17205914664407tdbp_JPEG/4420457321196888_1230998197.jpg,https://shoppinglive.naver.com/channels/223105,GRADE_2,,2026-05-20T15:26:53.839694+00:00
500146243,23768,마이무,500146243,http://shop1.phinf.naver.net/20260324_101/1774335041942ENXFF_JPEG/39590626611372833_1497967863.jpg,https://shoppinglive.naver.com/channels/23768,GRADE_1,,2026-05-20T15:26:54.776698+00:00
101152338,101786,용궁미역,101078705,http://shop1.phinf.naver.net/20220810_46/1660127151987JwrfI_JPEG/61262931701434918_796503749.jpeg,https://shoppinglive.naver.com/channels/101786,GRADE_1,,2026-05-20T15:26:54.776698+00:00
102157763,157457,마이필 스토어,102049358,http://shop1.phinf.naver.net/20231106_238/1699261196907wU2rO_PNG/100397085609661384_1439086718.png,https://shoppinglive.naver.com/channels/157457,GRADE_1,,2026-05-20T15:26:54.776698+00:00
102079575,141986,정성곳간,101973502,http://shop1.phinf.naver.net/20250220_211/1740011805080hI942_JPEG/15619633591619595_71474506.jpg,https://shoppinglive.naver.com/channels/141986,GRADE_2,,2026-05-20T15:26:54.776698+00:00
101878094,263040,마침랩,101778864,http://shop1.phinf.naver.net/20260304_247/1772611674863rD2Xi_JPEG/22419921720297021_1385236116.jpg,https://shoppinglive.naver.com/channels/263040,GRADE_2,,2026-05-20T15:26:54.776698+00:00
102600416,262942,잼메이트,102480527,http://shop1.phinf.naver.net/20250325_297/1742888448293ESHlp_JPEG/15422892613113727_1014214833.jpg,https://shoppinglive.naver.com/channels/262942,GRADE_1,,2026-05-20T15:26:55.623966+00:00
1100067741,259118,키치온,1100066448,http://shop1.phinf.naver.net/20260123_41/1769149613599G4PI5_PNG/103282437800816669_630899575.png,https://shoppinglive.naver.com/channels/259118,GRADE_1,,2026-05-20T15:26:55.623966+00:00
500095645,200701,통영이순신수산,500095645,http://shop1.phinf.naver.net/20201231_198/1609387725544KQAX1_JPEG/10523559175719385_1614197273.jpg,https://shoppinglive.naver.com/channels/200701,GRADE_2,,2026-05-20T15:26:55.623966+00:00
1100007489,251471,코지테임,1100007355,http://shop1.phinf.naver.net/20251107_181/1762480325639mAzp5_JPEG/9241868626406041_1331284274.jpg,https://shoppinglive.naver.com/channels/251471,GRADE_1,,2026-05-20T15:26:55.623966+00:00
500001936,9154,동원공식샵,500001936,http://shop1.phinf.naver.net/20200901_5/1598947034714ON0AL_JPEG/82814436406868_31943126.jpg,https://shoppinglive.naver.com/channels/9154,GRADE_3,,2026-05-20T15:26:56.706508+00:00
500112766,20844,한끼통살,500112766,http://shop1.phinf.naver.net/20240604_295/1717488224354vq7BS_JPEG/118624120091329897_1661009713.jpg,https://shoppinglive.naver.com/channels/20844,GRADE_3,,2026-05-20T15:26:57.597917+00:00
500247394,60484,자연지인,500247394,http://shop1.phinf.naver.net/20210203_114/1612336832210Tz8Lk_PNG/13472727939161863_736053590.png,https://shoppinglive.naver.com/channels/60484,GRADE_1,,2026-05-20T15:26:57.597917+00:00
100108561,38923,설로인,100097874,http://shop1.phinf.naver.net/20230622_17/1687402587847xh5X2_PNG/88538476556479667_660140303.png,https://shoppinglive.naver.com/channels/38923,GRADE_3,,2026-05-20T15:26:59.391192+00:00
1100148528,263492,펭귄네 다이어트,1100145894,https://shop-phinf.pstatic.net/20241021_160/1729515956246bEynj_JPEG/6f8a5992.jpg,https://shoppinglive.naver.com/channels/263492,GRADE_1,,2026-05-20T15:26:59.391192+00:00
102753827,251067,총각네 한우촌,102631111,http://shop1.phinf.naver.net/20260413_53/1776058966183hdjd7_PNG/34437062426171895_1825327333.png,https://shoppinglive.naver.com/channels/251067,GRADE_1,,2026-05-20T15:27:00.013431+00:00
102593032,254475,자연애레시피,102473298,http://shop1.phinf.naver.net/20251208_10/1765162252283OaO7N_PNG/99295157531830327_827633862.png,https://shoppinglive.naver.com/channels/254475,GRADE_1,,2026-05-20T15:27:00.013431+00:00
100665258,240406,수제한방차 설다원,100610912,http://shop1.phinf.naver.net/20250724_97/1753332118495HwFrT_JPEG/87464883621699362_2056490260.jpg,https://shoppinglive.naver.com/channels/240406,GRADE_1,,2026-05-20T15:27:01.277806+00:00
1100117633,263476,굿모닝코코,1100115444,http://shop1.phinf.naver.net/20260408_34/1775628818615Swxok_PNG/59244193603177648_1099076253.png,https://shoppinglive.naver.com/channels/263476,GRADE_1,,2026-05-20T15:27:01.277806+00:00
101468000,156861,일상미담,101382677,http://shop1.phinf.naver.net/20240402_149/171202088656511bBb_JPEG/113156782302101883_934049563.jpg,https://shoppinglive.naver.com/channels/156861,GRADE_2,,2026-05-20T15:27:02.218501+00:00
101385197,105330,스마트수,101302533,http://shop1.phinf.naver.net/20211125_126/1637799624265Tk4Ps_PNG/38935458086008209_1057874434.png,https://shoppinglive.naver.com/channels/105330,GRADE_1,,2026-05-20T15:27:02.218501+00:00
100145060,40568,울아빠푸드,100130943,http://shop1.phinf.naver.net/20250807_45/1754578702345kOro6_JPEG/2983295211808760_2036162923.jpg,https://shoppinglive.naver.com/channels/40568,GRADE_1,,2026-05-20T15:27:03.433495+00:00
100385723,133305,올바른습관,100348738,http://shop1.phinf.naver.net/20250624_7/1750755076329eO5IB_PNG/13732152185823921_1849342039.png,https://shoppinglive.naver.com/channels/133305,GRADE_1,,2026-05-20T15:27:03.433495+00:00
101133274,67181,kbc우리동네좋드만마켓,101060405,http://shop1.phinf.naver.net/20230412_269/1681259705996m1gRS_JPEG/8562389881183938_449821034.jpg,https://shoppinglive.naver.com/channels/67181,GRADE_1,,2026-05-20T15:27:03.433495+00:00
100648749,75688,Aloha Cake,100595142,http://shop1.phinf.naver.net/20210510_86/1620633746999PQXil_PNG/21769580629045743_112467680.png,https://shoppinglive.naver.com/channels/75688,GRADE_1,,2026-05-20T15:27:04.646348+00:00
101048600,68252,경기여주 우정옥,100911550,http://shop1.phinf.naver.net/20210112_174/1610419175509giOHU_JPEG/133726428151919630_307889882.JPG,https://shoppinglive.naver.com/channels/68252,GRADE_2,,2026-05-20T15:27:04.646348+00:00
102582564,227052,상하농원 공식스토어,102463011,http://shop1.phinf.naver.net/20250206_186/1738829283910Skvl0_PNG/19354074737138778_1179293678.png,https://shoppinglive.naver.com/channels/227052,GRADE_3,,2026-05-20T15:27:04.646348+00:00
500147313,23733,올가니카몰,500147313,http://shop2.phinf.naver.net/20160321_210/organicafood_1458538697446PeFuA_JPEG/39c6836f-682a-4c50-8aa8-51dc45e02b00.jpg,https://shoppinglive.naver.com/channels/23733,GRADE_2,,2026-05-20T15:27:05.866244+00:00
101311284,174984,담백하루,101230968,http://shop1.phinf.naver.net/20230601_154/1685582953255UT6Ox_JPEG/86718788076323570_707874180.jpg,https://shoppinglive.naver.com/channels/174984,GRADE_3,,2026-05-20T15:27:05.866244+00:00
500105111,20127,가시제거연구소,500105111,http://shop1.phinf.naver.net/20210621_188/1624251055488pByQo_JPEG/25386897985788443_1777695014.jpg,https://shoppinglive.naver.com/channels/20127,GRADE_3,,2026-05-20T15:27:05.866244+00:00
1100050979,263445,미네돈,1100050119,http://shop1.phinf.naver.net/20260423_148/1776915717144TSftW_PNG/3738079535785490_66734508.png,https://shoppinglive.naver.com/channels/263445,GRADE_1,,2026-05-20T15:27:07.130252+00:00
500054903,15601,선김치,500054903,http://shop1.phinf.naver.net/20260324_76/17743207946549eElW_JPEG/64261965549215971_126051423.jpg,https://shoppinglive.naver.com/channels/15601,GRADE_1,,2026-05-20T15:27:07.130252+00:00
100651363,58492,오마뎅 온라인 스토어,100597631,http://shop1.phinf.naver.net/20230111_239/1673427677123Ko7hn_JPEG/74563572849500933_244602679.jpg,https://shoppinglive.naver.com/channels/58492,GRADE_2,,2026-05-20T15:27:07.130252+00:00
100152207,40851,SHEEP새끼,100137162,http://shop1.phinf.naver.net/20260320_246/1773995209022KvVqR_JPEG/32568256199458821_2057592910.jpg,https://shoppinglive.naver.com/channels/40851,GRADE_1,,2026-05-20T15:27:08.408032+00:00
500061576,16839,조은장터 한우,500061576,http://shop1.phinf.naver.net/20240712_144/1720757575535kv9GO_PNG/68346027879666742_1807647606.png,https://shoppinglive.naver.com/channels/16839,GRADE_2,,2026-05-20T15:27:10.322352+00:00
1000004515,20463,강원정선 윤영근,500106351,http://shop1.phinf.naver.net/20260324_259/17743641831851W1MW_JPEG/49849354050352632_1363273942.jpg,https://shoppinglive.naver.com/channels/20463,GRADE_2,,2026-05-20T15:27:10.322352+00:00
100821558,227732,소문떡,100761035,http://shop1.phinf.naver.net/20250826_6/1756172009350OylWz_JPEG/41356975143548313_1370449557.jpg,https://shoppinglive.naver.com/channels/227732,GRADE_2,,2026-05-20T15:27:11.189514+00:00
100516895,54871,웰릿,100470330,http://shop1.phinf.naver.net/20220923_147/1663888988243gpGVA_JPEG/65024833957649552_166680483.jpg,https://shoppinglive.naver.com/channels/54871,GRADE_2,,2026-05-20T15:27:11.189514+00:00
500096568,19254,쌍계명차,500096568,http://shop1.phinf.naver.net/20250730_261/17538343225442oVJ5_JPEG/65455239126836500_670500063.jpg,https://shoppinglive.naver.com/channels/19254,GRADE_2,,2026-05-20T15:27:11.189514+00:00
101768006,101812,상주상산곶감,101672248,http://shop1.phinf.naver.net/20240822_263/1724328739773clswS_JPEG/5724757523280392_902025365.jpg,https://shoppinglive.naver.com/channels/101812,GRADE_1,,2026-05-20T15:27:11.896014+00:00
100008110,74975,장어의꿈 온라인몰,100006299,http://shop1.phinf.naver.net/20210112_157/1610418302046Jsuo5_JPEG/11554135865540299_432392413.jpg,https://shoppinglive.naver.com/channels/74975,GRADE_3,,2026-05-20T15:27:11.896014+00:00
100017579,59657,헬리빈,100014773,http://shop1.phinf.naver.net/20231222_297/1703234798017BHCq1_JPEG/104370693749473178_223742230.jpg,https://shoppinglive.naver.com/channels/59657,GRADE_1,,2026-05-20T15:27:12.843504+00:00
101355215,95893,뉴로랩스,101273562,http://shop1.phinf.naver.net/20220208_117/1644296940644CLWRI_JPEG/45432775475236901_1037305523.jpg,https://shoppinglive.naver.com/channels/95893,GRADE_2,,2026-05-20T15:27:12.843504+00:00
101141550,218141,Inn Home,101068337,http://shop1.phinf.naver.net/20241224_290/1735023983722G6bL0_JPEG/4237570565531056_1134708193.jpg,https://shoppinglive.naver.com/channels/218141,GRADE_1,,2026-05-20T15:27:14.613657+00:00
101430536,136754,나무 부쳐스,101346477,http://shop1.phinf.naver.net/20221105_141/1667635908614hyiHz_PNG/68771751329571839_726784238.png,https://shoppinglive.naver.com/channels/136754,GRADE_1,,2026-05-20T15:27:14.614160+00:00
101679527,99612,헤브즈포유,101587108,http://shop1.phinf.naver.net/20220913_51/1663061502663xeRuA_PNG/64197286376606173_2128387352.png,https://shoppinglive.naver.com/channels/99612,GRADE_1,,2026-05-20T15:27:16.332853+00:00
102117143,145719,셀러라이브 픽,102009889,http://shop1.phinf.naver.net/20230926_176/1695656436754yairE_PNG/96792220459862035_1914968742.png,https://shoppinglive.naver.com/channels/145719,GRADE_1,,2026-05-20T15:27:16.332853+00:00
1100083881,263263,입이 보배,1100082230,http://shop1.phinf.naver.net/20260323_255/1774248256993XMxvU_PNG/3988402281056306_1126162339.png,https://shoppinglive.naver.com/channels/263263,GRADE_2,,2026-05-20T15:27:16.332853+00:00
500098231,19600,보르딘커피,500098231,http://shop1.phinf.naver.net/20250409_171/1744175558148pNYL1_PNG/24616348975062957_590911933.png,https://shoppinglive.naver.com/channels/19600,GRADE_2,,2026-05-20T15:27:17.745796+00:00
101857227,238285,영양 빛깔찬,101758718,http://shop1.phinf.naver.net/20250227_152/1740621837332p7YE4_JPEG/25578422378391737_334037434.jpg,https://shoppinglive.naver.com/channels/238285,GRADE_2,,2026-05-20T15:27:17.745796+00:00
102132710,216289,그레인랩,102025069,http://shop1.phinf.naver.net/20260226_238/1772089923274LHCW9_JPEG/44909977426175182_460139152.jpg,https://shoppinglive.naver.com/channels/216289,GRADE_2,,2026-05-20T15:27:17.745796+00:00
101116046,77077,트루알엑스 공식스토어,101043962,http://shop1.phinf.naver.net/20240227_279/1708993819868IaDqa_PNG/110129603586101329_2104636668.png,https://shoppinglive.naver.com/channels/77077,GRADE_2,,2026-05-20T15:27:17.745796+00:00
500057963,16542,빈브라더스,500057963,http://shop1.phinf.naver.net/20240607_179/1717742286875c2QWF_JPEG/118878129589955471_160890888.jpg,https://shoppinglive.naver.com/channels/16542,GRADE_1,,2026-05-20T15:27:17.745796+00:00
100292771,69060,경상도수산,100263479,http://shop1.phinf.naver.net/20190924_9/1569307950775zqneS_JPEG/6671339152298140_554818876.jpg,https://shoppinglive.naver.com/channels/69060,GRADE_1,,2026-05-20T15:27:18.842385+00:00
100716745,61723,백년농가,100660108,http://shop1.phinf.naver.net/20250801_70/1754026141501y92uz_JPEG/9611169486989254_1103977640.jpg,https://shoppinglive.naver.com/channels/61723,GRADE_2,,2026-05-20T15:27:18.842385+00:00
100441226,52262,셀렌 selen,100399920,http://shop1.phinf.naver.net/20260414_279/1776125661379cJl0X_PNG/56163132506172342_467326733.png,https://shoppinglive.naver.com/channels/52262,GRADE_1,,2026-05-20T15:27:19.788535+00:00
100752061,60941,팔도 공식판매처,100694173,http://shop1.phinf.naver.net/20200520_35/1589958693265B2Em0_JPEG/27319431897771708_864319623.jpg,https://shoppinglive.naver.com/channels/60941,GRADE_1,,2026-05-20T15:27:19.788535+00:00
1100059235,263197,안동사과불오징어,1100058263,http://shop1.phinf.naver.net/20260212_127/1770879979148zIQIC_JPEG/13716337662542342_2116138729.jpg,https://shoppinglive.naver.com/channels/263197,GRADE_1,,2026-05-20T15:27:20.720746+00:00
100003614,107501,백년해로답례,100002618,http://shop1.phinf.naver.net/20251209_153/1765291716637gxVXA_JPEG/99424529773321290_1975582695.jpg,https://shoppinglive.naver.com/channels/107501,GRADE_1,,2026-05-20T15:27:22.682362+00:00
102027705,136045,제나몰리,101923250,http://shop1.phinf.naver.net/20251029_32/1761738109433ffdiV_JPEG/95870917517708143_694300277.jpg,https://shoppinglive.naver.com/channels/136045,GRADE_1,,2026-05-20T15:27:22.682362+00:00
100163588,205461,달참이네,100147335,http://shop1.phinf.naver.net/20260127_24/17694705567405DVgQ_JPEG/5508323568796993_1043313563.jpg,https://shoppinglive.naver.com/channels/205461,GRADE_2,,2026-05-20T15:27:22.682362+00:00
101937971,175350,후백,101836478,http://shop1.phinf.naver.net/20230624_123/1687614961675FzehQ_JPEG/88750857410163522_834609128.jpg,https://shoppinglive.naver.com/channels/175350,GRADE_1,,2026-05-20T15:27:22.682362+00:00
500013308,263411,간식조,500013308,http://shop1.phinf.naver.net/20260127_92/1769484196098Rsuf7_PNG/25466913165850284_145904891.png,https://shoppinglive.naver.com/channels/263411,GRADE_1,,2026-05-20T15:27:23.610713+00:00
1100006676,258055,화려산삼,1100006553,http://shop1.phinf.naver.net/20260107_70/1767793718778lpXSJ_PNG/101926559915177142_1025206423.png,https://shoppinglive.naver.com/channels/258055,GRADE_1,,2026-05-20T15:27:25.659410+00:00
500144612,23511,듀오락 유산균,500144612,http://shop1.phinf.naver.net/20210531_143/16224228066708LfLU_JPEG/23558695382545682_970465893.jpg,https://shoppinglive.naver.com/channels/23511,GRADE_3,,2026-05-20T15:27:25.659410+00:00
101835743,190140,장인의주방,101737786,http://shop1.phinf.naver.net/20230421_182/1682041069522qGRmM_PNG/83176965260065813_1371666946.png,https://shoppinglive.naver.com/channels/190140,GRADE_1,,2026-05-20T15:27:25.659410+00:00
1000023190,47623,경남 의령 성삼섭,500048604,http://shop1.phinf.naver.net/20260325_70/1774402473852PFyqG_JPEG/%B0%E6%B3%B2%C0%C7%B7%C9_%BC%BA%BB%EF%BC%B7.jpg,https://shoppinglive.naver.com/channels/47623,GRADE_1,,2026-05-20T15:27:26.358645+00:00
101573499,99782,그레인온,101484262,http://shop1.phinf.naver.net/20230102_62/1672644512055Dxnv2_PNG/73780400769820283_464813652.png,https://shoppinglive.naver.com/channels/99782,GRADE_3,,2026-05-20T15:27:28.606981+00:00
1100076377,259926,발효숲,1100074906,http://shop1.phinf.naver.net/20260203_55/17701012300762Ivbs_JPEG/104234054266303948_1916508708.jpg,https://shoppinglive.naver.com/channels/259926,GRADE_1,,2026-05-20T15:27:28.606981+00:00
500072493,143566,진라이프,500072493,http://shop2.phinf.naver.net/20150128_132/hope6sky_1422414763177JrgSI_JPEG/14b615e1-bfb0-4916-b5d0-bc19054a4e11.jpg,https://shoppinglive.naver.com/channels/143566,GRADE_1,,2026-05-20T15:27:29.547866+00:00
100037694,35750,닥터프로그램,100032951,http://shop1.phinf.naver.net/20260319_198/1773912912663W2zFE_JPEG/77044083138987025_466175069.jpg,https://shoppinglive.naver.com/channels/35750,GRADE_3,,2026-05-20T15:27:30.616976+00:00
102107724,223095,박막례푸드몰,102000788,http://shop1.phinf.naver.net/20230913_9/1694592507408T0wlC_JPEG/95728291080085502_1901466245.jpg,https://shoppinglive.naver.com/channels/223095,GRADE_1,,2026-05-20T15:27:30.616976+00:00
100741901,160993,태랑한우,100684362,http://shop1.phinf.naver.net/20231212_63/1702356201039Gk1bL_PNG/103492099751345902_330311316.png,https://shoppinglive.naver.com/channels/160993,GRADE_2,,2026-05-20T15:27:31.758777+00:00
500116285,21032,SOFFAL,500116285,http://shop1.phinf.naver.net/20230817_259/1692252475537z3PAB_JPEG/19555159407169295_1790869959.jpg,https://shoppinglive.naver.com/channels/21032,GRADE_2,,2026-05-20T15:27:32.722310+00:00
500021012,12165,광동생활건강,500021012,http://shop1.phinf.naver.net/20240729_141/1722210075892xVAcj_JPEG/37103365129932470_2011158117.jpg,https://shoppinglive.naver.com/channels/12165,GRADE_2,,2026-05-20T15:27:32.722310+00:00
500036672,13845,종가 공식스토어,500036672,http://shop1.phinf.naver.net/20221228_192/1672188668923xLV2A_JPEG/73324511639456563_277984617.jpg,https://shoppinglive.naver.com/channels/13845,GRADE_3,,2026-05-20T15:27:32.722310+00:00
100539798,55639,뚜띠프루티,100491847,http://shop1.phinf.naver.net/20251121_95/1763705484428aA309_JPEG/97838369840484140_1873618210.jpg,https://shoppinglive.naver.com/channels/55639,GRADE_2,,2026-05-20T15:27:32.722310+00:00
101664237,238254,늘안암,101572411,http://shop1.phinf.naver.net/20250624_107/17507615748701Oq49_PNG/28950861009713834_219922641.png,https://shoppinglive.naver.com/channels/238254,GRADE_2,,2026-05-20T15:27:32.722310+00:00
101759362,126354,HLB제약,101663939,http://shop1.phinf.naver.net/20250415_146/17447146540551LvCT_PNG/78847424846660701_1739420271.png,https://shoppinglive.naver.com/channels/126354,GRADE_2,,2026-05-20T15:27:32.722310+00:00
100648507,215695,원사부쿠키,100594911,http://shop1.phinf.naver.net/20200414_23/1586872065066SPPQr_JPEG/24231899616973467_1740016858.jpg,https://shoppinglive.naver.com/channels/215695,GRADE_2,,2026-05-20T15:27:33.832370+00:00
500037006,33,산지도매센타,500037006,http://shop1.phinf.naver.net/20240503_51/17147348094169cBfU_JPEG/115870698123984274_704223533.jpg,https://shoppinglive.naver.com/channels/33,GRADE_1,,2026-05-20T15:27:33.832370+00:00
500007175,77293,래디웰,500007175,http://shop1.phinf.naver.net/20230830_83/1693357110015TURoV_JPEG/94493005743263387_951645641.jpg,https://shoppinglive.naver.com/channels/77293,GRADE_3,,2026-05-20T15:27:34.846842+00:00
500028485,12855,웅진식품,500028485,http://shop1.phinf.naver.net/20250421_11/1745211826559k6iFD_PNG/54914640404752775_1747107012.png,https://shoppinglive.naver.com/channels/12855,GRADE_3,,2026-05-20T15:27:35.856716+00:00
101379235,185350,먹자 왕곱창,101296751,http://shop1.phinf.naver.net/20240102_183/1704187673326LcBgs_JPEG/105323453051655084_1501065514.jpg,https://shoppinglive.naver.com/channels/185350,GRADE_1,,2026-05-20T15:27:38.672110+00:00
500178681,128336,햇살품은사과,500178681,http://shop1.phinf.naver.net/20240403_28/17121468588656oAoN_JPEG/113282754591967158_1213492655.jpg,https://shoppinglive.naver.com/channels/128336,GRADE_1,,2026-05-20T15:27:38.672110+00:00
102059205,203812,례답,101953738,http://shop1.phinf.naver.net/20260316_224/1773644931394NHOoV_PNG/107777874536147966_70650079.png,https://shoppinglive.naver.com/channels/203812,GRADE_1,,2026-05-20T15:27:38.672110+00:00
100809954,81698,조디쥬드,100749945,http://shop1.phinf.naver.net/20201014_168/1602678992066FwcoO_JPEG/3814771786865030_273198659.jpg,https://shoppinglive.naver.com/channels/81698,GRADE_2,,2026-05-20T15:27:41.283109+00:00
101456013,89632,메르언니,101371131,http://shop1.phinf.naver.net/20220504_216/1651654072290HOlR3_JPEG/52789899900156022_1213146447.jpg,https://shoppinglive.naver.com/channels/89632,GRADE_2,,2026-05-20T15:27:41.283109+00:00
102570576,222060,퀸즈 클럽,102451248,http://shop1.phinf.naver.net/20250115_95/1736931916308wHMBw_JPEG/9440143201664438_1454305928.jpg,https://shoppinglive.naver.com/channels/222060,GRADE_1,,2026-05-20T15:27:41.283109+00:00
101922760,122716,로이스제이,101821853,http://shop1.phinf.naver.net/20230404_252/1680571307555GIld5_JPEG/81707141377600464_1074375179.jpg,https://shoppinglive.naver.com/channels/122716,GRADE_2,,2026-05-20T15:27:43.445400+00:00
100463559,204224,백색공백,100420619,http://shop1.phinf.naver.net/20220918_38/1663436166882KY9fT_JPEG/64571946584818263_143323312.jpg,https://shoppinglive.naver.com/channels/204224,GRADE_1,,2026-05-20T15:27:43.445400+00:00
101906937,140982,민티 상점,101806636,http://shop1.phinf.naver.net/20230405_238/1680669933609wXShA_JPEG/81805767414295130_234130923.jpg,https://shoppinglive.naver.com/channels/140982,GRADE_2,,2026-05-20T15:27:43.445400+00:00
500192812,27511,크리미팩토리,500192812,http://shop1.phinf.naver.net/20230724_170/1690181059124DWQra_JPEG/91316886951650229_2094033591.jpg,https://shoppinglive.naver.com/channels/27511,GRADE_2,,2026-05-20T15:27:44.263481+00:00
100891221,128236,어반크리미,100828046,http://shop1.phinf.naver.net/20200906_284/1599360080893MLba5_JPEG/495914715841278_979157271.jpg,https://shoppinglive.naver.com/channels/128236,GRADE_1,,2026-05-20T15:27:44.263481+00:00
100930318,144536,벼라별,100865539,http://shop1.phinf.naver.net/20250724_7/1753333119779JJvPr_PNG/105401513332843747_1334914441.png,https://shoppinglive.naver.com/channels/144536,GRADE_2,,2026-05-20T15:27:44.263481+00:00
102772208,248061,럭셔리엘,102649213,https://shop-phinf.pstatic.net/20241021_160/1729515956246bEynj_JPEG/6f8a5992.jpg,https://shoppinglive.naver.com/channels/248061,GRADE_2,롯데 아울렛 부여점,2026-05-20T15:27:44.263481+00:00
1000010761,24552,CC콜렉트,500157127,https://shop-phinf.pstatic.net/20241021_160/1729515956246bEynj_JPEG/6f8a5992.jpg,https://shoppinglive.naver.com/channels/24552,GRADE_2,롯데 프리미엄 동부산점,2026-05-20T15:27:45.087100+00:00
100725934,97204,쑥블랑,100215261,http://shop1.phinf.naver.net/20221020_150/1666243384133uDrjb_JPEG/67379279809445603_336078590.jpg,https://shoppinglive.naver.com/channels/97204,GRADE_2,,2026-05-20T15:27:45.884647+00:00
101385471,213784,로앤무드 홈웨어,101302800,http://shop1.phinf.naver.net/20250905_110/1757062346207OsV7x_JPEG/7034699312086461_548509642.jpg,https://shoppinglive.naver.com/channels/213784,GRADE_2,,2026-05-20T15:27:45.884647+00:00
102176167,156484,스텔라 상점,102067191,http://shop1.phinf.naver.net/20231120_295/1700451566153WSAdR_JPEG/101587400985315800_1210792473.jpg,https://shoppinglive.naver.com/channels/156484,GRADE_2,,2026-05-20T15:27:47.560370+00:00
500269171,133566,YSTUDIO,500269171,http://shop1.phinf.naver.net/20260324_213/1774357941400kXqOH_PNG/16179484040716768_2142801104.png,https://shoppinglive.naver.com/channels/133566,GRADE_1,,2026-05-20T15:27:48.331248+00:00
1100003654,253130,윌로우-Willow,1100003601,http://shop1.phinf.naver.net/20251121_202/17636854074121MjVL_PNG/97818257557658936_606158141.png,https://shoppinglive.naver.com/channels/253130,GRADE_1,,2026-05-20T15:27:49.211496+00:00
100486806,147098,지오다노,100442027,https://shop-phinf.pstatic.net/20241021_160/1729515956246bEynj_JPEG/6f8a5992.jpg,https://shoppinglive.naver.com/channels/147098,GRADE_2,롯데백화점 대전점,2026-05-20T15:27:49.211496+00:00
102461702,258569,디아라벨,102345604,http://shop1.phinf.naver.net/20260201_66/1769936047791d5SgM_JPEG/12067363445754112_983578163.jpg,https://shoppinglive.naver.com/channels/258569,GRADE_1,,2026-05-20T15:27:49.476542+00:00
102656593,253248,올브몰,102535677,http://shop1.phinf.naver.net/20250427_229/1745740215491m4wzn_JPEG/79873048962993688_1582535792.jpg,https://shoppinglive.naver.com/channels/253248,GRADE_1,,2026-05-20T15:27:49.974024+00:00
100062928,65543,가로수101,100056048,http://shop1.phinf.naver.net/20191021_242/1571650599794fiYUO_JPEG/9011338258709793_1630744295.jpg,https://shoppinglive.naver.com/channels/65543,GRADE_2,,2026-05-20T15:27:51.600805+00:00
100611684,144344,럭희찬스,100559928,http://shop1.phinf.naver.net/20260227_214/1772159868558LAId7_PNG/21968115348040583_1621478860.png,https://shoppinglive.naver.com/channels/144344,GRADE_1,,2026-05-20T15:27:51.600805+00:00
102365073,210333,언타터,102251533,http://shop1.phinf.naver.net/20240828_60/1724839575977XmkDf_JPEG/1326952222349126_342621305.jpg,https://shoppinglive.naver.com/channels/210333,GRADE_1,,2026-05-20T15:27:51.600805+00:00
500068013,182900,삐까삐까,500068013,http://shop1.phinf.naver.net/20260324_126/17743226148239zgeP_JPEG/72047841596293490_2138187577.jpg,https://shoppinglive.naver.com/channels/182900,GRADE_2,,2026-05-20T15:27:53.398177+00:00
102573870,221882,봉봉이market,102454480,http://shop1.phinf.naver.net/20250120_157/1737360100783gjUVm_JPEG/7495721695289426_2128827847.jpg,https://shoppinglive.naver.com/channels/221882,GRADE_1,,2026-05-20T15:27:54.324143+00:00
102590972,223806,키나즈,102471286,http://shop1.phinf.naver.net/20250217_268/17397653721652rgNR_JPEG/4278062690021400_173277048.jpg,https://shoppinglive.naver.com/channels/223806,GRADE_1,,2026-05-20T15:27:54.324143+00:00
500286876,59949,모던바이민,500286876,http://shop1.phinf.naver.net/20260324_137/1774362102989YzFX5_JPEG/35190486964847651_-761380627.jpg,https://shoppinglive.naver.com/channels/59949,GRADE_3,,2026-05-20T15:27:54.324143+00:00
500258788,73470,피키피키샵,500258788,http://shop1.phinf.naver.net/20210524_231/1621827421441wiJdE_JPEG/22963310152588105_510611687.jpg,https://shoppinglive.naver.com/channels/73470,GRADE_3,,2026-05-20T15:27:55.071059+00:00
500185346,91441,인더헬로우,500185346,http://shop1.phinf.naver.net/20210303_83/1614763110493ULjTk_JPEG/15898894207780886_2021889079.jpg,https://shoppinglive.naver.com/channels/91441,GRADE_1,,2026-05-20T15:27:55.471439+00:00
100250832,10483,놈시크,100225378,http://shop1.phinf.naver.net/20240703_270/1719974025071N1hts_JPEG/516233714484737_500906808.jpg,https://shoppinglive.naver.com/channels/10483,GRADE_1,,2026-05-20T15:27:56.470817+00:00
100052805,69187,쥬니앤,500259321,http://shop1.phinf.naver.net/20200924_133/1600930731738XaL6H_JPEG/2066559557898233_1885832235.jpeg,https://shoppinglive.naver.com/channels/69187,GRADE_2,,2026-05-20T15:27:57.364022+00:00
500112607,20743,메르시제이부티크,500112607,http://shop1.phinf.naver.net/20260403_46/17751866564700SKAL_JPEG/109319481268356024_1071177620.jpg,https://shoppinglive.naver.com/channels/20743,GRADE_3,,2026-05-20T15:27:57.364022+00:00
100906514,76188,샤틴,100842630,https://shop-phinf.pstatic.net/20241021_160/1729515956246bEynj_JPEG/6f8a5992.jpg,https://shoppinglive.naver.com/channels/76188,GRADE_2,NC 야탑점,2026-05-20T15:27:57.364022+00:00
57483429,89873,노크잇 셀렉트,eGpsC,https://phinf.pstatic.net/dthumb/?src=%22https%3A%2F%2Fg-selected.pstatic.net%2FMjAyNjA0MjJfMjYx%2FMDAxNzc2ODI2ODY5Nzgz.kBnkrO2sp3l5ENFDTbsnKvRM0pokWojZxqe1qh_ag6og.5NFmXpR8ZchAqd9-2Js7BbLDH-JS8gvbpxzCLpbIhxgg.JPEG%2Fimage.jpg%22&service=selective,https://shoppinglive.naver.com/channels/89873,GRADE_3,,2026-05-20T15:27:57.364022+00:00
500116746,80014,펑키안나,500116746,http://shop1.phinf.naver.net/20210709_8/16258381631687J4wM_JPEG/26973990994261172_997422478.jpg,https://shoppinglive.naver.com/channels/80014,GRADE_2,,2026-05-20T15:27:57.364022+00:00
100085201,37232,레베카,100063100,http://shop1.phinf.naver.net/20200327_235/1585289571760o0rja_JPEG/22649406310123451_995243445.jpg,https://shoppinglive.naver.com/channels/37232,GRADE_3,,2026-05-20T15:27:58.209625+00:00
100128813,39759,타미진,100116237,https://shop-phinf.pstatic.net/20241021_160/1729515956246bEynj_JPEG/6f8a5992.jpg,https://shoppinglive.naver.com/channels/39759,GRADE_2,현대백화점 판교점,2026-05-20T15:27:58.209625+00:00
1000003442,124,씨샵인더룸,500074939,http://shop1.phinf.naver.net/20260324_261/1774363428583of4Mz_PNG/4160191826350574_-768206429.png,https://shoppinglive.naver.com/channels/124,GRADE_3,,2026-05-20T15:27:58.209625+00:00
100918618,70227,이마백,100854188,http://shop1.phinf.naver.net/20201018_210/1603008181849CrWf4_PNG/4144024561038130_65431523.png,https://shoppinglive.naver.com/channels/70227,GRADE_2,,2026-05-20T15:27:58.209625+00:00
500070517,153729,제이코코백,500070517,http://shop1.phinf.naver.net/20231013_99/169717586123836sii_JPEG/98311749952643757_1030263868.jpg,https://shoppinglive.naver.com/channels/153729,GRADE_2,,2026-05-20T15:27:59.017033+00:00
1000004830,20160,어쓰,500103718,http://shop1.phinf.naver.net/20260325_40/1774364523615bFh6w_GIF/29633721697804438_376345014.gif,https://shoppinglive.naver.com/channels/20160,GRADE_2,,2026-05-20T15:27:59.017033+00:00
102054447,132586,남구씨네,101949142,http://shop1.phinf.naver.net/20231213_166/1702477518747lxU5D_JPEG/103613361457499220_1986120504.jpg,https://shoppinglive.naver.com/channels/132586,GRADE_1,,2026-05-20T15:27:59.808438+00:00
102048978,146558,도깨비스톤,101943867,http://shop1.phinf.naver.net/20241020_184/1729391102789YWmBq_JPEG/12398704398778300_390033615.jpg,https://shoppinglive.naver.com/channels/146558,GRADE_2,,2026-05-20T15:27:59.808438+00:00
500028261,12646,현대홈쇼핑,500028261,http://shop1.phinf.naver.net/20191203_75/15753390620217zQoh_PNG/12702450561270987_610057500.png,https://shoppinglive.naver.com/channels/12646,GRADE_2,,2026-05-20T15:27:59.808438+00:00
1000012068,16797,밍스,500061481,http://shop1.phinf.naver.net/20191104_42/1572836022544Pdvhq_JPEG/10197565150736544_1436499394.jpg,https://shoppinglive.naver.com/channels/16797,GRADE_2,,2026-05-20T15:28:00.565429+00:00
102057196,164324,디어마이줄라이,101951772,http://shop1.phinf.naver.net/20260124_299/1769245863487GW8Mk_JPEG/76003227887062104_589637301.jpg,https://shoppinglive.naver.com/channels/164324,GRADE_2,,2026-05-20T15:28:00.565429+00:00
500104564,20000,동대문구매대행,500104564,http://shop1.phinf.naver.net/20210420_182/1618898784737gktvz_JPEG/20034683428956249_372744157.jpg,https://shoppinglive.naver.com/channels/20000,GRADE_3,,2026-05-20T15:28:00.565429+00:00
500081284,18320,코튼홀릭,500081284,http://shop1.phinf.naver.net/20260324_62/1774324463400tKVvs_JPEG/123.jpg,https://shoppinglive.naver.com/channels/18320,GRADE_2,,2026-05-20T15:28:01.331130+00:00
102073713,170310,웨이브즈,101967839,http://shop1.phinf.naver.net/20230830_194/1693384982562d25qL_JPEG/94520762283785873_628265743.jpg,https://shoppinglive.naver.com/channels/170310,GRADE_2,,2026-05-20T15:28:02.242729+00:00
102784401,248299,마담포라,102661205,https://shop-phinf.pstatic.net/20241021_160/1729515956246bEynj_JPEG/6f8a5992.jpg,https://shoppinglive.naver.com/channels/248299,GRADE_2,롯데백화점 잠실점,2026-05-20T15:28:02.242729+00:00
100964332,71933,웨이브즈,100864730,http://shop1.phinf.naver.net/20201105_236/1604559003865bMe4y_JPEG/5694831682537932_18658780.jpg,https://shoppinglive.naver.com/channels/71933,GRADE_2,,2026-05-20T15:28:03.070978+00:00
101059674,127638,쁘띠쥬와,100989661,http://shop1.phinf.naver.net/20220408_249/1649379127254sgKsb_JPEG/50514955073357297_1132785319.jpg,https://shoppinglive.naver.com/channels/127638,GRADE_1,,2026-05-20T15:28:03.070978+00:00
1000010760,24594,올리브데올리브,500157123,https://shop-phinf.pstatic.net/20241021_160/1729515956246bEynj_JPEG/6f8a5992.jpg,https://shoppinglive.naver.com/channels/24594,GRADE_2,롯데 프리미엄 동부산점,2026-05-20T15:28:03.070978+00:00
1100105611,260888,코데즈컴바인,1100103607,https://shop-phinf.pstatic.net/20241021_160/1729515956246bEynj_JPEG/6f8a5992.jpg,https://shoppinglive.naver.com/channels/260888,GRADE_2,신세계백화점 타임스퀘어 패션관,2026-05-20T15:28:04.010401+00:00
1100105610,261146,신백타임스퀘어 코데즈컴바인,1100103607,https://shop-phinf.pstatic.net/20241021_160/1729515956246bEynj_JPEG/6f8a5992.jpg,https://shoppinglive.naver.com/channels/261146,GRADE_2,,2026-05-20T15:28:04.010401+00:00
500045607,14639,핫핑,500045607,http://shop1.phinf.naver.net/20250926_3/1758871852562FahLS_JPEG/9237213700593043_2138181472.jpg,https://shoppinglive.naver.com/channels/14639,GRADE_2,,2026-05-20T15:28:04.499249+00:00
100565510,704,테소로 store,100516122,http://shop1.phinf.naver.net/20200825_185/1598342687616dWpYq_JPEG/35706075916318144_1872406439.jpg,https://shoppinglive.naver.com/channels/704,GRADE_2,,2026-05-20T15:28:05.520209+00:00
100101629,39222,알에스나인서울,100082284,http://shop1.phinf.naver.net/20260320_271/1773982622430orqng_JPEG/32570701520426033_823099584.jpg,https://shoppinglive.naver.com/channels/39222,GRADE_2,,2026-05-20T15:28:05.520209+00:00
100144123,77185,웨어링무드,100130156,http://shop1.phinf.naver.net/20230817_111/1692254962657cSdtc_JPEG/93390851367987438_1503655605.jpg,https://shoppinglive.naver.com/channels/77185,GRADE_2,,2026-05-20T15:28:05.520209+00:00
102561012,221362,올리비아로렌 창원중앙점,102441920,http://shop1.phinf.naver.net/20260112_244/1768198324383XJ0Dt_JPEG/17768536767492383_696464302.jpeg,https://shoppinglive.naver.com/channels/221362,GRADE_2,,2026-05-20T15:28:05.520209+00:00
100145784,40485,잇미샤,100130009,https://shop-phinf.pstatic.net/20241021_160/1729515956246bEynj_JPEG/6f8a5992.jpg,https://shoppinglive.naver.com/channels/40485,GRADE_2,현대아울렛 가든파이브점,2026-05-20T15:28:05.520209+00:00
1000016442,28176,틸버리,500202157,https://shop-phinf.pstatic.net/20241021_160/1729515956246bEynj_JPEG/6f8a5992.jpg,https://shoppinglive.naver.com/channels/28176,GRADE_2,NC 강서점,2026-05-20T15:28:06.374833+00:00
1000013152,71754,미소페,1000013152,https://shop-phinf.pstatic.net/20241021_160/1729515956246bEynj_JPEG/6f8a5992.jpg,https://shoppinglive.naver.com/channels/71754,GRADE_2,현대백화점 미아점,2026-05-20T15:28:06.374833+00:00
100116721,68997,아이잗바바,100105258,https://shop-phinf.pstatic.net/20241021_160/1729515956246bEynj_JPEG/6f8a5992.jpg,https://shoppinglive.naver.com/channels/68997,GRADE_1,뉴코아 강남점,2026-05-20T15:28:06.374833+00:00
101058434,99362,빅웨이브컬렉티브,100988486,http://shop1.phinf.naver.net/20210126_197/1611630140592QTS2R_PNG/12766029302389372_462078391.png,https://shoppinglive.naver.com/channels/99362,GRADE_3,,2026-05-20T15:28:06.374833+00:00
100033501,35514,지오지아 공식 스토어,100029208,http://shop1.phinf.naver.net/20231012_231/1697072569265wrrGV_PNG/98208457976904707_727506528.png,https://shoppinglive.naver.com/channels/35514,GRADE_3,,2026-05-20T15:28:06.374833+00:00
102196130,164365,메이블루,102086592,http://shop1.phinf.naver.net/20260129_3/1769668100855w7H3j_PNG/42654954003336770_253810399.png,https://shoppinglive.naver.com/channels/164365,GRADE_3,,2026-05-20T15:28:06.374833+00:00
101921152,120320,써스데이아일랜드,101820308,https://shop-phinf.pstatic.net/20241021_160/1729515956246bEynj_JPEG/6f8a5992.jpg,https://shoppinglive.naver.com/channels/120320,GRADE_2,롯데 아울렛 진주점,2026-05-20T15:28:06.374833+00:00
100659437,250735,스페이스무트,100605353,http://shop1.phinf.naver.net/20220329_40/1648550132615TJP64_JPEG/49686031322292576_1372781570.jpeg,https://shoppinglive.naver.com/channels/250735,GRADE_2,,2026-05-20T15:28:07.124217+00:00
100565141,73935,초콜릿01,100515784,http://shop1.phinf.naver.net/20260225_70/1772002153726vnYiT_PNG/18743557867994885_259685717.png,https://shoppinglive.naver.com/channels/73935,GRADE_2,,2026-05-20T15:28:07.124217+00:00
102162156,184333,애니바디 공식스토어,102053608,http://shop1.phinf.naver.net/20231106_72/1699257969665AzyJI_JPEG/100393865398441814_2030503092.jpg,https://shoppinglive.naver.com/channels/184333,GRADE_2,,2026-05-20T15:28:07.124217+00:00
65762573,258890,HIGHEND EDIT,2dLWxK,https://phinf.pstatic.net/dthumb/?src=%22https%3A%2F%2Fg-selected.pstatic.net%2FMjAyNjAyMDZfMTM1%2FMDAxNzcwMzYyOTQwNjU1.31Y6w8KqAFs7x4QDF3qFtX7UvChOkvgn6twoXoURx7Eg.zRmgJQvmWreADIkY0pEJawF0F77hL3jmq1X8rtTSen4g.JPEG%2Fimage.jpg%22&service=selective,https://shoppinglive.naver.com/channels/258890,GRADE_3,,2026-05-20T15:28:07.124217+00:00
101800114,219592,OUR HOPE,101703149,http://shop1.phinf.naver.net/20250512_173/1747025771278CVvVw_PNG/22643779803864968_726955690.png,https://shoppinglive.naver.com/channels/219592,GRADE_2,,2026-05-20T15:28:07.124217+00:00
100450059,52634,Branden,100408119,http://shop1.phinf.naver.net/20250605_142/1749093877076m4OOT_PNG/51037890872191963_420288418.png,https://shoppinglive.naver.com/channels/52634,GRADE_3,,2026-05-20T15:28:07.124217+00:00
100433873,76602,에끌라땅 eclatant,100393025,http://shop1.phinf.naver.net/20210812_33/1628746812570bQwVf_JPEG/29882592090346025_1722837276.jpg,https://shoppinglive.naver.com/channels/76602,GRADE_2,,2026-05-20T15:28:07.985153+00:00
100707999,186591,오씨다,100651669,http://shop1.phinf.naver.net/20240611_21/17180321248091AyHC_JPEG/119168013523824573_345836311.jpg,https://shoppinglive.naver.com/channels/186591,GRADE_1,,2026-05-20T15:28:07.985153+00:00
100379675,124253,23-43,100343288,http://shop1.phinf.naver.net/20220927_35/166423893363465cQ2_JPEG/65374832345762212_415861165.jpg,https://shoppinglive.naver.com/channels/124253,GRADE_1,,2026-05-20T15:28:07.985153+00:00
500112304,20754,세컨아이즈,500112304,http://shop1.phinf.naver.net/20250515_159/1747290274950lQn6N_PNG/1743047759752263_1935059728.png,https://shoppinglive.naver.com/channels/20754,GRADE_2,,2026-05-20T15:28:07.985153+00:00
101206167,106646,루루실 바로그쥬얼리,101130262,http://shop1.phinf.naver.net/20220730_227/16591746440399tGTw_JPEG/60310486723708368_364576679.jpg,https://shoppinglive.naver.com/channels/106646,GRADE_2,,2026-05-20T15:28:07.985153+00:00
100358642,105873,showcase10987,100323868,http://shop1.phinf.naver.net/20230409_69/16810173313996e68p_JPEG/82153174113712785_455726280.jpg,https://shoppinglive.naver.com/channels/105873,GRADE_2,,2026-05-20T15:28:09.017907+00:00
500131133,245379,마델,500131133,http://shop1.phinf.naver.net/20260324_99/1774332265769d9cwP_JPEG/14b365ab-ac52-4883-ad09-1297730fb92f.jpg,https://shoppinglive.naver.com/channels/245379,GRADE_2,,2026-05-20T15:28:09.017907+00:00
100089065,98263,정희진 JUNG HEEZIN,100075104,http://shop1.phinf.naver.net/20260320_294/1773979590654mzz1M_PNG/34133323529452284_-951454255.png,https://shoppinglive.naver.com/channels/98263,GRADE_2,,2026-05-20T15:28:09.017907+00:00
500019722,11647,키메라제이,500019722,http://shop1.phinf.naver.net/20210316_25/1615853276146OK887_JPEG/16989164666232654_621105808.jpg,https://shoppinglive.naver.com/channels/11647,GRADE_2,,2026-05-20T15:28:09.528237+00:00
1100015115,263803,POIZON공식온라인스토어,1100014841,http://shop1.phinf.naver.net/20251216_206/1765878655838x9aQn_PNG/100011579763035624_2012480872.png,https://shoppinglive.naver.com/channels/263803,GRADE_1,,2026-05-20T15:28:09.528237+00:00
100230528,44161,주크,100207111,https://shop-phinf.pstatic.net/20241021_160/1729515956246bEynj_JPEG/6f8a5992.jpg,https://shoppinglive.naver.com/channels/44161,GRADE_2,현대아울렛 동대문점,2026-05-20T15:28:09.528237+00:00
100052303,36442,웨스트런던,100046339,http://shop1.phinf.naver.net/20260320_252/17739705002009CxRY_JPEG/27821246903523848_1946136219.jpg,https://shoppinglive.naver.com/channels/36442,GRADE_2,,2026-05-20T15:28:09.528237+00:00
101522557,89491,프리즈룩,101435288,http://shop1.phinf.naver.net/20240801_125/1722482097548BIl7N_JPEG/14186663376623067_1469080392.jpg,https://shoppinglive.naver.com/channels/89491,GRADE_3,,2026-05-20T15:28:10.563567+00:00
100904679,117630,샤틴,100840965,https://shop-phinf.pstatic.net/20241021_160/1729515956246bEynj_JPEG/6f8a5992.jpg,https://shoppinglive.naver.com/channels/117630,GRADE_2,NC 신구로점,2026-05-20T15:28:11.307046+00:00
500232534,30248,밀란쇼룸,500232534,http://shop1.phinf.naver.net/20220210_239/1644455699032LcN0v_JPEG/45591478756743298_1514777743.jpg,https://shoppinglive.naver.com/channels/30248,GRADE_2,,2026-05-20T15:28:12.173175+00:00
100480597,78901,샤틴,100415198,https://shop-phinf.pstatic.net/20241021_160/1729515956246bEynj_JPEG/6f8a5992.jpg,https://shoppinglive.naver.com/channels/78901,GRADE_2,롯데 아울렛 광교점,2026-05-20T15:28:12.173175+00:00
500240532,99751,현대동대문 탠디,500240532,https://shop-phinf.pstatic.net/20241021_160/1729515956246bEynj_JPEG/6f8a5992.jpg,https://shoppinglive.naver.com/channels/99751,GRADE_1,,2026-05-20T15:28:12.173672+00:00
101818111,248443,져니스튜디오,101720672,http://shop1.phinf.naver.net/20230302_57/1677743670878gMIVc_JPEG/78879450604086704_1181361679.jpg,https://shoppinglive.naver.com/channels/248443,GRADE_2,,2026-05-20T15:28:13.007077+00:00
100478825,51452,실시간 런던,100378162,http://shop1.phinf.naver.net/20230626_243/1687769431267GKXPu_JPEG/88905265085365689_1992650520.jpg,https://shoppinglive.naver.com/channels/51452,GRADE_3,,2026-05-20T15:28:13.007077+00:00
101413669,93659,슈가밤Sugarbalm,101330055,http://shop1.phinf.naver.net/20240912_191/1726117755787fy9Aq_JPEG/7213161672148175_777452990.JPG,https://shoppinglive.naver.com/channels/93659,GRADE_1,,2026-05-20T15:28:13.007077+00:00
100612481,166573,OnePicK,100560705,https://shop-phinf.pstatic.net/20241021_160/1729515956246bEynj_JPEG/6f8a5992.jpg,https://shoppinglive.naver.com/channels/166573,GRADE_1,,2026-05-20T15:28:13.842209+00:00
500182199,191712,easy스타일,500182199,http://shop1.phinf.naver.net/20260324_112/1774341216132QDq1m_JPEG/1.jpg,https://shoppinglive.naver.com/channels/191712,GRADE_1,,2026-05-20T15:28:13.842209+00:00
1000012740,15590,리즈데이즈,500054085,http://shop1.phinf.naver.net/20240705_202/1720138660923zaitQ_JPEG/1850633972631286_1252200220.jpg,https://shoppinglive.naver.com/channels/15590,GRADE_2,,2026-05-20T15:28:13.842209+00:00
100286575,212,행복한 여자,100254274,http://shop1.phinf.naver.net/20241219_288/1734567698620zlNIX_JPEG/89155309626983732_518125533.jpg,https://shoppinglive.naver.com/channels/212,GRADE_2,,2026-05-20T15:28:13.842209+00:00
101704986,230979,시크리드,101611739,http://shop1.phinf.naver.net/20220930_113/1664520042574zL2Pa_JPEG/65655877411355616_1542541698.jpg,https://shoppinglive.naver.com/channels/230979,GRADE_2,,2026-05-20T15:28:13.842209+00:00
1000019709,30345,더아이잗,500232779,https://shop-phinf.pstatic.net/20241021_160/1729515956246bEynj_JPEG/6f8a5992.jpg,https://shoppinglive.naver.com/channels/30345,GRADE_2,NC 강서점,2026-05-20T15:28:13.842209+00:00
100589654,219936,모녀 마켓,100538996,http://shop1.phinf.naver.net/20250301_190/1740802151720bpLey_PNG/27659004837329141_673946787.png,https://shoppinglive.naver.com/channels/219936,GRADE_1,,2026-05-20T15:28:14.310274+00:00
65231225,228351,소담스퀘어 충북,2d19hV,https://phinf.pstatic.net/dthumb/?src=%22https%3A%2F%2Fphinf.pstatic.net%2Fcontact%2F20250210_179%2F1739166741566xsd16_JPEG%2F%25BC%25D2%25B4%25E3_%25BB%25F6%25BB%25F3.jpg%22&service=selective,https://shoppinglive.naver.com/channels/228351,GRADE_3,,2026-05-20T15:28:14.310274+00:00
1100131065,263214,TREEMINGBIRD,1100128662,https://shop-phinf.pstatic.net/20241021_160/1729515956246bEynj_JPEG/6f8a5992.jpg,https://shoppinglive.naver.com/channels/263214,GRADE_3,,2026-05-20T15:28:14.310274+00:00
1000021103,243577,러브앤쇼,1000021103,https://shop-phinf.pstatic.net/20241021_160/1729515956246bEynj_JPEG/6f8a5992.jpg,https://shoppinglive.naver.com/channels/243577,GRADE_1,갤러리아백화점 타임월드점,2026-05-20T15:28:14.310274+00:00
101542706,102358,올리브데올리브,101454483,https://shop-phinf.pstatic.net/20241021_160/1729515956246bEynj_JPEG/6f8a5992.jpg,https://shoppinglive.naver.com/channels/102358,GRADE_2,롯데 프리미엄 이천점,2026-05-20T15:28:14.310274+00:00
500250887,88723,A Simple Life,500250887,http://shop1.phinf.naver.net/20260324_160/1774354388446Lxw1I_JPEG/19089521712325846_-1093122693.jpg,https://shoppinglive.naver.com/channels/88723,GRADE_2,,2026-05-20T15:28:14.597565+00:00
100934360,130466,모다 천안아산점 아이더,100869451,http://shop1.phinf.naver.net/20210821_49/1629528927552cpL4C_JPEG/30664770256903653_1731971523.jpeg,https://shoppinglive.naver.com/channels/130466,GRADE_2,,2026-05-20T15:28:14.597565+00:00
101114401,79890,피브레노,101042360,http://shop1.phinf.naver.net/20240412_32/1712903054506lVV4G_JPEG/114038953214551633_1005318412.jpg,https://shoppinglive.naver.com/channels/79890,GRADE_1,,2026-05-20T15:28:15.392352+00:00
101756517,200749,캐럿미,101661214,http://shop1.phinf.naver.net/20231026_135/1698311757150nH6KV_JPEG/99447599861443992_936368967.jpg,https://shoppinglive.naver.com/channels/200749,GRADE_1,,2026-05-20T15:28:15.392352+00:00
101141467,101434,위드제스트,101068258,http://shop1.phinf.naver.net/20250224_24/17404070844885VcYD_PNG/25704894530688458_474515942.png,https://shoppinglive.naver.com/channels/101434,GRADE_1,,2026-05-20T15:28:16.184654+00:00
100283871,50424,파인게이지,100255363,http://shop1.phinf.naver.net/20240728_45/1722167952772xgHRT_JPEG/16555709779128272_1736417547.jpg,https://shoppinglive.naver.com/channels/50424,GRADE_1,,2026-05-20T15:28:16.184654+00:00
100263272,45150,향남귀금속,100236606,http://shop1.phinf.naver.net/20211230_206/1640834931684B9Sea_PNG/41970827418131142_806047277.png,https://shoppinglive.naver.com/channels/45150,GRADE_2,,2026-05-20T15:28:16.184654+00:00
100499417,208815,플라스틱아일랜드,100453897,https://shop-phinf.pstatic.net/20241021_160/1729515956246bEynj_JPEG/6f8a5992.jpg,https://shoppinglive.naver.com/channels/208815,GRADE_1,롯데백화점 중동점,2026-05-20T15:28:16.184654+00:00
100354633,86911,만다린트리,100320139,http://shop1.phinf.naver.net/20251017_159/1760712135174miGmQ_JPEG/43618800779794153_1400191531.JPG,https://shoppinglive.naver.com/channels/86911,GRADE_2,,2026-05-20T15:28:17.111107+00:00
101276051,81092,샤틴,101197152,https://shop-phinf.pstatic.net/20241021_160/1729515956246bEynj_JPEG/6f8a5992.jpg,https://shoppinglive.naver.com/channels/81092,GRADE_2,현대아울렛 가든파이브점,2026-05-20T15:28:17.111107+00:00
1000015033,553,드레스코드,500190637,http://shop1.phinf.naver.net/20260325_48/17743977716365ksHT_JPEG/69115235755548002_102893591.jpg,https://shoppinglive.naver.com/channels/553,GRADE_2,,2026-05-20T15:28:17.934273+00:00
101578135,239144,올리브데올리브,101488801,https://shop-phinf.pstatic.net/20241021_160/1729515956246bEynj_JPEG/6f8a5992.jpg,https://shoppinglive.naver.com/channels/239144,GRADE_1,롯데백화점 동탄점,2026-05-20T15:28:17.934273+00:00
1100127032,262259,알래스카,1100124684,https://shop-phinf.pstatic.net/20241021_160/1729515956246bEynj_JPEG/6f8a5992.jpg,https://shoppinglive.naver.com/channels/262259,GRADE_1,롯데백화점 건대점,2026-05-20T15:28:17.934273+00:00
100022603,451,메리제이,500161138,http://shop1.phinf.naver.net/20220923_98/1663912035580KIsU5_JPEG/65047863351282082_12683549.jpg,https://shoppinglive.naver.com/channels/451,GRADE_3,,2026-05-20T15:28:18.681788+00:00
100103765,219725,NC강서 지프,100093535,http://shop1.phinf.naver.net/20251101_285/1761964668874k5Fl8_JPEG/24941412876844824_1320461296.jpg,https://shoppinglive.naver.com/channels/219725,GRADE_1,,2026-05-20T15:28:18.681788+00:00
101592369,92288,라미러브,101502485,http://shop1.phinf.naver.net/20251205_267/1764860626323E1A8k_JPEG/44994858139252411_246497481.jpeg,https://shoppinglive.naver.com/channels/92288,GRADE_3,,2026-05-20T15:28:19.475587+00:00
102175229,214247,세르쯔,102066277,http://shop1.phinf.naver.net/20231121_50/1700562439088rPbXF_PNG/101698266918684075_1082560945.png,https://shoppinglive.naver.com/channels/214247,GRADE_1,,2026-05-20T15:28:19.475587+00:00
102174007,263904,르무드 lemood,102065084,http://shop1.phinf.naver.net/20250307_278/1741356487365n76Kt_PNG/38468318181572670_292909811.png,https://shoppinglive.naver.com/channels/263904,GRADE_1,,2026-05-20T15:28:19.475587+00:00
1000020570,177112,탠디,500240532,https://shop-phinf.pstatic.net/20241021_160/1729515956246bEynj_JPEG/6f8a5992.jpg,https://shoppinglive.naver.com/channels/177112,GRADE_1,현대아울렛 동대문점,2026-05-20T15:28:20.353039+00:00
101303915,175226,남대문주얼리,101223898,http://shop1.phinf.naver.net/20230315_76/1678870807678WSwuK_PNG/80006641498473760_1572432159.png,https://shoppinglive.naver.com/channels/175226,GRADE_2,,2026-05-20T15:28:20.353039+00:00
100000944,12007,슬림9,100000630,http://shop1.phinf.naver.net/20210118_89/1610949809534uDuFv_JPEG/12085589067735107_53012587.jpg,https://shoppinglive.naver.com/channels/12007,GRADE_2,,2026-05-20T15:28:20.353039+00:00
100660604,99976,듀엘,100606470,https://shop-phinf.pstatic.net/20241021_160/1729515956246bEynj_JPEG/6f8a5992.jpg,https://shoppinglive.naver.com/channels/99976,GRADE_2,현대아울렛 동대문점,2026-05-20T15:28:20.353039+00:00
500012193,10984,아뜨랑스,500012193,http://shop1.phinf.naver.net/20200810_111/1597030578994XMKtx_JPEG/34392912596464014_2093126308.jpg,https://shoppinglive.naver.com/channels/10984,GRADE_2,,2026-05-20T15:28:20.353039+00:00
102133674,215653,제이앤제이슨,102026010,http://shop1.phinf.naver.net/20241029_101/17301869617089mqdp_PNG/6674269842186783_863075739.png,https://shoppinglive.naver.com/channels/215653,GRADE_1,,2026-05-20T15:28:21.176199+00:00
102255876,217875,PURFICION,102144756,http://shop1.phinf.naver.net/20240328_91/1711599159445Pw2tD_PNG/112735048158090386_1538384772.png,https://shoppinglive.naver.com/channels/217875,GRADE_2,,2026-05-20T15:28:21.176199+00:00
101408598,200750,루이뱅 주얼리,101325139,http://shop1.phinf.naver.net/20230315_193/16788672266473DEYn_PNG/80003006373833695_109103615.png,https://shoppinglive.naver.com/channels/200750,GRADE_1,,2026-05-20T15:28:21.176199+00:00
100586953,66373,리스트,100521765,https://shop-phinf.pstatic.net/20241021_160/1729515956246bEynj_JPEG/6f8a5992.jpg,https://shoppinglive.naver.com/channels/66373,GRADE_1,롯데 아울렛 광주수완점,2026-05-20T15:28:21.176199+00:00
500010586,217932,속옷총각,500010586,http://shop1.phinf.naver.net/20251012_228/1760265292164LNpw9_JPEG/94398179112966234_401361139.jpg,https://shoppinglive.naver.com/channels/217932,GRADE_2,,2026-05-20T15:28:21.900060+00:00
102062474,139362,잇미샤,101956892,https://shop-phinf.pstatic.net/20241021_160/1729515956246bEynj_JPEG/6f8a5992.jpg,https://shoppinglive.naver.com/channels/139362,GRADE_1,롯데 아울렛 대구율하점,2026-05-20T15:28:21.900060+00:00
102607257,263937,니니짱의 잡화점,102487252,http://shop1.phinf.naver.net/20260302_226/1772435790076992vb_PNG/22244036880117625_1254556224.png,https://shoppinglive.naver.com/channels/263937,GRADE_1,,2026-05-20T15:28:21.900060+00:00
100328187,151585,엄비 컴퍼니,100295516,http://shop1.phinf.naver.net/20251229_147/1766996800925odE65_JPEG/13741806314167403_1323869588.jpg,https://shoppinglive.naver.com/channels/151585,GRADE_1,,2026-05-20T15:28:22.871059+00:00
500052072,15092,애피샵branch,500052072,http://shop1.phinf.naver.net/20240926_291/1727319654753dar4G_PNG/61452467970811290_1744295464.png,https://shoppinglive.naver.com/channels/15092,GRADE_2,,2026-05-20T15:28:22.871059+00:00
102768810,253141,플루비아 랩스,102645864,http://shop1.phinf.naver.net/20250918_56/1758177930916gj04j_JPEG/12851017492156574_1986743963.jpg,https://shoppinglive.naver.com/channels/253141,GRADE_1,,2026-05-20T15:28:22.871059+00:00
100030988,142371,바이별마켓,100026957,http://shop1.phinf.naver.net/20260319_240/17739110796789eJfi_JPEG/68462815670878556_134240744.jpg,https://shoppinglive.naver.com/channels/142371,GRADE_1,,2026-05-20T15:28:23.725961+00:00
100365303,132836,아카이브.,100330017,http://shop1.phinf.naver.net/20220211_115/1644562693703uWbuW_JPEG/45698536415866079_1195094549.jpg,https://shoppinglive.naver.com/channels/132836,GRADE_1,,2026-05-20T15:28:23.725961+00:00
100773392,130309,롯데광교점 모조에스핀,100714786,https://shop-phinf.pstatic.net/20241021_160/1729515956246bEynj_JPEG/6f8a5992.jpg,https://shoppinglive.naver.com/channels/130309,GRADE_1,,2026-05-20T15:28:23.725961+00:00
500159704,130910,웨얼투투,500159704,http://shop1.phinf.naver.net/20250707_210/1751896121250eV4sX_JPEG/2874292064253566_551915184.jpg,https://shoppinglive.naver.com/channels/130910,GRADE_1,,2026-05-20T15:28:23.725961+00:00
101901197,124179,마이샤이닝 은925 귀걸이,101801086,http://shop1.phinf.naver.net/20240610_88/1718006715403DOach_PNG/119142614109618573_510924099.png,https://shoppinglive.naver.com/channels/124179,GRADE_2,,2026-05-20T15:28:23.725961+00:00
102370135,190705,마이뜨라상점,102256473,http://shop1.phinf.naver.net/20260331_63/17749457502582uUq9_JPEG/7102093393082621_1834965814.jpg,https://shoppinglive.naver.com/channels/190705,GRADE_2,,2026-05-20T15:28:24.453177+00:00
100750435,173433,단정2020,100692607,http://shop1.phinf.naver.net/20200613_105/1592025856929PeNkV_JPEG/29386595563970151_1264906527.jpg,https://shoppinglive.naver.com/channels/173433,GRADE_1,,2026-05-20T15:28:24.453177+00:00
100074332,61956,에고이스트,100066539,https://shop-phinf.pstatic.net/20241021_160/1729515956246bEynj_JPEG/6f8a5992.jpg,https://shoppinglive.naver.com/channels/61956,GRADE_1,현대백화점 울산점,2026-05-20T15:28:24.453177+00:00
101363985,89521,쏘언니옷장,101282068,http://shop1.phinf.naver.net/20220316_10/16474326297361fTg7_JPEG/48568525468352433_887285301.jpg,https://shoppinglive.naver.com/channels/89521,GRADE_2,,2026-05-20T15:28:24.453177+00:00
1100144335,263593,TINA(티나),1100108448,http://shop1.phinf.naver.net/20260518_139/1779089671439Dnv5e_JPEG/33774695335354249_1351881283.jpg,https://shoppinglive.naver.com/channels/263593,GRADE_1,,2026-05-20T15:28:24.453177+00:00
100861410,213857,썬더슈터,100799346,http://shop1.phinf.naver.net/20200811_237/1597131802967Qn1sF_PNG/34494136561052097_418461796.png,https://shoppinglive.naver.com/channels/213857,GRADE_2,,2026-05-20T15:28:24.453177+00:00
101794191,227174,펠리스몰,101697429,http://shop1.phinf.naver.net/20251126_67/1764128772571bstuX_PNG/61606907136723770_1529798731.png,https://shoppinglive.naver.com/channels/227174,GRADE_1,,2026-05-20T15:28:25.155617+00:00
1000009833,23984,스테파니,500149636,https://shop-phinf.pstatic.net/20241021_160/1729515956246bEynj_JPEG/6f8a5992.jpg,https://shoppinglive.naver.com/channels/23984,GRADE_2,세이브존 노원점,2026-05-20T15:28:25.155617+00:00
101109350,96873,이태리 코디언니,101037534,http://shop1.phinf.naver.net/20240104_104/1704331295277W9j4O_PNG/105467191011809354_290557308.png,https://shoppinglive.naver.com/channels/96873,GRADE_2,,2026-05-20T15:28:25.155617+00:00
500181465,26343,블루빅벤,500181465,http://shop1.phinf.naver.net/20220628_124/1656409083067nPrBC_PNG/57544981779924564_503463786.png,https://shoppinglive.naver.com/channels/26343,GRADE_2,,2026-05-20T15:28:25.155617+00:00
101704410,129087,블루빅벤,500181465,http://shop1.phinf.naver.net/20220930_227/1664483250178CeisK_JPEG/65619148887719069_1690376635.jpg,https://shoppinglive.naver.com/channels/129087,GRADE_2,,2026-05-20T15:28:25.155617+00:00
102034535,246168,사레이,101929872,http://shop1.phinf.naver.net/20230713_160/1689256609296Y505I_PNG/90392452007239175_777626516.png,https://shoppinglive.naver.com/channels/246168,GRADE_1,,2026-05-20T15:28:25.155617+00:00
100637201,85149,올리브데올리브,100584275,https://shop-phinf.pstatic.net/20241021_160/1729515956246bEynj_JPEG/6f8a5992.jpg,https://shoppinglive.naver.com/channels/85149,GRADE_2,롯데 아울렛 광주수완점,2026-05-20T15:28:26.047665+00:00
100486445,53919,씨씨콜렉트,100441682,https://shop-phinf.pstatic.net/20241021_160/1729515956246bEynj_JPEG/6f8a5992.jpg,https://shoppinglive.naver.com/channels/53919,GRADE_1,롯데 프리미엄 기흥점,2026-05-20T15:28:26.047665+00:00
101976916,122176,슈슈러브,101874059,http://shop1.phinf.naver.net/20251028_275/1761626737856f2Abp_PNG/1645521713202733_1839356778.png,https://shoppinglive.naver.com/channels/122176,GRADE_2,,2026-05-20T15:28:26.047665+00:00
102147284,152182,듀엘,102039218,https://shop-phinf.pstatic.net/20241021_160/1729515956246bEynj_JPEG/6f8a5992.jpg,https://shoppinglive.naver.com/channels/152182,GRADE_2,NC 야탑점,2026-05-20T15:28:26.047665+00:00
100155603,60007,레코브,100140183,https://shop-phinf.pstatic.net/20241021_160/1729515956246bEynj_JPEG/6f8a5992.jpg,https://shoppinglive.naver.com/channels/60007,GRADE_2,갤러리아백화점 타임월드점,2026-05-20T15:28:26.047665+00:00
500099041,19635,수엠W,500099041,http://shop1.phinf.naver.net/20241230_230/1735530511780mCjyg_JPEG/49387714620516196_550879481.jpg,https://shoppinglive.naver.com/channels/19635,GRADE_2,,2026-05-20T15:28:26.852742+00:00
500129340,22164,터치그라운드,500129340,http://shop2.phinf.naver.net/20170402_172/touchground2814_1491118991998E9W94_JPEG/160x160.jpg,https://shoppinglive.naver.com/channels/22164,GRADE_2,,2026-05-20T15:28:26.852742+00:00
101141682,206679,메트로시티핸드백,101068460,https://shop-phinf.pstatic.net/20241021_160/1729515956246bEynj_JPEG/6f8a5992.jpg,https://shoppinglive.naver.com/channels/206679,GRADE_1,롯데백화점 대구점,2026-05-20T15:28:26.852742+00:00
102700604,250641,LOTOCO,102578788,http://shop1.phinf.naver.net/20250926_271/1758879176600nuIPp_JPEG/68700270413713732_532414880.jpg,https://shoppinglive.naver.com/channels/250641,GRADE_3,,2026-05-20T15:28:26.852742+00:00
100126381,39659,윰스하우스,100114022,http://shop1.phinf.naver.net/20260320_269/1773988725743sVsAJ_PNG/70832751188118576_1037964124.png,https://shoppinglive.naver.com/channels/39659,GRADE_1,,2026-05-20T15:28:27.644879+00:00
100903290,118036,Onl,100839642,http://shop1.phinf.naver.net/20241018_153/1729238775504VzHoB_JPEG/63371739617167023_1708364958.jpg,https://shoppinglive.naver.com/channels/118036,GRADE_2,,2026-05-20T15:28:27.644879+00:00
1000012100,62876,플라스틱아일랜드,1000012100,https://shop-phinf.pstatic.net/20241021_160/1729515956246bEynj_JPEG/6f8a5992.jpg,https://shoppinglive.naver.com/channels/62876,GRADE_2,갤러리아백화점 타임월드점,2026-05-20T15:28:28.364705+00:00
500112587,84094,RECLOW 리끌로우,500112587,http://shop1.phinf.naver.net/20251120_287/1763613925665keEOv_JPEG/26598779376053161_462513051.jpg,https://shoppinglive.naver.com/channels/84094,GRADE_1,,2026-05-20T15:28:29.156759+00:00
100506043,54558,슈걸앤나나,100460111,http://shop1.phinf.naver.net/20250422_101/1745320540743o2xzQ_JPEG/27420894895273431_1971750224.JPG,https://shoppinglive.naver.com/channels/54558,GRADE_1,,2026-05-20T15:28:29.156759+00:00
102642614,230507,루아블리스,102521934,http://shop1.phinf.naver.net/20250516_103/1747406405556U2rPE_JPEG/120717683651453_303973012.jpg,https://shoppinglive.naver.com/channels/230507,GRADE_1,,2026-05-20T15:28:30.021640+00:00
500246697,31441,WG마켓,500246697,http://shop1.phinf.naver.net/20210820_281/1629446363646E7yDd_JPEG/30582262355698637_433624822.jpg,https://shoppinglive.naver.com/channels/31441,GRADE_2,,2026-05-20T15:28:30.799521+00:00
100735453,258383,델마랑,100678101,http://shop1.phinf.naver.net/20260224_149/17719314924074MhiU_JPEG/18672896551269284_287704383.jpeg,https://shoppinglive.naver.com/channels/258383,GRADE_1,,2026-05-20T15:28:30.799521+00:00
100293031,46353,얼모스트블라썸,100263727,http://shop1.phinf.naver.net/20260323_116/1774252489803Fwhvf_PNG/76696913213342573_1307585739.png,https://shoppinglive.naver.com/channels/46353,GRADE_2,,2026-05-20T15:28:30.799521+00:00
100833545,119377,다비몽의 여행같은일상,100772555,http://shop1.phinf.naver.net/20221220_210/1671526884606uIlC3_PNG/72662719439626565_120396419.png,https://shoppinglive.naver.com/channels/119377,GRADE_1,,2026-05-20T15:28:30.799521+00:00
101035660,167126,소로르리즈,100966608,http://shop1.phinf.naver.net/20220523_279/1653306293634qAhqA_JPEG/54442182315691383_822882385.jpg,https://shoppinglive.naver.com/channels/167126,GRADE_1,,2026-05-20T15:28:31.597337+00:00
500232779,30344,NC강서 더아이잗,500232779,http://shop1.phinf.naver.net/20251108_44/1762598584788cisLs_PNG/17286627782597592_714536456.png,https://shoppinglive.naver.com/channels/30344,GRADE_1,,2026-05-20T15:28:31.597337+00:00
101482965,105529,steadyshop,101397134,http://shop1.phinf.naver.net/20260428_205/1777344790467LP3HR_PNG/56741311616412905_1240389211.png,https://shoppinglive.naver.com/channels/105529,GRADE_1,,2026-05-20T15:28:31.597337+00:00
101603718,133040,언그레이,101513524,http://shop1.phinf.naver.net/20241118_70/1731897736564p4ra3_JPEG/3290011378398598_1940841299.jpg,https://shoppinglive.naver.com/channels/133040,GRADE_1,,2026-05-20T15:28:32.438815+00:00
102088316,206380,키작녀 아이지니,101981956,http://shop1.phinf.naver.net/20260219_210/1771471237388HhFWu_PNG/84960495763707047_524905287.png,https://shoppinglive.naver.com/channels/206380,GRADE_2,,2026-05-20T15:28:32.438815+00:00
100447770,93544,mddas,100405999,http://shop1.phinf.naver.net/20250718_166/1752803270496Gbima_PNG/86936118837743558_116369198.png,https://shoppinglive.naver.com/channels/93544,GRADE_1,,2026-05-20T15:28:32.438815+00:00
101912961,201999,메이위드,101812434,http://shop1.phinf.naver.net/20230328_249/1679994956573YeHS1_PNG/7297640445029584_53177630.png,https://shoppinglive.naver.com/channels/201999,GRADE_2,,2026-05-20T15:28:32.438815+00:00
500004241,59620,네오프라자,500004241,http://shop2.phinf.naver.net/20170123_262/neoplaza_1485160354770zgBQw_JPEG/9503330263365014_-774364409.JPG,https://shoppinglive.naver.com/channels/59620,GRADE_2,,2026-05-20T15:28:33.290476+00:00
101237329,80557,보니스팍스,101159968,https://shop-phinf.pstatic.net/20241021_160/1729515956246bEynj_JPEG/6f8a5992.jpg,https://shoppinglive.naver.com/channels/80557,GRADE_2,롯데 아울렛 광주수완점,2026-05-20T15:28:33.290476+00:00
101022033,141042,레어 코드,100953511,http://shop1.phinf.naver.net/20210407_186/1617803521429PIc3z_JPEG/18939301150452313_1541587351.jpg,https://shoppinglive.naver.com/channels/141042,GRADE_1,,2026-05-20T15:28:33.290476+00:00
100317792,261626,베르젝,100285996,http://shop1.phinf.naver.net/20260223_140/1771834636188UnHyT_JPEG/8013277993295261_1845558305.jpg,https://shoppinglive.naver.com/channels/261626,GRADE_2,,2026-05-20T15:28:33.290476+00:00
500001549,74082,골드리아,500001549,http://shop1.phinf.naver.net/20260324_74/1774312537459TXoSh_JPEG/42420531235646122_-1611357367.jpg,https://shoppinglive.naver.com/channels/74082,GRADE_1,,2026-05-20T15:28:33.290476+00:00
500095538,204315,리아스타일,500095538,http://shop1.phinf.naver.net/20230307_258/1678155991534gAoks_JPEG/5458675420277212_2106313894.jpg,https://shoppinglive.naver.com/channels/204315,GRADE_2,,2026-05-20T15:28:34.030257+00:00
102044676,140835,지보트,101939668,http://shop1.phinf.naver.net/20250203_93/1738566498820fvYui_JPEG/72699356959747766_1261494516.jpg,https://shoppinglive.naver.com/channels/140835,GRADE_1,,2026-05-20T15:28:34.030257+00:00
100676256,61463,쥬크,100621333,https://shop-phinf.pstatic.net/20241021_160/1729515956246bEynj_JPEG/6f8a5992.jpg,https://shoppinglive.naver.com/channels/61463,GRADE_1,롯데 아울렛 대구율하점,2026-05-20T15:28:34.030257+00:00
100157971,41108,알제브,100142308,http://shop1.phinf.naver.net/20251105_159/17623254262208YE0O_JPEG/87957060253336221_1008948207.jpg,https://shoppinglive.naver.com/channels/41108,GRADE_1,,2026-05-20T15:28:34.891770+00:00
1000012093,60006,GGPX,1000012093,https://shop-phinf.pstatic.net/20241021_160/1729515956246bEynj_JPEG/6f8a5992.jpg,https://shoppinglive.naver.com/channels/60006,GRADE_2,갤러리아백화점 타임월드점,2026-05-20T15:28:34.891770+00:00
100491758,249878,베티유BettyU,100446745,http://shop1.phinf.naver.net/20221206_91/1670256694344FG1y1_JPEG/71392583059088060_797303985.jpg,https://shoppinglive.naver.com/channels/249878,GRADE_1,,2026-05-20T15:28:34.891770+00:00
102623966,234707,어드 Audd,102503647,http://shop1.phinf.naver.net/20260223_198/1771855871810tuLMk_PNG/56228288930633897_226566692.png,https://shoppinglive.naver.com/channels/234707,GRADE_1,,2026-05-20T15:28:35.683452+00:00
101731950,176843,지오다노,101637825,https://shop-phinf.pstatic.net/20241021_160/1729515956246bEynj_JPEG/6f8a5992.jpg,https://shoppinglive.naver.com/channels/176843,GRADE_2,롯데백화점 동탄점,2026-05-20T15:28:35.683452+00:00
1000002462,17597,노블리카,500069484,http://shop1.phinf.naver.net/20260324_124/17743630455995eQ72_JPEG/26350739043512090_-241326661.jpg,https://shoppinglive.naver.com/channels/17597,GRADE_2,,2026-05-20T15:28:35.683452+00:00
102322405,181158,WAVE OF LUXURY,102209935,http://shop1.phinf.naver.net/20240522_71/1716340650576HH8v6_JPEG/43643334437895431_1622180757.jpg,https://shoppinglive.naver.com/channels/181158,GRADE_1,,2026-05-20T15:28:36.467764+00:00
100631871,90427,효룸,100579197,http://shop1.phinf.naver.net/20211129_172/1638171937304RcIVI_JPEG/39307833041654190_692523635.jpg,https://shoppinglive.naver.com/channels/90427,GRADE_2,,2026-05-20T15:28:36.467764+00:00
101287863,91320,스타일 아유,101208496,http://shop1.phinf.naver.net/20210821_236/1629537102745VvKRF_JPEG/30672936560813262_688691841.jpg,https://shoppinglive.naver.com/channels/91320,GRADE_2,,2026-05-20T15:28:37.384349+00:00
500101110,108045,디자이어로즈,500101110,http://shop1.phinf.naver.net/20230306_251/167806140034270DVQ_PNG/79197234162577332_1468818402.png,https://shoppinglive.naver.com/channels/108045,GRADE_1,,2026-05-20T15:28:37.384349+00:00
102293909,177023,디자이어로즈,500101110,http://shop1.phinf.naver.net/20240201_269/1706764125645UIdQM_PNG/107899953474452665_1327693068.png,https://shoppinglive.naver.com/channels/177023,GRADE_1,,2026-05-20T15:28:37.384349+00:00
101733026,123920,hollyshop,500125454,http://shop1.phinf.naver.net/20221025_157/1666677080494e1U2p_JPEG/67812908322991976_279592404.jpg,https://shoppinglive.naver.com/channels/123920,GRADE_1,,2026-05-20T15:28:38.059214+00:00
102268529,182717,부루앤쥬디,102157137,https://shop-phinf.pstatic.net/20241021_160/1729515956246bEynj_JPEG/6f8a5992.jpg,https://shoppinglive.naver.com/channels/182717,GRADE_1,갤러리아백화점 진주점,2026-05-20T15:28:38.059214+00:00
500125454,21893,hollyshop,500125454,http://shop1.phinf.naver.net/20260324_12/1774331469755OGl6O_JPEG/704870675728221_1308756678.jpg,https://shoppinglive.naver.com/channels/21893,GRADE_2,,2026-05-20T15:28:38.059214+00:00
100454755,194304,우먼랩,100412421,http://shop1.phinf.naver.net/20260324_296/1774307444547UsEjM_JPEG/2098899141568180_56721418.jpg,https://shoppinglive.naver.com/channels/194304,GRADE_1,,2026-05-20T15:28:38.059214+00:00
102115795,154797,마이 주얼리,102008590,http://shop1.phinf.naver.net/20231007_148/1696656451579tkaIu_PNG/97792294296211760_725811649.png,https://shoppinglive.naver.com/channels/154797,GRADE_2,,2026-05-20T15:28:38.059214+00:00
100010846,86782,풋인솔,100008732,http://shop1.phinf.naver.net/20250318_278/1742285689832xgemv_PNG/3555263639314763_376266093.png,https://shoppinglive.naver.com/channels/86782,GRADE_1,,2026-05-20T15:28:38.059214+00:00
100731016,206743,톰보이,100673820,https://shop-phinf.pstatic.net/20241021_160/1729515956246bEynj_JPEG/6f8a5992.jpg,https://shoppinglive.naver.com/channels/206743,GRADE_2,현대백화점 킨텍스점,2026-05-20T15:28:38.978014+00:00
500089965,262561,앳코,500089965,http://shop1.phinf.naver.net/20260204_249/1770184379549Kr7nM_JPEG/46646290698603828_867954853.jpg,https://shoppinglive.naver.com/channels/262561,GRADE_1,,2026-05-20T15:28:38.978014+00:00
102731479,263899,비너스,102609122,https://shop-phinf.pstatic.net/20241021_160/1729515956246bEynj_JPEG/6f8a5992.jpg,https://shoppinglive.naver.com/channels/263899,GRADE_1,롯데몰 수지점,2026-05-20T15:28:38.978014+00:00
1000003939,75,모노타임,500081561,http://shop1.phinf.naver.net/20260324_165/1774363726070wFQ1Y_GIF/93719MONOTIME.gif,https://shoppinglive.naver.com/channels/75,GRADE_3,,2026-05-20T15:28:38.978014+00:00
100198058,61276,탠디,100177811,https://shop-phinf.pstatic.net/20241021_160/1729515956246bEynj_JPEG/6f8a5992.jpg,https://shoppinglive.naver.com/channels/61276,GRADE_1,갤러리아백화점 타임월드점,2026-05-20T15:28:38.978014+00:00
1000011230,24835,ab.f.z,500158415,https://shop-phinf.pstatic.net/20241021_160/1729515956246bEynj_JPEG/6f8a5992.jpg,https://shoppinglive.naver.com/channels/24835,GRADE_2,패션아일랜드 대전점,2026-05-20T15:28:39.689736+00:00
102409965,262444,테크넷워크,102295279,http://shop1.phinf.naver.net/20240711_90/1720685457932wmeRm_PNG/67742423222024432_1189825005.png,https://shoppinglive.naver.com/channels/262444,GRADE_1,,2026-05-20T15:28:39.689736+00:00
500116529,258069,뉴욕567,500116529,http://shop1.phinf.naver.net/20211002_292/1633158105190IKQOW_JPEG/34293947906291547_20556522.jpg,https://shoppinglive.naver.com/channels/258069,GRADE_1,,2026-05-20T15:28:40.562996+00:00
1100054748,257043,모아홈라이프,1100053832,http://shop1.phinf.naver.net/20260117_45/17685996405386qJ4M_JPEG/95633982616667023_303659757.jpg,https://shoppinglive.naver.com/channels/257043,GRADE_1,,2026-05-20T15:28:40.562996+00:00
500158415,24834,패션아일랜드 ab f z,500158415,http://shop1.phinf.naver.net/20231201_155/17014274061315ThRD_JPEG/102563248828260181_2027007255.jpg,https://shoppinglive.naver.com/channels/24834,GRADE_2,,2026-05-20T15:28:40.562996+00:00
1000012024,263901,라비,500145965,http://shop1.phinf.naver.net/20200923_281/1600850300058vkovr_JPEG/38211842680277604_542012069.jpg,https://shoppinglive.naver.com/channels/263901,GRADE_1,,2026-05-20T15:28:40.562996+00:00
101138780,258907,브리펠,101065663,http://shop1.phinf.naver.net/20210402_46/1617349225580cDJfq_PNG/18485005105861978_187436415.png,https://shoppinglive.naver.com/channels/258907,GRADE_2,,2026-05-20T15:28:40.562996+00:00
500005590,131453,boomstyle,500005590,http://shop1.phinf.naver.net/20230426_91/1682481790276dcdSr_JPEG/83617678985519479_1883928173.jpg,https://shoppinglive.naver.com/channels/131453,GRADE_1,,2026-05-20T15:28:40.562996+00:00
101945031,127211,붐스타일,500005590,http://shop1.phinf.naver.net/20230421_138/1682065824272QmQNO_JPEG/83201712984709524_362927568.jpg,https://shoppinglive.naver.com/channels/127211,GRADE_1,,2026-05-20T15:28:40.562996+00:00
100653482,114413,세이러브,100599685,http://shop1.phinf.naver.net/20220616_153/1655347455141qDVQL_JPEG/56483350876838338_2135597161.jpg,https://shoppinglive.naver.com/channels/114413,GRADE_2,,2026-05-20T15:28:41.388479+00:00
102713513,256895,어거스트 플랜,102591480,http://shop1.phinf.naver.net/20250825_149/1756095870811N5eHT_JPEG/2237533957244668_825120038.jpg,https://shoppinglive.naver.com/channels/256895,GRADE_1,,2026-05-20T15:28:41.388479+00:00
101864555,108539,I.MISS,101765856,http://shop1.phinf.naver.net/20230216_290/1676514783009dVPjK_JPEG/77650562733225994_227330903.jpg,https://shoppinglive.naver.com/channels/108539,GRADE_3,,2026-05-20T15:28:41.388479+00:00
101660154,239341,모드픽 MODEPICK,101568437,http://shop1.phinf.naver.net/20240629_24/1719655969489HJspt_PNG/1058569573450630_147812481.png,https://shoppinglive.naver.com/channels/239341,GRADE_2,,2026-05-20T15:28:41.388479+00:00
1000009111,8181,위드마리,500136970,http://shop1.phinf.naver.net/20220817_7/1660725296605thcKi_JPEG/61861185291869403_797083946.jpg,https://shoppinglive.naver.com/channels/8181,GRADE_2,,2026-05-20T15:28:41.388479+00:00
500050406,14985,수아르SOIR,500050406,http://shop1.phinf.naver.net/20260324_18/1774320155845UOjo4_JPEG/75845198388572556_1526351774.jpg,https://shoppinglive.naver.com/channels/14985,GRADE_3,,2026-05-20T15:28:41.388479+00:00
100163936,41135,비헤이즐,100143873,http://shop1.phinf.naver.net/20260320_126/177399794676326mxB_JPEG/60662989118303106_348866831.jpg,https://shoppinglive.naver.com/channels/41135,GRADE_2,,2026-05-20T15:28:42.167877+00:00
100175214,80174,서도멀티샵,100157401,https://shop-phinf.pstatic.net/20241021_160/1729515956246bEynj_JPEG/6f8a5992.jpg,https://shoppinglive.naver.com/channels/80174,GRADE_1,갤러리아백화점 타임월드점,2026-05-20T15:28:42.167877+00:00
101897251,194133,DKC 상점,101797392,http://shop1.phinf.naver.net/20241107_76/1730960664687nn3id_PNG/65093484738161307_70282173.png,https://shoppinglive.naver.com/channels/194133,GRADE_1,,2026-05-20T15:28:42.167877+00:00
500255042,32048,더블제이룸,500255042,http://shop1.phinf.naver.net/20191106_134/15730278641198QYUm_JPEG/10388602752286391_1722019626.jpg,https://shoppinglive.naver.com/channels/32048,GRADE_2,,2026-05-20T15:28:42.167877+00:00
101670095,103561,저스트비쥬,101578144,http://shop1.phinf.naver.net/20230626_24/1687763281450VvNJv_JPEG/88899116284295148_1219182684.jpg,https://shoppinglive.naver.com/channels/103561,GRADE_2,,2026-05-20T15:28:42.167877+00:00
102181841,223875,브렌우드 여수,102072716,http://shop1.phinf.naver.net/20231127_90/1701079289284glxhQ_JPEG/28381973156060324_1521794289.JPG,https://shoppinglive.naver.com/channels/223875,GRADE_2,,2026-05-20T15:28:42.869606+00:00
100214101,43456,잇미샤,100192254,https://shop-phinf.pstatic.net/20241021_160/1729515956246bEynj_JPEG/6f8a5992.jpg,https://shoppinglive.naver.com/channels/43456,GRADE_2,현대백화점 중동점,2026-05-20T15:28:42.869606+00:00
101456414,116952,나미오,101371526,http://shop1.phinf.naver.net/20260409_29/17757043573942xOGQ_PNG/30346589340917033_1075694678.png,https://shoppinglive.naver.com/channels/116952,GRADE_2,,2026-05-20T15:28:42.869606+00:00
100457077,92315,크냉님 KNAENGNIM,100414593,http://shop1.phinf.naver.net/20251107_164/17624868422435Hs9V_JPEG/44918913363503443_1001933752.jpg,https://shoppinglive.naver.com/channels/92315,GRADE_1,,2026-05-20T15:28:43.727943+00:00
101078272,72840,solgi,100998117,http://shop1.phinf.naver.net/20210202_148/1612263467440KDbR5_JPEG/13399295244203235_1063451911.jpg,https://shoppinglive.naver.com/channels/72840,GRADE_3,,2026-05-20T15:28:44.613935+00:00
1000010105,23740,VIVA,500149242,http://shop1.phinf.naver.net/20260325_137/1774394760804yAQjD_JPEG/71702image.jpeg,https://shoppinglive.naver.com/channels/23740,GRADE_2,,2026-05-20T15:28:44.613935+00:00
100741401,125013,써스데이아일랜드,100683872,https://shop-phinf.pstatic.net/20241021_160/1729515956246bEynj_JPEG/6f8a5992.jpg,https://shoppinglive.naver.com/channels/125013,GRADE_1,롯데 아울렛 대구율하점,2026-05-20T15:28:45.462923+00:00
101595427,262764,히마와리 코리아,101505467,http://shop1.phinf.naver.net/20260331_48/17749299175681Y9qE_JPEG/55543690918276218_346952662.jpg,https://shoppinglive.naver.com/channels/262764,GRADE_1,,2026-05-20T15:28:45.462923+00:00
500130309,111792,NanCongE,500130309,http://shop1.phinf.naver.net/20240216_209/1708093356839jfDiD_JPEG/109229191676874783_756649616.jpg,https://shoppinglive.naver.com/channels/111792,GRADE_2,,2026-05-20T15:28:45.462923+00:00
100958403,191913,Tao Express,100892549,http://shop1.phinf.naver.net/20241004_1/1728013435812LbsGd_PNG/13198401608694085_2036290239.png,https://shoppinglive.naver.com/channels/191913,GRADE_2,,2026-05-20T15:28:45.462923+00:00
102638724,236726,오꾸테크,102518113,http://shop1.phinf.naver.net/20250404_271/1743752564860bM4M0_PNG/77885505979601979_1197978232.png,https://shoppinglive.naver.com/channels/236726,GRADE_2,,2026-05-20T15:28:45.462923+00:00
101006837,81044,코시보,100939021,http://shop1.phinf.naver.net/20201230_24/1609303614082qDk7R_JPEG/10439397793658030_501732876.jpg,https://shoppinglive.naver.com/channels/81044,GRADE_2,,2026-05-20T15:28:45.462923+00:00
100203178,88358,MERRIGE,100182479,http://shop1.phinf.naver.net/20210215_149/1613372143590O5nE1_JPEG/14507986300790360_1415867493.jpg,https://shoppinglive.naver.com/channels/88358,GRADE_1,,2026-05-20T15:28:46.477261+00:00
100075645,69921,로니엘라,100067748,http://shop1.phinf.naver.net/20250718_46/17528088821925jtBr_JPEG/90889739323194278_2115388430.jpg,https://shoppinglive.naver.com/channels/69921,GRADE_2,,2026-05-20T15:28:46.477261+00:00
101180967,108155,자바나스,101106167,http://shop1.phinf.naver.net/20210510_153/1620647698635vhObu_JPEG/21783482338195093_1582772443.jpg,https://shoppinglive.naver.com/channels/108155,GRADE_2,,2026-05-20T15:28:46.477261+00:00
102223652,196772,금은방청년,102113349,http://shop1.phinf.naver.net/20240105_227/1704435477129CS7NY_JPEG/105571260841783444_1638160285.jpg,https://shoppinglive.naver.com/channels/196772,GRADE_2,,2026-05-20T15:28:46.477261+00:00
1000010149,23845,레이디레이디 LADY LADY,500147060,http://shop1.phinf.naver.net/20250203_41/1738567177946fS8YG_PNG/2113112774715617_740246595.png,https://shoppinglive.naver.com/channels/23845,GRADE_2,,2026-05-20T15:28:46.477261+00:00
1100111724,261046,뮤즈커버,1100109609,http://shop1.phinf.naver.net/20260503_76/1777746591491PzK6C_PNG/62703511578319836_1577654442.png,https://shoppinglive.naver.com/channels/261046,GRADE_1,,2026-05-20T15:28:47.242029+00:00
100058738,620,모던라이크,500116828,http://shop1.phinf.naver.net/20260320_237/1773972409210tTrOO_PNG/33980235507228144_-358821925.png,https://shoppinglive.naver.com/channels/620,GRADE_2,,2026-05-20T15:28:47.242029+00:00
500116828,612,모던라이크,500116828,http://shop1.phinf.naver.net/20260324_271/1774329867510htbnV_PNG/53622310922592131_-1335850006.png,https://shoppinglive.naver.com/channels/612,GRADE_2,,2026-05-20T15:28:47.242029+00:00
100649765,60056,혀니21,100596098,http://shop1.phinf.naver.net/20210102_256/1609550342409qDgNA_PNG/10686241082721957_1573622894.png,https://shoppinglive.naver.com/channels/60056,GRADE_2,,2026-05-20T15:28:47.242029+00:00
100067019,32674,코코젠,500263492,http://shop1.phinf.naver.net/20260320_282/1773974353946OapoI_JPEG/29743588920275768_1881328670.jpg,https://shoppinglive.naver.com/channels/32674,GRADE_2,,2026-05-20T15:28:47.242029+00:00
1100111872,263887,큰발언니,1100109756,http://shop1.phinf.naver.net/20260428_234/1777310782356vhP9T_PNG/4133144751866115_1915064936.png,https://shoppinglive.naver.com/channels/263887,GRADE_1,,2026-05-20T15:28:47.925613+00:00
500280489,33722,라운지401,500280489,http://shop1.phinf.naver.net/20221208_268/1670495536674KbKFJ_JPEG/71631425386427439_917817048.jpg,https://shoppinglive.naver.com/channels/33722,GRADE_2,,2026-05-20T15:28:47.925613+00:00
102529190,214489,교토픽스,102411034,http://shop1.phinf.naver.net/20241125_240/1732501724569VSMJK_JPEG/8119827069275390_1880045118.jpg,https://shoppinglive.naver.com/channels/214489,GRADE_2,,2026-05-20T15:28:47.925613+00:00
100037442,113755,발렌시아,500244016,https://shop-phinf.pstatic.net/20241021_160/1729515956246bEynj_JPEG/6f8a5992.jpg,https://shoppinglive.naver.com/channels/113755,GRADE_1,롯데 프리미엄 광명점,2026-05-20T15:28:49.013755+00:00
101674173,227407,무크,101582046,https://shop-phinf.pstatic.net/20241021_160/1729515956246bEynj_JPEG/6f8a5992.jpg,https://shoppinglive.naver.com/channels/227407,GRADE_1,NC 고잔점,2026-05-20T15:28:49.013755+00:00
101063392,111882,엘리shop,100993209,http://shop1.phinf.naver.net/20230601_122/1685600729630XD5Yv_PNG/86736557440492745_1139034563.png,https://shoppinglive.naver.com/channels/111882,GRADE_2,,2026-05-20T15:28:49.013755+00:00
102164334,188102,In your mood,102055721,http://shop1.phinf.naver.net/20260408_85/1775609607135ngWoH_JPEG/33987703428727979_1752393153.jpg,https://shoppinglive.naver.com/channels/188102,GRADE_1,,2026-05-20T15:28:49.013755+00:00
102333260,182292,미라보 milabo,102220498,http://shop1.phinf.naver.net/20250626_205/1750919563044JgJy9_JPEG/8402582826300072_228444672.JPEG,https://shoppinglive.naver.com/channels/182292,GRADE_1,,2026-05-20T15:28:49.013755+00:00
102371912,217255,라크네,102258208,http://shop1.phinf.naver.net/20250827_48/1756254395936E6ThK_PNG/32479369811658975_1132309993.png,https://shoppinglive.naver.com/channels/217255,GRADE_2,,2026-05-20T15:28:49.013755+00:00
100193012,42570,인조이박스,100173311,http://shop1.phinf.naver.net/20260323_44/1774231521518cGN4z_JPEG/10480121419516559_294014012.jpg,https://shoppinglive.naver.com/channels/42570,GRADE_1,,2026-05-20T15:28:49.013755+00:00
1000002531,23354,샤틴,500142443,https://shop-phinf.pstatic.net/20241021_160/1729515956246bEynj_JPEG/6f8a5992.jpg,https://shoppinglive.naver.com/channels/23354,GRADE_2,롯데 프리미엄 이천점,2026-05-20T15:28:49.733876+00:00
100195961,41187,320쇼룸,100138598,http://shop1.phinf.naver.net/20260323_263/1774232205836LswWy_PNG/51155866009635733_1895187444.png,https://shoppinglive.naver.com/channels/41187,GRADE_1,,2026-05-20T15:28:49.733876+00:00
100486372,53848,슈콤마보니,100441630,https://shop-phinf.pstatic.net/20241021_160/1729515956246bEynj_JPEG/6f8a5992.jpg,https://shoppinglive.naver.com/channels/53848,GRADE_1,롯데 프리미엄 기흥점,2026-05-20T15:28:49.733876+00:00
1100095148,260745,spur,1100093333,https://shop-phinf.pstatic.net/20241021_160/1729515956246bEynj_JPEG/6f8a5992.jpg,https://shoppinglive.naver.com/channels/260745,GRADE_1,롯데백화점 대전점,2026-05-20T15:28:50.497509+00:00
100171824,232487,CELEB PEOPLE,100154482,http://shop1.phinf.naver.net/20260320_222/1773999729265a1Ti8_JPEG/2590189409005904_617687358.jpg,https://shoppinglive.naver.com/channels/232487,GRADE_1,,2026-05-20T15:28:50.497509+00:00
102769273,262892,트웬티,102095176,http://shop1.phinf.naver.net/20250704_107/1751616162060voXzD_JPEG/65944266950269295_672830163.jpg,https://shoppinglive.naver.com/channels/262892,GRADE_1,,2026-05-20T15:28:50.497509+00:00
102204986,176771,트웬티2030,102095176,http://shop1.phinf.naver.net/20250704_107/1751616162060voXzD_JPEG/65944266950269295_672830163.jpg,https://shoppinglive.naver.com/channels/176771,GRADE_1,,2026-05-20T15:28:50.497509+00:00
101075895,74933,니트앤니트,101005272,http://shop1.phinf.naver.net/20240808_185/1723099628764L8MJy_PNG/3165383524951096_1647117471.png,https://shoppinglive.naver.com/channels/74933,GRADE_2,,2026-05-20T15:28:51.371607+00:00
102007737,167558,돌다리몰,101903865,http://shop1.phinf.naver.net/20240226_166/1708902911830wFn2T_PNG/110038807568173291_1093551787.png,https://shoppinglive.naver.com/channels/167558,GRADE_2,,2026-05-20T15:28:51.371607+00:00
102465369,215188,주식회사 하이펙,102349156,http://shop1.phinf.naver.net/20240923_31/1727056702263GFN9W_JPEG/61189553417334159_830416119.jpg,https://shoppinglive.naver.com/channels/215188,GRADE_1,,2026-05-20T15:28:51.371607+00:00
101674188,168069,아메리칸투어리스터,101582057,https://shop-phinf.pstatic.net/20241021_160/1729515956246bEynj_JPEG/6f8a5992.jpg,https://shoppinglive.naver.com/channels/168069,GRADE_1,NC 고잔점,2026-05-20T15:28:51.371607+00:00
101131219,85976,엠블룩,101058415,http://shop1.phinf.naver.net/20250611_68/1749617069647kKy3m_JPEG/41364861567012172_1643908039.jpg,https://shoppinglive.naver.com/channels/85976,GRADE_1,,2026-05-20T15:28:52.167942+00:00
101249773,81011,앤오앤앤,101171903,http://shop1.phinf.naver.net/20221104_50/1667524001284n8xyb_JPEG/68659835105285107_1385546240.jpg,https://shoppinglive.naver.com/channels/81011,GRADE_2,,2026-05-20T15:28:52.167942+00:00
500218432,29485,딜라이트바이행아웃,500218432,http://shop1.phinf.naver.net/20260324_252/1774347914561urtpk_JPEG/19956476555421640_-116452347.jpg,https://shoppinglive.naver.com/channels/29485,GRADE_2,,2026-05-20T15:28:52.167942+00:00
1000005024,19546,부산대W,500097329,http://shop1.phinf.naver.net/20191124_118/1574557282279hGf8k_JPEG/11919615831894104_661184295.jpg,https://shoppinglive.naver.com/channels/19546,GRADE_3,,2026-05-20T15:28:52.953862+00:00
1100127469,263027,Showpicks,1100125116,http://shop1.phinf.naver.net/20260416_46/1776300680951fY3wR_JPEG/61257266005145178_372678524.jpg,https://shoppinglive.naver.com/channels/263027,GRADE_2,,2026-05-20T15:28:52.953862+00:00
101636870,228814,바이 뉴욕,101545780,http://shop1.phinf.naver.net/20221129_114/16696932067577jYta_JPEG/70829102495001138_1492158876.jpg,https://shoppinglive.naver.com/channels/228814,GRADE_1,,2026-05-20T15:28:52.953862+00:00
102763704,246563,나인스텝,102640863,https://shop-phinf.pstatic.net/20241021_160/1729515956246bEynj_JPEG/6f8a5992.jpg,https://shoppinglive.naver.com/channels/246563,GRADE_2,롯데백화점 미아점,2026-05-20T15:28:53.782107+00:00
100434130,109957,늘품다,100393256,http://shop1.phinf.naver.net/20230821_158/1692577789680pPoeG_JPEG/93713573398302718_1525431544.jpg,https://shoppinglive.naver.com/channels/109957,GRADE_2,,2026-05-20T15:28:54.620064+00:00
101540112,260918,코지몽,101451974,http://shop1.phinf.naver.net/20220426_155/16509559591988TwpR_PNG/52091738924471964_1818766147.png,https://shoppinglive.naver.com/channels/260918,GRADE_1,,2026-05-20T15:28:54.620064+00:00
500121641,21608,쿠칭아일랜드,500121641,http://shop1.phinf.naver.net/20241023_102/1729665284852U4qv5_JPEG/1283422668477570_1966309825.jpeg,https://shoppinglive.naver.com/channels/21608,GRADE_2,,2026-05-20T15:28:54.620064+00:00
100465528,60321,블루트,100422367,http://shop1.phinf.naver.net/20200330_76/1585562392950SiUsD_PNG/22923131583893830_109290782.png,https://shoppinglive.naver.com/channels/60321,GRADE_2,,2026-05-20T15:28:55.401746+00:00
500175630,26139,치트키,500175630,http://shop1.phinf.naver.net/20250220_260/1740024268731lYtEd_JPEG/76387916130176299_940205178.jpg,https://shoppinglive.naver.com/channels/26139,GRADE_2,,2026-05-20T15:28:56.172806+00:00
100962714,81576,시그니처 66사이즈,100896714,http://shop1.phinf.naver.net/20250112_44/1736689067428gbEFY_JPEG/70821915933138488_666266666.jpg,https://shoppinglive.naver.com/channels/81576,GRADE_2,,2026-05-20T15:28:57.017470+00:00
100168495,61816,한스모자,100151678,http://shop1.phinf.naver.net/20230316_143/1678930467238f2bWq_JPEG/80066246956569414_1550208310.jpg,https://shoppinglive.naver.com/channels/61816,GRADE_2,,2026-05-20T15:28:58.035585+00:00
101135308,72986,쿤페,101062342,http://shop1.phinf.naver.net/20250811_177/1754901364142fWYI4_PNG/9699833069984287_580420647.png,https://shoppinglive.naver.com/channels/72986,GRADE_2,,2026-05-20T15:28:58.035585+00:00
100725319,381,마르헨제이,100668359,http://shop1.phinf.naver.net/20221117_264/1668651608591CtK8I_JPEG/69787454308647574_440917464.jpg,https://shoppinglive.naver.com/channels/381,GRADE_2,,2026-05-20T15:28:58.706675+00:00
500071666,17289,올내츄럴,500071666,http://shop1.phinf.naver.net/20250220_119/1740029979608BHVCM_JPEG/1367226721132654_1261305416.jpg,https://shoppinglive.naver.com/channels/17289,GRADE_2,,2026-05-20T15:28:58.706675+00:00
100697523,61337,우모르,100641720,http://shop1.phinf.naver.net/20230413_231/16813838680448TDSt_JPEG/82519766757423741_1390526249.jpg,https://shoppinglive.naver.com/channels/61337,GRADE_2,,2026-05-20T15:28:58.706675+00:00
102464987,206415,앤리닛,102348781,http://shop1.phinf.naver.net/20240906_4/1725606895684YDO8T_JPEG/6702301577628808_356001978.jpg,https://shoppinglive.naver.com/channels/206415,GRADE_2,,2026-05-20T15:28:58.706675+00:00
100398212,257672,반려키링연구소,100360225,http://shop1.phinf.naver.net/20260516_44/17788987917715MzIM_JPEG/2593832731249150_1217167632.jpg,https://shoppinglive.naver.com/channels/257672,GRADE_2,,2026-05-20T15:28:58.706675+00:00
500040530,166391,레이지비 LAZYBEE,500040530,http://shop1.phinf.naver.net/20200622_87/1592806708757KgbAV_JPEG/30169042334505635_1857132785.jpg,https://shoppinglive.naver.com/channels/166391,GRADE_2,,2026-05-20T15:28:58.706675+00:00
102721987,255050,너드데이즈,102599799,http://shop1.phinf.naver.net/20250715_292/1752552343492kzCY5_JPEG/83886761010712062_1650471309.jpg,https://shoppinglive.naver.com/channels/255050,GRADE_1,,2026-05-20T15:28:59.441350+00:00
102206825,263880,베스트 스토어.,102096946,http://shop1.phinf.naver.net/20231220_57/1703026554664evdBu_JPEG/30329238545408627_760488727.jpg,https://shoppinglive.naver.com/channels/263880,GRADE_1,,2026-05-20T15:29:01.984831+00:00
102428000,207778,주식회사 코르딕스,102312835,http://shop1.phinf.naver.net/20240728_54/1722170273088vjx0p_PNG/16558030098158037_1931073709.png,https://shoppinglive.naver.com/channels/207778,GRADE_3,,2026-05-20T15:29:02.818589+00:00
101645447,119195,아이데이지,101554127,http://shop1.phinf.naver.net/20220824_269/1661328549692NuclH_JPEG/62464438404586685_1656651615.jpg,https://shoppinglive.naver.com/channels/119195,GRADE_2,,2026-05-20T15:29:02.818589+00:00
102510671,240176,코코니 상점,102393045,http://shop1.phinf.naver.net/20251127_181/1764170137798Vfwlx_JPEG/68569415624098652_1843964151.jpg,https://shoppinglive.naver.com/channels/240176,GRADE_1,,2026-05-20T15:29:02.818589+00:00
1000015810,27804,슈콤마보니,500195173,https://shop-phinf.pstatic.net/20241021_160/1729515956246bEynj_JPEG/6f8a5992.jpg,https://shoppinglive.naver.com/channels/27804,GRADE_2,롯데 프리미엄 김해점,2026-05-20T15:29:03.671720+00:00
101271794,216592,지엔텍 세이프티,101193069,http://shop1.phinf.naver.net/20230717_122/1689560343730GSaS2_PNG/90696177549240577_1971100789.png,https://shoppinglive.naver.com/channels/216592,GRADE_1,,2026-05-20T15:29:05.231466+00:00
500018491,11573,로로텐,500018491,http://shop1.phinf.naver.net/20241231_105/1735616908597OMBcR_JPEG/69749756391980588_1253621563.jpg,https://shoppinglive.naver.com/channels/11573,GRADE_2,,2026-05-20T15:29:05.827644+00:00
101490339,98979,슈리오,101404236,http://shop1.phinf.naver.net/20220314_70/1647215918009BGrg1_PNG/48351760254074016_494243464.png,https://shoppinglive.naver.com/channels/98979,GRADE_1,,2026-05-20T15:29:06.430702+00:00
100783861,107656,서나룸,100724893,http://shop1.phinf.naver.net/20260223_209/1771774593514FONCl_JPEG/40434028395840099_50661506.jpg,https://shoppinglive.naver.com/channels/107656,GRADE_2,,2026-05-20T15:29:06.430702+00:00
100114685,39198,셀렉샵 리코,100103402,http://shop1.phinf.naver.net/20260320_246/1773985972437bR5O9_PNG/40788985172506787_-430747642.png,https://shoppinglive.naver.com/channels/39198,GRADE_1,,2026-05-20T15:29:07.271639+00:00
500129760,22400,일로레더,500129760,http://shop1.phinf.naver.net/20210822_257/1629607290320pjbgy_JPEG/30743136038704693_1638387180.jpg,https://shoppinglive.naver.com/channels/22400,GRADE_1,,2026-05-20T15:29:08.097439+00:00
100003239,90131,숨st,500160239,http://shop1.phinf.naver.net/20220212_224/16446383685952ka73_JPEG/45774152306348393_1313161617.JPG,https://shoppinglive.naver.com/channels/90131,GRADE_2,,2026-05-20T15:29:08.097439+00:00
1000011681,183370,휘황,500090831,http://shop1.phinf.naver.net/20260325_40/1774395465374FpsUh_JPEG/19723309032365208_-987221017.JPG,https://shoppinglive.naver.com/channels/183370,GRADE_1,,2026-05-20T15:29:08.971967+00:00
500034676,159077,블루 레몬,500034676,http://shop1.phinf.naver.net/20260324_88/1774317847793bt1xM_JPEG/8c2b8c7f-6735-450c-a754-a13725908420.jpg,https://shoppinglive.naver.com/channels/159077,GRADE_1,,2026-05-20T15:29:12.239519+00:00
100571373,129333,요나살롱,100521651,http://shop1.phinf.naver.net/20210129_69/1611889903936KYl8H_JPEG/13025746440757179_798789254.jpg,https://shoppinglive.naver.com/channels/129333,GRADE_1,,2026-05-20T15:29:17.739091+00:00
100941979,90367,엉빵핏,100876779,http://shop1.phinf.naver.net/20251210_206/176536432464626I0h_PNG/33788919760479289_1194193717.png,https://shoppinglive.naver.com/channels/90367,GRADE_1,,2026-05-20T15:29:18.844149+00:00
500184004,197273,마리엔느리본,500184004,http://shop2.phinf.naver.net/20161109_288/mari2bbon_1478693992208HCVoq_JPEG/b28ca63e-361c-4817-b3e4-f554262750e3.jpg,https://shoppinglive.naver.com/channels/197273,GRADE_1,,2026-05-20T15:29:19.734015+00:00
1100075713,263877,모아벨리 MOAVELLI,1100074254,https://shop-phinf.pstatic.net/20241021_160/1729515956246bEynj_JPEG/6f8a5992.jpg,https://shoppinglive.naver.com/channels/263877,GRADE_1,,2026-05-20T15:29:20.530062+00:00
100451235,34289,블루밍에이치,100003181,http://shop1.phinf.naver.net/20260324_9/17743069472164tKAJ_JPEG/81038734546440173_1898382746.jpg,https://shoppinglive.naver.com/channels/34289,GRADE_2,,2026-05-20T15:29:21.335386+00:00
101307351,206804,패션의도매상,101227189,http://shop1.phinf.naver.net/20211011_174/1633944002345Gn49u_JPEG/35079830174321743_4954016.jpg,https://shoppinglive.naver.com/channels/206804,GRADE_1,,2026-05-20T15:29:21.335386+00:00
102738823,251523,화도주얼리,102616352,http://shop1.phinf.naver.net/20251109_270/1762618951195l4YtC_JPEG/12385138345515575_436200064.jpg,https://shoppinglive.naver.com/channels/251523,GRADE_1,,2026-05-20T15:29:21.335386+00:00
100627983,263875,트렌디메이커,100575480,http://shop1.phinf.naver.net/20200416_266/1586964585678XKKWg_JPEG/24326128308462533_1411745279.jpg,https://shoppinglive.naver.com/channels/263875,GRADE_1,,2026-05-20T15:29:21.335386+00:00
100647040,95835,키라미,100593523,http://shop1.phinf.naver.net/20260402_34/1775121314178nlQpV_JPEG/16268043891420324_1093509627.jpg,https://shoppinglive.naver.com/channels/95835,GRADE_2,,2026-05-20T15:29:23.202971+00:00
100083812,37845,헤이다나,100075244,http://shop1.phinf.naver.net/20200416_245/1587004094839z4JtO_JPEG/24367483109493750_1417223001.jpg,https://shoppinglive.naver.com/channels/37845,GRADE_2,,2026-05-20T15:29:23.202971+00:00
101995074,163163,서하한복,101891619,http://shop1.phinf.naver.net/20230828_213/16932102436765Alis_JPEG/94346078512096166_854599919.jpg,https://shoppinglive.naver.com/channels/163163,GRADE_1,,2026-05-20T15:29:23.202971+00:00
102150984,152260,시슬리,102042803,https://shop-phinf.pstatic.net/20241021_160/1729515956246bEynj_JPEG/6f8a5992.jpg,https://shoppinglive.naver.com/channels/152260,GRADE_1,이천일 분당점,2026-05-20T15:29:24.780625+00:00
102195803,171213,커먼타이거,102086275,http://shop1.phinf.naver.net/20240228_162/1709104735236nM2Yw_JPEG/110240514962191649_197060932.jpg,https://shoppinglive.naver.com/channels/171213,GRADE_2,,2026-05-20T15:29:26.608278+00:00
101628949,112785,행사날 Haengsanal,101538076,http://shop1.phinf.naver.net/20250618_123/17502193822126MiBx_PNG/5428440055414943_136169689.png,https://shoppinglive.naver.com/channels/112785,GRADE_1,,2026-05-20T15:29:26.608278+00:00
101972026,149001,타임리스 아틀리에.,101869336,http://shop1.phinf.naver.net/20250827_149/17562916031437Xazl_JPEG/90424450940268343_1348924125.jpg,https://shoppinglive.naver.com/channels/149001,GRADE_1,,2026-05-20T15:29:27.395107+00:00
102492123,241701,케네스레이디,102374997,https://shop-phinf.pstatic.net/20241021_160/1729515956246bEynj_JPEG/6f8a5992.jpg,https://shoppinglive.naver.com/channels/241701,GRADE_1,이천일 분당점,2026-05-20T15:29:28.192295+00:00
102549048,229827,어도어링ADORE-RING,102430291,http://shop1.phinf.naver.net/20250305_208/1741168647443MNcw3_JPEG/47724357849776777_1155398496.jpg,https://shoppinglive.naver.com/channels/229827,GRADE_1,,2026-05-20T15:29:29.179799+00:00
1000022444,62029,닥스셔츠,1000022444,https://shop-phinf.pstatic.net/20241021_160/1729515956246bEynj_JPEG/6f8a5992.jpg,https://shoppinglive.naver.com/channels/62029,GRADE_1,갤러리아백화점 광교점,2026-05-20T15:29:29.179799+00:00
500251219,62978,파토리,500251219,http://shop1.phinf.naver.net/20220719_185/1658197296056yGWRh_PNG/59333141775296470_1942238349.png,https://shoppinglive.naver.com/channels/62978,GRADE_1,,2026-05-20T15:29:29.179799+00:00
1000015826,27909,메트로시티,500195201,https://shop-phinf.pstatic.net/20241021_160/1729515956246bEynj_JPEG/6f8a5992.jpg,https://shoppinglive.naver.com/channels/27909,GRADE_1,롯데 프리미엄 김해점,2026-05-20T15:29:29.179799+00:00
102624621,263449,Onni,102504294,http://shop1.phinf.naver.net/20260506_231/1778051296733eetrE_PNG/834968876114100_1512402622.png,https://shoppinglive.naver.com/channels/263449,GRADE_1,,2026-05-20T15:29:29.914564+00:00
100227250,70477,미퓨어mepure,100204189,http://shop1.phinf.naver.net/20220622_47/1655865139275xEdrc_JPEG/57001034150974164_1836870615.jpg,https://shoppinglive.naver.com/channels/70477,GRADE_1,,2026-05-20T15:29:29.914564+00:00
1000007493,21362,파트,500120136,http://shop1.phinf.naver.net/20260325_144/1774393531883gaqgM_JPEG/243901445932950511.jpeg,https://shoppinglive.naver.com/channels/21362,GRADE_1,,2026-05-20T15:29:30.762160+00:00
100055738,36529,지토스포츠,100049485,http://shop1.phinf.naver.net/20221218_125/16713406482405OFAv_JPEG/72476490952627408_590105740.jpg,https://shoppinglive.naver.com/channels/36529,GRADE_2,,2026-05-20T15:29:33.058931+00:00
101037702,83468,실크세계,100968558,http://shop1.phinf.naver.net/20260122_72/1769065381118em80S_JPEG/42052234260909938_2138906747.jpg,https://shoppinglive.naver.com/channels/83468,GRADE_2,,2026-05-20T15:29:33.651392+00:00
500016026,99265,쏭스토리,500016026,http://shop1.phinf.naver.net/20240915_293/1726391896692MzyAi_JPEG/12287727722164665_2104387190.jpg,https://shoppinglive.naver.com/channels/99265,GRADE_2,,2026-05-20T15:29:36.622818+00:00
101533336,105728,비지트인뉴욕,101445598,https://shop-phinf.pstatic.net/20241021_160/1729515956246bEynj_JPEG/6f8a5992.jpg,https://shoppinglive.naver.com/channels/105728,GRADE_2,이천일 중계점,2026-05-20T15:29:39.674086+00:00
100632044,226810,더트리아농,100579366,http://shop1.phinf.naver.net/20260504_206/1777868399043HsWlT_JPEG/79812412829570206_920349598.jpeg,https://shoppinglive.naver.com/channels/226810,GRADE_1,,2026-05-20T15:29:41.419893+00:00
102540432,216189,디얼95,102421986,http://shop1.phinf.naver.net/20241218_57/1734520068502FCfIe_JPEG/3733655381999630_1471425113.jpg,https://shoppinglive.naver.com/channels/216189,GRADE_2,,2026-05-20T15:29:41.419893+00:00
100385400,72192,홀리엘,100348466,http://shop1.phinf.naver.net/20210601_215/1622524293667B6N5B_PNG/23660136379900837_1867801503.png,https://shoppinglive.naver.com/channels/72192,GRADE_2,,2026-05-20T15:29:42.563608+00:00
101885367,135621,원석파는 고양이,101785909,http://shop1.phinf.naver.net/20230814_294/1691940479009RowcU_JPEG/93076367723482853_503212492.jpg,https://shoppinglive.naver.com/channels/135621,GRADE_2,,2026-05-20T15:29:42.563608+00:00
100237529,105567,마드제이,100213494,http://shop1.phinf.naver.net/20210401_79/1617249094402lk6rL_JPEG/18384982877846643_79848056.jpg,https://shoppinglive.naver.com/channels/105567,GRADE_2,,2026-05-20T15:29:42.563608+00:00
100164069,41393,로로희,100147754,http://shop1.phinf.naver.net/20260320_182/17739979798800wwmG_JPEG/6574758433673944_877817299.jpg,https://shoppinglive.naver.com/channels/41393,GRADE_2,,2026-05-20T15:29:43.528827+00:00
500214610,263867,신창 손뜨개,500214610,http://shop1.phinf.naver.net/20260519_280/1779190234770Pgrkd_JPEG/53755161902978937_284909278.jpg,https://shoppinglive.naver.com/channels/263867,GRADE_1,,2026-05-20T15:29:44.594508+00:00
101335071,164579,브라운라벨.,101254036,http://shop1.phinf.naver.net/20211013_61/1634114316372LECxe_JPEG/35250162083513003_672673743.jpg,https://shoppinglive.naver.com/channels/164579,GRADE_1,,2026-05-20T15:29:45.646519+00:00
1000012842,24627,앤모브,500157681,http://shop1.phinf.naver.net/20250123_204/1737608963654JGKv3_JPEG/51811049636643220_455848089.jpg,https://shoppinglive.naver.com/channels/24627,GRADE_2,,2026-05-20T15:29:45.646519+00:00
100211172,43313,에블바디,100189582,http://shop1.phinf.naver.net/20260323_34/1774235603108AaRLz_JPEG/53405948277192395_337550614.jpeg,https://shoppinglive.naver.com/channels/43313,GRADE_2,,2026-05-20T15:29:45.646519+00:00
100456265,52786,앰버옵티컬,100413834,http://shop1.phinf.naver.net/20240531_27/1717119420278PAg6q_JPEG/44422104164838918_1629169947.jpg,https://shoppinglive.naver.com/channels/52786,GRADE_1,,2026-05-20T15:29:45.646519+00:00
1000012091,60844,CC.COLLECT,1000012091,https://shop-phinf.pstatic.net/20241021_160/1729515956246bEynj_JPEG/6f8a5992.jpg,https://shoppinglive.naver.com/channels/60844,GRADE_2,갤러리아백화점 타임월드점,2026-05-20T15:29:45.646519+00:00
500198189,27879,패션 하우스,500198189,http://shop2.phinf.naver.net/20161012_210/ywoo_1476243321415Ymszi_JPEG/587003076258567_1666889307.jpg,https://shoppinglive.naver.com/channels/27879,GRADE_2,,2026-05-20T15:29:46.669038+00:00
1100051715,257688,트 엘,1100050847,http://shop1.phinf.naver.net/20260404_30/1775244208607H8L50_JPEG/13029212816377418_1967717483.jpg,https://shoppinglive.naver.com/channels/257688,GRADE_1,,2026-05-20T15:29:47.546207+00:00
1100062383,260003,rosie layer,1100061320,http://shop1.phinf.naver.net/20260507_125/1778119828658kqkhV_JPEG/109698625601348363_345712001.jpg,https://shoppinglive.naver.com/channels/260003,GRADE_3,,2026-05-20T15:29:48.543636+00:00
1000020846,31107,소다,500243873,https://shop-phinf.pstatic.net/20241021_160/1729515956246bEynj_JPEG/6f8a5992.jpg,https://shoppinglive.naver.com/channels/31107,GRADE_2,현대아울렛 동대문점,2026-05-20T15:29:48.543636+00:00
1000011060,68702,타미진,1000011060,https://shop-phinf.pstatic.net/20241021_160/1729515956246bEynj_JPEG/6f8a5992.jpg,https://shoppinglive.naver.com/channels/68702,GRADE_2,롯데백화점 부산본점,2026-05-20T15:29:49.701181+00:00
102592738,258733,edc8ang,102473016,http://shop1.phinf.naver.net/20250310_259/1741584985072rt9VE_PNG/75717803833081244_2083832242.png,https://shoppinglive.naver.com/channels/258733,GRADE_1,,2026-05-20T15:29:49.701181+00:00
102793486,251432,LOVE.로지,102670145,http://shop1.phinf.naver.net/20260111_87/1768092865243ThULO_PNG/34278692689260542_38063660.png,https://shoppinglive.naver.com/channels/251432,GRADE_2,,2026-05-20T15:29:49.701181+00:00
100123717,39519,보니스팍스,100111618,https://shop-phinf.pstatic.net/20241021_160/1729515956246bEynj_JPEG/6f8a5992.jpg,https://shoppinglive.naver.com/channels/39519,GRADE_2,NC 야탑점,2026-05-20T15:29:50.378744+00:00
1000016443,28178,시슬리,500202159,https://shop-phinf.pstatic.net/20241021_160/1729515956246bEynj_JPEG/6f8a5992.jpg,https://shoppinglive.naver.com/channels/28178,GRADE_2,NC 강서점,2026-05-20T15:29:51.508165+00:00
500149791,59520,메이비투아,500149791,http://shop1.phinf.naver.net/20200908_102/1599533193678t29qq_JPEG/668973403935301_1216046570.jpg,https://shoppinglive.naver.com/channels/59520,GRADE_3,,2026-05-20T15:29:51.508165+00:00
100762795,124444,듀엘,100704539,https://shop-phinf.pstatic.net/20241021_160/1729515956246bEynj_JPEG/6f8a5992.jpg,https://shoppinglive.naver.com/channels/124444,GRADE_1,신세계프리미엄아울렛 부산점,2026-05-20T15:29:51.508165+00:00
1100116026,261358,르제로,1100113862,http://shop1.phinf.naver.net/20260330_110/17748546264611eexi_PNG/3995358072215063_34359424.png,https://shoppinglive.naver.com/channels/261358,GRADE_2,,2026-05-20T15:29:52.687820+00:00
102493872,212376,에고이스트,102376648,https://shop-phinf.pstatic.net/20241021_160/1729515956246bEynj_JPEG/6f8a5992.jpg,https://shoppinglive.naver.com/channels/212376,GRADE_2,롯데 아울렛 서울역점,2026-05-20T15:29:52.687820+00:00
100013403,212709,종로귀금속 DORY GOLD,500173770,http://shop1.phinf.naver.net/20260319_184/1773904960159KgaWq_JPEG/20397336534538970_614248138.jpg,https://shoppinglive.naver.com/channels/212709,GRADE_1,,2026-05-20T15:29:52.687820+00:00
100267006,45286,찰스앤키스코리아,100240003,http://shop1.phinf.naver.net/20240312_28/17102544553052UR6e_JPEG/111390235026426621_1285293003.jpg,https://shoppinglive.naver.com/channels/45286,GRADE_2,,2026-05-20T15:29:53.454642+00:00
500173770,129031,도리골드,500173770,http://shop1.phinf.naver.net/20260324_262/1774339819336gcpVB_JPEG/18606092288432074_1771573860.jpg,https://shoppinglive.naver.com/channels/129031,GRADE_1,,2026-05-20T15:29:53.454642+00:00
100066977,70642,nasnas,500040388,http://shop1.phinf.naver.net/20260320_265/1773974336092OYQGH_JPEG/29368809700376336_-1519434688.PNG,https://shoppinglive.naver.com/channels/70642,GRADE_2,,2026-05-20T15:29:54.552227+00:00
100611475,223499,키롱키롱,100559723,http://shop1.phinf.naver.net/20241230_113/1735541715963cctRW_PNG/11159777438121486_1958272236.png,https://shoppinglive.naver.com/channels/223499,GRADE_1,,2026-05-20T15:29:54.552227+00:00
1000007227,13759,오조이,500038110,http://shop1.phinf.naver.net/20260325_296/177439337172402xtW_JPEG/11659488353850394_1152293408.jpg,https://shoppinglive.naver.com/channels/13759,GRADE_2,,2026-05-20T15:29:55.708865+00:00
102453767,204070,노멀마미,102337928,http://shop1.phinf.naver.net/20240909_170/1725849442623E40y6_JPEG/59982293772919950_1534478443.jpg,https://shoppinglive.naver.com/channels/204070,GRADE_2,,2026-05-20T15:29:55.708865+00:00
102747457,260189,베네통,102624823,https://shop-phinf.pstatic.net/20241021_160/1729515956246bEynj_JPEG/6f8a5992.jpg,https://shoppinglive.naver.com/channels/260189,GRADE_2,롯데몰 은평점,2026-05-20T15:29:55.708865+00:00
102638694,234297,더아이잗,102518084,https://shop-phinf.pstatic.net/20241021_160/1729515956246bEynj_JPEG/6f8a5992.jpg,https://shoppinglive.naver.com/channels/234297,GRADE_1,롯데 아울렛 진주점,2026-05-20T15:29:55.708865+00:00
101983213,132289,민후상점,101880129,http://shop1.phinf.naver.net/20230530_83/1685415891212N9KUd_JPEG/86551733925802871_1515488271.jpg,https://shoppinglive.naver.com/channels/132289,GRADE_2,,2026-05-20T15:29:57.540810+00:00
101258610,242323,nanoglad,101180417,http://shop1.phinf.naver.net/20211114_81/1636894660933SQBMm_JPEG/38030506648948411_167483146.JPG,https://shoppinglive.naver.com/channels/242323,GRADE_1,,2026-05-20T15:29:58.674604+00:00
102220897,216923,대명스포츠전문점,102110657,http://shop1.phinf.naver.net/20240122_194/1705921194393xCrXA_JPEG/107057093101279057_119669521.jpg,https://shoppinglive.naver.com/channels/216923,GRADE_2,,2026-05-20T15:29:59.685692+00:00
101820509,180968,아이엠 나나,101723006,http://shop1.phinf.naver.net/20230113_54/1673595878898biQXn_JPEG/74731774632233308_1868705521.jpg,https://shoppinglive.naver.com/channels/180968,GRADE_1,,2026-05-20T15:29:59.685692+00:00
100287347,46149,온보네흐,100258527,http://shop1.phinf.naver.net/20260323_111/1774251379589qV2dM_PNG/34418921993687457_1974169526.png,https://shoppinglive.naver.com/channels/46149,GRADE_2,,2026-05-20T15:29:59.685692+00:00
1000012109,59940,SI,1000012109,https://shop-phinf.pstatic.net/20241021_160/1729515956246bEynj_JPEG/6f8a5992.jpg,https://shoppinglive.naver.com/channels/59940,GRADE_2,갤러리아백화점 타임월드점,2026-05-20T15:30:00.550234+00:00
1100080454,259984,올리브데올리브,1100078882,https://shop-phinf.pstatic.net/20241021_160/1729515956246bEynj_JPEG/6f8a5992.jpg,https://shoppinglive.naver.com/channels/259984,GRADE_1,신세계프리미엄아울렛 빌리지점,2026-05-20T15:30:00.550234+00:00
100845624,161703,리스트,100520802,https://shop-phinf.pstatic.net/20241021_160/1729515956246bEynj_JPEG/6f8a5992.jpg,https://shoppinglive.naver.com/channels/161703,GRADE_1,롯데 아울렛 광주월드컵점,2026-05-20T15:30:00.550234+00:00
100042328,23534,주크,500142373,https://shop-phinf.pstatic.net/20241021_160/1729515956246bEynj_JPEG/6f8a5992.jpg,https://shoppinglive.naver.com/channels/23534,GRADE_2,롯데 프리미엄 파주점,2026-05-20T15:30:00.550234+00:00
100637572,58189,더틸버리,100584598,https://shop-phinf.pstatic.net/20241021_160/1729515956246bEynj_JPEG/6f8a5992.jpg,https://shoppinglive.naver.com/channels/58189,GRADE_2,롯데 아울렛 고양터미널점,2026-05-20T15:30:00.550234+00:00
1000003400,322,보브,500142408,https://shop-phinf.pstatic.net/20241021_160/1729515956246bEynj_JPEG/6f8a5992.jpg,https://shoppinglive.naver.com/channels/322,GRADE_1,롯데 프리미엄 이천점,2026-05-20T15:30:01.691999+00:00
101501636,111560,와이잭,101415122,http://shop1.phinf.naver.net/20230320_243/1679276835772fe92q_PNG/80412663595441610_1050722894.png,https://shoppinglive.naver.com/channels/111560,GRADE_2,,2026-05-20T15:30:01.691999+00:00
500243271,65199,르무통,500243271,http://shop1.phinf.naver.net/20221130_135/1669787375071c1T9B_JPEG/70923209904682692_1191226993.jpg,https://shoppinglive.naver.com/channels/65199,GRADE_3,,2026-05-20T15:30:01.691999+00:00
1000012096,60142,라인LINE,1000012096,https://shop-phinf.pstatic.net/20241021_160/1729515956246bEynj_JPEG/6f8a5992.jpg,https://shoppinglive.naver.com/channels/60142,GRADE_2,갤러리아백화점 타임월드점,2026-05-20T15:30:01.691999+00:00
100451039,21625,캄스코리아,100409057,http://shop1.phinf.naver.net/20240823_275/1724388259378XG5uX_JPEG/3960613600639629_1307452305.jpg,https://shoppinglive.naver.com/channels/21625,GRADE_2,,2026-05-20T15:30:01.691999+00:00
101531575,178949,BCBG올앤선드리,101443942,https://shop-phinf.pstatic.net/20241021_160/1729515956246bEynj_JPEG/6f8a5992.jpg,https://shoppinglive.naver.com/channels/178949,GRADE_2,이천일 분당점,2026-05-20T15:30:03.809261+00:00
101736069,99163,당당걸,500229577,http://shop1.phinf.naver.net/20250116_163/1737004266248biXNA_JPEG/17546474891306181_1669203447.jpg,https://shoppinglive.naver.com/channels/99163,GRADE_1,,2026-05-20T15:30:03.809261+00:00
101731902,179772,노스페이스화이트라벨,101637785,https://shop-phinf.pstatic.net/20241021_160/1729515956246bEynj_JPEG/6f8a5992.jpg,https://shoppinglive.naver.com/channels/179772,GRADE_2,롯데백화점 동탄점,2026-05-20T15:30:03.809261+00:00
500256631,143330,로이아 roia,500256631,http://shop1.phinf.naver.net/20260226_53/1772085893032Bsmf6_PNG/21665048928526875_2130737092.png,https://shoppinglive.naver.com/channels/143330,GRADE_1,,2026-05-20T15:30:05.989411+00:00
100522500,55070,잇미샤,100475557,https://shop-phinf.pstatic.net/20241021_160/1729515956246bEynj_JPEG/6f8a5992.jpg,https://shoppinglive.naver.com/channels/55070,GRADE_1,롯데 아울렛 서울역점,2026-05-20T15:30:05.989411+00:00
101218187,71833,JUCYJUDY,101141748,http://shop1.phinf.naver.net/20220411_232/16496432959065W9zP_JPEG/50779141389627137_583612620.jpg,https://shoppinglive.naver.com/channels/71833,GRADE_1,,2026-05-20T15:30:06.940686+00:00
100682405,168487,크린뷰,100627205,http://shop1.phinf.naver.net/20251105_62/17622720984042kE1a_PNG/16865466350856317_391708671.png,https://shoppinglive.naver.com/channels/168487,GRADE_2,,2026-05-20T15:30:06.940686+00:00
100429268,134779,롯데 광교점 로제도르,100388742,https://shop-phinf.pstatic.net/20241021_160/1729515956246bEynj_JPEG/6f8a5992.jpg,https://shoppinglive.naver.com/channels/134779,GRADE_2,,2026-05-20T15:30:07.855830+00:00
101531329,192019,리스트,101443735,https://shop-phinf.pstatic.net/20241021_160/1729515956246bEynj_JPEG/6f8a5992.jpg,https://shoppinglive.naver.com/channels/192019,GRADE_1,이천일 분당점,2026-05-20T15:30:07.855830+00:00
100746051,68732,VIVIOLA,500130803,http://shop1.phinf.naver.net/20230222_255/1676997099455FViy9_JPEG/78132995105752749_530781778.jpg,https://shoppinglive.naver.com/channels/68732,GRADE_2,,2026-05-20T15:30:07.855830+00:00
101531586,240512,발렌시아,101443949,https://shop-phinf.pstatic.net/20241021_160/1729515956246bEynj_JPEG/6f8a5992.jpg,https://shoppinglive.naver.com/channels/240512,GRADE_1,이천일 분당점,2026-05-20T15:30:09.071058+00:00
102187405,195156,종로부티끄,102078124,http://shop1.phinf.naver.net/20240529_41/1716964207999NAHld_PNG/118100096712413790_639768555.png,https://shoppinglive.naver.com/channels/195156,GRADE_1,,2026-05-20T15:30:09.071058+00:00
102048116,175194,우아한여니,101943018,http://shop1.phinf.naver.net/20240323_41/1711169415257izg6B_JPEG/112305249078254415_2016729561.jpg,https://shoppinglive.naver.com/channels/175194,GRADE_1,,2026-05-20T15:30:10.322518+00:00
101117477,84591,플로르블루,101045320,http://shop1.phinf.naver.net/20230830_68/1693404545886nWOOB_PNG/94540380703683413_141586768.png,https://shoppinglive.naver.com/channels/84591,GRADE_1,,2026-05-20T15:30:10.322518+00:00
500020267,11907,미틈,500020267,http://shop1.phinf.naver.net/20260324_110/1774315518112CIoog_JPEG/30946776593237126_1101997838.jpg,https://shoppinglive.naver.com/channels/11907,GRADE_1,,2026-05-20T15:30:10.988082+00:00
102745373,261211,리바이스,102622780,https://shop-phinf.pstatic.net/20241021_160/1729515956246bEynj_JPEG/6f8a5992.jpg,https://shoppinglive.naver.com/channels/261211,GRADE_1,롯데몰 은평점,2026-05-20T15:30:10.988082+00:00
1000020866,517,모조에스핀,500243909,https://shop-phinf.pstatic.net/20241021_160/1729515956246bEynj_JPEG/6f8a5992.jpg,https://shoppinglive.naver.com/channels/517,GRADE_1,롯데 프리미엄 광명점,2026-05-20T15:30:10.988082+00:00
102211772,193253,시크모닉,102101745,http://shop1.phinf.naver.net/20240313_19/1710309502967TSg29_JPEG/111445391680615073_228335506.jpg,https://shoppinglive.naver.com/channels/193253,GRADE_2,,2026-05-20T15:30:10.988082+00:00
100625503,65009,온앤온,100522778,https://shop-phinf.pstatic.net/20241021_160/1729515956246bEynj_JPEG/6f8a5992.jpg,https://shoppinglive.naver.com/channels/65009,GRADE_1,롯데 아울렛 진주점,2026-05-20T15:30:11.870829+00:00
100522670,146664,올리브데올리브,100475693,https://shop-phinf.pstatic.net/20241021_160/1729515956246bEynj_JPEG/6f8a5992.jpg,https://shoppinglive.naver.com/channels/146664,GRADE_2,롯데 아울렛 광주월드컵점,2026-05-20T15:30:11.870829+00:00
100313682,47199,해피데이 파자마,100282190,http://shop1.phinf.naver.net/20250326_225/1742979170731tv668_PNG/77333583505197848_192130340.png,https://shoppinglive.naver.com/channels/47199,GRADE_2,,2026-05-20T15:30:12.697438+00:00
100072948,37246,마이워니,100065296,http://shop1.phinf.naver.net/20201013_64/1602573123177IBht8_JPEG/3708951000730116_158443455.jpg,https://shoppinglive.naver.com/channels/37246,GRADE_2,,2026-05-20T15:30:12.697438+00:00
100377396,162850,짱쥬얼리,100341201,http://shop1.phinf.naver.net/20210824_176/1629785853855Oer28_JPEG/30921688692156154_456870025.jpg,https://shoppinglive.naver.com/channels/162850,GRADE_1,,2026-05-20T15:30:13.462277+00:00
500170525,221889,롯데이천 탠디,500170525,http://shop1.phinf.naver.net/20250825_86/17561157632604d6lW_JPEG/10730681243969645_783602046.jpg,https://shoppinglive.naver.com/channels/221889,GRADE_2,,2026-05-20T15:30:14.052094+00:00
101936461,194098,듀엘,101835008,https://shop-phinf.pstatic.net/20241021_160/1729515956246bEynj_JPEG/6f8a5992.jpg,https://shoppinglive.naver.com/channels/194098,GRADE_1,이천일 중계점,2026-05-20T15:30:14.052094+00:00
500015522,79976,더다름,500015522,http://shop1.phinf.naver.net/20260324_79/17743148163360xvxu_JPEG/40685066457590301_2115878701.jpg,https://shoppinglive.naver.com/channels/79976,GRADE_2,,2026-05-20T15:30:14.052094+00:00
500277012,62990,니즈컴퍼니,500277012,http://shop1.phinf.naver.net/20220712_68/1657601368468JqPNL_JPEG/58737202290207957_1748623816.jpg,https://shoppinglive.naver.com/channels/62990,GRADE_2,,2026-05-20T15:30:14.635192+00:00
500129039,22126,웨이브로드,500129039,http://shop1.phinf.naver.net/20251016_79/1760587780773lHRoj_PNG/15550795019135540_1347260015.png,https://shoppinglive.naver.com/channels/22126,GRADE_2,,2026-05-20T15:30:15.287858+00:00
101375142,132734,속맘,101292858,http://shop1.phinf.naver.net/20240405_14/1712277085518MtzGg_JPEG/113412981257310772_844746892.jpg,https://shoppinglive.naver.com/channels/132734,GRADE_2,,2026-05-20T15:30:15.287858+00:00
100514330,54826,콘치웨어,100467890,http://shop1.phinf.naver.net/20241220_261/1734678779426XUnWe_JPEG/3892366306799193_750896234.jpg,https://shoppinglive.naver.com/channels/54826,GRADE_2,,2026-05-20T15:30:15.287858+00:00
101918209,180372,다이나핏,101817465,https://shop-phinf.pstatic.net/20241021_160/1729515956246bEynj_JPEG/6f8a5992.jpg,https://shoppinglive.naver.com/channels/180372,GRADE_2,롯데백화점 동탄점,2026-05-20T15:30:16.188369+00:00
100486449,53886,잇미샤,100441685,https://shop-phinf.pstatic.net/20241021_160/1729515956246bEynj_JPEG/6f8a5992.jpg,https://shoppinglive.naver.com/channels/53886,GRADE_2,롯데 프리미엄 기흥점,2026-05-20T15:30:16.188369+00:00
102419057,241637,붉은 달,102304136,http://shop1.phinf.naver.net/20260505_93/1777987531997bbPw3_PNG/67870013815363291_443016120.png,https://shoppinglive.naver.com/channels/241637,GRADE_2,,2026-05-20T15:30:17.519891+00:00
1000002162,23364,케네스레이디,500142879,https://shop-phinf.pstatic.net/20241021_160/1729515956246bEynj_JPEG/6f8a5992.jpg,https://shoppinglive.naver.com/channels/23364,GRADE_1,롯데 프리미엄 파주점,2026-05-20T15:30:17.519891+00:00
101711471,117598,온앤온,101618066,https://shop-phinf.pstatic.net/20241021_160/1729515956246bEynj_JPEG/6f8a5992.jpg,https://shoppinglive.naver.com/channels/117598,GRADE_2,롯데 프리미엄 기흥점,2026-05-20T15:30:18.629531+00:00
1100133226,263855,STCO 구미신평점,1100130780,https://shop-phinf.pstatic.net/20241021_160/1729515956246bEynj_JPEG/6f8a5992.jpg,https://shoppinglive.naver.com/channels/263855,GRADE_1,,2026-05-20T15:30:19.845462+00:00
100031865,37557,미아마스빈,100027753,http://shop1.phinf.naver.net/20231005_277/1696463878143s0AxF_JPEG/97599661852057859_177669447.jpg,https://shoppinglive.naver.com/channels/37557,GRADE_1,,2026-05-20T15:30:20.733651+00:00
102675501,238623,스와로브스키,102554114,https://shop-phinf.pstatic.net/20241021_160/1729515956246bEynj_JPEG/6f8a5992.jpg,https://shoppinglive.naver.com/channels/238623,GRADE_1,신세계프리미엄아울렛 시흥점,2026-05-20T15:30:20.733651+00:00
1100052577,258510,해나비,1100051690,http://shop1.phinf.naver.net/20260128_206/1769578644233GBzDA_JPEG/25561361374528649_1099473040.jpg,https://shoppinglive.naver.com/channels/258510,GRADE_1,,2026-05-20T15:30:20.733651+00:00
101969552,205798,홈커밍.,101866947,http://shop1.phinf.naver.net/20251029_135/17617087690655RrJR_JPEG/95841587792855500_230227657.jpg,https://shoppinglive.naver.com/channels/205798,GRADE_2,,2026-05-20T15:30:23.073884+00:00
100034373,35562,노이커먼,100029935,http://shop1.phinf.naver.net/20260319_30/1773912106343I8778_JPEG/23824371215152441_-1134419312.jpg,https://shoppinglive.naver.com/channels/35562,GRADE_1,,2026-05-20T15:30:25.355680+00:00
100036542,35563,노이커먼 NOYCOMMON,100029935,http://shop1.phinf.naver.net/20260319_28/1773912658146olFOK_PNG/24192824456886517_-2069503712.png,https://shoppinglive.naver.com/channels/35563,GRADE_1,,2026-05-20T15:30:25.356180+00:00
102623753,261007,에이지도르,102503439,https://shop-phinf.pstatic.net/20241021_160/1729515956246bEynj_JPEG/6f8a5992.jpg,https://shoppinglive.naver.com/channels/261007,GRADE_1,롯데 아울렛 남악점,2026-05-20T15:30:27.450927+00:00
100491337,84802,닥스핸드백,100446346,https://shop-phinf.pstatic.net/20241021_160/1729515956246bEynj_JPEG/6f8a5992.jpg,https://shoppinglive.naver.com/channels/84802,GRADE_2,롯데백화점 영등포점,2026-05-20T15:30:27.450927+00:00
101375599,113182,듀엘,101293281,https://shop-phinf.pstatic.net/20241021_160/1729515956246bEynj_JPEG/6f8a5992.jpg,https://shoppinglive.naver.com/channels/113182,GRADE_2,롯데 프리미엄 아울렛 의왕점,2026-05-20T15:30:27.450927+00:00
100025332,263622,레더쿡,100021788,https://shop-phinf.pstatic.net/20241021_160/1729515956246bEynj_JPEG/6f8a5992.jpg,https://shoppinglive.naver.com/channels/263622,GRADE_1,,2026-05-20T15:30:28.411729+00:00
101284972,177274,듀엘,101205722,https://shop-phinf.pstatic.net/20241021_160/1729515956246bEynj_JPEG/6f8a5992.jpg,https://shoppinglive.naver.com/channels/177274,GRADE_1,롯데백화점 인천점,2026-05-20T15:30:28.411729+00:00
100571607,134015,롯데이시아폴리스점 쉬즈미스,100521876,http://shop1.phinf.naver.net/20220314_208/1647255634266HOlIz_JPEG/48391462024674108_675693303.jpg,https://shoppinglive.naver.com/channels/134015,GRADE_1,,2026-05-20T15:30:29.064687+00:00
102524995,216086,N트래블,102406971,http://shop1.phinf.naver.net/20251001_256/1759283729034jdIuC_JPEG/69104822851023740_1314134371.jpg,https://shoppinglive.naver.com/channels/216086,GRADE_1,,2026-05-20T15:30:29.064687+00:00
102765899,249279,스틸박스 STEELBOX,102643024,http://shop1.phinf.naver.net/20250916_71/1758011472355uFjHD_PNG/92144371499795644_499538324.png,https://shoppinglive.naver.com/channels/249279,GRADE_1,,2026-05-20T15:30:29.064687+00:00
102534133,260111,motion,102415849,http://shop1.phinf.naver.net/20250616_165/17500543582807rSSu_JPEG/47532492845553313_1832423036.jpg,https://shoppinglive.naver.com/channels/260111,GRADE_1,,2026-05-20T15:30:29.773675+00:00
100701469,163234,홈랜드,100645474,http://shop1.phinf.naver.net/20200521_109/1590041821384ra4IB_JPEG/27404154960206626_1095273025.jpg,https://shoppinglive.naver.com/channels/163234,GRADE_1,,2026-05-20T15:30:31.032980+00:00
1000012123,62093,아르마니언더,1000012123,https://shop-phinf.pstatic.net/20241021_160/1729515956246bEynj_JPEG/6f8a5992.jpg,https://shoppinglive.naver.com/channels/62093,GRADE_1,갤러리아백화점 타임월드점,2026-05-20T15:30:31.032980+00:00
100589502,134016,쉬즈미스,100521876,https://shop-phinf.pstatic.net/20241021_160/1729515956246bEynj_JPEG/6f8a5992.jpg,https://shoppinglive.naver.com/channels/134016,GRADE_1,롯데 아울렛 이시아폴리스점,2026-05-20T15:30:31.033484+00:00
101531198,147744,아메리칸투어리스트,101443635,https://shop-phinf.pstatic.net/20241021_160/1729515956246bEynj_JPEG/6f8a5992.jpg,https://shoppinglive.naver.com/channels/147744,GRADE_1,이천일 분당점,2026-05-20T15:30:31.033484+00:00
100611605,74661,Urban REVE,100559851,http://shop1.phinf.naver.net/20251204_61/1764843727722jQWNi_JPEG/44977959506550272_1591689017.jpg,https://shoppinglive.naver.com/channels/74661,GRADE_2,,2026-05-20T15:30:33.462524+00:00
101230665,252395,루시모네,101153584,https://shop-phinf.pstatic.net/20241021_160/1729515956246bEynj_JPEG/6f8a5992.jpg,https://shoppinglive.naver.com/channels/252395,GRADE_1,,2026-05-20T15:30:33.462524+00:00
100190421,207376,커밍프롬,100171022,http://shop1.phinf.naver.net/20240328_72/1711609438198g41PT_JPEG/112745333929731355_1462898952.jpg,https://shoppinglive.naver.com/channels/207376,GRADE_1,,2026-05-20T15:30:33.462524+00:00
101683448,124428,라이프워크,101590829,https://shop-phinf.pstatic.net/20241021_160/1729515956246bEynj_JPEG/6f8a5992.jpg,https://shoppinglive.naver.com/channels/124428,GRADE_1,이천일 분당점,2026-05-20T15:30:33.462524+00:00
500108859,20231,도노골드,500108859,http://shop1.phinf.naver.net/20220311_114/1646992589271Ffled_PNG/48128431983840960_2057675942.png,https://shoppinglive.naver.com/channels/20231,GRADE_1,,2026-05-20T15:30:34.874328+00:00
101531247,191267,틸버리,101443668,https://shop-phinf.pstatic.net/20241021_160/1729515956246bEynj_JPEG/6f8a5992.jpg,https://shoppinglive.naver.com/channels/191267,GRADE_1,이천일 분당점,2026-05-20T15:30:34.874328+00:00
1000021169,20232,도노골드,500108859,http://shop1.phinf.naver.net/20260325_22/1774401516757SIDDI_PNG/60802972825290984_426406629.png,https://shoppinglive.naver.com/channels/20232,GRADE_1,,2026-05-20T15:30:34.874328+00:00
102253148,178108,밋테료 만물상,102142072,http://shop1.phinf.naver.net/20250307_43/1741348337017Q318P_JPEG/75481142164634047_964087699.jpg,https://shoppinglive.naver.com/channels/178108,GRADE_1,,2026-05-20T15:30:35.842705+00:00
100997369,155220,메이뜰,100929948,http://shop1.phinf.naver.net/20210126_183/1611650604520IoFjA_JPEG/12786438339548327_1088647189.jpg,https://shoppinglive.naver.com/channels/155220,GRADE_1,,2026-05-20T15:30:35.842705+00:00
102690358,244337,오브미.,102568697,http://shop1.phinf.naver.net/20250802_119/1754129772559gc6Uy_JPEG/29630005674720330_926214689.jpg,https://shoppinglive.naver.com/channels/244337,GRADE_2,,2026-05-20T15:30:36.789780+00:00
500247146,31515,아인블로그,500247146,http://shop1.phinf.naver.net/20251003_100/1759502165678VxGNW_PNG/93635004811971800_1899098407.png,https://shoppinglive.naver.com/channels/31515,GRADE_2,,2026-05-20T15:30:36.789780+00:00
100610642,123309,쿠론,100521441,https://shop-phinf.pstatic.net/20241021_160/1729515956246bEynj_JPEG/6f8a5992.jpg,https://shoppinglive.naver.com/channels/123309,GRADE_1,롯데 아울렛 남악점,2026-05-20T15:30:36.789780+00:00
1000005049,28967,잇미샤,500212745,https://shop-phinf.pstatic.net/20241021_160/1729515956246bEynj_JPEG/6f8a5992.jpg,https://shoppinglive.naver.com/channels/28967,GRADE_1,현대아울렛 가산점,2026-05-20T15:30:39.099416+00:00
101904989,149475,차마니코리아,101804749,http://shop1.phinf.naver.net/20250317_63/1742206865392UHKfR_PNG/76339842556697480_920137416.png,https://shoppinglive.naver.com/channels/149475,GRADE_2,,2026-05-20T15:30:39.099416+00:00
100503485,54458,써스데이아일랜드,100457713,https://shop-phinf.pstatic.net/20241021_160/1729515956246bEynj_JPEG/6f8a5992.jpg,https://shoppinglive.naver.com/channels/54458,GRADE_2,롯데 아울렛 광교점,2026-05-20T15:30:40.129878+00:00
101368632,107675,미즈노,101286556,https://shop-phinf.pstatic.net/20241021_160/1729515956246bEynj_JPEG/6f8a5992.jpg,https://shoppinglive.naver.com/channels/107675,GRADE_1,롯데 프리미엄 파주점,2026-05-20T15:30:40.129878+00:00
1000005346,193665,NBA,500142438,https://shop-phinf.pstatic.net/20241021_160/1729515956246bEynj_JPEG/6f8a5992.jpg,https://shoppinglive.naver.com/channels/193665,GRADE_1,롯데 프리미엄 파주점,2026-05-20T15:30:40.129878+00:00
101918903,114502,리마지,101818136,http://shop1.phinf.naver.net/20230726_139/1690344591250EMS3v_JPEG/91480426086737028_1573745144.jpg,https://shoppinglive.naver.com/channels/114502,GRADE_1,,2026-05-20T15:30:40.129878+00:00
1100078863,262927,다리마티,1100077331,http://shop1.phinf.naver.net/20260428_147/17773799932772bnC9_PNG/111512826777754919_1746198417.png,https://shoppinglive.naver.com/channels/262927,GRADE_1,,2026-05-20T15:30:40.129878+00:00
500015349,11379,꾸미자닷컴,500015349,http://shop1.phinf.naver.net/20200508_43/1588897088476ilNva_JPEG/26258631103360129_1085544377.jpg,https://shoppinglive.naver.com/channels/11379,GRADE_2,,2026-05-20T15:30:42.003735+00:00
500148322,24004,와바앵글,500148322,http://shop1.phinf.naver.net/20260519_37/1779155463022aj3GV_PNG/113288395275003409_1298244933.png,https://shoppinglive.naver.com/channels/24004,GRADE_1,,2026-05-20T15:30:42.003735+00:00
102796503,253025,허니츠펫,102673127,http://shop1.phinf.naver.net/20251022_62/1761134951479aUg4p_PNG/15310204292066985_1022715973.png,https://shoppinglive.naver.com/channels/253025,GRADE_1,,2026-05-20T15:30:42.003735+00:00
101671802,124181,오지스튜디오,101579801,http://shop1.phinf.naver.net/20220930_165/1664472872439p6Ttz_JPEG/65608771151302576_832122198.jpg,https://shoppinglive.naver.com/channels/124181,GRADE_1,,2026-05-20T15:30:44.399293+00:00
1100035523,259400,맛있는 꽃집,1100034925,http://shop1.phinf.naver.net/20260221_118/1771665392617IlxkT_PNG/10201360602761498_1155301795.png,https://shoppinglive.naver.com/channels/259400,GRADE_1,,2026-05-20T15:30:44.399293+00:00
100175176,239197,더하우스에딧,100157366,http://shop1.phinf.naver.net/20250621_97/1750501741837mTb66_PNG/84634610976790882_930795491.png,https://shoppinglive.naver.com/channels/239197,GRADE_1,,2026-05-20T15:30:45.121162+00:00
101288920,119285,완두콩프린세스DIY,101209510,http://shop1.phinf.naver.net/20230529_159/1685327885634yCRI4_JPEG/86463665355240439_979313187.jpg,https://shoppinglive.naver.com/channels/119285,GRADE_2,,2026-05-20T15:30:45.121162+00:00
100575568,56764,홈빌더엠,100525636,http://shop1.phinf.naver.net/20260412_274/1775971460355HSJJ7_PNG/110104387292467750_898428646.png,https://shoppinglive.naver.com/channels/56764,GRADE_2,,2026-05-20T15:30:45.121162+00:00
100878550,204114,네마리130,100815856,http://shop1.phinf.naver.net/20200830_123/1598763505498kdew9_JPEG/36126894018627104_245530401.JPG,https://shoppinglive.naver.com/channels/204114,GRADE_1,,2026-05-20T15:30:46.026431+00:00
500007590,60507,소품가게네,500007590,http://shop1.phinf.naver.net/20260324_104/17743135887324mT4C_JPEG/126edffe-f826-40ea-9a1f-319e5f9a4771.jpg,https://shoppinglive.naver.com/channels/60507,GRADE_1,,2026-05-20T15:30:46.026431+00:00
102555271,257375,모두라이프modoolife,102436338,http://shop1.phinf.naver.net/20260412_1/1776002894604EAimK_JPEG/30645126547735059_1620840176.jpeg,https://shoppinglive.naver.com/channels/257375,GRADE_1,,2026-05-20T15:30:46.026431+00:00
101228702,116491,그린내상점,101151710,http://shop1.phinf.naver.net/20210912_177/1631416472876WkhWl_PNG/32552318596856719_1590820614.png,https://shoppinglive.naver.com/channels/116491,GRADE_1,,2026-05-20T15:30:46.882116+00:00
101815292,194406,배러모션,101717941,http://shop1.phinf.naver.net/20230111_226/1673428014595nXdm0_JPEG/74563857309014197_325290408.jpg,https://shoppinglive.naver.com/channels/194406,GRADE_1,,2026-05-20T15:30:46.882116+00:00
102455113,223064,아취복,102339241,http://shop1.phinf.naver.net/20250318_270/17422650083659CSUm_JPEG/46657063171101955_414098932.jpg,https://shoppinglive.naver.com/channels/223064,GRADE_1,,2026-05-20T15:30:47.281393+00:00
100442978,103397,방콕연구소,100401555,http://shop1.phinf.naver.net/20200619_166/1592550043048tLAPv_JPEG/29912376631328006_416320993.JPG,https://shoppinglive.naver.com/channels/103397,GRADE_2,,2026-05-20T15:30:47.281393+00:00
101843530,185878,농천하,101745399,http://shop1.phinf.naver.net/20230202_252/16753232389643dVvq_PNG/76459066793475450_2064071846.png,https://shoppinglive.naver.com/channels/185878,GRADE_2,,2026-05-20T15:30:47.281393+00:00
500006378,10085,상도가구,500006378,http://shop1.phinf.naver.net/20251126_247/1764125920447ulyMg_PNG/47327317284449791_1135890345.png,https://shoppinglive.naver.com/channels/10085,GRADE_2,,2026-05-20T15:30:47.281393+00:00
100147381,40661,프로젝트슬립,100132855,http://shop1.phinf.naver.net/20250916_263/1757982302981C7nCt_PNG/63123191169620754_410954180.png,https://shoppinglive.naver.com/channels/40661,GRADE_2,,2026-05-20T15:30:47.653171+00:00
101625070,228435,보자기카드,101534337,http://shop1.phinf.naver.net/20250408_278/1744067428047BFHxp_JPEG/7055659199831843_817159642.jpg,https://shoppinglive.naver.com/channels/228435,GRADE_2,,2026-05-20T15:30:47.653171+00:00
102573836,263167,츄스데이.CHEWSDAY,102454446,http://shop1.phinf.naver.net/20260306_27/1772759402234O94f4_JPEG/778101219756148_232664131.jpg,https://shoppinglive.naver.com/channels/263167,GRADE_2,,2026-05-20T15:30:48.577773+00:00
100237970,63634,라이프미 공식몰,100213897,http://shop1.phinf.naver.net/20251010_167/1760069020361x7lYU_PNG/94201859490836543_1993746245.png,https://shoppinglive.naver.com/channels/63634,GRADE_2,,2026-05-20T15:30:48.577773+00:00
102603404,239748,오스온,102483465,http://shop1.phinf.naver.net/20250629_217/17511733743502tyzi_PNG/325730485660674_166675018.png,https://shoppinglive.naver.com/channels/239748,GRADE_2,,2026-05-20T15:30:48.577773+00:00
100159781,41123,포렌,100143933,http://shop1.phinf.naver.net/20260320_216/1773996986857xWBUF_JPEG/85380658618372667_693879624.jpg,https://shoppinglive.naver.com/channels/41123,GRADE_2,,2026-05-20T15:30:48.577773+00:00
500129067,69953,PUPPING,500129067,http://shop1.phinf.naver.net/20260324_190/17743320551922GsLi_PNG/85512522628835746_730807826.png,https://shoppinglive.naver.com/channels/69953,GRADE_3,,2026-05-20T15:30:48.577773+00:00
500064532,90501,센소다인 공식스토어,500064532,http://shop1.phinf.naver.net/20211222_269/1640146422627NCaoU_JPEG/41282321116413335_875493007.jpg,https://shoppinglive.naver.com/channels/90501,GRADE_3,,2026-05-20T15:30:48.577773+00:00
500228283,30116,아임반,500228283,http://shop1.phinf.naver.net/20260421_99/1776748936244CnCWT_JPEG/1788157250756089_772784862.jpg,https://shoppinglive.naver.com/channels/30116,GRADE_2,,2026-05-20T15:30:48.577773+00:00
100365034,59594,모드니펫MODNEYPET,100329775,http://shop1.phinf.naver.net/20200320_269/1584697342915Q4DkO_JPEG/22059676486479795_458249.jpg,https://shoppinglive.naver.com/channels/59594,GRADE_2,,2026-05-20T15:30:48.577773+00:00
101543639,232838,경석유통,101455378,http://shop1.phinf.naver.net/20260417_53/1776417578082cWmky_JPEG/48385068194393494_2077658185.jpg,https://shoppinglive.naver.com/channels/232838,GRADE_2,,2026-05-20T15:30:48.577773+00:00
1100116697,261292,포브트,1100114519,http://shop1.phinf.naver.net/20260329_85/1774711278387ievn5_PNG/47685631257373339_84793216.png,https://shoppinglive.naver.com/channels/261292,GRADE_1,,2026-05-20T15:30:49.013947+00:00
500118836,21223,피플랜트,500118836,http://shop1.phinf.naver.net/20200728_193/1595901585401xIVlG_JPEG/33261419865893981_1767126102.jpg,https://shoppinglive.naver.com/channels/21223,GRADE_2,,2026-05-20T15:30:49.013947+00:00
500099183,19804,로메이키친,500099183,http://shop1.phinf.naver.net/20251231_197/1767173742625mMmhw_JPEG/11672739576482661_304505639.jpg,https://shoppinglive.naver.com/channels/19804,GRADE_1,,2026-05-20T15:30:49.013947+00:00
100577036,56809,쉐프윈 공식몰,100527067,http://shop1.phinf.naver.net/20240830_162/1724980487523v6FLY_PNG/8588118380505271_319049697.png,https://shoppinglive.naver.com/channels/56809,GRADE_3,,2026-05-20T15:30:49.013947+00:00
500035747,13405,마틸라,500035747,http://shop1.phinf.naver.net/20190905_105/1567665408539zF5ux_PNG/5026147173038021_801544851.png,https://shoppinglive.naver.com/channels/13405,GRADE_3,,2026-05-20T15:30:49.013947+00:00
102048311,153414,홈디메르,101943211,http://shop1.phinf.naver.net/20250206_269/17388160041455BpJu_PNG/68282285726140_1576049366.png,https://shoppinglive.naver.com/channels/153414,GRADE_2,,2026-05-20T15:30:49.013947+00:00
101030194,76729,뎀블루,100961342,http://shop1.phinf.naver.net/20210713_23/1626139465545UujyN_JPEG/27275300372308445_706272165.jpg,https://shoppinglive.naver.com/channels/76729,GRADE_2,,2026-05-20T15:30:49.427212+00:00
100592084,84934,언와인드,100541307,http://shop1.phinf.naver.net/20210407_41/1617770517191XQOCw_JPEG/18906352021588515_1985548422.jpg,https://shoppinglive.naver.com/channels/84934,GRADE_1,,2026-05-20T15:30:49.427212+00:00
500033386,13469,아르일랑,500033386,http://shop1.phinf.naver.net/20220304_202/1646397325887TTEk8_JPEG/47533224589286112_1652360479.jpg,https://shoppinglive.naver.com/channels/13469,GRADE_2,,2026-05-20T15:30:49.427212+00:00
100614785,80774,소파연구소 쏘랩,100562873,http://shop1.phinf.naver.net/20220524_6/1653382936723GDAWB_JPEG/54518782438792121_1968810794.jpg,https://shoppinglive.naver.com/channels/80774,GRADE_3,,2026-05-20T15:30:49.427212+00:00
100041207,35906,이츠독,100036144,http://shop1.phinf.naver.net/20260319_16/17739138190792tHS3_JPEG/27911920807935828_-1341168095.jpg,https://shoppinglive.naver.com/channels/35906,GRADE_2,,2026-05-20T15:30:49.427212+00:00
500000837,8270,리센트,500000837,http://shop1.phinf.naver.net/20260324_191/1774312452346DyOMX_PNG/56314484144429727_1962763295.png,https://shoppinglive.naver.com/channels/8270,GRADE_2,,2026-05-20T15:30:49.427212+00:00
500034222,261791,마마룸가구,500034222,http://shop1.phinf.naver.net/20260423_184/1776939551419Qc5aR_JPEG/1978772422506975_87565459.jpg,https://shoppinglive.naver.com/channels/261791,GRADE_2,,2026-05-20T15:30:50.216053+00:00
500021355,147,제스파,500021355,http://shop1.phinf.naver.net/20260324_38/1774315888397W16rx_JPEG/160x160.jpg,https://shoppinglive.naver.com/channels/147,GRADE_3,,2026-05-20T15:30:50.216053+00:00
101674142,110153,인디고포,101582017,http://shop1.phinf.naver.net/20220930_224/1664533538942hDGiJ_PNG/65669366770632312_725257893.png,https://shoppinglive.naver.com/channels/110153,GRADE_2,,2026-05-20T15:30:50.216053+00:00
102199983,179195,스텐만,102090330,http://shop1.phinf.naver.net/20250519_279/1747634942224FFapD_PNG/81767791358531347_1422909988.png,https://shoppinglive.naver.com/channels/179195,GRADE_1,,2026-05-20T15:30:50.216053+00:00
100703482,96094,테콘,100647359,http://shop1.phinf.naver.net/20210902_279/1630550414263Hx4Cm_JPEG/31686197980431586_289831318.jpg,https://shoppinglive.naver.com/channels/96094,GRADE_1,,2026-05-20T15:30:50.216053+00:00
102547966,220821,스위클,102429249,http://shop1.phinf.naver.net/20250112_164/1736662500029MYiJ9_JPEG/87866344014002456_376944681.jpg,https://shoppinglive.naver.com/channels/220821,GRADE_1,,2026-05-20T15:30:50.216053+00:00
101985652,146731,굿 러그,101882509,http://shop1.phinf.naver.net/20250304_203/1741055290411NuJri_JPEG/24864982257686484_1172395442.jpg,https://shoppinglive.naver.com/channels/146731,GRADE_2,,2026-05-20T15:30:50.216053+00:00
100796944,219316,Jackpot Store,100737488,http://shop1.phinf.naver.net/20210617_23/1623935900124vAXwk_PNG/25071679845711191_1801470807.PNG,https://shoppinglive.naver.com/channels/219316,GRADE_2,,2026-05-20T15:30:50.216053+00:00
1100120752,263612,디어이어,1100118499,http://shop1.phinf.naver.net/20260504_145/1777866046415FLbn8_PNG/8940664678446005_1812320809.png,https://shoppinglive.naver.com/channels/263612,GRADE_1,,2026-05-20T15:30:50.941138+00:00
102344904,187088,THIS LAMP,102231869,http://shop1.phinf.naver.net/20250331_285/1743416298617GhO1O_JPEG/5306119342437928_26359024.jpg,https://shoppinglive.naver.com/channels/187088,GRADE_1,,2026-05-20T15:30:50.941138+00:00
100361275,146503,아트벨라,100326311,http://shop1.phinf.naver.net/20210508_78/1620450105198z03LF_JPEG/21586000927254790_1293293407.jpg,https://shoppinglive.naver.com/channels/146503,GRADE_1,,2026-05-20T15:30:50.941138+00:00
500112935,20679,티피링크 공식몰,500112935,http://shop1.phinf.naver.net/20260324_105/1774329207363BeVVk_JPEG/1652205357702122_-1712175923.jpg,https://shoppinglive.naver.com/channels/20679,GRADE_3,,2026-05-20T15:30:50.941138+00:00
101243616,108635,나만의화원,101165998,http://shop1.phinf.naver.net/20220205_73/16440467380077LfWN_JPEG/45182626713388041_41040869.jpeg,https://shoppinglive.naver.com/channels/108635,GRADE_1,,2026-05-20T15:30:51.750409+00:00
500277059,43801,마이플러피 공식 스토어,500277059,http://shop1.phinf.naver.net/20221130_133/1669771648983q7lha_JPEG/70907476810566506_2117608870.jpg,https://shoppinglive.naver.com/channels/43801,GRADE_2,,2026-05-20T15:30:51.750409+00:00
500216648,29255,마이펫닥터,500216648,http://shop1.phinf.naver.net/20260324_245/1774347708647wCPi9_PNG/41464635519066306_-672768447.png,https://shoppinglive.naver.com/channels/29255,GRADE_1,,2026-05-20T15:30:51.750409+00:00
100395140,50543,페어홈,100357382,http://shop1.phinf.naver.net/20260224_78/1771911865733IaHIP_PNG/22472639627072447_382222519.png,https://shoppinglive.naver.com/channels/50543,GRADE_1,,2026-05-20T15:30:51.750409+00:00
1100052821,260441,아꾸 Akku,1100051933,http://shop1.phinf.naver.net/20260106_195/1767685563753CTOxr_PNG/19893357632359768_1956614681.png,https://shoppinglive.naver.com/channels/260441,GRADE_2,,2026-05-20T15:30:51.750409+00:00
101022577,236195,원이스토리,100954025,http://shop1.phinf.naver.net/20250516_162/1747373008207mCCy5_PNG/13558835646062981_843802526.png,https://shoppinglive.naver.com/channels/236195,GRADE_2,,2026-05-20T15:30:51.750409+00:00
500023542,12279,윈도우 드레스,500023542,http://shop1.phinf.naver.net/20260204_187/1770191672127Ddj4i_JPEG/24743951675796217_1077450578.jpg,https://shoppinglive.naver.com/channels/12279,GRADE_1,,2026-05-20T15:30:51.750409+00:00
101501371,124741,비타파우,101414869,http://shop1.phinf.naver.net/20220623_33/1655956940080XInhd_PNG/57092764727107953_1145239257.png,https://shoppinglive.naver.com/channels/124741,GRADE_1,,2026-05-20T15:30:51.750409+00:00
100263427,65889,209애비뉴,100236742,http://shop1.phinf.naver.net/20250321_289/17425311691618Opc8_JPEG/15065613482862779_1690313293.jpg,https://shoppinglive.naver.com/channels/65889,GRADE_2,,2026-05-20T15:30:52.558524+00:00
101395267,144641,클로바노마드,101312271,http://shop1.phinf.naver.net/20230414_106/1681479271044BW9TQ_JPEG/82615104867745312_1442586832.jpg,https://shoppinglive.naver.com/channels/144641,GRADE_2,,2026-05-20T15:30:52.558524+00:00
102445626,210187,솔리드 코리아,102329993,http://shop1.phinf.naver.net/20250528_293/17484004147936uoTp_JPEG/82533267371827237_1832965280.jpg,https://shoppinglive.naver.com/channels/210187,GRADE_3,,2026-05-20T15:30:52.558524+00:00
100210695,69510,아이넥스,100189160,http://shop1.phinf.naver.net/20230907_114/1694050526500h3NmI_JPEG/95186415213961231_624817223.jpg,https://shoppinglive.naver.com/channels/69510,GRADE_2,,2026-05-20T15:30:53.648576+00:00
100094042,90936,3M본사직영몰,100084605,http://shop1.phinf.naver.net/20211215_217/1639551276028IShi6_PNG/40687174735564094_1993083644.png,https://shoppinglive.naver.com/channels/90936,GRADE_2,,2026-05-20T15:30:53.648576+00:00
100104210,38759,다가구,100093922,http://shop1.phinf.naver.net/20260318_259/177381403819619OSh_JPEG/26801863343489808_90876892.jpg,https://shoppinglive.naver.com/channels/38759,GRADE_2,,2026-05-20T15:30:53.648576+00:00
500103129,20006,스스디,500103129,http://shop1.phinf.naver.net/20230616_268/1686882149577rApaS_GIF/88017933271382541_1673097993.gif,https://shoppinglive.naver.com/channels/20006,GRADE_2,,2026-05-20T15:30:53.648576+00:00
102498048,213717,위빙라벨,102380717,http://shop1.phinf.naver.net/20260206_48/1770338459348JU4qu_JPEG/33311330922492726_1764424825.jpg,https://shoppinglive.naver.com/channels/213717,GRADE_1,,2026-05-20T15:30:53.648576+00:00
500009013,10546,천가게,500009013,http://shop1.phinf.naver.net/20230303_236/1677811363362360xz_JPEG/78947198194444692_546924091.jpg,https://shoppinglive.naver.com/channels/10546,GRADE_2,,2026-05-20T15:30:53.648576+00:00
100187146,42294,살림의기술,100168069,http://shop1.phinf.naver.net/20230413_228/16813505590638ql5p_JPEG/82486386891238485_1189126688.jpg,https://shoppinglive.naver.com/channels/42294,GRADE_1,,2026-05-20T15:30:54.445728+00:00
100434672,52045,피피랙,100393761,http://shop1.phinf.naver.net/20230323_24/167953312043217eoy_JPEG/80668904149386090_2128663049.jpg,https://shoppinglive.naver.com/channels/52045,GRADE_2,,2026-05-20T15:30:54.445728+00:00
102494028,262823,아미체볼레,102376803,http://shop1.phinf.naver.net/20250319_228/17423706920687HKx4_JPEG/14689830880479715_1023797192.jpg,https://shoppinglive.naver.com/channels/262823,GRADE_2,,2026-05-20T15:30:54.445728+00:00
500213216,28971,벤볼릭,500213216,http://shop1.phinf.naver.net/20221209_142/1670545593334gRVCI_PNG/71681482043852421_1469522836.png,https://shoppinglive.naver.com/channels/28971,GRADE_2,,2026-05-20T15:30:54.445728+00:00
100213636,43480,나이스포스,100191828,http://shop1.phinf.naver.net/20250218_188/1739844495312qHVxy_JPEG/73977262455698227_825009599.jpg,https://shoppinglive.naver.com/channels/43480,GRADE_1,,2026-05-20T15:30:54.445728+00:00
100464620,53145,모찌네,100421521,http://shop1.phinf.naver.net/20251211_172/17654390953609hUI0_JPEG/99571945431822094_132330014.jpg,https://shoppinglive.naver.com/channels/53145,GRADE_2,,2026-05-20T15:30:54.445728+00:00
100902310,214156,룸핏디자인,100838713,http://shop1.phinf.naver.net/20240905_124/1725504788586Ix12k_JPEG/59637633885220257_1825297663.jpg,https://shoppinglive.naver.com/channels/214156,GRADE_2,,2026-05-20T15:30:54.883764+00:00
500268713,60958,인생건초,500268713,http://shop1.phinf.naver.net/20260130_215/1769755480828OiLuV_PNG/84771295669173780_1821258307.png,https://shoppinglive.naver.com/channels/60958,GRADE_1,,2026-05-20T15:30:54.883764+00:00
500281931,33740,김민재활명탄,500281931,http://shop1.phinf.naver.net/20240507_277/1715051816639Mj1y2_JPEG/116187705351854965_2126256030.jpg,https://shoppinglive.naver.com/channels/33740,GRADE_1,,2026-05-20T15:30:54.883764+00:00
102488319,245393,하이숲상점,102371444,http://shop1.phinf.naver.net/20250826_149/1756206984512ELKY3_JPEG/90339800658856743_143472889.jpg,https://shoppinglive.naver.com/channels/245393,GRADE_1,,2026-05-20T15:30:54.883764+00:00
500151386,135716,하이델코코,500151386,http://shop1.phinf.naver.net/20250731_268/1753970363179MzTiH_JPEG/16958031115018247_2081158379.jpg,https://shoppinglive.naver.com/channels/135716,GRADE_1,,2026-05-20T15:30:54.883764+00:00
102322821,221358,수오당,102210342,http://shop1.phinf.naver.net/20240930_131/1727691174280M9EiB_JPEG/61823987475876527_2000165339.jpeg,https://shoppinglive.naver.com/channels/221358,GRADE_1,,2026-05-20T15:30:54.883764+00:00
101586861,97688,재니쓰홈,101497240,http://shop1.phinf.naver.net/20250802_65/17541209207241zqJG_PNG/58520198587342896_1566866942.png,https://shoppinglive.naver.com/channels/97688,GRADE_1,,2026-05-20T15:30:55.967483+00:00
500044920,14737,김민재편백,500044920,http://shop1.phinf.naver.net/20240429_276/1714366040113gMhyC_JPEG/115501935849424084_183024936.jpg,https://shoppinglive.naver.com/channels/14737,GRADE_2,,2026-05-20T15:30:56.393530+00:00
500000952,8592,바디프랜드,500000952,http://shop1.phinf.naver.net/20250212_266/1739325497784aH7t4_JPEG/576807930255364_270522688.jpg,https://shoppinglive.naver.com/channels/8592,GRADE_3,,2026-05-20T15:30:56.393530+00:00
102224443,223521,델라고,102114038,http://shop1.phinf.naver.net/20260507_172/177811102305129xa1_JPEG/112243864264719915_367274969.jpg,https://shoppinglive.naver.com/channels/223521,GRADE_2,,2026-05-20T15:30:57.592397+00:00
500058488,16353,집코리아,500058488,http://shop1.phinf.naver.net/20240610_109/1717997416426no2lh_JPEG/119133312164782540_1331177601.jpg,https://shoppinglive.naver.com/channels/16353,GRADE_1,,2026-05-20T15:30:57.592397+00:00
102436973,227661,플로우웰,102321585,http://shop1.phinf.naver.net/20260315_206/1773561050223zQ6CT_JPEG/107693898024273342_1758416038.jpg,https://shoppinglive.naver.com/channels/227661,GRADE_2,,2026-05-20T15:30:57.592397+00:00
102659071,233677,froom,102538054,http://shop1.phinf.naver.net/20260512_208/17785680709087k9hE_JPEG/25847714562858200_1772629911.jpg,https://shoppinglive.naver.com/channels/233677,GRADE_1,,2026-05-20T15:30:57.592397+00:00
100272872,241246,서울퍼피,100245333,http://shop1.phinf.naver.net/20250515_120/1747283787716WpAly_JPEG/6724502084397348_1273060379.jpg,https://shoppinglive.naver.com/channels/241246,GRADE_1,,2026-05-20T15:30:57.592397+00:00
500003533,9204,이소품,500003533,http://shop1.phinf.naver.net/20250304_204/1741018179614lA5up_JPEG/27875032727173422_665137478.jpg,https://shoppinglive.naver.com/channels/9204,GRADE_2,,2026-05-20T15:30:57.907839+00:00
101930083,225513,쏘냐르 플로르,101828907,http://shop1.phinf.naver.net/20230421_62/1682054206869b3SNO_PNG/83190102586602195_1992603208.png,https://shoppinglive.naver.com/channels/225513,GRADE_1,,2026-05-20T15:30:57.907839+00:00
101936143,208021,주피터 공식몰,101834707,http://shop1.phinf.naver.net/20250218_27/1739838325335HKvjT_JPEG/5106917156924253_1798085591.jpg,https://shoppinglive.naver.com/channels/208021,GRADE_2,,2026-05-20T15:30:57.907839+00:00
101837987,119340,오라플,101740000,http://shop1.phinf.naver.net/20230227_17/167749755422486by3_JPEG/4800238028111954_157314475.jpg,https://shoppinglive.naver.com/channels/119340,GRADE_1,,2026-05-20T15:30:57.907839+00:00
500038894,13811,라이트포유,500038894,http://shop1.phinf.naver.net/20200529_219/1590708131286xh0M2_JPEG/28070464671765703_2063172518.JPG,https://shoppinglive.naver.com/channels/13811,GRADE_2,,2026-05-20T15:30:57.907839+00:00
101001792,63912,주식회사 도그독,100934203,http://shop1.phinf.naver.net/20201208_18/1607406894107TmIeQ_JPEG/8542721796606895_1739816432.jpg,https://shoppinglive.naver.com/channels/63912,GRADE_1,,2026-05-20T15:30:57.907839+00:00
100312620,95797,세라믹페인터일,100281200,http://shop1.phinf.naver.net/20220918_179/1663471485090Mrk7Y_JPEG/64607380823960603_1710736638.jpg,https://shoppinglive.naver.com/channels/95797,GRADE_2,,2026-05-20T15:30:57.907839+00:00
100047232,36120,인디고디자인문구,100041725,http://shop1.phinf.naver.net/20260320_6/1773969251987k1RFX_JPEG/26605232724829144_-650096965.jpg,https://shoppinglive.naver.com/channels/36120,GRADE_2,,2026-05-20T15:30:57.907839+00:00
500056379,16013,메디니스,500056379,http://shop1.phinf.naver.net/20200214_63/1581667648620RXHpw_JPEG/19028387073424342_1815992515.jpg,https://shoppinglive.naver.com/channels/16013,GRADE_2,,2026-05-20T15:30:58.389497+00:00
102295449,175682,카펜터홈,102183580,http://shop1.phinf.naver.net/20250316_136/1742108636893E0IFC_JPEG/5096868045708165_1888540725.jpg,https://shoppinglive.naver.com/channels/175682,GRADE_2,,2026-05-20T15:30:59.283712+00:00
500011590,10741,디홀릭가구,500011590,http://shop1.phinf.naver.net/20231102_280/1698901547180u7yHS_PNG/100037330887758300_1585510131.png,https://shoppinglive.naver.com/channels/10741,GRADE_1,,2026-05-20T15:30:59.283712+00:00
100096755,38433,세원비닐,100087071,http://shop1.phinf.naver.net/20260320_226/1773981449116R9D42_JPEG/39220792493631308_2122497932.jpg,https://shoppinglive.naver.com/channels/38433,GRADE_1,,2026-05-20T15:30:59.283712+00:00
102528607,219747,우드온,102410472,http://shop1.phinf.naver.net/20250619_276/1750324203462mS45p_JPEG/4516974288168754_105792213.jpg,https://shoppinglive.naver.com/channels/219747,GRADE_2,,2026-05-20T15:30:59.283712+00:00
100307630,190684,아라공방-원목가구,100276783,http://shop1.phinf.naver.net/20191021_3/1571625483104gBMES_JPEG/8988871648840826_1506311645.jpg,https://shoppinglive.naver.com/channels/190684,GRADE_2,,2026-05-20T15:30:59.283712+00:00
500274615,635,실리만,500274615,http://shop1.phinf.naver.net/20220704_272/1656915237457BK1nU_PNG/58051080165905951_1831667062.png,https://shoppinglive.naver.com/channels/635,GRADE_2,,2026-05-20T15:30:59.615170+00:00
100967838,77203,오펜퍼니처,100901646,http://shop1.phinf.naver.net/20250812_18/1754968486267I9wmO_JPEG/26219906417184334_2011446606.jpg,https://shoppinglive.naver.com/channels/77203,GRADE_2,,2026-05-20T15:30:59.615170+00:00
500072939,212209,베스테브로,500072939,http://shop1.phinf.naver.net/20260513_256/1778640673289bIss9_PNG/112773477237972366_468919548.png,https://shoppinglive.naver.com/channels/212209,GRADE_3,,2026-05-20T15:30:59.615170+00:00
101545325,94428,아기와 코오낸내,101457007,http://shop1.phinf.naver.net/20220813_37/1660377585294CYi6H_PNG/61513365013067868_1052632554.png,https://shoppinglive.naver.com/channels/94428,GRADE_1,,2026-05-20T15:30:59.615170+00:00
100743295,127092,브랜디홈,100685726,http://shop1.phinf.naver.net/20250813_38/17550594356176E0UR_JPEG/60898734438691896_521589488.jpg,https://shoppinglive.naver.com/channels/127092,GRADE_2,,2026-05-20T15:31:00.625460+00:00
100665172,130760,더팔팔 홈쇼핑,100610836,http://shop1.phinf.naver.net/20231127_84/1701086788407owhEI_PNG/102222572123034685_1469646978.png,https://shoppinglive.naver.com/channels/130760,GRADE_1,,2026-05-20T15:31:00.625460+00:00
100138502,40261,바미르,100125047,http://shop1.phinf.naver.net/20230524_248/16848955495569AnCl_JPEG/86031448260091614_928170394.jpg,https://shoppinglive.naver.com/channels/40261,GRADE_1,,2026-05-20T15:31:00.625460+00:00
102656566,244793,핏슬립,102535650,http://shop1.phinf.naver.net/20251114_1/1763092437923Gk4OE_PNG/110136501630094322_885834265.png,https://shoppinglive.naver.com/channels/244793,GRADE_1,,2026-05-20T15:31:00.625460+00:00
100473712,53442,키키네 잡화점,100429952,http://shop1.phinf.naver.net/20200109_135/15785459539532XarD_JPEG/15907496567700317_1699138110.jpg,https://shoppinglive.naver.com/channels/53442,GRADE_1,,2026-05-20T15:31:01.484628+00:00
100197777,124698,미키펫코리아,100177561,http://shop1.phinf.naver.net/20240108_133/1704677611351P68qs_PNG/105813510060674545_1969292999.png,https://shoppinglive.naver.com/channels/124698,GRADE_1,,2026-05-20T15:31:01.484628+00:00
100896184,220999,내추럴피드,100832824,http://shop1.phinf.naver.net/20211123_178/1637654741131JzcvM_PNG/38790524297166047_2100899645.png,https://shoppinglive.naver.com/channels/220999,GRADE_2,,2026-05-20T15:31:01.484628+00:00
102621731,229191,펫더라이프,102501455,http://shop1.phinf.naver.net/20250403_271/1743667849574Ymajs_PNG/6656080726758010_1282336348.png,https://shoppinglive.naver.com/channels/229191,GRADE_2,,2026-05-20T15:31:01.484628+00:00
102149737,192422,스틸앤우드,102041597,http://shop1.phinf.naver.net/20250619_22/1750324132937U8L73_JPEG/30272897582427836_660987197.jpg,https://shoppinglive.naver.com/channels/192422,GRADE_2,,2026-05-20T15:31:01.484628+00:00
500050284,115456,펫츠랜드,500050284,http://shop1.phinf.naver.net/20241226_122/1735176603859udmkb_PNG/69309473991791341_730998376.png,https://shoppinglive.naver.com/channels/115456,GRADE_1,,2026-05-20T15:31:02.369638+00:00
102348354,219643,오토다츠,102235238,http://shop1.phinf.naver.net/20240520_182/1716182707891T3K7C_PNG/117318603624810909_276812683.png,https://shoppinglive.naver.com/channels/219643,GRADE_2,,2026-05-20T15:31:02.369638+00:00
100526181,86910,동국제약 생활건강,100478961,http://shop1.phinf.naver.net/20240104_237/17043440968516Fuld_JPEG/105479931687943471_1663053652.jpg,https://shoppinglive.naver.com/channels/86910,GRADE_3,,2026-05-20T15:31:03.048592+00:00
100566886,231416,A급중고계측기전문점 텍캄몰,100517418,http://shop1.phinf.naver.net/20191129_180/1574996541793P6eWn_PNG/12359930332899434_503382038.png,https://shoppinglive.naver.com/channels/231416,GRADE_1,,2026-05-20T15:31:03.048592+00:00
500004260,9761,제퍼슨가구,500004260,http://shop1.phinf.naver.net/20191010_29/1570674983524mvbXC_PNG/8035722076078484_1629186714.png,https://shoppinglive.naver.com/channels/9761,GRADE_2,,2026-05-20T15:31:03.958907+00:00
102088152,145937,오늘 공구,101981795,http://shop1.phinf.naver.net/20230901_283/1693530414329lmRM4_PNG/94666194050273118_1892355951.png,https://shoppinglive.naver.com/channels/145937,GRADE_2,,2026-05-20T15:31:03.958907+00:00
101778615,221281,데코브리즈,101682410,http://shop1.phinf.naver.net/20240220_205/1708404156178mByYw_JPEG/109540051915533041_873930968.jpg,https://shoppinglive.naver.com/channels/221281,GRADE_2,,2026-05-20T15:31:03.958907+00:00
100398312,50681,떠블에스,100360321,http://shop1.phinf.naver.net/20230410_50/168111342762075Vxi_PNG/82249262453320589_1886456456.png,https://shoppinglive.naver.com/channels/50681,GRADE_1,,2026-05-20T15:31:03.958907+00:00
101684081,263876,크로니클가구,101591445,http://shop1.phinf.naver.net/20260110_124/17680373612381RsSB_PNG/112949081047730604_309001903.png,https://shoppinglive.naver.com/channels/263876,GRADE_1,,2026-05-20T15:31:04.709604+00:00
102621676,248953,댕스소셜클럽,102501401,http://shop1.phinf.naver.net/20250820_22/1755680599139Jazwa_PNG/13163618937108658_1088920579.png,https://shoppinglive.naver.com/channels/248953,GRADE_1,,2026-05-20T15:31:04.709604+00:00
102504835,218493,스파클웨이브,102387356,http://shop1.phinf.naver.net/20250117_16/1737098591354FRcQs_PNG/4397873491503402_1346958077.png,https://shoppinglive.naver.com/channels/218493,GRADE_1,,2026-05-20T15:31:05.612955+00:00
101090980,249452,거상툴,101019831,http://shop1.phinf.naver.net/20210218_211/1613621319078eOgea_JPEG/14757217784749660_356199494.jpg,https://shoppinglive.naver.com/channels/249452,GRADE_1,,2026-05-20T15:31:05.612955+00:00
102031477,217324,오렌토,101926897,http://shop1.phinf.naver.net/20240205_13/1707099455229QODap_PNG/108235234950386868_1347311660.png,https://shoppinglive.naver.com/channels/217324,GRADE_1,,2026-05-20T15:31:07.960015+00:00
500009415,10473,드림아트 미술세트,500009415,http://shop1.phinf.naver.net/20230213_137/1676269449056un1fd_JPEG/77405228781484737_1999547846.jpg,https://shoppinglive.naver.com/channels/10473,GRADE_1,,2026-05-20T15:31:07.960015+00:00
500001951,9213,쁘리엘르,500001951,http://shop1.phinf.naver.net/20220614_5/1655165116772otWKV_PNG/56300944316509875_1837857166.png,https://shoppinglive.naver.com/channels/9213,GRADE_2,,2026-05-20T15:31:07.960015+00:00
101623048,242523,Dailys,101532391,http://shop1.phinf.naver.net/20250713_133/1752383753358Y47rD_PNG/86516576511037985_581615451.png,https://shoppinglive.naver.com/channels/242523,GRADE_2,,2026-05-20T15:31:08.738192+00:00
100128163,99445,리엔까사,100115660,http://shop1.phinf.naver.net/20231220_282/1703056841188OT0Gi_JPEG/104192676016307410_311666721.jpg,https://shoppinglive.naver.com/channels/99445,GRADE_1,,2026-05-20T15:31:08.738192+00:00
101131561,230739,미스티코티타 대전점,101058749,http://shop1.phinf.naver.net/20250805_192/1754364160015s7Do3_PNG/24891014855377607_1860927892.png,https://shoppinglive.naver.com/channels/230739,GRADE_1,,2026-05-20T15:31:08.738192+00:00
102798318,260109,신란트레이드 주식회사,102674913,http://shop1.phinf.naver.net/20260120_240/1768891907447lB9Ir_PNG/56090514306596446_765084537.png,https://shoppinglive.naver.com/channels/260109,GRADE_1,,2026-05-20T15:31:08.738192+00:00
500009063,10600,토비메모리,500009063,http://shop1.phinf.naver.net/20220128_191/1643301938083qx87n_JPEG/44437721799298688_419570190.jpg,https://shoppinglive.naver.com/channels/10600,GRADE_1,,2026-05-20T15:31:09.522608+00:00
1100092573,260080,혼집연구소,1100090798,http://shop1.phinf.naver.net/20260225_256/1771985276365Vw9KW_JPEG/26561401527419763_696069645.jpg,https://shoppinglive.naver.com/channels/260080,GRADE_1,,2026-05-20T15:31:10.450454+00:00
500254213,100465,O-CHECK,500254213,http://shop1.phinf.naver.net/20220801_2/1659316411878KuqfU_JPEG/60452300581548085_1380839645.jpg,https://shoppinglive.naver.com/channels/100465,GRADE_2,,2026-05-20T15:31:11.270851+00:00
500113027,20696,리훈,500113027,http://shop1.phinf.naver.net/20230831_206/1693452867638WLd9Y_PNG/94588701460835989_1730629542.png,https://shoppinglive.naver.com/channels/20696,GRADE_2,,2026-05-20T15:31:11.270851+00:00
101513537,94716,piekepaint,101426594,https://shop-phinf.pstatic.net/20241021_160/1729515956246bEynj_JPEG/6f8a5992.jpg,https://shoppinglive.naver.com/channels/94716,GRADE_2,,2026-05-20T15:31:11.270851+00:00
102350665,203469,살림 보감,102237485,http://shop1.phinf.naver.net/20250903_276/1756875407042Nz2Ne_JPEG/33100380920332326_1377139896.jpg,https://shoppinglive.naver.com/channels/203469,GRADE_2,,2026-05-20T15:31:12.111493+00:00
100104814,38782,에이픽스,100094474,http://shop1.phinf.naver.net/20221130_5/1669776913547YFKki_JPEG/70912756262853214_1895267758.jpg,https://shoppinglive.naver.com/channels/38782,GRADE_2,,2026-05-20T15:31:12.111493+00:00
101903860,115484,흙이 보배다,101803651,http://shop1.phinf.naver.net/20241230_161/1735547115136pmgzC_PNG/18204914977417450_959743541.png,https://shoppinglive.naver.com/channels/115484,GRADE_1,,2026-05-20T15:31:12.111493+00:00
102490390,235791,케이하우스홀드,102373381,http://shop1.phinf.naver.net/20250113_125/1736743821480h15PJ_PNG/70127433316488304_495107629.png,https://shoppinglive.naver.com/channels/235791,GRADE_2,,2026-05-20T15:31:12.111493+00:00
500082335,18426,더살림앤코,500082335,http://shop1.phinf.naver.net/20250401_193/17434887224920VL55_JPEG/71076156439043591_1635636894.jpg,https://shoppinglive.naver.com/channels/18426,GRADE_1,,2026-05-20T15:31:12.111493+00:00
101528101,122902,MHW-3BOMBER코리아,101440647,http://shop1.phinf.naver.net/20220426_232/1650959545593jOCHm_JPEG/52095388305184963_1455546695.jpg,https://shoppinglive.naver.com/channels/122902,GRADE_2,,2026-05-20T15:31:12.111493+00:00
500151563,24307,더조은홈,500151563,http://shop1.phinf.naver.net/20230102_57/16726443107654BfOl_PNG/73780090491079949_1385385713.png,https://shoppinglive.naver.com/channels/24307,GRADE_1,,2026-05-20T15:31:12.811921+00:00
101372175,96967,슬리필로우,101289980,http://shop1.phinf.naver.net/20240531_150/1717118124965boMaB_JPEG/118254020695419030_830443176.jpg,https://shoppinglive.naver.com/channels/96967,GRADE_1,,2026-05-20T15:31:12.811921+00:00
101491587,102180,여리여리..,101405432,http://shop1.phinf.naver.net/20250306_214/17412244054915ooKR_JPEG/25662390377850231_904959928.jpg,https://shoppinglive.naver.com/channels/102180,GRADE_1,,2026-05-20T15:31:12.811921+00:00
500131504,59936,미아 아트,500131504,http://shop1.phinf.naver.net/20260211_64/1770789025157eYXaN_PNG/18150590016827504_1750519779.png,https://shoppinglive.naver.com/channels/59936,GRADE_2,,2026-05-20T15:31:12.811921+00:00
100131789,83393,온라인가구닷컴,100118942,http://shop1.phinf.naver.net/20210618_205/1623986273575gkUvx_JPEG/25122107213676849_1500502067.jpg,https://shoppinglive.naver.com/channels/83393,GRADE_2,,2026-05-20T15:31:13.722951+00:00
100474736,56079,아에르 샵,100430878,http://shop1.phinf.naver.net/20210607_178/1623034735924FBKqU_JPEG/24170570758413708_1478629464.jpg,https://shoppinglive.naver.com/channels/56079,GRADE_3,,2026-05-20T15:31:13.722951+00:00
101210701,77263,오토크루,101134589,http://shop1.phinf.naver.net/20230223_270/16771445510183VGAP_JPEG/78280330740165535_1807313676.jpg,https://shoppinglive.naver.com/channels/77263,GRADE_1,,2026-05-20T15:31:13.722951+00:00
500007517,9855,헬렌스타인,500007517,http://shop1.phinf.naver.net/20210113_7/1610524076478YP8MB_JPEG/11659975180390275_490565484.jpg,https://shoppinglive.naver.com/channels/9855,GRADE_1,,2026-05-20T15:31:13.722951+00:00
500003822,9025,네이쳐리빙,500003822,http://shop1.phinf.naver.net/20200923_6/1600846906145KA4wz_JPEG/1982689859070184_906435595.jpg,https://shoppinglive.naver.com/channels/9025,GRADE_1,,2026-05-20T15:31:13.722951+00:00
101677583,181134,글로하츠 GloHearts,101585313,http://shop1.phinf.naver.net/20230112_13/1673494218886DY4xi_JPEG/74630114625375380_1264628880.jpg,https://shoppinglive.naver.com/channels/181134,GRADE_2,,2026-05-20T15:31:13.722951+00:00
101694979,99522,KDIA,101602005,http://shop1.phinf.naver.net/20221010_172/1665372580242Xa2LN_JPEG/66508478946820309_982044949.jpg,https://shoppinglive.naver.com/channels/99522,GRADE_1,,2026-05-20T15:31:14.468398+00:00
100424701,250894,엘림 하우스.,100384501,http://shop1.phinf.naver.net/20251029_4/1761703781672Lj0qv_JPEG/95836616807735154_297484196.jpg,https://shoppinglive.naver.com/channels/250894,GRADE_2,,2026-05-20T15:31:14.468398+00:00
101906030,143721,뉴뱅,101805761,http://shop1.phinf.naver.net/20230322_104/1679445768567Uqu1v_JPEG/80581596394877830_1613517999.jpg,https://shoppinglive.naver.com/channels/143721,GRADE_2,,2026-05-20T15:31:14.468398+00:00
500199277,27915,CLA 클라,500199277,http://shop1.phinf.naver.net/20230922_71/1695344180110azUFk_PNG/96480068823985694_1965999718.png,https://shoppinglive.naver.com/channels/27915,GRADE_3,,2026-05-20T15:31:14.468398+00:00
500002616,8866,리빙스토리,500002616,http://shop1.phinf.naver.net/20220329_38/1648526859282isA58_PNG/49662757993479875_858451743.png,https://shoppinglive.naver.com/channels/8866,GRADE_2,,2026-05-20T15:31:14.468398+00:00
500065746,81488,보오글 공식온라인몰,500065746,http://shop1.phinf.naver.net/20210805_286/1628139562606g3J4G_JPEG/29275342101308003_1532672566.jpg,https://shoppinglive.naver.com/channels/81488,GRADE_3,,2026-05-20T15:31:15.389745+00:00
100573652,56708,듀먼,100523836,http://shop1.phinf.naver.net/20240314_39/1710386410186Rjxh1_JPEG/111522252902430747_535338979.jpg,https://shoppinglive.naver.com/channels/56708,GRADE_3,,2026-05-20T15:31:15.389745+00:00
500025557,70616,쉐우드가구,500025557,http://shop1.phinf.naver.net/20260324_139/1774316558157PbFq8_JPEG/18831437973579964_1499547521.jpg,https://shoppinglive.naver.com/channels/70616,GRADE_2,,2026-05-20T15:31:15.389745+00:00
100645471,96841,블루워시,100592048,http://shop1.phinf.naver.net/20260213_295/1770968880149PRnHf_PNG/969333261886160_719224751.png,https://shoppinglive.naver.com/channels/96841,GRADE_2,,2026-05-20T15:31:15.389745+00:00
102425592,221024,큐빅스펫,102310496,http://shop1.phinf.naver.net/20250123_248/1737607395578EapuH_JPEG/72610707625973_643447625.jpg,https://shoppinglive.naver.com/channels/221024,GRADE_1,,2026-05-20T15:31:15.389745+00:00
100096574,38402,호르투스 가든,100086907,http://shop1.phinf.naver.net/20201120_131/1605852252898pRc6m_GIF/6988148627565008_1471339503.gif,https://shoppinglive.naver.com/channels/38402,GRADE_1,,2026-05-20T15:31:16.132582+00:00
102088065,209281,살림나무,101981709,http://shop1.phinf.naver.net/20231019_258/1697717005423JlQVs_PNG/98852901159961015_2024503260.png,https://shoppinglive.naver.com/channels/209281,GRADE_1,,2026-05-20T15:31:16.132582+00:00
500173509,25798,홈에디션명진,500173509,http://shop1.phinf.naver.net/20230803_124/16910441581471oDii_PNG/92180053885389052_833555469.png,https://shoppinglive.naver.com/channels/25798,GRADE_2,,2026-05-20T15:31:16.132582+00:00
500150799,100902,밤켈,500150799,http://shop1.phinf.naver.net/20250409_114/1744187889515aDsYf_JPEG/24970126090148248_2079994673.jpg,https://shoppinglive.naver.com/channels/100902,GRADE_2,,2026-05-20T15:31:16.132582+00:00
102317687,188032,S:ON,102205311,http://shop1.phinf.naver.net/20250224_18/1740372790023mpgzd_PNG/11304057813625687_694906886.png,https://shoppinglive.naver.com/channels/188032,GRADE_2,,2026-05-20T15:31:16.132582+00:00
65654193,253541,쏠쏠마켓,bmV8a,https://phinf.pstatic.net/dthumb/?src=%22https%3A%2F%2Fphinf.pstatic.net%2Fcontact%2F20251126_7%2F176413581842886efY_PNG%2Fimage.png%22&service=selective,https://shoppinglive.naver.com/channels/253541,GRADE_3,,2026-05-20T15:31:16.132582+00:00
100166879,59498,asobu다이렉트몰,100150245,http://shop1.phinf.naver.net/20241125_281/1732511996332PJydy_JPEG/8130051821686116_1174110322.jpg,https://shoppinglive.naver.com/channels/59498,GRADE_2,,2026-05-20T15:31:16.132582+00:00
500204673,228843,라포즈 LA PAUSE,500204673,http://shop1.phinf.naver.net/20250116_145/1736993264319wwUrn_JPEG/7925434690323681_1199298978.jpg,https://shoppinglive.naver.com/channels/228843,GRADE_2,,2026-05-20T15:31:16.778652+00:00
500000416,180473,알프렌즈,500000416,http://shop2.phinf.naver.net/20120918_238/dkfvmfpswm_1347946275093axb2B_JPEG/24257948856517479_-25296250.jpg,https://shoppinglive.naver.com/channels/180473,GRADE_2,,2026-05-20T15:31:17.710080+00:00
500133562,22582,아나파코리아,500133562,http://shop2.phinf.naver.net/20170201_210/tkakss_1485931101464cvj0C_PNG/617f8c32-edf1-47e2-90af-967b35ec81fa.png,https://shoppinglive.naver.com/channels/22582,GRADE_2,,2026-05-20T15:31:17.710080+00:00
500087821,18763,리앤데코 러그,500087821,http://shop1.phinf.naver.net/20231222_194/1703209622749WheT1_JPEG/104345450580130566_1219058011.jpg,https://shoppinglive.naver.com/channels/18763,GRADE_1,,2026-05-20T15:31:18.594137+00:00
102782605,251813,브리오신,102659437,http://shop1.phinf.naver.net/20250926_112/1758869231771oMgto_JPEG/34487300278008665_1552256066.jpg,https://shoppinglive.naver.com/channels/251813,GRADE_2,,2026-05-20T15:31:18.594137+00:00
102597694,262006,DEXTEX,102477860,http://shop1.phinf.naver.net/20251118_7/17634313867589wMho_PNG/97564272173307421_1484306472.png,https://shoppinglive.naver.com/channels/262006,GRADE_1,,2026-05-20T15:31:18.594137+00:00
101324444,86209,웍스코리아,101243722,http://shop1.phinf.naver.net/20230313_216/1678690316020xRhQJ_JPEG/79826143839468700_1102428288.jpg,https://shoppinglive.naver.com/channels/86209,GRADE_3,,2026-05-20T15:31:19.262247+00:00
100036601,563,핀일로,100031957,http://shop1.phinf.naver.net/20260319_155/17739126752125WSPU_JPEG/17834430586532733_37667983.jpg,https://shoppinglive.naver.com/channels/563,GRADE_1,,2026-05-20T15:31:19.262247+00:00
100220891,43754,에델코첸,100198470,http://shop1.phinf.naver.net/20210430_199/1619760012590mACsK_JPEG/20895858307857413_2065044868.jpg,https://shoppinglive.naver.com/channels/43754,GRADE_2,,2026-05-20T15:31:20.159853+00:00
101370039,222412,뉴트리오,101287921,http://shop1.phinf.naver.net/20250115_17/1736920765178vl6T9_JPEG/67643294070723882_1902657381.jpg,https://shoppinglive.naver.com/channels/222412,GRADE_1,,2026-05-20T15:31:20.159853+00:00
101610410,97910,신일e몰,101520067,http://shop1.phinf.naver.net/20230921_27/1695295151260DOYLb_JPEG/22597835140736363_267912161.jpg,https://shoppinglive.naver.com/channels/97910,GRADE_2,,2026-05-20T15:31:20.159853+00:00
100682354,258737,쉬어 Swieo,100627157,http://shop1.phinf.naver.net/20241224_57/1735021513614QSwLq_PNG/16347811437463385_623996224.png,https://shoppinglive.naver.com/channels/258737,GRADE_1,,2026-05-20T15:31:20.975503+00:00
100674602,590,동원펫,100619815,http://shop1.phinf.naver.net/20231121_191/17005564500818PQt1_JPEG/101692292792164811_282836411.jpg,https://shoppinglive.naver.com/channels/590,GRADE_3,,2026-05-20T15:31:20.975503+00:00
500116707,21196,엉클트리uncle tree,500116707,http://shop1.phinf.naver.net/20230119_194/1674113815623Q02nd_PNG/75249704333237671_1378589396.png,https://shoppinglive.naver.com/channels/21196,GRADE_1,,2026-05-20T15:31:20.975503+00:00
100602316,57411,스톤힐,100551036,http://shop1.phinf.naver.net/20210127_77/1611710046359SDQpc_JPEG/12845826074182259_1274810034.jpg,https://shoppinglive.naver.com/channels/57411,GRADE_1,,2026-05-20T15:31:20.975503+00:00
100819128,159718,요쿤,100758765,http://shop1.phinf.naver.net/20231123_95/1700716182940ifadO_JPEG/101852017773616188_1257610075.jpg,https://shoppinglive.naver.com/channels/159718,GRADE_1,,2026-05-20T15:31:20.975503+00:00
100417366,51334,데몬하우스,100377671,https://shop-phinf.pstatic.net/20241021_160/1729515956246bEynj_JPEG/6f8a5992.jpg,https://shoppinglive.naver.com/channels/51334,GRADE_1,,2026-05-20T15:31:20.975503+00:00
100628173,202056,앳킨슨,100575656,http://shop1.phinf.naver.net/20200721_75/1595317209735JwhLy_PNG/32678752372584913_1477135112.png,https://shoppinglive.naver.com/channels/202056,GRADE_2,,2026-05-20T15:31:20.975503+00:00
100300122,46634,닥터퓨리,100270058,http://shop1.phinf.naver.net/20230905_185/1693875576016gp3cp_JPEG/21178259890947968_130609211.jpg,https://shoppinglive.naver.com/channels/46634,GRADE_2,,2026-05-20T15:31:20.975503+00:00
101126592,146317,가사의 시간,101054037,http://shop1.phinf.naver.net/20210319_283/161613575632663L7a_PNG/17271655037131246_1534495559.png,https://shoppinglive.naver.com/channels/146317,GRADE_2,,2026-05-20T15:31:21.793941+00:00
100603263,61351,어린숨,100551944,http://shop1.phinf.naver.net/20201014_51/1602663108122JdQmB_PNG/3798891648635821_1000256301.png,https://shoppinglive.naver.com/channels/61351,GRADE_2,,2026-05-20T15:31:22.575252+00:00
100116834,39239,에코버 공식스토어,100105349,http://shop1.phinf.naver.net/20251230_29/1767071551104fEggG_JPEG/47251687139306241_1982746273.jpg,https://shoppinglive.naver.com/channels/39239,GRADE_3,,2026-05-20T15:31:22.575252+00:00
100214546,211673,홈에너지,100192632,http://shop1.phinf.naver.net/20250220_102/1740045074429CQI89_JPEG/28510827622765730_821298315.jpg,https://shoppinglive.naver.com/channels/211673,GRADE_1,,2026-05-20T15:31:22.575252+00:00
101394372,87911,밸런스온공식스토어,101311408,http://shop1.phinf.naver.net/20211223_180/16402422652519dLMC_JPEG/41378044978796565_1897439281.jpg,https://shoppinglive.naver.com/channels/87911,GRADE_2,,2026-05-20T15:31:23.527360+00:00
100398754,50662,이지앤프리몰,100360743,http://shop1.phinf.naver.net/20210928_171/1632787687413zcFlq_PNG/33923515238764644_1399164112.png,https://shoppinglive.naver.com/channels/50662,GRADE_2,,2026-05-20T15:31:23.527360+00:00
102553955,221181,PET7,102435058,http://shop1.phinf.naver.net/20250110_299/173649549189837wBK_JPEG/70628343051170184_1297792705.jpg,https://shoppinglive.naver.com/channels/221181,GRADE_1,,2026-05-20T15:31:24.145016+00:00
1100011327,256203,오볼텀블러,1100011122,http://shop1.phinf.naver.net/20251111_263/17628190281625QXl3_PNG/37215950599238904_1115858186.png,https://shoppinglive.naver.com/channels/256203,GRADE_1,,2026-05-20T15:31:24.145016+00:00
100035064,67695,덴티넘,100030550,http://shop1.phinf.naver.net/20260513_211/1778667429056923LQ_PNG/10369451955598856_1051691250.png,https://shoppinglive.naver.com/channels/67695,GRADE_2,,2026-05-20T15:31:24.145016+00:00
100089224,38154,감성모먼트,100080158,http://shop1.phinf.naver.net/20240215_114/1707975421870SR2Jp_JPEG/109111317606610936_1356309481.jpg,https://shoppinglive.naver.com/channels/38154,GRADE_1,,2026-05-20T15:31:24.942182+00:00
101450466,158102,지앤지주방,101365807,http://shop1.phinf.naver.net/20220302_203/1646223574917FpzbS_JPEG/47359417627686808_1776926602.jpg,https://shoppinglive.naver.com/channels/158102,GRADE_2,,2026-05-20T15:31:24.942182+00:00
500095989,19460,인블루가구,500095989,http://shop1.phinf.naver.net/20251010_253/1760082915203LmeG4_PNG/94215776328301455_1055223822.png,https://shoppinglive.naver.com/channels/19460,GRADE_1,,2026-05-20T15:31:27.654985+00:00
100381863,160488,제주도여행 김작가 스냅영상,100345317,https://shop-phinf.pstatic.net/20241021_160/1729515956246bEynj_JPEG/6f8a5992.jpg,https://shoppinglive.naver.com/channels/160488,GRADE_1,,2026-05-20T15:31:27.654985+00:00
101469460,113413,조이씨엘,101384085,http://shop1.phinf.naver.net/20220227_168/1645889961766DsE69_JPEG/47025807472372168_522583105.jpg,https://shoppinglive.naver.com/channels/113413,GRADE_1,,2026-05-20T15:31:27.654985+00:00
102126006,191134,플라담,102018519,http://shop1.phinf.naver.net/20250326_208/1742946426215hLAqf_JPEG/77079212336754254_1134607573.jpg,https://shoppinglive.naver.com/channels/191134,GRADE_2,,2026-05-20T15:31:27.654985+00:00
500117657,21256,제니퍼룸,500117657,http://shop1.phinf.naver.net/20230801_254/1690871933106ELpe2_JPEG/92007828833301157_1892228357.jpg,https://shoppinglive.naver.com/channels/21256,GRADE_3,,2026-05-20T15:31:28.424071+00:00
100478995,53600,홈앤힐,100434829,http://shop1.phinf.naver.net/20241223_106/1734929906015m4eLg_PNG/3014934159985333_1169041318.png,https://shoppinglive.naver.com/channels/53600,GRADE_3,,2026-05-20T15:31:29.840123+00:00
100542299,55725,비움 공식 스토어,100494222,http://shop1.phinf.naver.net/20241220_72/1734677555497RpGoo_PNG/2762583640997094_191772328.png,https://shoppinglive.naver.com/channels/55725,GRADE_2,,2026-05-20T15:31:31.731331+00:00
101755128,123643,에일린리본,101659876,http://shop1.phinf.naver.net/20230127_12/1674784171414oiyRO_JPEG/75920014113982467_2121904994.jpg,https://shoppinglive.naver.com/channels/123643,GRADE_2,,2026-05-20T15:31:32.243724+00:00
500050638,177754,세진과학,500050638,http://shop1.phinf.naver.net/20220411_212/1649635954906Gy13j_JPEG/50771850641337147_1721370983.jpg,https://shoppinglive.naver.com/channels/177754,GRADE_1,,2026-05-20T15:31:32.673341+00:00
102186063,184176,매트리스공장,102076826,http://shop1.phinf.naver.net/20251230_238/1767077693207JethY_JPEG/1872790562921240_596946123.jpg,https://shoppinglive.naver.com/channels/184176,GRADE_1,,2026-05-20T15:31:33.532446+00:00
100196891,42780,유르테,100176786,http://shop1.phinf.naver.net/20250710_226/1752128609121nycO7_PNG/8111326262641525_926437083.png,https://shoppinglive.naver.com/channels/42780,GRADE_2,,2026-05-20T15:31:36.036063+00:00
100460789,52986,지구오필리아,100418051,http://shop1.phinf.naver.net/20211002_120/16331664146150kNG7_JPEG/34302310347891796_340959741.jpg,https://shoppinglive.naver.com/channels/52986,GRADE_1,,2026-05-20T15:31:41.926480+00:00
100015140,79196,미레아우드,100012570,http://shop1.phinf.naver.net/20240724_222/17217708068139je86_PNG/35260065189224607_2045356585.png,https://shoppinglive.naver.com/channels/79196,GRADE_1,,2026-05-20T15:31:41.926480+00:00
500027475,142777,선데이,500027475,http://shop1.phinf.naver.net/20231103_286/1699001533749RuMoM_JPEG/12276707531728933_1514395017.jpg,https://shoppinglive.naver.com/channels/142777,GRADE_1,,2026-05-20T15:31:44.929480+00:00
101858280,223290,파밀리아415,101759745,http://shop1.phinf.naver.net/20251126_26/1764118126251zgnS8_PNG/1418862518390962_1919252715.png,https://shoppinglive.naver.com/channels/223290,GRADE_1,,2026-05-20T15:31:46.595660+00:00
100535673,55454,갤러리츠,100487938,http://shop1.phinf.naver.net/20191126_143/1574748098863k3eJQ_PNG/12109641472745034_2076316590.png,https://shoppinglive.naver.com/channels/55454,GRADE_1,,2026-05-20T15:31:47.396649+00:00
100428171,51814,카엔,100387708,http://shop1.phinf.naver.net/20260323_15/1774275348710fdpC0_PNG/41341152658941090_873012954.png,https://shoppinglive.naver.com/channels/51814,GRADE_1,,2026-05-20T15:31:47.396649+00:00
100473392,53399,주고코리아,100429691,http://shop1.phinf.naver.net/20260113_116/1768269545265WqCGr_PNG/48427164363269166_2087606611.png,https://shoppinglive.naver.com/channels/53399,GRADE_1,,2026-05-20T15:31:47.396649+00:00
1100129584,263652,보미온화,1100127207,http://shop1.phinf.naver.net/20260417_35/1776429469375s1oho_PNG/48396959491045888_1310916693.png,https://shoppinglive.naver.com/channels/263652,GRADE_1,,2026-05-20T15:31:47.396649+00:00
100948575,75988,문손잡이팜,100883094,http://shop1.phinf.naver.net/20220714_172/1657796515287Y2ty2_PNG/58932350120980866_153100249.png,https://shoppinglive.naver.com/channels/75988,GRADE_2,,2026-05-20T15:31:48.303851+00:00
101101437,94653,피네스토,101029934,http://shop1.phinf.naver.net/20250416_241/1744782574861LnuQk_PNG/54257702816936126_643526493.png,https://shoppinglive.naver.com/channels/94653,GRADE_1,,2026-05-20T15:31:48.303851+00:00
101662292,220714,영웅공구,101570506,https://shop-phinf.pstatic.net/20241021_160/1729515956246bEynj_JPEG/6f8a5992.jpg,https://shoppinglive.naver.com/channels/220714,GRADE_1,,2026-05-20T15:31:49.198938+00:00
101305705,216393,에스알테크 스마트조명,101225625,http://shop1.phinf.naver.net/20211012_291/1634027338901dxVKB_JPEG/35163118623188065_145472713.jpg,https://shoppinglive.naver.com/channels/216393,GRADE_2,,2026-05-20T15:31:50.622792+00:00
100502811,260865,가구치치,100457090,http://shop1.phinf.naver.net/20210219_163/1613725995524vnl5L_JPEG/14861779238139997_1772512564.jpg,https://shoppinglive.naver.com/channels/260865,GRADE_1,,2026-05-20T15:31:50.622792+00:00
102556124,221705,고터농원,102437146,http://shop1.phinf.naver.net/20250124_183/1737706145175agky2_JPEG/11060924972187446_1053203151.jpg,https://shoppinglive.naver.com/channels/221705,GRADE_1,,2026-05-20T15:31:50.622792+00:00
500137740,22953,미스터카,500137740,https://shop-phinf.pstatic.net/20241021_160/1729515956246bEynj_JPEG/6f8a5992.jpg,https://shoppinglive.naver.com/channels/22953,GRADE_1,,2026-05-20T15:31:53.109356+00:00
100298636,32330,플리바바 스토어,100268796,http://shop1.phinf.naver.net/20250808_64/1754648104583gJSXy_PNG/9446573517173308_1444965719.png,https://shoppinglive.naver.com/channels/32330,GRADE_2,,2026-05-20T15:31:53.109356+00:00
100265349,63558,AMT 코리아,100238542,http://shop1.phinf.naver.net/20241226_233/1735204382849LGPC5_PNG/16530680671450459_10401641.png,https://shoppinglive.naver.com/channels/63558,GRADE_3,,2026-05-20T15:31:53.109356+00:00
102096372,204751,비프롬,101989786,http://shop1.phinf.naver.net/20241101_22/1730387514989LuiGy_PNG/64520451679480458_1455461585.png,https://shoppinglive.naver.com/channels/204751,GRADE_1,,2026-05-20T15:31:53.952117+00:00
100960113,118385,레아린Rhealean,100894211,http://shop1.phinf.naver.net/20230518_143/16843873223667455u_JPEG/85523102078823014_2059245070.jpg,https://shoppinglive.naver.com/channels/118385,GRADE_1,,2026-05-20T15:31:53.952117+00:00
56700157,88927,지출광,eEkRA,https://g-selected.pstatic.net/MjAyMjA0MjJfOTkg/MDAxNjUwNTk0NzM2NDQ1.cCClCbih7CACYen_yy4hUVOeZsRdDGARiTACKxZ54n4g.Nw7O-0tH_vQCoNqVIoArf0myVOa78NmdXorrWwps7aUg.JPEG/image.jpg,https://shoppinglive.naver.com/channels/88927,GRADE_3,,2026-05-20T15:31:53.952117+00:00
500167258,25273,코지마,500167258,http://shop1.phinf.naver.net/20260324_11/1774338649877nSULj_JPEG/20753057262995214_958797601.jpg,https://shoppinglive.naver.com/channels/25273,GRADE_3,,2026-05-20T15:31:55.721084+00:00
500168922,25357,우아미가구스토어,500168922,http://shop1.phinf.naver.net/20210615_29/1623739477184nWTUO_JPEG/24875322894208251_1463998744.jpg,https://shoppinglive.naver.com/channels/25357,GRADE_3,,2026-05-20T15:31:55.721084+00:00
500132333,22529,디팡,500132333,http://shop1.phinf.naver.net/20220706_259/1657072548897xhUG0_JPEG/58208332562870310_1959182211.jpg,https://shoppinglive.naver.com/channels/22529,GRADE_3,,2026-05-20T15:31:55.721084+00:00
100412679,61945,호무로 HOMURO,100373418,http://shop1.phinf.naver.net/20220403_237/1648997352813mvUta_PNG/50133248546462167_65392517.png,https://shoppinglive.naver.com/channels/61945,GRADE_3,,2026-05-20T15:31:55.721084+00:00
101209348,170147,코다바,101133309,http://shop1.phinf.naver.net/20211123_142/1637670410178MW4Cg_JPEG/38806189903884474_1207403489.jpg,https://shoppinglive.naver.com/channels/170147,GRADE_1,,2026-05-20T15:31:55.721084+00:00
101959596,123706,핸독,101857327,http://shop1.phinf.naver.net/20240520_133/1716209787695fTNDM_JPEG/117345630408916975_2120446029.jpg,https://shoppinglive.naver.com/channels/123706,GRADE_1,,2026-05-20T15:31:56.364930+00:00
102673351,258392,이브제로,102552009,http://shop1.phinf.naver.net/20260129_251/1769671697752hGNTR_PNG/24280514723966443_874699503.png,https://shoppinglive.naver.com/channels/258392,GRADE_2,,2026-05-20T15:31:56.364930+00:00
101571153,97709,바스드라이버,101481975,http://shop1.phinf.naver.net/20221115_89/1668443258478HeM7g_JPEG/69579092290982865_1153027868.jpg,https://shoppinglive.naver.com/channels/97709,GRADE_1,,2026-05-20T15:31:57.312484+00:00
500213142,28999,라미에스,500213142,http://shop1.phinf.naver.net/20220121_161/1642733872494OUcjA_PNG/43869706117677872_2139118289.png,https://shoppinglive.naver.com/channels/28999,GRADE_2,,2026-05-20T15:31:57.312484+00:00
102034667,163280,플리커폭스,101930003,http://shop1.phinf.naver.net/20250811_191/1754878626581zFU1u_JPEG/89011437716919658_1822631802.jpg,https://shoppinglive.naver.com/channels/163280,GRADE_2,,2026-05-20T15:31:57.312484+00:00
100226009,185496,금손간판,100203115,http://shop1.phinf.naver.net/20240902_97/17252644525784HOAP_JPEG/38731952087610947_777957882.jpg,https://shoppinglive.naver.com/channels/185496,GRADE_1,,2026-05-20T15:31:58.106861+00:00
500011203,10858,이지스오토랩,500011203,http://shop1.phinf.naver.net/20260324_44/17743141631542Bxql_JPEG/59981856856122418_-1369585958.jpg,https://shoppinglive.naver.com/channels/10858,GRADE_2,,2026-05-20T15:31:59.063452+00:00
500174054,25835,더코이즈,500174054,http://shop1.phinf.naver.net/20260107_89/1767766083307R5qIC_PNG/17377615821112644_2102394443.png,https://shoppinglive.naver.com/channels/25835,GRADE_2,,2026-05-20T15:31:59.063452+00:00
100777561,88452,바디앤몰,100718880,http://shop1.phinf.naver.net/20241025_231/1729838988105ts4AC_JPEG/11053804971178385_745173788.jpg,https://shoppinglive.naver.com/channels/88452,GRADE_3,,2026-05-20T15:31:59.063452+00:00
100027575,35303,벤딕트 공식몰,100023846,http://shop1.phinf.naver.net/20230817_118/1692252326355fyzcg_PNG/93388161189167032_1662868904.png,https://shoppinglive.naver.com/channels/35303,GRADE_3,,2026-05-20T15:31:59.063452+00:00
102245235,215739,루아멍,102134344,http://shop1.phinf.naver.net/20241121_180/1732193513486lm8nh_JPEG/22929624642181474_1180856940.jpg,https://shoppinglive.naver.com/channels/215739,GRADE_1,,2026-05-20T15:32:00.653044+00:00
102289687,195157,원케이월드,102177922,https://shop-phinf.pstatic.net/20241021_160/1729515956246bEynj_JPEG/6f8a5992.jpg,https://shoppinglive.naver.com/channels/195157,GRADE_2,,2026-05-20T15:32:00.653044+00:00
500088129,134760,navipark,500088129,http://shop1.phinf.naver.net/20200916_137/1600241840471mm487_JPEG/1377729165528056_119572405.jpg,https://shoppinglive.naver.com/channels/134760,GRADE_2,,2026-05-20T15:32:00.653044+00:00
100436186,52078,오월데코,100395191,http://shop1.phinf.naver.net/20200321_183/158476962936991mj8_JPEG/22131962926281517_1813019766.jpg,https://shoppinglive.naver.com/channels/52078,GRADE_2,,2026-05-20T15:32:01.151431+00:00
102796699,257595,더목림,102673320,http://shop1.phinf.naver.net/20251219_85/1766124830216j3kgn_JPEG/100257714337163119_860640015.jpg,https://shoppinglive.naver.com/channels/257595,GRADE_1,,2026-05-20T15:32:01.540430+00:00
100107374,38880,린백의자,100096835,http://shop1.phinf.naver.net/20200331_210/1585616465392JdonT_JPEG/22977203840410813_2106545654.jpg,https://shoppinglive.naver.com/channels/38880,GRADE_1,,2026-05-20T15:32:01.540430+00:00
101142697,186878,신호트리,101069434,http://shop1.phinf.naver.net/20240927_166/1727418284661U69Uv_JPEG/61551142796327883_256654186.jpg,https://shoppinglive.naver.com/channels/186878,GRADE_1,,2026-05-20T15:32:01.540430+00:00
1100034649,260292,스댕연구소,1100034064,http://shop1.phinf.naver.net/20260127_292/1769499332417keWaS_JPEG/45961243528324598_1788772771.jpg,https://shoppinglive.naver.com/channels/260292,GRADE_2,,2026-05-20T15:32:02.461954+00:00
500008497,10124,댕냥이몰,500008497,http://shop1.phinf.naver.net/20210810_132/1628571263456RX0Ma_JPEG/29707158948564967_1457996921.jpg,https://shoppinglive.naver.com/channels/10124,GRADE_2,,2026-05-20T15:32:03.082972+00:00
100429887,167464,와이키키 농장,100389313,http://shop1.phinf.naver.net/20251118_25/1763432437796y86We_PNG/24769684910351544_1044375811.png,https://shoppinglive.naver.com/channels/167464,GRADE_1,,2026-05-20T15:32:03.083975+00:00
102279411,183039,DND24,102167844,http://shop1.phinf.naver.net/20240305_111/17096146613219SzGN_PNG/110750489151612491_1943684755.png,https://shoppinglive.naver.com/channels/183039,GRADE_1,,2026-05-20T15:32:04.032597+00:00
500049551,15520,에파타클린업,500049551,http://shop1.phinf.naver.net/20260324_253/17743200842956B9lR_JPEG/69367792712523042_536030478.jpg,https://shoppinglive.naver.com/channels/15520,GRADE_1,,2026-05-20T15:32:04.032597+00:00
500131818,120970,인정스토어,500131818,http://shop2.phinf.naver.net/20160121_260/ijstore_1453344621222N1x3A_JPEG/59965619741465858_906784333.JPG,https://shoppinglive.naver.com/channels/120970,GRADE_1,,2026-05-20T15:32:04.032597+00:00
100547803,260499,예스올-Yes All,100499430,http://shop1.phinf.naver.net/20260228_196/1772254699602zlIDk_PNG/10790667581614087_1806494110.png,https://shoppinglive.naver.com/channels/260499,GRADE_1,,2026-05-20T15:32:04.032597+00:00
100396094,70583,우가차차486,100358270,http://shop1.phinf.naver.net/20210125_283/1611543449753hrBKU_JPEG/12679295466993008_605658859.jpg,https://shoppinglive.naver.com/channels/70583,GRADE_2,,2026-05-20T15:32:04.032597+00:00
1100043083,263130,모카리움,1100042374,http://shop1.phinf.naver.net/20251222_244/17663894083098tsbE_JPEG/39363761178754880_638864450.jpg,https://shoppinglive.naver.com/channels/263130,GRADE_2,,2026-05-20T15:32:06.052049+00:00
500188034,241777,aash,500188034,https://shop-phinf.pstatic.net/20241021_160/1729515956246bEynj_JPEG/6f8a5992.jpg,https://shoppinglive.naver.com/channels/241777,GRADE_2,,2026-05-20T15:32:06.052049+00:00
100620753,87745,유얼키친,100568565,http://shop1.phinf.naver.net/20250422_213/1745290944241yjWfU_JPEG/25230091092695626_248277833.jpg,https://shoppinglive.naver.com/channels/87745,GRADE_2,,2026-05-20T15:32:06.052049+00:00
102519722,263849,젠틀모먼츠,102401843,http://shop1.phinf.naver.net/20241226_53/1735194215929sMbMG_JPEG/3279244062158360_2025249247.jpg,https://shoppinglive.naver.com/channels/263849,GRADE_1,,2026-05-20T15:32:06.052049+00:00
100113768,39206,핏펫,100102587,http://shop1.phinf.naver.net/20220923_76/1663923555537wDpzM_JPEG/65059398252344982_308731474.jpg,https://shoppinglive.naver.com/channels/39206,GRADE_3,,2026-05-20T15:32:06.889833+00:00
500044716,14906,더존 브랜드스토어,500044716,http://shop1.phinf.naver.net/20250408_61/17440881845568sIrY_JPEG/504459695010250_561126257.jpg,https://shoppinglive.naver.com/channels/14906,GRADE_1,,2026-05-20T15:32:06.889833+00:00
102203003,181624,몬스터 엠알오 네임택,102093271,http://shop1.phinf.naver.net/20240401_178/1711961007130e0a4x_JPEG/113096895835088367_1880852339.jpg,https://shoppinglive.naver.com/channels/181624,GRADE_1,,2026-05-20T15:32:06.890335+00:00
1100063232,260784,AK official,1100062151,http://shop1.phinf.naver.net/20260219_182/1771488320531oLDX8_PNG/21460673643461047_322006495.png,https://shoppinglive.naver.com/channels/260784,GRADE_1,,2026-05-20T15:32:08.260958+00:00
102563001,224596,H Cookware,102443878,http://shop1.phinf.naver.net/20250220_289/17400078277306wVdR_JPEG/90777800651355573_305779978.jpg,https://shoppinglive.naver.com/channels/224596,GRADE_1,,2026-05-20T15:32:08.894134+00:00
1100066885,260132,주식회사 바른외장산업,1100065610,http://shop1.phinf.naver.net/20260306_110/177277879965200QJ1_PNG/106911683783897403_1846703342.png,https://shoppinglive.naver.com/channels/260132,GRADE_1,,2026-05-20T15:32:08.894134+00:00
101752612,141215,Hout,101657457,http://shop1.phinf.naver.net/20230509_267/1683610766022zOKic_JPEG/84746549734805756_1725209632.jpg,https://shoppinglive.naver.com/channels/141215,GRADE_1,,2026-05-20T15:32:08.894134+00:00
500281711,33741,듀오백 라이트오피스,500281711,http://shop1.phinf.naver.net/20200217_30/1581917258985EmPIB_JPEG/19277997617389202_1662746332.jpg,https://shoppinglive.naver.com/channels/33741,GRADE_1,,2026-05-20T15:32:09.448402+00:00
100496349,54259,드롭스 공식판매처,100451041,http://shop1.phinf.naver.net/20221212_178/16708241449198MIn6_JPEG/71960040653742329_394430018.jpg,https://shoppinglive.naver.com/channels/54259,GRADE_2,,2026-05-20T15:32:11.099897+00:00
100796937,142129,데일리 툴,100737481,http://shop1.phinf.naver.net/20240131_182/1706693635661RwRUM_PNG/107829478376350972_643085652.png,https://shoppinglive.naver.com/channels/142129,GRADE_1,,2026-05-20T15:32:11.099897+00:00
500178760,26335,바이오카매트,500178760,http://shop1.phinf.naver.net/20230623_226/1687478859090XEkmF_JPEG/88614754634798934_1707679492.jpg,https://shoppinglive.naver.com/channels/26335,GRADE_2,,2026-05-20T15:32:11.099897+00:00
101893438,219047,미드센추리스토어,101793704,http://shop1.phinf.naver.net/20230918_63/1695012405669Q91OO_JPEG/96148248384482720_1420581297.jpg,https://shoppinglive.naver.com/channels/219047,GRADE_1,,2026-05-20T15:32:11.099897+00:00
102609549,259224,선티카,102489508,http://shop1.phinf.naver.net/20250619_44/1750312236166Ndi9X_PNG/29898153527873172_1621683904.png,https://shoppinglive.naver.com/channels/259224,GRADE_1,,2026-05-20T15:32:12.736818+00:00
500025232,12414,쓰임 공식스토어,500025232,http://shop1.phinf.naver.net/20220316_110/1647394298723VpMlw_JPEG/48530187343249018_885154533.jpg,https://shoppinglive.naver.com/channels/12414,GRADE_1,,2026-05-20T15:32:12.736818+00:00
102666235,237746,고담빛,102545082,http://shop1.phinf.naver.net/20250609_245/1749458679704cS66w_PNG/4042735085796379_25292984.png,https://shoppinglive.naver.com/channels/237746,GRADE_1,,2026-05-20T15:32:15.436328+00:00
500173646,25832,라온홈데코,500173646,http://shop1.phinf.naver.net/20220603_246/1654258536523nQgqV_PNG/55394382243968147_1651174021.png,https://shoppinglive.naver.com/channels/25832,GRADE_1,,2026-05-20T15:32:15.436328+00:00
500173708,25888,디클펫,500173708,http://shop1.phinf.naver.net/20241126_76/1732584622072mxCJd_PNG/8202724574805723_649919742.png,https://shoppinglive.naver.com/channels/25888,GRADE_2,,2026-05-20T15:32:15.436328+00:00
500019753,11670,에스뷰,500019753,http://shop1.phinf.naver.net/20260324_208/17743154653480pVjG_JPEG/45425116894192627_861859562.jpg,https://shoppinglive.naver.com/channels/11670,GRADE_2,,2026-05-20T15:32:15.436328+00:00
100287898,46108,메이튼,100259035,http://shop1.phinf.naver.net/20240119_145/1705622665828cdunF_JPEG/106758561565848319_1366908959.jpg,https://shoppinglive.naver.com/channels/46108,GRADE_3,,2026-05-20T15:32:16.388704+00:00
102198900,177868,비엔퍼니처,102089263,http://shop1.phinf.naver.net/20240120_9/17057278672672qSOj_JPEG/106863646991908295_114758796.jpg,https://shoppinglive.naver.com/channels/177868,GRADE_1,,2026-05-20T15:32:16.388704+00:00
102454234,213788,와우랙,102338386,http://shop1.phinf.naver.net/20240906_187/1725608346065o21OF_JPEG/11504177100497621_1709528136.jpg,https://shoppinglive.naver.com/channels/213788,GRADE_1,,2026-05-20T15:32:17.289908+00:00
1100072514,260588,누보펫 NOUVEAUPET,1100071117,http://shop1.phinf.naver.net/20260316_152/17736493598229TL0r_JPEG/36627887490177566_1737691194.JPG,https://shoppinglive.naver.com/channels/260588,GRADE_1,,2026-05-20T15:32:17.289908+00:00
101832494,246275,젠틀콤프렛서,101734629,http://shop1.phinf.naver.net/20260430_134/1777525544718e4qfo_JPEG/111658364839148360_679844149.jpg,https://shoppinglive.naver.com/channels/246275,GRADE_1,,2026-05-20T15:32:17.289908+00:00
100457962,52856,하얀하얀,100415419,http://shop1.phinf.naver.net/20251110_94/1762753901348EDg9S_PNG/16856976177380216_1880883269.png,https://shoppinglive.naver.com/channels/52856,GRADE_2,,2026-05-20T15:32:18.151181+00:00
100231914,44877,가즈다가구,100208356,http://shop1.phinf.naver.net/20240912_24/1726104478656m5yOG_JPEG/60237323959583992_1390910749.jpg,https://shoppinglive.naver.com/channels/44877,GRADE_2,,2026-05-20T15:32:18.151181+00:00
100213961,259856,인뎀바움,100192124,http://shop1.phinf.naver.net/20230714_31/1689303946836coVFW_PNG/90439730553372831_1384080897.png,https://shoppinglive.naver.com/channels/259856,GRADE_2,,2026-05-20T15:32:18.151181+00:00
64999749,208637,Wooah한부엌,2cSKOY,https://g-selected.pstatic.net/MjAyNDEwMjFfMTQ4/MDAxNzI5NTA0NjQ3MzQ5.AX_TfUwLhvI-TvB5jNJWkg_IoGF9dRqL7tQHK0DtQ6Ag.1eOr_qd3UjRSql7ih69Z5q5aAS12qYR7P3uJNOUIwR8g.JPEG/image.jpg,https://shoppinglive.naver.com/channels/208637,GRADE_3,,2026-05-20T15:32:19.358271+00:00
101792971,235705,Foodle,101696253,http://shop1.phinf.naver.net/20251204_106/1764824031860IrAaM_JPEG/40442064275956155_2037529575.JPG,https://shoppinglive.naver.com/channels/235705,GRADE_2,,2026-05-20T15:32:19.981169+00:00
101037405,69009,파워존 스토어,100968274,http://shop1.phinf.naver.net/20240911_168/1726021028830wgSJ8_PNG/60153853036855951_1043882410.png,https://shoppinglive.naver.com/channels/69009,GRADE_2,,2026-05-20T15:32:19.981169+00:00
100483285,53777,에어룸,100438750,http://shop1.phinf.naver.net/20230704_14/1688452731407jFbnV_JPEG/15755415289116022_267969897.jpg,https://shoppinglive.naver.com/channels/53777,GRADE_2,,2026-05-20T15:32:19.981169+00:00
100845078,82157,제로원,100783647,http://shop1.phinf.naver.net/20251118_292/17634442391294hNNl_PNG/24781486243195545_602883113.png,https://shoppinglive.naver.com/channels/82157,GRADE_1,,2026-05-20T15:32:21.470634+00:00
500056877,16357,에스인텍몰,500056877,http://shop1.phinf.naver.net/20191024_202/1571892172981YjRkk_JPEG/9254506364168096_2134626063.jpg,https://shoppinglive.naver.com/channels/16357,GRADE_2,,2026-05-20T15:32:21.470634+00:00
102230145,183092,고은우리,102119620,http://shop1.phinf.naver.net/20240117_59/1705460588438KOVd6_JPEG/106596422258550585_848154297.JPG,https://shoppinglive.naver.com/channels/183092,GRADE_1,,2026-05-20T15:32:21.470634+00:00
100293134,46435,홈케어 연구소,100263818,http://shop1.phinf.naver.net/20210715_266/1626321521469TFGpX_JPEG/27457355291889087_1887567669.jpg,https://shoppinglive.naver.com/channels/46435,GRADE_2,,2026-05-20T15:32:21.470634+00:00
101166990,74668,지니고라이트몰,101092796,https://shop-phinf.pstatic.net/20241021_160/1729515956246bEynj_JPEG/6f8a5992.jpg,https://shoppinglive.naver.com/channels/74668,GRADE_1,,2026-05-20T15:32:21.470634+00:00
100042065,224099,지니고라이트,100036949,http://shop1.phinf.naver.net/20200820_2/1597915375279JT5MO_JPEG/35277708800562947_2097451749.jpg,https://shoppinglive.naver.com/channels/224099,GRADE_1,,2026-05-20T15:32:22.437163+00:00
100334108,48115,펫쉴드,100300962,http://shop1.phinf.naver.net/20220121_121/1642728841726OjT5g_JPEG/43864730434354413_1666029625.jpg,https://shoppinglive.naver.com/channels/48115,GRADE_1,,2026-05-20T15:32:22.437163+00:00
101896107,258157,문무통상,101796286,https://shop-phinf.pstatic.net/20241021_160/1729515956246bEynj_JPEG/6f8a5992.jpg,https://shoppinglive.naver.com/channels/258157,GRADE_1,,2026-05-20T15:32:23.376810+00:00
100493174,183945,스윗파콘,100448067,http://shop1.phinf.naver.net/20251201_7/1764553689346DalRr_JPEG/15737748392401703_874201303.jpg,https://shoppinglive.naver.com/channels/183945,GRADE_1,,2026-05-20T15:32:26.079888+00:00
500007507,9892,프로텍트어베드코리아,500007507,http://shop1.phinf.naver.net/20240425_261/1714009552143X96md_PNG/115145440853507254_1293851706.png,https://shoppinglive.naver.com/channels/9892,GRADE_2,,2026-05-20T15:32:27.050116+00:00
100204241,84490,LABESTO 라베스토,100183457,http://shop1.phinf.naver.net/20211104_69/16360078503541Asvk_JPEG/37143683965137458_151305306.jpg,https://shoppinglive.naver.com/channels/84490,GRADE_1,,2026-05-20T15:32:27.050116+00:00
101102114,74533,평소생활 pslife,101030592,http://shop1.phinf.naver.net/20210224_144/1614129582575liVK1_PNG/15265417220609383_483766438.png,https://shoppinglive.naver.com/channels/74533,GRADE_2,,2026-05-20T15:32:27.956479+00:00
102681291,258217,뉴냅비전,102559790,http://shop1.phinf.naver.net/20250611_170/1749643237451hmQvN_PNG/78547119469866321_378596505.png,https://shoppinglive.naver.com/channels/258217,GRADE_1,,2026-05-20T15:32:28.746356+00:00
100157738,117897,스마트 팩토리 연구소,100142100,http://shop1.phinf.naver.net/20251210_276/1765357923402PuUbi_JPEG/41760365512860205_1627085542.jpg,https://shoppinglive.naver.com/channels/117897,GRADE_1,,2026-05-20T15:32:29.431264+00:00
500249700,31625,LUNA STORY,500249700,http://shop1.phinf.naver.net/20211216_164/1639640709504Ju3ob_JPEG/40776493220830646_176406293.jpg,https://shoppinglive.naver.com/channels/31625,GRADE_3,,2026-05-20T15:32:29.431768+00:00
102490097,219550,위너유니,102373095,http://shop1.phinf.naver.net/20241104_258/1730655589964vIQuQ_PNG/12408583146998616_746399098.png,https://shoppinglive.naver.com/channels/219550,GRADE_1,,2026-05-20T15:32:29.431768+00:00
102639320,236961,얀월드,102518701,http://shop1.phinf.naver.net/20250928_25/1759029570812bx4Lv_PNG/709137863844625_1006333810.png,https://shoppinglive.naver.com/channels/236961,GRADE_1,,2026-05-20T15:32:30.223770+00:00
101419394,90193,트루쿡,101335610,http://shop1.phinf.naver.net/20250806_6/1754483856658yEAUJ_JPEG/483432472292328_788199882.jpg,https://shoppinglive.naver.com/channels/90193,GRADE_2,,2026-05-20T15:32:30.971808+00:00
500081639,18306,에이트룸,500081639,http://shop1.phinf.naver.net/20251205_104/1764920905031NUdQs_PNG/11059478719458301_1621511222.png,https://shoppinglive.naver.com/channels/18306,GRADE_2,,2026-05-20T15:32:30.971808+00:00
100032175,35467,유즈툴컴퍼니,100028031,http://shop1.phinf.naver.net/20200417_52/15870886076104Ui7f_PNG/24450150238973686_1885578753.png,https://shoppinglive.naver.com/channels/35467,GRADE_2,,2026-05-20T15:32:30.971808+00:00
100220127,43708,오로라데코덴,100197764,http://shop1.phinf.naver.net/20250609_31/1749449494886alxqk_JPEG/24013314985654683_460657230.jpg,https://shoppinglive.naver.com/channels/43708,GRADE_1,,2026-05-20T15:32:30.971808+00:00
500276474,33485,하비앤데코,500276474,http://shop1.phinf.naver.net/20250812_119/1754986336028MkOPz_JPEG/34380283145029703_1449922812.jpg,https://shoppinglive.naver.com/channels/33485,GRADE_1,,2026-05-20T15:32:30.971808+00:00
102553091,225805,미라지가구,102434228,http://shop1.phinf.naver.net/20250116_126/1736987640147FneQ6_JPEG/5327639175872165_318102539.jpg,https://shoppinglive.naver.com/channels/225805,GRADE_2,,2026-05-20T15:32:30.971808+00:00
500185791,26867,레이디가구 몰,500185791,http://shop1.phinf.naver.net/20210713_24/162616524340460ElT_JPEG/27301089108238567_1047332167.jpg,https://shoppinglive.naver.com/channels/26867,GRADE_3,,2026-05-20T15:32:30.971808+00:00
500169318,25423,놋담,500169318,http://shop1.phinf.naver.net/20260324_172/1774338873285H8q7m_JPEG/32743672059610942_1429322292.jpg,https://shoppinglive.naver.com/channels/25423,GRADE_3,,2026-05-20T15:32:30.971808+00:00
102062081,167360,페렌들리,101956514,http://shop1.phinf.naver.net/20231031_201/1698720557856Lvkfj_JPEG/99856385683296763_181122828.jpg,https://shoppinglive.naver.com/channels/167360,GRADE_1,,2026-05-20T15:32:31.910110+00:00
101399315,233272,아이미우,101316200,http://shop1.phinf.naver.net/20251229_179/17669806349188a8IH_PNG/42748937033610459_1553759063.png,https://shoppinglive.naver.com/channels/233272,GRADE_1,,2026-05-20T15:32:31.910110+00:00
100222626,43841,STOCK,100200014,http://shop1.phinf.naver.net/20251110_256/1762742292932ppFC7_PNG/37139215325869243_392259083.png,https://shoppinglive.naver.com/channels/43841,GRADE_1,,2026-05-20T15:32:31.910110+00:00
1100115962,263536,마집사,1100113798,http://shop1.phinf.naver.net/20260330_54/1774856337893w3S7N_PNG/108989159961607743_1034927187.png,https://shoppinglive.naver.com/channels/263536,GRADE_1,,2026-05-20T15:32:31.910110+00:00
100770755,263823,TPMS 연구소,100712243,http://shop1.phinf.naver.net/20260218_141/17713837927884dm2i_PNG/18745357639452784_1598832466.png,https://shoppinglive.naver.com/channels/263823,GRADE_1,,2026-05-20T15:32:31.910110+00:00
100334104,59539,땡스소윤,100300959,http://shop1.phinf.naver.net/20220512_243/1652320007658Und2l_JPEG/53455853351826379_1521312145.jpg,https://shoppinglive.naver.com/channels/59539,GRADE_3,,2026-05-20T15:32:31.910110+00:00
100070524,37225,엠시베딩,100062983,http://shop1.phinf.naver.net/20231024_287/16981345520038iALP_JPEG/99270335707434934_1186519188.jpg,https://shoppinglive.naver.com/channels/37225,GRADE_2,,2026-05-20T15:32:32.890501+00:00
500009960,726,락앤락,500009960,http://shop1.phinf.naver.net/20250120_164/1737356180566S7GlR_PNG/71488994718215102_1739173671.png,https://shoppinglive.naver.com/channels/726,GRADE_3,,2026-05-20T15:32:32.890501+00:00
100313249,47204,Hejhome,100281797,http://shop1.phinf.naver.net/20220315_14/1647328269698x7QIl_JPEG/48464049409453304_1315231776.jpg,https://shoppinglive.naver.com/channels/47204,GRADE_3,,2026-05-20T15:32:32.890501+00:00
100542595,61448,보헨,100494501,http://shop1.phinf.naver.net/20260213_163/1770950809672IByNo_JPEG/105083581960478183_1696329766.jpg,https://shoppinglive.naver.com/channels/61448,GRADE_2,,2026-05-20T15:32:32.890501+00:00
100079571,37655,살림씨,100071354,http://shop1.phinf.naver.net/20260320_95/1773977268813LyeYc_JPEG/49097320276153250_735191129.jpg,https://shoppinglive.naver.com/channels/37655,GRADE_1,,2026-05-20T15:32:32.890501+00:00
500095943,19484,체어팩토리,500095943,http://shop1.phinf.naver.net/20230729_98/1690589536079o6zfU_JPEG/91725315802001559_684366571.jpg,https://shoppinglive.naver.com/channels/19484,GRADE_2,,2026-05-20T15:32:33.950242+00:00
102751307,259420,채아인스,102628630,http://shop1.phinf.naver.net/20260324_129/1774318617052NvTfD_PNG/108451394184848123_702684489.png,https://shoppinglive.naver.com/channels/259420,GRADE_1,,2026-05-20T15:32:33.950242+00:00
102344013,203204,OOOKS,102230994,http://shop1.phinf.naver.net/20251230_165/1767063029819T2Tef_PNG/47243165852916607_1949107992.png,https://shoppinglive.naver.com/channels/203204,GRADE_1,,2026-05-20T15:32:33.950242+00:00
100080894,37765,플랜룩스 스토어,100072548,http://shop1.phinf.naver.net/20211008_200/1633667083054E3p9X_JPEG/34802917881868874_170178731.jpg,https://shoppinglive.naver.com/channels/37765,GRADE_2,,2026-05-20T15:32:33.950242+00:00
100940690,94508,캔산드샵,100875528,http://shop1.phinf.naver.net/20230306_120/1678077277215DSf1z_PNG/79213119931408374_1497881362.png,https://shoppinglive.naver.com/channels/94508,GRADE_2,,2026-05-20T15:32:33.950242+00:00
100920966,109140,한고연몰,100856458,http://shop1.phinf.naver.net/20240906_152/1725592715286pLBYM_PNG/154649428436655_187529371.png,https://shoppinglive.naver.com/channels/109140,GRADE_2,,2026-05-20T15:32:34.812392+00:00
500123229,22040,러스티노,500123229,http://shop1.phinf.naver.net/20230502_223/1682992431794i8Rv5_JPEG/84128259622039570_635991698.jpg,https://shoppinglive.naver.com/channels/22040,GRADE_1,,2026-05-20T15:32:35.609416+00:00
100033574,229884,브람스안마의자,100029280,http://shop1.phinf.naver.net/20251219_57/1766134683959hOODi_JPEG/3010115945917721_431450380.jpg,https://shoppinglive.naver.com/channels/229884,GRADE_3,,2026-05-20T15:32:35.609416+00:00
100042569,35943,매드스탬프,100037415,http://shop1.phinf.naver.net/20220704_60/16568960334900wcC6_JPEG/58031813212404020_1794660152.jpg,https://shoppinglive.naver.com/channels/35943,GRADE_1,,2026-05-20T15:32:35.609416+00:00
500003369,8763,제일부직포,500003369,http://shop1.phinf.naver.net/20260324_194/1774312944489CLdJ9_JPEG/26945492914478414_-1988358164.jpg,https://shoppinglive.naver.com/channels/8763,GRADE_2,,2026-05-20T15:32:35.609416+00:00
100000818,34184,JD홈드레싱,100000529,http://shop1.phinf.naver.net/20250401_241/1743486747546UtUmg_PNG/69306688489611410_1517618112.png,https://shoppinglive.naver.com/channels/34184,GRADE_2,,2026-05-20T15:32:35.609416+00:00
100352736,49908,크리넥스 공식 스토어,100318355,http://shop1.phinf.naver.net/20240208_173/1707372437487dLkrO_JPEG/108508271298129724_1704891842.jpg,https://shoppinglive.naver.com/channels/49908,GRADE_3,,2026-05-20T15:32:36.652958+00:00
100040628,51051,PICKYSHOP 피키샵,100035619,http://shop1.phinf.naver.net/20260319_40/1773913648261QXIil_JPEG/27314763882248742_197096331.jpg,https://shoppinglive.naver.com/channels/51051,GRADE_2,,2026-05-20T15:32:36.652958+00:00
102111582,144692,MacKulty,102004528,http://shop1.phinf.naver.net/20251127_104/17642073210249ra8J_JPEG/35762153860852476_661424854.jpg,https://shoppinglive.naver.com/channels/144692,GRADE_1,,2026-05-20T15:32:36.652958+00:00
100964322,67567,오그레,100898247,http://shop1.phinf.naver.net/20230526_220/1685067887897TEMOo_PNG/86203667618165800_1315072804.png,https://shoppinglive.naver.com/channels/67567,GRADE_1,,2026-05-20T15:32:37.357497+00:00
1100033334,259857,smaller,1100032779,http://shop1.phinf.naver.net/20251208_116/1765177986168aEEsg_PNG/20141000466632987_1373640219.png,https://shoppinglive.naver.com/channels/259857,GRADE_1,,2026-05-20T15:32:38.396215+00:00
500278691,33537,데일리로맨틱,500278691,http://shop1.phinf.naver.net/20230717_132/1689571377292o1Dq8_PNG/90707157013596463_972406511.png,https://shoppinglive.naver.com/channels/33537,GRADE_2,,2026-05-20T15:32:38.396215+00:00
102322375,180722,복바램,102209906,http://shop1.phinf.naver.net/20240418_193/1713426413482aary8_JPEG/114562312179408322_289149635.jpg,https://shoppinglive.naver.com/channels/180722,GRADE_2,,2026-05-20T15:32:40.854903+00:00
102655951,241666,타파웨어 공식몰,102535051,http://shop1.phinf.naver.net/20250424_176/174547833600559cFL_JPEG/27578690159555344_1070351858.jpg,https://shoppinglive.naver.com/channels/241666,GRADE_2,,2026-05-20T15:32:41.626651+00:00
102193145,181384,사운드본,102083690,http://shop1.phinf.naver.net/20240315_148/171048455654270yUh_PNG/111620390363555890_1695399761.png,https://shoppinglive.naver.com/channels/181384,GRADE_2,,2026-05-20T15:32:41.626651+00:00
500250251,31627,샐마 공식몰,500250251,http://shop1.phinf.naver.net/20230213_26/16762747309151gTUV_JPEG/77410626637628327_479440540.jpg,https://shoppinglive.naver.com/channels/31627,GRADE_2,,2026-05-20T15:32:43.369353+00:00
102536076,217308,김씨상방,102417745,http://shop1.phinf.naver.net/20260330_12/17748730606438LAH7_JPEG/42889896649472344_2060264604.JPG,https://shoppinglive.naver.com/channels/217308,GRADE_2,,2026-05-20T15:32:44.244300+00:00
101524185,162357,프릴리본,101436863,http://shop1.phinf.naver.net/20260517_246/1778997278648XQ1cO_PNG/113130194766589097_1885295284.png,https://shoppinglive.naver.com/channels/162357,GRADE_1,,2026-05-20T15:32:44.972564+00:00
100586681,152029,인디업,100536262,http://shop1.phinf.naver.net/20260427_243/1777270952455BGegc_JPEG/111403804578460968_228976401.jpg,https://shoppinglive.naver.com/channels/152029,GRADE_1,,2026-05-20T15:32:46.890255+00:00
100889616,196341,봉 스튜디오,100826503,http://shop1.phinf.naver.net/20240920_155/1726837632933PFAhC_JPEG/74426110291510053_686677464.jpg,https://shoppinglive.naver.com/channels/196341,GRADE_1,,2026-05-20T15:32:52.093175+00:00
101447430,177783,언박스리빙,101362886,http://shop1.phinf.naver.net/20250414_132/1744613460892D3IH3_PNG/64548436806559070_2062281603.png,https://shoppinglive.naver.com/channels/177783,GRADE_2,,2026-05-20T15:33:00.862341+00:00
500169758,214809,lifebox,500169758,http://shop1.phinf.naver.net/20220920_295/1663677843386noxO3_PNG/64813671214383821_2069679979.png,https://shoppinglive.naver.com/channels/214809,GRADE_1,,2026-05-20T15:33:01.656392+00:00
1100050833,257727,더네오,1100049974,http://shop1.phinf.naver.net/20260504_101/1777904683176B0HdU_PNG/112037487074658227_410965830.png,https://shoppinglive.naver.com/channels/257727,GRADE_1,,2026-05-20T15:33:03.589586+00:00
101876017,175233,HAMILO,101776886,http://shop1.phinf.naver.net/20240116_24/17053775474972vmmp_JPEG/106513381312922282_920142874.jpg,https://shoppinglive.naver.com/channels/175233,GRADE_1,,2026-05-20T15:33:05.489748+00:00
100101306,38608,뉴아이템벤츠,100091273,https://shop-phinf.pstatic.net/20241021_160/1729515956246bEynj_JPEG/6f8a5992.jpg,https://shoppinglive.naver.com/channels/38608,GRADE_1,,2026-05-20T15:33:05.489748+00:00
102731639,263669,소보미미,102609271,http://shop1.phinf.naver.net/20251017_150/17606788875830DvOu_PNG/6635961389808250_147408534.png,https://shoppinglive.naver.com/channels/263669,GRADE_1,,2026-05-20T15:33:09.213633+00:00
102745326,243843,MYPICK굿즈,102622741,http://shop1.phinf.naver.net/20260515_66/1778853397894f61gA_JPEG/102638222025388085_1581360796.jpg,https://shoppinglive.naver.com/channels/243843,GRADE_1,,2026-05-20T15:33:10.170944+00:00
102376006,262929,나노프렌즈,102262208,http://shop1.phinf.naver.net/20260516_277/1778900960636Ao1vG_PNG/97464708428423018_2146628363.png,https://shoppinglive.naver.com/channels/262929,GRADE_1,,2026-05-20T15:33:10.170944+00:00
100556238,56159,바트밋Batmeet,100507398,http://shop1.phinf.naver.net/20251119_82/1763530165175rxxhh_PNG/25994316299115123_536013624.png,https://shoppinglive.naver.com/channels/56159,GRADE_1,,2026-05-20T15:33:13.145965+00:00
100965824,112750,코에르,100899677,http://shop1.phinf.naver.net/20250701_70/1751334132057BWqA8_JPEG/12574334934420215_1447596253.jpg,https://shoppinglive.naver.com/channels/112750,GRADE_2,,2026-05-20T15:33:13.145965+00:00
102564447,228687,온기로움 ONGILOUM,102445293,http://shop1.phinf.naver.net/20250311_61/1741677419557CMvc6_JPEG/75810395932340423_1698473591.jpg,https://shoppinglive.naver.com/channels/228687,GRADE_2,,2026-05-20T15:33:13.145965+00:00
100437052,67752,시몬스,100396015,http://shop1.phinf.naver.net/20210419_71/16188050185776Aabp_JPEG/19940917274381758_1547822106.jpg,https://shoppinglive.naver.com/channels/67752,GRADE_3,,2026-05-20T15:33:13.145965+00:00
500017411,11849,금성침대,500017411,http://shop1.phinf.naver.net/20200327_131/1585293837390Ub9jC_JPEG/22653671790491962_483640288.jpg,https://shoppinglive.naver.com/channels/11849,GRADE_3,,2026-05-20T15:33:13.145965+00:00
100076541,37394,3W 에코라이너,100068578,http://shop1.phinf.naver.net/20250625_69/1750823160226o04EA_JPEG/522834379094819_1719810324.jpg,https://shoppinglive.naver.com/channels/37394,GRADE_2,,2026-05-20T15:33:15.250885+00:00
100903790,60109,켄뷰 공식몰,100840115,http://shop1.phinf.naver.net/20240401_271/1711932843964dDgOP_JPEG/39235527846582291_1947609130.jpg,https://shoppinglive.naver.com/channels/60109,GRADE_3,,2026-05-20T15:33:15.250885+00:00
100584777,56988,질레트공식몰,100534451,http://shop1.phinf.naver.net/20191217_56/1576556155610GFLJT_JPEG/13917698221322310_853865132.jpg,https://shoppinglive.naver.com/channels/56988,GRADE_3,,2026-05-20T15:33:15.250885+00:00
500021212,11929,두닷,500021212,http://shop1.phinf.naver.net/20260324_148/1774315876933Lcaq4_JPEG/26754263701778809_24722501.jpg,https://shoppinglive.naver.com/channels/11929,GRADE_2,,2026-05-20T15:33:15.250885+00:00
101660693,263175,ATTO House,101568961,http://shop1.phinf.naver.net/20260211_2/1770769344211XDD1w_JPEG/104902157510514512_641579841.jpg,https://shoppinglive.naver.com/channels/263175,GRADE_2,,2026-05-20T15:33:15.250885+00:00
500286107,33964,하림펫푸드,500286107,http://shop1.phinf.naver.net/20260324_68/1774361759810h1thH_JPEG/49913800672021345_586079300.jpg,https://shoppinglive.naver.com/channels/33964,GRADE_3,,2026-05-20T15:33:16.527345+00:00
100176159,41914,위크나인,100158270,http://shop1.phinf.naver.net/20240703_227/17199819324654IWGi_JPEG/1384532547401302_298917691.jpg,https://shoppinglive.naver.com/channels/41914,GRADE_2,,2026-05-20T15:33:16.527345+00:00
500273145,64747,버미큘라,500273145,http://shop1.phinf.naver.net/20210924_21/1632469223236oGFj6_JPEG/33605065748586247_1056412970.jpg,https://shoppinglive.naver.com/channels/64747,GRADE_2,,2026-05-20T15:33:16.527345+00:00
101913307,118710,린백토리,101812768,http://shop1.phinf.naver.net/20230824_5/1692844702686AarNW_JPEG/93980486398397893_1271536681.jpg,https://shoppinglive.naver.com/channels/118710,GRADE_2,,2026-05-20T15:33:16.527345+00:00
102470410,248841,룬드런던,102354062,http://shop1.phinf.naver.net/20250409_294/1744175480109WAotI_JPEG/16683707036373022_1767263517.jpg,https://shoppinglive.naver.com/channels/248841,GRADE_1,,2026-05-20T15:33:17.351966+00:00
100012385,34598,세이프툴,100010111,http://shop1.phinf.naver.net/20231206_80/17018442266000wjhA_PNG/102980125313722866_156199076.png,https://shoppinglive.naver.com/channels/34598,GRADE_1,,2026-05-20T15:33:18.723070+00:00
102173783,176031,견강하개,102064863,http://shop1.phinf.naver.net/20250131_200/1738257268157Wd5WU_JPEG/51637250003360342_1251138959.jpg,https://shoppinglive.naver.com/channels/176031,GRADE_1,,2026-05-20T15:33:20.238146+00:00
100274403,45588,지앤퍼니,100246717,http://shop1.phinf.naver.net/20210208_97/1612766119105cbf32_PNG/13902017815913658_1150356514.png,https://shoppinglive.naver.com/channels/45588,GRADE_1,,2026-05-20T15:33:20.238146+00:00
500123683,21641,크린파파,500123683,http://shop1.phinf.naver.net/20260324_86/1774331064033qVmcn_JPEG/65314256389501540_1728636052.jpg,https://shoppinglive.naver.com/channels/21641,GRADE_1,,2026-05-20T15:33:22.230535+00:00
102186959,239499,빈티지 리틀 파이,102077694,http://shop1.phinf.naver.net/20231209_201/1702092645400JekPB_JPEG/103228473230683357_1024398449.jpeg,https://shoppinglive.naver.com/channels/239499,GRADE_1,,2026-05-20T15:33:25.018367+00:00
100417704,51326,픽스 글로벌,100377979,http://shop1.phinf.naver.net/20250520_286/1747699661774kFpMN_JPEG/61584940583947000_1143576314.jpg,https://shoppinglive.naver.com/channels/51326,GRADE_2,,2026-05-20T15:33:25.018367+00:00
102559245,230046,담담이 스토어,102440186,http://shop1.phinf.naver.net/20250606_82/1749194306849SK8Bz_PNG/3036798356575902_1681115179.png,https://shoppinglive.naver.com/channels/230046,GRADE_2,,2026-05-20T15:33:25.018367+00:00
102562748,246972,미오데칼코마니,102443631,http://shop1.phinf.naver.net/20250812_156/1754981955061FAYIY_JPEG/17957838380103678_352615133.jpg,https://shoppinglive.naver.com/channels/246972,GRADE_1,,2026-05-20T15:33:25.018367+00:00
500156943,24426,제이스타,500156943,http://shop1.phinf.naver.net/20240307_188/1709777895412iwHzJ_PNG/110913794123141192_293963911.png,https://shoppinglive.naver.com/channels/24426,GRADE_2,,2026-05-20T15:33:26.170310+00:00
100813652,88848,세이메모리 공식스토어,100753509,http://shop1.phinf.naver.net/20241115_271/1731660421231SG8FN_PNG/65793337905450135_168424234.png,https://shoppinglive.naver.com/channels/88848,GRADE_1,,2026-05-20T15:33:27.183488+00:00
100964667,243331,생활톡,100898574,http://shop1.phinf.naver.net/20250410_243/1744250395197BhgYV_JPEG/64875324238751294_1083840463.jpg,https://shoppinglive.naver.com/channels/243331,GRADE_1,,2026-05-20T15:33:27.183488+00:00
500202020,74181,허브타임 디퓨저,500202020,http://shop1.phinf.naver.net/20240411_216/1712800049802XJDmM_JPEG/113935892513233432_183391271.jpg,https://shoppinglive.naver.com/channels/74181,GRADE_1,,2026-05-20T15:33:28.630815+00:00
100787034,74217,최우수인증기관-늘찬복지용구,100727971,http://shop1.phinf.naver.net/20241218_1/17344848571492rIL6_JPEG/2501693282222928_240196998.jpg,https://shoppinglive.naver.com/channels/74217,GRADE_1,,2026-05-20T15:33:30.506175+00:00
500026083,12435,아트픽스,500026083,http://shop1.phinf.naver.net/20250117_116/1737100212291kKmC8_JPEG/26704388284398130_1980931977.jpg,https://shoppinglive.naver.com/channels/12435,GRADE_1,,2026-05-20T15:33:30.506175+00:00
102115463,147881,DEEPREST,102008275,http://shop1.phinf.naver.net/20231004_107/1696410003929Eck0p_PNG/97545837745275516_2035072878.png,https://shoppinglive.naver.com/channels/147881,GRADE_1,,2026-05-20T15:33:31.523266+00:00
101423201,263044,오도르 Odorr,101339341,http://shop1.phinf.naver.net/20220805_43/1659674672180cLmfn_JPEG/60810517901309227_975270788.jpg,https://shoppinglive.naver.com/channels/263044,GRADE_1,,2026-05-20T15:33:31.523266+00:00
100165494,41385,오르페아,100149003,http://shop1.phinf.naver.net/20260320_179/1773998309521l4roj_JPEG/12963804984003293_1705595308.jpg,https://shoppinglive.naver.com/channels/41385,GRADE_1,,2026-05-20T15:33:33.493524+00:00
102227253,185107,셀버린,102116799,http://shop1.phinf.naver.net/20240822_82/1724295373057GPeYz_PNG/4429604873794714_173397326.png,https://shoppinglive.naver.com/channels/185107,GRADE_2,,2026-05-20T15:33:33.493524+00:00
102498347,262305,라이크포레,102381009,http://shop1.phinf.naver.net/20260520_295/1779244275767RIS5c_PNG/53809202873518341_431821633.png,https://shoppinglive.naver.com/channels/262305,GRADE_1,,2026-05-20T15:33:34.175644+00:00
102016885,218757,SEINE PARIS,101912745,http://shop1.phinf.naver.net/20241111_102/1731290340958DFQu8_PNG/5854161074492518_1960767992.png,https://shoppinglive.naver.com/channels/218757,GRADE_1,,2026-05-20T15:33:34.865230+00:00
500064417,16850,골드디자인 공식몰,500064417,http://shop1.phinf.naver.net/20191212_280/1576127022371S2Oxk_JPEG/13487761007344983_589014230.jpg,https://shoppinglive.naver.com/channels/16850,GRADE_1,,2026-05-20T15:33:36.059402+00:00
500060466,16618,까사마루,500060466,http://shop1.phinf.naver.net/20200526_98/1590471094806gC4Ww_JPEG/27833428385690168_214579698.jpg,https://shoppinglive.naver.com/channels/16618,GRADE_2,,2026-05-20T15:33:37.110904+00:00
100170559,41637,아이코닉디자인,100153434,http://shop1.phinf.naver.net/20210119_18/1611017903199Awv2r_JPEG/12153745911579679_2039004978.jpg,https://shoppinglive.naver.com/channels/41637,GRADE_2,,2026-05-20T15:33:37.110904+00:00
101153412,126873,블링블링앨리스,101079745,http://shop1.phinf.naver.net/20241215_253/1734270451247ChxsC_PNG/68403397375115864_1814427750.png,https://shoppinglive.naver.com/channels/126873,GRADE_1,,2026-05-20T15:33:37.110904+00:00
102320123,233112,앤씰 경도조절 매트리스,102207693,http://shop1.phinf.naver.net/20250620_101/1750378093417Ovx3E_JPEG/32808384153777381_2056251969.jpg,https://shoppinglive.naver.com/channels/233112,GRADE_2,,2026-05-20T15:33:37.110904+00:00
101927865,150930,PPZ,101826761,http://shop1.phinf.naver.net/20240923_33/17270705243045UQPT_PNG/74659001675600226_1694371933.png,https://shoppinglive.naver.com/channels/150930,GRADE_1,,2026-05-20T15:33:37.110904+00:00
100312178,47117,더리브하우스,100280822,http://shop1.phinf.naver.net/20210826_11/1629962637719xhr3W_JPEG/31098471538369008_1468803928.jpg,https://shoppinglive.naver.com/channels/47117,GRADE_1,,2026-05-20T15:33:39.142770+00:00
102795840,255868,프치예,102672469,http://shop1.phinf.naver.net/20251029_164/17617002265599belz_PNG/77925541403477320_964250312.png,https://shoppinglive.naver.com/channels/255868,GRADE_1,,2026-05-20T15:33:39.142770+00:00
1100141701,263563,벨루빙,1100139147,http://shop1.phinf.naver.net/20260508_72/1778231808675FaVps_PNG/112364710779858033_584947363.png,https://shoppinglive.naver.com/channels/263563,GRADE_1,,2026-05-20T15:33:40.428457+00:00
102203069,168972,퓨리나공식대리점,102093331,http://shop1.phinf.naver.net/20231213_281/1702442930062yoV54_PNG/103578818772560746_1885746506.png,https://shoppinglive.naver.com/channels/168972,GRADE_2,,2026-05-20T15:33:40.428457+00:00
500204045,229802,머신숍,500204045,http://shop2.phinf.naver.net/20161005_172/machineshop_1475673627833gC9Nk_JPEG/e6ac694b-0816-4195-82fe-bd2224e13818.jpg,https://shoppinglive.naver.com/channels/229802,GRADE_1,,2026-05-20T15:33:40.428457+00:00
1100051982,263089,은솥밥,1100051111,http://shop1.phinf.naver.net/20260505_1/1777980416452C1kmg_PNG/30188210325960761_1683930965.png,https://shoppinglive.naver.com/channels/263089,GRADE_1,,2026-05-20T15:33:40.428457+00:00
101429748,126930,울산출발국내여행,101345704,http://shop1.phinf.naver.net/20220113_287/1642051390141I5din_JPEG/43187232656715877_65066854.jpg,https://shoppinglive.naver.com/channels/126930,GRADE_1,,2026-05-20T15:33:42.308963+00:00
15921667,62214,천안 오션어드벤처,5rAYb,https://ldb-phinf.pstatic.net/20220614_164/1655201205008glta6_JPEG/%C3%B5%BE%C8.jpg,https://shoppinglive.naver.com/channels/62214,GRADE_3,,2026-05-20T15:33:42.308963+00:00
25563964,67238,롯데워터파크 김해,dly7w,https://ldb-phinf.pstatic.net/20230513_202/1683969009258JYN69_JPEG/%B7%D4%B5%A5%BF%F6%C5%CD%C6%C4%C5%A9_%2837%29.jpg,https://shoppinglive.naver.com/channels/67238,GRADE_3,,2026-05-20T15:33:42.308963+00:00
25425885,66400,네이버 여행상품,cPt81,https://g-selected.pstatic.net/MjAyMTA3MDhfMTcg/MDAxNjI1NzI2Mzk3OTM3.b5m7-zXW4VDjeyWU6DyBSK2Klj46i0rZwaaJ9Jf0Yk0g.r_LmiaLmvHjKeIlmLu40far36fs203eMyrSX7GEsdDcg.JPEG/image.jpg,https://shoppinglive.naver.com/channels/66400,GRADE_3,,2026-05-20T15:33:42.308963+00:00
64776235,190946,로봇랜드,2ctBxp,https://ldb-phinf.pstatic.net/20240904_168/1725433795241OY0gp_PNG/%BD%BA%C5%A9%B8%B0%BC%A6_2024-05-21_%BF%C0%C8%C4_3.23.02.png,https://shoppinglive.naver.com/channels/190946,GRADE_3,,2026-05-20T15:33:42.308963+00:00
100059587,36751,도시락이심,100052994,http://shop1.phinf.naver.net/20250612_65/17496959935891iAcC_PNG/14498592734832289_668701519.png,https://shoppinglive.naver.com/channels/36751,GRADE_3,,2026-05-20T15:33:42.308963+00:00
10712807,93549,아산스파비스,adgcM,https://naverbooking-phinf.pstatic.net/20230427_115/1682568615031EIlCW_JPEG/%BC%F6%C1%A4%B5%CA_%BD%BD%B6%F3%C0%CC%B5%E5_1.jpg,https://shoppinglive.naver.com/channels/93549,GRADE_3,,2026-05-20T15:33:42.308963+00:00
55471457,87649,레고랜드 코리아 리조트,eyc1G,https://ldb-phinf.pstatic.net/20260126_216/1769409150402GRJHF_PNG/LLKR_%C1%A4%B9%AE.png,https://shoppinglive.naver.com/channels/87649,GRADE_3,,2026-05-20T15:33:42.308963+00:00
100492334,158078,부티난다여행,100447295,http://shop1.phinf.naver.net/20240315_227/1710480059531VbG5F_JPEG/111615839256930225_849345864.jpg,https://shoppinglive.naver.com/channels/158078,GRADE_1,,2026-05-20T15:33:42.308963+00:00
18872268,92112,파라다이스 스파 도고,6hA5U,https://ldb-phinf.pstatic.net/20200428_146/15880369665129wSEp_JPEG/%C6%C4%B6%F3%B4%D9%C0%CC%BD%BA%BD%BA%C6%C4%B5%B5%B0%ED5.JPG,https://shoppinglive.naver.com/channels/92112,GRADE_3,,2026-05-20T15:33:44.403914+00:00
100609343,212448,보라카이션,100557728,http://shop1.phinf.naver.net/20250105_8/1736063802235B8YHc_PNG/70196669364710845_1839381365.png,https://shoppinglive.naver.com/channels/212448,GRADE_1,,2026-05-20T15:33:44.403914+00:00
100555114,220391,살라맛보라카이,100506355,http://shop1.phinf.naver.net/20191121_242/1574306461417EEd25_PNG/11668004025985680_521407561.png,https://shoppinglive.naver.com/channels/220391,GRADE_1,,2026-05-20T15:33:44.403914+00:00
102139391,159034,골프 디데이트립,102031577,http://shop1.phinf.naver.net/20231019_267/1697718233834jcJ8d_PNG/98854068546000532_266421570.png,https://shoppinglive.naver.com/channels/159034,GRADE_1,,2026-05-20T15:33:44.403914+00:00
26506304,68969,캐리비안베이,dNBGV,https://ldb-phinf.pstatic.net/20251111_243/1762827726337UVVC4_JPEG/%BB%F7%B5%F0%C7%AE_001.jpg,https://shoppinglive.naver.com/channels/68969,GRADE_3,,2026-05-20T15:33:44.403914+00:00
6672234,66849,휘닉스평창 블루캐니언 연간이용권,50Mbo,https://naverbooking-phinf.pstatic.net/20230404_31/1680572193725B351l_JPEG/%BA%ED%B7%E7%C4%B3%B4%CF%BE%F0_%C0%FC%B0%E6_3.jpg,https://shoppinglive.naver.com/channels/66849,GRADE_3,,2026-05-20T15:33:45.264393+00:00
25208881,93297,대구 이월드,4ySZo,https://ldb-phinf.pstatic.net/20260311_147/1773206702331AwtAW_JPEG/%BF%F8%B4%F5%B7%A3%B5%E5_%C6%F7%BD%BA%C5%CD_%B9%D9%B7%B9%C0%CC%BC%C7.jpg,https://shoppinglive.naver.com/channels/93297,GRADE_3,,2026-05-20T15:33:45.264393+00:00
27039637,72139,플레이타임중앙,dTu7r,https://g-selected.pstatic.net/MjAyMzExMDlfNzYg/MDAxNjk5NTEyNzUxMDkx.pwGEznRiKHGMJX6_l-jCwOGJnqc2il7f2syJX6_hMNgg.2DkDr9ZecymnOVfCjLfxHNEK7yDkNyfJV_1lvx8DBEAg.JPEG/image.jpg,https://shoppinglive.naver.com/channels/72139,GRADE_2,,2026-05-20T15:33:45.264393+00:00
100630654,157,뜨거운청춘,100578035,http://shop1.phinf.naver.net/20200206_293/1580999821016VGbpN_PNG/18363209542692913_1651559140.png,https://shoppinglive.naver.com/channels/157,GRADE_1,,2026-05-20T15:33:45.264393+00:00
65633975,261383,서울크루즈,2dztyE,https://ldb-phinf.pstatic.net/20251029_220/1761710957351feGHK_PNG/IMG_6426.png,https://shoppinglive.naver.com/channels/261383,GRADE_3,,2026-05-20T15:33:45.264393+00:00
28164442,76553,경주월드,e5aeX,https://ldb-phinf.pstatic.net/20250727_27/1753583123615TAkpF_PNG/%C5%B8%C0%D3_%B6%F3%C0%CC%B4%F5_%28170%29.png,https://shoppinglive.naver.com/channels/76553,GRADE_3,,2026-05-20T15:33:45.264393+00:00
13483566,72886,원마운트 워터파크,5pVJW,https://ldb-phinf.pstatic.net/20260408_157/1775612190919hqwr6_JPEG/1212.jpg,https://shoppinglive.naver.com/channels/72886,GRADE_3,,2026-05-20T15:33:45.600945+00:00
7071764,59387,설악워터피아,3KfT7,https://naverbooking-phinf.pstatic.net/20230515_173/1684124596194aWi0o_JPEG/%B8%DE%C0%CF%BD%BA%C6%AE%B7%D2.JPG,https://shoppinglive.naver.com/channels/59387,GRADE_3,,2026-05-20T15:33:45.600945+00:00
22406615,67769,웰리힐리파크 워터플래닛,bQixO,https://naverbooking-phinf.pstatic.net/20230412_210/1681267841598pPXr2_JPEG/2.jpg,https://shoppinglive.naver.com/channels/67769,GRADE_3,,2026-05-20T15:33:45.600945+00:00
22668858,200748,롯데리조트 속초 워터파크,bIQBF,https://naverbooking-phinf.pstatic.net/20240723_128/1721702194923doQXy_JPEG/%C0%CE%C7%C7%B4%CF%C6%BC%C7%AE003.jpg,https://shoppinglive.naver.com/channels/200748,GRADE_3,,2026-05-20T15:33:45.600945+00:00
100148237,67844,USIMTONG,100133624,http://shop1.phinf.naver.net/20250626_274/1750923112215UcNh0_PNG/85055913710792432_333971314.png,https://shoppinglive.naver.com/channels/67844,GRADE_2,,2026-05-20T15:33:45.600945+00:00
58584989,91209,아쿠아플라넷,eJE5M,https://naverbooking-phinf.pstatic.net/20220907_223/1662541006892D2hp7_JPEG/%B3%D7%C0%CC%B9%F6_%BD%E6%B3%D7%C0%CF_%C1%A4%BB%E7%B0%A2%C7%FC_1242x1242_20Mb.jpg,https://shoppinglive.naver.com/channels/91209,GRADE_3,,2026-05-20T15:33:45.600945+00:00
100302023,225091,프로포즈하다,100271717,http://shop1.phinf.naver.net/20260323_60/1774254341761DM0oV_JPEG/67300246852934997_1004024991.jpg,https://shoppinglive.naver.com/channels/225091,GRADE_1,,2026-05-20T15:33:46.132047+00:00
26658765,70207,아쿠아필드,axXr3,https://ldb-phinf.pstatic.net/20211203_112/1638534504829OMcz2_JPEG/%B3%D7%C0%CC%B9%F6_%B7%D1%B8%B5_%C1%A4%BB%E7%B0%A2%C7%FC5.jpg,https://shoppinglive.naver.com/channels/70207,GRADE_3,,2026-05-20T15:33:46.132047+00:00
60327715,93880,대구관광라이브커머스,eQPcD,https://phinf.pstatic.net/dthumb/?src=%22https%3A%2F%2Fg-selected.pstatic.net%2FMjAyNjAzMTBfOTYg%2FMDAxNzczMTE5ODY1MDUy.yHToXLdnlnZbJTT9KIVi8dz5HGSx3Bfq0m-Zgg1l2pUg.ohpVDdBeAtjSViuVMO4Zzwve_qMmHzdqc7IK65SYRlcg.JPEG%2Fimage.jpg%22&service=selective,https://shoppinglive.naver.com/channels/93880,GRADE_1,,2026-05-20T15:33:46.132047+00:00
63817714,125229,클럽디 오아시스 워터파크&스파,2bYJ7X,https://ldb-phinf.pstatic.net/20230731_74/16907830044950holF_JPEG/bg_oasis_02.jpg,https://shoppinglive.naver.com/channels/125229,GRADE_3,,2026-05-20T15:33:46.132047+00:00
64800235,220462,대구아쿠아리움,2cow5V,https://ldb-phinf.pstatic.net/20250120_22/1737364952945E5fiL_JPEG/1.jpg,https://shoppinglive.naver.com/channels/220462,GRADE_3,,2026-05-20T15:33:46.132047+00:00
102094784,225171,부산요트투어 부산요트다타자,101988240,http://shop1.phinf.naver.net/20250303_71/1740943289257exhvh_JPEG/384908461786091_1513132200.jpg,https://shoppinglive.naver.com/channels/225171,GRADE_1,,2026-05-20T15:33:46.132047+00:00
101396767,106771,피크타임:PEAKTIME,101313735,http://shop1.phinf.naver.net/20250724_163/1753340824117xWzqM_PNG/56853361116007814_162578634.png,https://shoppinglive.naver.com/channels/106771,GRADE_1,,2026-05-20T15:33:46.132047+00:00
101224952,73821,유심사스토어,101148102,http://shop1.phinf.naver.net/20220518_111/1652837443370TMcHs_PNG/53973271197199677_85327730.png,https://shoppinglive.naver.com/channels/73821,GRADE_3,,2026-05-20T15:33:46.132047+00:00
57531263,89935,웅진플레이도시,43mx7,https://ldb-phinf.pstatic.net/20230710_4/16889755691044CqxF_JPEG/SJK00260%A1%DA.jpg,https://shoppinglive.naver.com/channels/89935,GRADE_3,,2026-05-20T15:33:46.513340+00:00
101681194,228986,로밍도깨비,101588609,http://shop1.phinf.naver.net/20220914_8/16631368238655V5F3_PNG/64272658702084733_2040087000.png,https://shoppinglive.naver.com/channels/228986,GRADE_2,,2026-05-20T15:33:46.513340+00:00
102717941,262693,코코의 만물상,102595843,http://shop1.phinf.naver.net/20251210_186/17653365449076xGrg_JPEG/99469408028168526_1110943139.jpg,https://shoppinglive.naver.com/channels/262693,GRADE_1,,2026-05-20T15:33:46.513340+00:00
59478073,92563,이천 테르메덴,eMkQk,https://naverbooking-phinf.pstatic.net/20260422_205/1776835498154i1kqk_JPEG/image.jpg,https://shoppinglive.naver.com/channels/92563,GRADE_3,,2026-05-20T15:33:46.513340+00:00
102710185,261750,놀유니버스레저,102588206,http://shop1.phinf.naver.net/20260402_236/17751133495022ecUf_JPEG/24442158652546589_222092287.jpg,https://shoppinglive.naver.com/channels/261750,GRADE_3,,2026-05-20T15:33:46.513340+00:00
28040423,76202,서울랜드,dQhM9,https://ldb-phinf.pstatic.net/20250305_150/1741155385926iP6nc_JPEG/%C0%CC%B9%CC%C1%F6_2.jpg,https://shoppinglive.naver.com/channels/76202,GRADE_2,,2026-05-20T15:33:46.513340+00:00
61555807,97409,주렁주렁 애니멀 테마파크,9yEd8,https://naverbooking-phinf.pstatic.net/20230420_7/1681983378533vLMcG_JPEG/%C5%EB%C7%D5_%BD%E6%B3%D7%C0%CF.jpg,https://shoppinglive.naver.com/channels/97409,GRADE_2,,2026-05-20T15:33:46.766295+00:00
58166847,257901,스몹,e00dq,https://naverbooking-phinf.pstatic.net/20260130_54/1769735894299FucjA_PNG/%BD%BA%B8%F7_%B7%CE%B0%ED.png,https://shoppinglive.naver.com/channels/257901,GRADE_3,,2026-05-20T15:33:46.766295+00:00
64758929,189477,원더파크,2cDeQz,https://naverbooking-phinf.pstatic.net/20260414_232/1776150254036tgaQk_PNG/image.png,https://shoppinglive.naver.com/channels/189477,GRADE_3,,2026-05-20T15:33:47.582606+00:00
64711432,184377,고양국제꽃박람회,2cAa0C,https://naverbooking-phinf.pstatic.net/20260317_84/1773735064469joo8g_JPEG/image.jpg,https://shoppinglive.naver.com/channels/184377,GRADE_3,,2026-05-20T15:33:47.582606+00:00
100383401,65299,핫플트립,100346728,http://shop1.phinf.naver.net/20230117_131/16739455686155zBct_PNG/75081396445533124_1948031684.png,https://shoppinglive.naver.com/channels/65299,GRADE_1,,2026-05-20T15:33:47.582606+00:00
100987818,80861,제주여행 공공플랫폼 탐나오,100920805,http://shop1.phinf.naver.net/20210714_287/16262259262391SsgO_PNG/27361709953522843_1896267316.png,https://shoppinglive.naver.com/channels/80861,GRADE_2,,2026-05-20T15:33:47.923079+00:00
101993425,134375,마이재팬 홋카이도,101890014,http://shop1.phinf.naver.net/20230922_75/1695348602724dEiIO_JPEG/96484437558732045_1815248287.jpg,https://shoppinglive.naver.com/channels/134375,GRADE_1,,2026-05-20T15:33:47.923079+00:00
65834553,261403,2026 태안 국제 원예치유 박람회,2d8JEw,https://naverbooking-phinf.pstatic.net/20250826_221/17561887504234gQJk_JPEG/%C5%C2%BE%C8%B1%B9%C1%A6%C4%A1%C0%AF%B9%DA%B6%F7%C8%B8_%B8%AE%C7%C3%B8%B4_%B0%A1%B7%CE%C7%FC.jpg,https://shoppinglive.naver.com/channels/261403,GRADE_3,,2026-05-20T15:33:47.923079+00:00
24386913,138888,금호화순스파리조트 아쿠아나,94KoC,https://ldb-phinf.pstatic.net/20260501_147/1777604221340KzqWb_PNG/007691A7-F1A6-491A-814A-7E8AE98F3A5A.png,https://shoppinglive.naver.com/channels/138888,GRADE_3,,2026-05-20T15:33:47.923079+00:00
100222696,144805,엔타비글로벌,100200077,http://shop1.phinf.naver.net/20250908_65/1757309514840d6afe_JPEG/11971897824045409_1825427829.jpg,https://shoppinglive.naver.com/channels/144805,GRADE_1,,2026-05-20T15:33:48.300292+00:00
62470470,96458,서해랑 제부도해상케이블카,2bvcJ2,https://ldb-phinf.pstatic.net/20250417_104/1744854600035KyCzv_JPEG/33.jpg,https://shoppinglive.naver.com/channels/96458,GRADE_2,,2026-05-20T15:33:48.300292+00:00
102227493,257850,해피드리머.,102117028,http://shop1.phinf.naver.net/20240319_192/1710777074553NwAfc_JPEG/111912902379940054_2091301470.jpg,https://shoppinglive.naver.com/channels/257850,GRADE_1,,2026-05-20T15:33:48.300292+00:00
14294792,97167,서울크루즈 (미사용),p2b3,https://naverbooking-phinf.pstatic.net/20240522_209/1716369109508zOxNA_JPEG/art_15065585074161_39e74f.jpg,https://shoppinglive.naver.com/channels/97167,GRADE_3,,2026-05-20T15:33:48.300292+00:00
25946692,67619,에버랜드,dIBFZ,https://ldb-phinf.pstatic.net/20260515_178/1778806505535pGR1C_JPEG/IMG_5956.jpg,https://shoppinglive.naver.com/channels/67619,GRADE_3,,2026-05-20T15:33:48.300292+00:00
100423280,222900,30초몰,100383178,http://shop1.phinf.naver.net/20250417_38/1744880909235Vxb3O_PNG/54583723080938610_2100869873.png,https://shoppinglive.naver.com/channels/222900,GRADE_2,,2026-05-20T15:33:48.684719+00:00
101639078,142025,T-bridge,101547936,http://shop1.phinf.naver.net/20220920_291/16636599983043hEqH_JPEG/64795894042285399_1972596449.jpg,https://shoppinglive.naver.com/channels/142025,GRADE_1,,2026-05-20T15:33:48.684719+00:00
500192574,27311,말톡,500192574,http://shop1.phinf.naver.net/20221007_36/16651232916902p5fA_JPEG/66259119511335693_1751750381.jpg,https://shoppinglive.naver.com/channels/27311,GRADE_1,,2026-05-20T15:33:49.295483+00:00
100255783,81824,친절한기사제주도자유여행,100229874,http://shop1.phinf.naver.net/20200508_34/1588870022860NsfBE_JPEG/26233411359996973_1519155540.jpg,https://shoppinglive.naver.com/channels/81824,GRADE_1,,2026-05-20T15:33:49.295483+00:00
102496493,210521,플러스 투어,102379194,http://shop1.phinf.naver.net/20250212_248/1739345545426rkktg_JPEG/19294310075026053_1013363450.jpg,https://shoppinglive.naver.com/channels/210521,GRADE_1,,2026-05-20T15:33:49.295483+00:00
102411266,260695,니코니코투어,102296555,http://shop1.phinf.naver.net/20240817_193/1723904561036gODYA_PNG/38236225204020719_175793146.png,https://shoppinglive.naver.com/channels/260695,GRADE_1,,2026-05-20T15:33:49.659996+00:00
102395790,196413,일본만,102281487,http://shop1.phinf.naver.net/20240703_288/1719988340123HOFuN_JPEG/681550385780608_890672193.jpg,https://shoppinglive.naver.com/channels/196413,GRADE_1,,2026-05-20T15:33:50.129366+00:00
101302286,129848,포항미래여행사,101222341,http://shop1.phinf.naver.net/20210902_189/1630573746738Opb6h_JPEG/31709635362478899_478725142.jpg,https://shoppinglive.naver.com/channels/129848,GRADE_1,,2026-05-20T15:33:50.129366+00:00
101399178,255059,WIT TOUR,101316066,http://shop1.phinf.naver.net/20211210_222/163911353912654eO9_JPEG/40249437812068899_608236299.jpg,https://shoppinglive.naver.com/channels/255059,GRADE_1,,2026-05-20T15:33:50.129366+00:00
1100026210,255021,베가시티레지던스,1100025769,http://shop1.phinf.naver.net/20251204_146/1764815800548Xt8up_JPEG/56001980342523563_1433210267.jpg,https://shoppinglive.naver.com/channels/255021,GRADE_1,,2026-05-20T15:33:50.750637+00:00
101422496,257473,역사 나래,101338645,http://shop1.phinf.naver.net/20240607_87/1717734334303qhksx_JPEG/118870223006586580_2016255139.jpg,https://shoppinglive.naver.com/channels/257473,GRADE_1,,2026-05-20T15:33:52.419910+00:00
100308795,161752,무주스키장 아리랑스키샵,100277770,http://shop1.phinf.naver.net/20260323_274/17742557333101Gn8y_JPEG/67884177813117380_707583072.jpg,https://shoppinglive.naver.com/channels/161752,GRADE_1,,2026-05-20T15:33:53.284468+00:00
102627710,258257,투어트리,102507333,http://shop1.phinf.naver.net/20260127_36/17694895760742sogG_PNG/103622400279865001_1354474988.png,https://shoppinglive.naver.com/channels/258257,GRADE_1,,2026-05-20T15:33:54.106663+00:00
101880329,173589,디오피스비즈니스센터,101781038,http://shop1.phinf.naver.net/20230419_144/1681877969306DNjKP_JPEG/83013749032653117_1459089943.jpg,https://shoppinglive.naver.com/channels/173589,GRADE_1,,2026-05-20T15:33:55.884635+00:00
102539064,259315,윈도우라운지,102420660,https://shop-phinf.pstatic.net/20241021_160/1729515956246bEynj_JPEG/6f8a5992.jpg,https://shoppinglive.naver.com/channels/259315,GRADE_1,,2026-05-20T15:33:57.892700+00:00
22853298,67477,곤지암리조트 X 쇼핑라이브,cYl1m,https://ldb-phinf.pstatic.net/20210419_252/1618810963541x6jO5_JPEG/%C0%FC%B0%E62.JPG,https://shoppinglive.naver.com/channels/67477,GRADE_2,,2026-05-20T15:33:58.273130+00:00
63807311,124544,스누피가든,2bLpRj,https://naverbooking-phinf.pstatic.net/20250611_215/17496353700350SsvU_JPEG/%BD%BA%B4%A9%C7%C7%B0%A1%B5%E7_1.jpg,https://shoppinglive.naver.com/channels/124544,GRADE_3,,2026-05-20T15:33:59.392436+00:00
100119264,135682,유투어버스,100107568,http://shop1.phinf.naver.net/20260320_160/1773987057415kKEhb_PNG/71714662012172901_2082007559.png,https://shoppinglive.naver.com/channels/135682,GRADE_1,,2026-05-20T15:34:00.637979+00:00
65098036,215813,엘리시안 강촌 스키장,2cYjFy,https://ldb-phinf.pstatic.net/20251219_120/1766104828784NH0LU_JPEG/KakaoTalk_20251216_112445208.jpg,https://shoppinglive.naver.com/channels/215813,GRADE_3,,2026-05-20T15:34:01.471412+00:00
102615412,247329,프라이데이투어발리,102495264,http://shop1.phinf.naver.net/20250518_132/1747571851262HiqFa_PNG/5949947557804474_1780006207.png,https://shoppinglive.naver.com/channels/247329,GRADE_1,,2026-05-20T15:34:01.471412+00:00
59329780,92120,강동워터파크 (구.블루원),dRPbv,https://ldb-phinf.pstatic.net/20250902_166/1756772724304lVWpE_JPEG/4M8A8555_%BA%B9%BB%E7.jpg,https://shoppinglive.naver.com/channels/92120,GRADE_3,,2026-05-20T15:34:01.887026+00:00
15570102,190945,씨라이프부산아쿠아리움(SEA LIFE BUSAN),9rkvi,https://naverbooking-phinf.pstatic.net/20260429_94/17774218016592Hu8V_PNG/image.png,https://shoppinglive.naver.com/channels/190945,GRADE_3,,2026-05-20T15:34:01.887026+00:00
102161398,170260,로미고 이심스토어,102052877,http://shop1.phinf.naver.net/20260120_210/1768895387808izHYY_PNG/48481305242893259_825320119.png,https://shoppinglive.naver.com/channels/170260,GRADE_1,,2026-05-20T15:34:02.319056+00:00
101623054,112135,글로벌골프투어,101532397,http://shop1.phinf.naver.net/20260309_216/1773051811765fDn8C_PNG/99864706602177338_1359861612.png,https://shoppinglive.naver.com/channels/112135,GRADE_1,,2026-05-20T15:34:04.008286+00:00
1100012715,257994,하나바 렌탈샵,1100012484,https://shop-phinf.pstatic.net/20241021_160/1729515956246bEynj_JPEG/6f8a5992.jpg,https://shoppinglive.naver.com/channels/257994,GRADE_1,,2026-05-20T15:34:04.511480+00:00
28463623,256572,오크밸리 스키장,59aCI,https://ldb-phinf.pstatic.net/20231214_37/17025346154523y2Oz_JPEG/%BD%BA%C5%B0%C0%E5%C0%CC%B9%CC%C1%F6.jpg,https://shoppinglive.naver.com/channels/256572,GRADE_3,,2026-05-20T15:34:06.595431+00:00
101350370,83695,마켓윈썸,101268875,http://shop1.phinf.naver.net/20211204_289/1638604934011NuYa9_JPEG/39740767797386175_975202426.jpg,https://shoppinglive.naver.com/channels/83695,GRADE_1,,2026-05-20T15:34:06.595431+00:00
500271489,154900,스타인월드,500271489,http://shop1.phinf.naver.net/20240312_282/1710212061723e7Vy9_PNG/37514745605432790_1109378460.png,https://shoppinglive.naver.com/channels/154900,GRADE_1,,2026-05-20T15:34:07.350680+00:00
102169748,257470,비발디파크인생렌탈샵,102060959,http://shop1.phinf.naver.net/20231204_257/1701684910474uqcF2_JPEG/102820799177966286_1869586556.jpg,https://shoppinglive.naver.com/channels/257470,GRADE_1,,2026-05-20T15:34:08.123389+00:00
100180281,118214,여행하기 좋은날,100161915,http://shop1.phinf.naver.net/20250623_6/1750661804701Ggq8l_JPEG/5262468729692730_562669649.jpg,https://shoppinglive.naver.com/channels/118214,GRADE_1,,2026-05-20T15:34:08.799711+00:00
100983021,161933,비발디파크뽀드득에찌렌탈샵,100916184,http://shop1.phinf.naver.net/20241225_296/1735089723721XnSI2_JPEG/69222560857279516_223453058.jpg,https://shoppinglive.naver.com/channels/161933,GRADE_1,,2026-05-20T15:34:08.799711+00:00
102682682,239852,유라이브스토어,102561161,http://shop1.phinf.naver.net/20250912_100/1757659347568WNKEj_PNG/91792290707270510_814924496.png,https://shoppinglive.naver.com/channels/239852,GRADE_1,,2026-05-20T15:34:08.799711+00:00
100325539,156796,무주 스키샵 스노우밸리,100293007,http://shop1.phinf.naver.net/20211120_106/1637412057197THgYa_JPEG/38547840734881409_1415814046.jpg,https://shoppinglive.naver.com/channels/156796,GRADE_1,,2026-05-20T15:34:08.799711+00:00
101271843,107333,채널프렌드샵,101193116,http://shop1.phinf.naver.net/20230208_82/1675828540602zDdBl_JPEG/76964439311443052_1261898458.jpg,https://shoppinglive.naver.com/channels/107333,GRADE_1,,2026-05-20T15:34:09.306577+00:00
25895568,67510,리솜리조트,4sdBa,https://naverbooking-phinf.pstatic.net/20231115_72/1700026119372b75yX_JPEG/%BE%C6%C0%CF%B7%A3%B5%E5_%B8%AE%BC%D8_%B0%DC%BF%EF%C0%FC%B0%E6_%281%29.jpg,https://shoppinglive.naver.com/channels/67510,GRADE_3,,2026-05-20T15:34:09.922998+00:00
500055027,139842,모사지online,500055027,http://shop1.phinf.naver.net/20250317_23/1742197462722sMW50_PNG/5186531852130002_2074993085.png,https://shoppinglive.naver.com/channels/139842,GRADE_1,,2026-05-20T15:34:09.922998+00:00
100320336,216002,VIP스키,100288242,http://shop1.phinf.naver.net/20250108_85/1736333685183rD1HX_PNG/12736139300460864_1193442219.png,https://shoppinglive.naver.com/channels/216002,GRADE_1,,2026-05-20T15:34:09.922998+00:00
101782797,162017,용평레인보우 렌탈샵,101686454,http://shop1.phinf.naver.net/20230415_204/1681543258338PD2hk_PNG/82679042055557800_1166122244.png,https://shoppinglive.naver.com/channels/162017,GRADE_1,,2026-05-20T15:34:09.922998+00:00
100241756,126400,투어땅,100217249,http://shop1.phinf.naver.net/20220929_241/1664432421626OHTfA_JPEG/65568317362975432_1721946448.jpg,https://shoppinglive.naver.com/channels/126400,GRADE_1,,2026-05-20T15:34:10.323628+00:00
65647308,253176,디어 바스켓볼 인 부산,2d5Agr,https://naverbooking-phinf.pstatic.net/20260325_140/17744223348184gnm4_JPEG/image.jpg,https://shoppinglive.naver.com/channels/253176,GRADE_3,,2026-05-20T15:34:10.323628+00:00
100516587,54844,LSCOMPANY,100470040,http://shop1.phinf.naver.net/20220317_15/1647505548918nUTJU_PNG/48641332210175118_2138492311.png,https://shoppinglive.naver.com/channels/54844,GRADE_1,,2026-05-20T15:34:11.226836+00:00
102301244,225705,코코넛 트래블,102189237,http://shop1.phinf.naver.net/20250610_190/1749550456475RNJRR_PNG/22058683347490152_1984997040.png,https://shoppinglive.naver.com/channels/225705,GRADE_1,,2026-05-20T15:34:11.697151+00:00
100571082,103476,비발디파크렌탈샵스키야놀자,100521378,http://shop1.phinf.naver.net/20230104_85/1672793177083lfgbS_JPEG/95860960598620_1253140118.jpg,https://shoppinglive.naver.com/channels/103476,GRADE_1,,2026-05-20T15:34:11.697151+00:00
100567539,218575,킹스키샵,100518035,http://shop1.phinf.naver.net/20251120_123/1763614057014MEFIm_PNG/97747034206318538_1771063158.png,https://shoppinglive.naver.com/channels/218575,GRADE_1,,2026-05-20T15:34:12.011135+00:00
100895723,216225,봉스키샵,100832385,http://shop1.phinf.naver.net/20211130_218/16381980686760wvg4_JPEG/39333957374889469_797646478.jpg,https://shoppinglive.naver.com/channels/216225,GRADE_1,,2026-05-20T15:34:13.860200+00:00
65457469,240509,인스파이어 스플래시 베이,2cYRAa,https://ldb-phinf.pstatic.net/20240108_142/17046795426731Uk56_JPEG/Splash-Bay-%281%29.jpg,https://shoppinglive.naver.com/channels/240509,GRADE_3,,2026-05-20T15:34:16.042366+00:00
25871657,67444,하이원리조트,dHsFn,https://naverbooking-phinf.pstatic.net/20240619_244/1718795677348vlPhc_JPEG/1200_750_%C7%CF%C0%CC%BF%F8.jpg,https://shoppinglive.naver.com/channels/67444,GRADE_3,,2026-05-20T15:34:16.042366+00:00
102779912,255029,무주스키샵 초이스렌탈샵,102656783,https://shop-phinf.pstatic.net/20241021_160/1729515956246bEynj_JPEG/6f8a5992.jpg,https://shoppinglive.naver.com/channels/255029,GRADE_1,,2026-05-20T15:34:16.042366+00:00
64138799,138885,스파디움24,2bXq8B,https://ldb-phinf.pstatic.net/20230529_105/1685339443122jODR2_JPEG/M4_03622.jpg,https://shoppinglive.naver.com/channels/138885,GRADE_3,,2026-05-20T15:34:16.508746+00:00
100579324,254576,무주리조트 에이스스키샵,100529247,http://shop1.phinf.naver.net/20201113_203/1605264918178lcFxz_JPEG/6400697901833136_97948530.jpg,https://shoppinglive.naver.com/channels/254576,GRADE_1,,2026-05-20T15:34:17.160601+00:00
102288980,176359,데이투어 DAYTOUR,102177230,http://shop1.phinf.naver.net/20240308_119/1709857958853opLqB_PNG/37160642734530210_1643194178.png,https://shoppinglive.naver.com/channels/176359,GRADE_1,,2026-05-20T15:34:17.160601+00:00
102354535,216164,부산요트투어 와이홀릭,102241256,http://shop1.phinf.naver.net/20251124_150/1763958636647EDks5_JPEG/12664197413458172_1218005403.JPG,https://shoppinglive.naver.com/channels/216164,GRADE_1,,2026-05-20T15:34:17.361094+00:00
100101088,253750,곤지암리조트 렌탈샵 V스키,100091064,http://shop1.phinf.naver.net/20211210_153/1639068168625aWbkE_JPEG/40203996260376864_567443958.jpg,https://shoppinglive.naver.com/channels/253750,GRADE_1,,2026-05-20T15:34:18.448603+00:00
101434395,249844,하늘누리 경비행기 교육원,101350236,http://shop1.phinf.naver.net/20251016_212/1760597035266TWp5O_JPEG/94729874391452362_591666093.jpg,https://shoppinglive.naver.com/channels/249844,GRADE_1,,2026-05-20T15:34:19.492418+00:00
101784999,226758,서울브라이덜샤워파티룸디에르,101688572,http://shop1.phinf.naver.net/20221209_223/1670514186503QDg6g_JPEG/71649970200570000_1758088999.jpeg,https://shoppinglive.naver.com/channels/226758,GRADE_1,,2026-05-20T15:34:21.129829+00:00
101402951,251694,곤지암렌탈샵 아이원,101319698,http://shop1.phinf.naver.net/20241101_19/1730437976977Q5THN_JPEG/64570796535853662_1868774130.jpg,https://shoppinglive.naver.com/channels/251694,GRADE_1,,2026-05-20T15:34:22.185239+00:00
101780798,102823,하루하루투어,101684526,http://shop1.phinf.naver.net/20240305_221/1709646457986PVahp_PNG/110782285815857727_857677464.png,https://shoppinglive.naver.com/channels/102823,GRADE_1,,2026-05-20T15:34:22.185742+00:00
65086174,214749,씨엠지월드,diPJd,https://naverbooking-phinf.pstatic.net/20250709_234/17520434237978Eyrh_JPEG/%BA%BC%BA%A3%BE%EE%C6%C4%C5%A9_IMG_01.jpg,https://shoppinglive.naver.com/channels/214749,GRADE_3,,2026-05-20T15:34:23.457461+00:00
101318220,112161,부산요트프로포즈 요트투어,101237670,http://shop1.phinf.naver.net/20230926_101/1695719337483df7fN_JPEG/96855171304294217_1145272144.jpg,https://shoppinglive.naver.com/channels/112161,GRADE_1,,2026-05-20T15:34:23.457461+00:00
102769304,250096,일본선박여행 대마도전문가,102646354,http://shop1.phinf.naver.net/20251018_276/1760793562007nSt7X_JPEG/7471983059732124_1939283130.jpg,https://shoppinglive.naver.com/channels/250096,GRADE_1,,2026-05-20T15:34:24.647145+00:00
500271778,250130,여행특공대,500271778,http://shop1.phinf.naver.net/20240920_32/1726790992493av3Ht_PNG/60923843645286193_1377383438.png,https://shoppinglive.naver.com/channels/250130,GRADE_1,,2026-05-20T15:34:24.647145+00:00
102080975,152684,월렌트 전문 토마토렌터카,101974855,http://shop1.phinf.naver.net/20230823_58/1692763070195BdFUu_PNG/93898905031784463_930264925.png,https://shoppinglive.naver.com/channels/152684,GRADE_1,,2026-05-20T15:34:25.342036+00:00
102260640,225765,영동스튜디오,102149419,http://shop1.phinf.naver.net/20240927_276/1727399457640tPlFM_PNG/61532270852996751_986950854.png,https://shoppinglive.naver.com/channels/225765,GRADE_1,,2026-05-20T15:34:25.342036+00:00
21252515,242345,여수 이사부크루즈,1yBOC,https://naverbooking-phinf.pstatic.net/20250314_72/17419174765861o1hN_PNG/%C8%AD%B8%E9_%C4%B8%C3%B3_2025-03-12_112653.png,https://shoppinglive.naver.com/channels/242345,GRADE_3,,2026-05-20T15:34:25.342036+00:00
101054397,229907,아이고고,100984609,http://shop1.phinf.naver.net/20251126_223/1764120735378Uqacf_PNG/18647718131019014_659233072.png,https://shoppinglive.naver.com/channels/229907,GRADE_1,,2026-05-20T15:34:26.299780+00:00
101128311,149761,미니칸,101055656,http://shop1.phinf.naver.net/20210724_147/1627116331994Qc2Us_PNG/28252230707557924_344163834.png,https://shoppinglive.naver.com/channels/149761,GRADE_1,,2026-05-20T15:34:26.914238+00:00
65465368,241199,아일랜드캐슬,2dmEXm,https://ldb-phinf.pstatic.net/20260430_56/1777532819540RzHqD_PNG/034.png,https://shoppinglive.naver.com/channels/241199,GRADE_3,,2026-05-20T15:34:27.623736+00:00
26158015,128208,송파 파크하비오 워터킹덤 워터파크 & 찜질스파,9zYrp,https://ldb-phinf.pstatic.net/20180420_173/1524209519738HLjci_JPEG/_3.jpg,https://shoppinglive.naver.com/channels/128208,GRADE_3,,2026-05-20T15:34:27.623736+00:00
101113981,139510,스테이앤모어,101041949,http://shop1.phinf.naver.net/20251125_50/176404618941840cp8_PNG/18726924398597970_238442021.png,https://shoppinglive.naver.com/channels/139510,GRADE_1,,2026-05-20T15:34:28.282461+00:00
59910799,93165,방가투어,eOtvy,https://g-selected.pstatic.net/MjAyNTA1MDhfMjg0/MDAxNzQ2NzAzODA3MzI4.7-eavjFjKb5-7N7ZJby2pf2fJFmXS7CBCi1Zvz6qOLEg.sgivOApO1LDvYkfkW7gPqOTa_hoDgE6w5TZWXvUTJaYg.JPEG/image.jpg,https://shoppinglive.naver.com/channels/93165,GRADE_3,,2026-05-20T15:34:28.282461+00:00
26716523,70208,파라다이스시티 씨메르&원더박스,9OOUp,https://naverbooking-phinf.pstatic.net/20260414_166/1776132214737izJfc_PNG/image.png,https://shoppinglive.naver.com/channels/70208,GRADE_3,,2026-05-20T15:34:28.282461+00:00
101757738,228063,하이트래블 자유여행,101662379,http://shop1.phinf.naver.net/20221118_53/1668743189298q3KWI_JPEG/69879024134337796_1833213922.jpg,https://shoppinglive.naver.com/channels/228063,GRADE_1,,2026-05-20T15:34:28.733872+00:00
60144949,246372,오월드,5xbfv,https://ldb-phinf.pstatic.net/20260427_109/1777280785894E1FCM_PNG/%C8%DE%C0%E5%BE%C8%B3%BB.png,https://shoppinglive.naver.com/channels/246372,GRADE_3,,2026-05-20T15:34:30.218230+00:00
100391958,196163,고프리타일랜드,100354424,http://shop1.phinf.naver.net/20241128_115/1732784632984NpkyW_PNG/44409176991264778_1243297673.png,https://shoppinglive.naver.com/channels/196163,GRADE_1,,2026-05-20T15:34:32.775764+00:00
102545908,246461,와비트레블,102427247,http://shop1.phinf.naver.net/20241213_38/1734092128360WwnrW_JPEG/17902969237786327_660956459.jpg,https://shoppinglive.naver.com/channels/246461,GRADE_1,,2026-05-20T15:34:33.568064+00:00
101835415,246296,퍼스트렌트카,101737464,http://shop1.phinf.naver.net/20230127_52/1674781272569mD0xs_PNG/75917171281782084_1042656074.png,https://shoppinglive.naver.com/channels/246296,GRADE_1,,2026-05-20T15:34:33.568064+00:00
100301927,212163,토마토렌트카,100271639,http://shop1.phinf.naver.net/20220510_121/1652172944900xp1e9_PNG/53308787502416157_929645415.png,https://shoppinglive.naver.com/channels/212163,GRADE_1,,2026-05-20T15:34:34.308736+00:00
100881017,245880,Say Yes,100818221,http://shop1.phinf.naver.net/20250926_38/17588315585031vTNu_JPEG/92964429625280587_161323479.jpg,https://shoppinglive.naver.com/channels/245880,GRADE_1,,2026-05-20T15:34:34.841421+00:00
101227217,88420,씽씽라이브,101150269,http://shop1.phinf.naver.net/20240102_172/1704187088129qATOi_PNG/105322930840218542_90830881.png,https://shoppinglive.naver.com/channels/88420,GRADE_1,,2026-05-20T15:34:35.778264+00:00
500204682,98369,양주농산물마켓 밭채랑,500204682,http://shop1.phinf.naver.net/20210412_219/1618218028817UzI0N_JPEG/19353924535824666_424371664.jpg,https://shoppinglive.naver.com/channels/98369,GRADE_1,,2026-05-20T15:34:35.778264+00:00
21985558,87749,안성팜랜드,5sJfz,https://ldb-phinf.pstatic.net/20260410_180/1775798141174fE2nq_PNG/%C8%A3%B9%D0%B9%E7.png,https://shoppinglive.naver.com/channels/87749,GRADE_3,,2026-05-20T15:34:36.922085+00:00
57241421,89635,웨이브파크,cjuha,https://ldb-phinf.pstatic.net/20210912_298/1631410456781iRc3K_JPEG/7SRcWvvnnaulG__hbPYo4ild.jpg,https://shoppinglive.naver.com/channels/89635,GRADE_3,,2026-05-20T15:34:37.526888+00:00
101255490,78265,여행온여수,101177402,http://shop1.phinf.naver.net/20210730_281/1627608370464l6oAu_PNG/28744266200754940_670524135.png,https://shoppinglive.naver.com/channels/78265,GRADE_1,,2026-05-20T15:34:37.526888+00:00
101249002,142770,FING3RS,101171148,http://shop1.phinf.naver.net/20210723_286/16270217792089rsUR_JPEG/28157624924616285_136121451.jpg,https://shoppinglive.naver.com/channels/142770,GRADE_1,,2026-05-20T15:34:38.070050+00:00
102134280,161564,와이피푸드,102026612,https://shop-phinf.pstatic.net/20241021_160/1729515956246bEynj_JPEG/6f8a5992.jpg,https://shoppinglive.naver.com/channels/161564,GRADE_1,,2026-05-20T15:34:38.766826+00:00
26974009,71784,가평빠지 캠프통포레스트 수상레저,bM3tL,https://naverbooking-phinf.pstatic.net/20260430_243/1777522294883vqlb0_PNG/image.png,https://shoppinglive.naver.com/channels/71784,GRADE_3,,2026-05-20T15:34:39.323584+00:00
100105070,243590,트래블 코코,100094705,http://shop1.phinf.naver.net/20250929_291/1759133754853NXcPJ_PNG/93266627990615306_566078318.png,https://shoppinglive.naver.com/channels/243590,GRADE_1,,2026-05-20T15:34:39.323584+00:00
100581511,111265,플러스스마트,100531316,http://shop1.phinf.naver.net/20260220_193/1771562598413x9v06_JPEG/1563051529764807_879752016.jpg,https://shoppinglive.naver.com/channels/111265,GRADE_1,,2026-05-20T15:34:40.981363+00:00
101384387,86803,다모아 온마트,101301746,http://shop1.phinf.naver.net/20230221_85/1676957940518kMTBp_JPEG/78093783227524059_984457094.jpg,https://shoppinglive.naver.com/channels/86803,GRADE_1,,2026-05-20T15:34:40.981363+00:00
102208461,242023,괌스타투어,102098538,http://shop1.phinf.naver.net/20250725_84/1753408962030bQvoq_JPEG/1437746961060546_1665898820.jpg,https://shoppinglive.naver.com/channels/242023,GRADE_1,,2026-05-20T15:34:42.732380+00:00
58892589,91780,워터플레이&레저캠프,eJG9W,https://ldb-phinf.pstatic.net/20220622_39/1655882047211Em6wK_JPEG/%B3%D7%C0%CC%B9%F6_%BD%E6%B3%D7%C0%CF_%C1%A4%BB%E7%B0%A2%C7%FC_1242x1242_20Mb.jpg,https://shoppinglive.naver.com/channels/91780,GRADE_3,,2026-05-20T15:34:42.732380+00:00
500232839,208713,아라마린 요트,500232839,http://shop1.phinf.naver.net/20240602_277/1717318201182sVEGa_JPEG/118454089850264768_641448911.jpg,https://shoppinglive.naver.com/channels/208713,GRADE_1,,2026-05-20T15:34:44.202026+00:00
100189129,74500,EXITour,100169873,http://shop1.phinf.naver.net/20220102_266/1641105558967gdtG7_JPEG/42241393592350700_17942521.jpg,https://shoppinglive.naver.com/channels/74500,GRADE_1,,2026-05-20T15:34:44.202026+00:00
101479885,241832,SMTpass,101394166,http://shop1.phinf.naver.net/20250326_148/1742965364420Veq96_GIF/67089183296910413_1717017739.gif,https://shoppinglive.naver.com/channels/241832,GRADE_1,,2026-05-20T15:34:45.626911+00:00
101731301,239426,마인오피스 비상주사무실,101637251,http://shop1.phinf.naver.net/20230106_180/1672971212820MTRHG_JPEG/74107047654411453_2056095024.jpg,https://shoppinglive.naver.com/channels/239426,GRADE_1,,2026-05-20T15:34:45.626911+00:00
100905026,164316,부산요트투어 요트와,100841284,http://shop1.phinf.naver.net/20230522_118/1684729613528bkwdE_JPEG/85865456240548734_610211396.jpg,https://shoppinglive.naver.com/channels/164316,GRADE_1,,2026-05-20T15:34:45.626911+00:00
101623689,202356,ONEPICK TOUR,101533008,http://shop1.phinf.naver.net/20220816_269/1660638935693VDc7G_JPEG/61774770492690603_233835594.jpg,https://shoppinglive.naver.com/channels/202356,GRADE_1,,2026-05-20T15:34:46.416853+00:00
102413981,218392,MMM.co,102299195,http://shop1.phinf.naver.net/20240903_170/1725330802928WrvxX_JPEG/59358124844973012_1823806085.jpg,https://shoppinglive.naver.com/channels/218392,GRADE_1,,2026-05-20T15:34:47.240869+00:00
102630113,230188,레디맨컴퍼니,102509676,https://shop-phinf.pstatic.net/20241021_160/1729515956246bEynj_JPEG/6f8a5992.jpg,https://shoppinglive.naver.com/channels/230188,GRADE_1,,2026-05-20T15:34:47.895197+00:00
500183879,26553,몬테리오레저산업,500183879,http://shop1.phinf.naver.net/20250618_243/1750234189603y8uXS_JPEG/81659725289931_133520029.jpg,https://shoppinglive.naver.com/channels/26553,GRADE_1,,2026-05-20T15:34:49.147043+00:00
100314301,195610,후쿠오카 선박여행,100282756,http://shop1.phinf.naver.net/20230113_245/1673596542527jzros_PNG/899226409968432_962424146.png,https://shoppinglive.naver.com/channels/195610,GRADE_1,,2026-05-20T15:34:50.008110+00:00
100375968,238754,선택365,100339875,http://shop1.phinf.naver.net/20191212_156/1576126845802Okuyr_PNG/13488388408641512_75842296.PNG,https://shoppinglive.naver.com/channels/238754,GRADE_1,,2026-05-20T15:34:52.042646+00:00
101984337,239403,장수논개워터파크,101881216,http://shop1.phinf.naver.net/20250609_148/17494788804446MTuB_PNG/51422894226549702_1901564255.png,https://shoppinglive.naver.com/channels/239403,GRADE_1,,2026-05-20T15:34:53.316942+00:00
102142564,196591,도깨비 트래블,102034639,http://shop1.phinf.naver.net/20231023_187/16980509802793WK8i_PNG/99186868978819133_857290074.png,https://shoppinglive.naver.com/channels/196591,GRADE_1,,2026-05-20T15:34:54.630135+00:00
102679833,238512,캠핑파티룸 유러스라운지,102558350,https://shop-phinf.pstatic.net/20241021_160/1729515956246bEynj_JPEG/6f8a5992.jpg,https://shoppinglive.naver.com/channels/238512,GRADE_1,,2026-05-20T15:34:55.218583+00:00
101684907,142503,국내여행 여기어때,101592255,http://shop1.phinf.naver.net/20251111_46/1762849896077kwfJH_JPEG/5531449870568198_1588968006.jpg,https://shoppinglive.naver.com/channels/142503,GRADE_1,,2026-05-20T15:34:56.027394+00:00
63334202,106544,남산 N서울타워,2bJJFA,https://naverbooking-phinf.pstatic.net/20250527_192/1748326146261Rks7H_JPEG/KakaoTalk_20250521_184926373.jpg,https://shoppinglive.naver.com/channels/106544,GRADE_3,,2026-05-20T15:34:56.646012+00:00
101294487,164379,그룹허그,101214852,http://shop1.phinf.naver.net/20241213_137/1734076247781IqCp4_PNG/5008418178742544_1693918637.png,https://shoppinglive.naver.com/channels/164379,GRADE_1,,2026-05-20T15:34:56.646012+00:00
102313025,229913,오피스워크넷 비상주사무실,102200753,http://shop1.phinf.naver.net/20241121_79/1732175660403nTWlH_JPEG/66308547529471273_1164747770.jpg,https://shoppinglive.naver.com/channels/229913,GRADE_1,,2026-05-20T15:34:57.322830+00:00
100113465,219368,농부의 시골집,100102325,http://shop1.phinf.naver.net/20200311_81/15839130047305lgBQ_JPEG/21274547350106872_1474628005.jpg,https://shoppinglive.naver.com/channels/219368,GRADE_1,,2026-05-20T15:34:57.322830+00:00
63636323,118586,디오션 워터파크,2bUiq3,https://ldb-phinf.pstatic.net/20251210_160/1765350865506s9Lhr_JPEG/%C5%A9%B1%E2%BA%AF%C8%AF_%BD%C7%B3%BB_%BF%F6%C5%CD%C6%C4%C5%A9_%281%29_%282%29.jpg,https://shoppinglive.naver.com/channels/118586,GRADE_3,,2026-05-20T15:34:58.448135+00:00
59479752,92519,알펜시아 리조트 오션700,eMR2F,https://ldb-phinf.pstatic.net/20180508_170/1525754951189QyiKs_JPEG/%A1%C03.JPG,https://shoppinglive.naver.com/channels/92519,GRADE_3,,2026-05-20T15:34:58.448135+00:00
102363552,201463,아쿠아티움 대전엑스포아쿠아,102250049,http://shop1.phinf.naver.net/20240511_293/17154079312297C1fM_PNG/116543819940420240_565030777.png,https://shoppinglive.naver.com/channels/201463,GRADE_1,,2026-05-20T15:34:59.632384+00:00
100544886,97016,레츠비트립,100496650,http://shop1.phinf.naver.net/20250429_178/1745917857534A23aN_JPEG/40460602749501797_41352783.jpg,https://shoppinglive.naver.com/channels/97016,GRADE_1,,2026-05-20T15:35:00.564468+00:00
102668612,235980,YOTHAE 요트해,102547409,http://shop1.phinf.naver.net/20250511_203/17469573955566z42U_PNG/1493170911123008_985539139.png,https://shoppinglive.naver.com/channels/235980,GRADE_1,,2026-05-20T15:35:00.564468+00:00
102646073,234948,아멜리아풀빌라,102525339,https://shop-phinf.pstatic.net/20241021_160/1729515956246bEynj_JPEG/6f8a5992.jpg,https://shoppinglive.naver.com/channels/234948,GRADE_1,,2026-05-20T15:35:00.564468+00:00
102648832,235245,청기와집,102528050,https://shop-phinf.pstatic.net/20241021_160/1729515956246bEynj_JPEG/6f8a5992.jpg,https://shoppinglive.naver.com/channels/235245,GRADE_1,,2026-05-20T15:35:01.387110+00:00
102648852,235249,희라숲,102528070,https://shop-phinf.pstatic.net/20241021_160/1729515956246bEynj_JPEG/6f8a5992.jpg,https://shoppinglive.naver.com/channels/235249,GRADE_1,,2026-05-20T15:35:01.387110+00:00
100030525,168037,초담초담,100026552,http://shop1.phinf.naver.net/20220510_190/1652186025500qp4aH_JPEG/53321921219600732_1943978363.jpg,https://shoppinglive.naver.com/channels/168037,GRADE_1,,2026-05-20T15:35:02.450725+00:00
101940355,192882,제주도 뉴헤븐,101838776,https://shop-phinf.pstatic.net/20241021_160/1729515956246bEynj_JPEG/6f8a5992.jpg,https://shoppinglive.naver.com/channels/192882,GRADE_1,,2026-05-20T15:35:02.450725+00:00
101834910,217839,마리오와이파이,101736979,http://shop1.phinf.naver.net/20260102_264/1767319172586ywtoq_PNG/101451984732715166_755039965.png,https://shoppinglive.naver.com/channels/217839,GRADE_1,,2026-05-20T15:35:02.450725+00:00
101200529,78322,건블리 상점,101124898,http://shop1.phinf.naver.net/20220721_283/1658366551536tH2d0_PNG/59502450247512250_463336518.png,https://shoppinglive.naver.com/channels/78322,GRADE_1,,2026-05-20T15:35:03.296365+00:00
100077787,201043,인디고트래블,100069706,http://shop1.phinf.naver.net/20260320_292/1773976893390gLYaD_JPEG/33257553313549074_2049295595.jpg,https://shoppinglive.naver.com/channels/201043,GRADE_1,,2026-05-20T15:35:04.273438+00:00
101370823,234382,비발디파크 보스렌탈,101288683,http://shop1.phinf.naver.net/20211110_128/1636516452819cTqRp_JPEG/37652341261272994_879290285.jpg,https://shoppinglive.naver.com/channels/234382,GRADE_1,,2026-05-20T15:35:05.902731+00:00
101869417,110837,부산요트투어 G,101770575,http://shop1.phinf.naver.net/20230326_157/1679817012581Hu7dP_JPEG/80952908303149443_1387525150.jpg,https://shoppinglive.naver.com/channels/110837,GRADE_1,,2026-05-20T15:35:06.893136+00:00
101355442,194311,브랜아크,101273782,http://shop1.phinf.naver.net/20251215_107/1765778320415UBn8c_JPEG/99911170544862641_1882697593.jpg,https://shoppinglive.naver.com/channels/194311,GRADE_1,,2026-05-20T15:35:06.893136+00:00
101397073,139851,몽키트래블 태국,101314031,http://shop1.phinf.naver.net/20251017_256/1760690232484EG4fs_JPEG/8559726239674606_645687152.jpg,https://shoppinglive.naver.com/channels/139851,GRADE_1,,2026-05-20T15:35:08.358204+00:00
102394018,225050,마술랭,102279758,http://shop1.phinf.naver.net/20251231_3/17671075476940w9En_JPEG/101240394796383821_277073083.JPG,https://shoppinglive.naver.com/channels/225050,GRADE_1,,2026-05-20T15:35:09.504487+00:00
102457024,204053,코몽투어-몽골 여행 마켓,102341088,http://shop1.phinf.naver.net/20240827_146/1724741374647IU1Wr_JPEG/4313728865879418_1210743504.jpg,https://shoppinglive.naver.com/channels/204053,GRADE_1,,2026-05-20T15:35:12.132551+00:00
102635882,232033,금모래마당 펜션,102515343,http://shop1.phinf.naver.net/20250412_220/1744447944016UmpSY_JPEG/9172500162287849_576531649.jpg,https://shoppinglive.naver.com/channels/232033,GRADE_1,,2026-05-20T15:35:12.132551+00:00
101899111,230675,마나가하 예약센터,101799145,http://shop1.phinf.naver.net/20250205_185/1738720431843UBDre_PNG/18669196490820318_1895533797.png,https://shoppinglive.naver.com/channels/230675,GRADE_1,,2026-05-20T15:35:14.260871+00:00
500007906,9854,들꽃잠,500007906,http://shop1.phinf.naver.net/20260507_111/177811765253497Qzm_JPEG/26873923683537019_1737129666.jpg,https://shoppinglive.naver.com/channels/9854,GRADE_2,,2026-05-20T15:35:15.662298+00:00
101383560,182149,와산981상점,101300934,http://shop1.phinf.naver.net/20211122_67/1637587115750J2w7I_JPEG/38722895473902871_365173777.jpeg,https://shoppinglive.naver.com/channels/182149,GRADE_1,,2026-05-20T15:35:16.488370+00:00
500129827,22456,DHGOLF,500129827,http://shop1.phinf.naver.net/20210414_89/1618399572825XHnCH_PNG/19535471535320136_1782001162.png,https://shoppinglive.naver.com/channels/22456,GRADE_1,,2026-05-20T15:35:16.488370+00:00
100418738,228254,아임이심,100378948,http://shop1.phinf.naver.net/20240825_288/1724562488275r0DQi_PNG/7792317230726843_1265793021.png,https://shoppinglive.naver.com/channels/228254,GRADE_1,,2026-05-20T15:35:17.103712+00:00
101306818,228290,주식회사 메리트리무진,101226675,http://shop1.phinf.naver.net/20250327_266/1743050446685UyjQR_JPEG/28946277721085518_629231679.jpg,https://shoppinglive.naver.com/channels/228290,GRADE_1,,2026-05-20T15:35:17.103712+00:00
101332437,95100,더딥스다이빙,101251485,http://shop1.phinf.naver.net/20250904_259/1756962145719KPDyB_PNG/91094932084096598_1768466355.png,https://shoppinglive.naver.com/channels/95100,GRADE_1,,2026-05-20T15:35:17.914214+00:00
102613603,226391,뿜뿜투어,102493471,http://shop1.phinf.naver.net/20250416_166/174477934953080NOG_PNG/1394634877493937_1351319927.png,https://shoppinglive.naver.com/channels/226391,GRADE_1,,2026-05-20T15:35:20.237969+00:00
102147945,224910,에이치원투어,102039853,http://shop1.phinf.naver.net/20250311_22/1741683436755MGYk2_PNG/13415510984192029_173646309.png,https://shoppinglive.naver.com/channels/224910,GRADE_1,,2026-05-20T15:35:20.237969+00:00
102555984,218802,지투어리스트,102437012,http://shop1.phinf.naver.net/20241231_72/17356514272919qUGv_JPEG/69784305448030971_618983677.jpg,https://shoppinglive.naver.com/channels/218802,GRADE_1,,2026-05-20T15:35:21.046161+00:00
101492854,225821,부산요트투어 이디엠,101406666,http://shop1.phinf.naver.net/20230428_156/1682661360517gYBRf_JPEG/83797203221809401_1481446958.jpg,https://shoppinglive.naver.com/channels/225821,GRADE_1,,2026-05-20T15:35:21.890174+00:00
101072220,225717,요트준,101001722,http://shop1.phinf.naver.net/20230706_102/1688623720098VSlSK_JPEG/89759499803878089_221305642.jpg,https://shoppinglive.naver.com/channels/225717,GRADE_1,,2026-05-20T15:35:21.890174+00:00
100137620,40207,WEPICK,100124258,http://shop1.phinf.naver.net/20210728_116/1627460558176NrkWN_PNG/28596391782801391_693948562.png,https://shoppinglive.naver.com/channels/40207,GRADE_1,,2026-05-20T15:35:21.890174+00:00
102578548,225480,Very Best Item,102459056,http://shop1.phinf.naver.net/20250908_191/1757325212952IBPYn_PNG/12910240897733735_95043376.png,https://shoppinglive.naver.com/channels/225480,GRADE_1,,2026-05-20T15:35:21.890174+00:00
102602868,225626,잠수교육연구협회,102482938,http://shop1.phinf.naver.net/20250305_55/1741165410483NVOFx_PNG/47721120882571118_1285998993.png,https://shoppinglive.naver.com/channels/225626,GRADE_1,,2026-05-20T15:35:22.539170+00:00
102325139,180770,부산요트투어 요트마루,102212599,http://shop1.phinf.naver.net/20250112_118/1736686325537vR1jz_PNG/70819176675912641_685143235.png,https://shoppinglive.naver.com/channels/180770,GRADE_1,,2026-05-20T15:35:23.237696+00:00
100301046,174576,와쿠와쿠스토어,100270889,http://shop1.phinf.naver.net/20241031_299/1730366033967bJzTy_PNG/12656648869250802_1789129895.png,https://shoppinglive.naver.com/channels/174576,GRADE_1,,2026-05-20T15:35:23.237696+00:00
101944436,220347,여기어때비상주,101842699,http://shop1.phinf.naver.net/20240509_217/1715213513005pdOyW_JPEG/116349401719619558_1847104396.jpg,https://shoppinglive.naver.com/channels/220347,GRADE_1,,2026-05-20T15:35:24.078638+00:00
101643335,107780,스톤스테이,101552079,http://shop1.phinf.naver.net/20221025_92/1666654543192hcIJG_JPEG/67790322917139971_755038714.jpg,https://shoppinglive.naver.com/channels/107780,GRADE_1,,2026-05-20T15:35:24.821366+00:00
100052699,96158,약석원,100046706,http://shop1.phinf.naver.net/20251001_249/1759294373998i4dOP_JPEG/10866338116942532_2001476580.jpg,https://shoppinglive.naver.com/channels/96158,GRADE_1,,2026-05-20T15:35:25.559973+00:00
101107061,220096,선불폰이지,101035328,http://shop1.phinf.naver.net/20221031_76/1667205956190nbTP0_PNG/68341801903947597_946453702.png,https://shoppinglive.naver.com/channels/220096,GRADE_1,,2026-05-20T15:35:25.559973+00:00
102341642,223327,나우스냅,102228689,http://shop1.phinf.naver.net/20250724_230/17533673486149gIYj_JPEG/87500113756446124_1382188864.jpg,https://shoppinglive.naver.com/channels/223327,GRADE_1,,2026-05-20T15:35:26.262763+00:00
101964807,223303,엠앤엠공간대여 대구비상주,101862398,http://shop1.phinf.naver.net/20250104_214/1735985331172kfDkE_JPEG/50993825195621265_1105178056.jpg,https://shoppinglive.naver.com/channels/223303,GRADE_1,,2026-05-20T15:35:26.262763+00:00
100782254,222942,케이와이파이,100723344,http://shop1.phinf.naver.net/20220902_63/1662125961986w5lLT_PNG/63261850694921520_1102684557.png,https://shoppinglive.naver.com/channels/222942,GRADE_1,,2026-05-20T15:35:27.774349+00:00
100467541,219900,인천공항GM콜밴네트워크,100424248,http://shop1.phinf.naver.net/20200826_36/15984289113123SbXB_JPEG/35792299814586012_730335813.jpg,https://shoppinglive.naver.com/channels/219900,GRADE_1,,2026-05-20T15:35:27.774349+00:00
101747429,110911,e편한SIM,101652484,http://shop1.phinf.naver.net/20221129_192/1669688303493GMqgq_PNG/70824137313153649_75590978.png,https://shoppinglive.naver.com/channels/110911,GRADE_1,,2026-05-20T15:35:27.774349+00:00
102557704,222209,알바트로스항공,102438679,http://shop1.phinf.naver.net/20260116_198/1768525382302RKOys_PNG/31513613366231925_2089915291.png,https://shoppinglive.naver.com/channels/222209,GRADE_1,,2026-05-20T15:35:28.522733+00:00
101477504,166733,타이거콜밴,101391868,http://shop1.phinf.naver.net/20240428_119/1714270671685LWVAn_JPEG/115406567418163475_1879711756.jpg,https://shoppinglive.naver.com/channels/166733,GRADE_1,,2026-05-20T15:35:29.281302+00:00
100970681,129717,아워디샵,100904363,http://shop1.phinf.naver.net/20230726_106/1690339072737MqQhb_PNG/91474961446530928_445292936.png,https://shoppinglive.naver.com/channels/129717,GRADE_1,,2026-05-20T15:35:29.281302+00:00
102349941,185341,타이거 부킹,102236779,http://shop1.phinf.naver.net/20240430_136/1714471736267q0rW1_PNG/115607578966726721_921325033.png,https://shoppinglive.naver.com/channels/185341,GRADE_1,,2026-05-20T15:35:29.281302+00:00
100107235,168024,무주렌탈샵 대박스키샵,100096706,http://shop1.phinf.naver.net/20231127_28/1701051911272OcHee_JPEG/28354595065270190_41917184.jpg,https://shoppinglive.naver.com/channels/168024,GRADE_1,,2026-05-20T15:35:30.390763+00:00
102570985,221432,앤텔레콤 모바일,102451645,https://shop-phinf.pstatic.net/20241021_160/1729515956246bEynj_JPEG/6f8a5992.jpg,https://shoppinglive.naver.com/channels/221432,GRADE_1,,2026-05-20T15:35:30.390763+00:00
102137218,175821,크루즈시티,102029458,http://shop1.phinf.naver.net/20231205_155/1701734998532qCIn0_JPEG/102870841247620675_1321547464.jpg,https://shoppinglive.naver.com/channels/175821,GRADE_1,,2026-05-20T15:35:30.390763+00:00
101270868,155475,kt스카이라이프모바일,101192180,http://shop1.phinf.naver.net/20240419_2/17135103124896Cx9l_PNG/114646208224699616_908195762.png,https://shoppinglive.naver.com/channels/155475,GRADE_1,,2026-05-20T15:35:31.810468+00:00
102399262,216306,비상주어때인코리아,102284867,http://shop1.phinf.naver.net/20240621_5/171894643868382yL7_JPEG/47581425503870229_1966501084.jpg,https://shoppinglive.naver.com/channels/216306,GRADE_1,,2026-05-20T15:35:32.513541+00:00
101745149,110726,해적호핑,101650284,http://shop1.phinf.naver.net/20241120_169/1732068605264dk0mG_JPEG/1669100356675866_1307713355.jpg,https://shoppinglive.naver.com/channels/110726,GRADE_1,,2026-05-20T15:35:33.266936+00:00
101910895,185199,비상주사무실 스페이스엑스키,101810425,http://shop1.phinf.naver.net/20250502_100/1746177922160NoJmH_PNG/1989816287363934_747567167.png,https://shoppinglive.naver.com/channels/185199,GRADE_1,,2026-05-20T15:35:35.484088+00:00
100929481,218574,제주한달살기 몽구옥,100864731,http://shop1.phinf.naver.net/20230111_239/1673443550888DmiOk_JPEG/74579330611628290_2147256379.jpg,https://shoppinglive.naver.com/channels/218574,GRADE_1,,2026-05-20T15:35:39.128396+00:00
102396896,218184,로컬리 Locally,102282554,http://shop1.phinf.naver.net/20241221_256/1734782027501KxKtc_PNG/3995614381328344_1494693405.png,https://shoppinglive.naver.com/channels/218184,GRADE_1,,2026-05-20T15:35:40.141742+00:00
8717211,216962,뉴스페이스 NEW:SPACE,8gdQm,https://naverbooking-phinf.pstatic.net/20241002_294/1727836240474kXJwF_JPEG/%B4%BA%BD%BA%C6%E4%C0%CC%BD%BA%BD%E6%B3%D7%C0%CF.jpg,https://shoppinglive.naver.com/channels/216962,GRADE_3,,2026-05-20T15:35:40.965750+00:00
101003614,214181,무주스키샵렌탈샵 하얀나라,100935938,http://shop1.phinf.naver.net/20201210_198/1607590745199bHH6c_JPEG/8726528915450752_1605617877.jpg,https://shoppinglive.naver.com/channels/214181,GRADE_1,,2026-05-20T15:35:42.042595+00:00
65085936,215814,엑스포 아쿠아리움,dY5JE,https://ldb-phinf.pstatic.net/20231122_134/1700615819747Rw4tt_JPEG/%BD%C3%BC%B34.jpg,https://shoppinglive.naver.com/channels/215814,GRADE_3,,2026-05-20T15:35:43.023074+00:00
102129956,156375,곤지암스키장 렌탈샵 쎄시봉,102022381,http://shop1.phinf.naver.net/20231109_185/16995003300449oIdF_PNG/100636113715161975_367729838.png,https://shoppinglive.naver.com/channels/156375,GRADE_1,,2026-05-20T15:35:45.213695+00:00
102330611,188521,프리미엄 메가스테이 화곡점,102217920,https://shop-phinf.pstatic.net/20241021_160/1729515956246bEynj_JPEG/6f8a5992.jpg,https://shoppinglive.naver.com/channels/188521,GRADE_1,,2026-05-20T15:35:47.823102+00:00
101012042,166463,아델라한옥,100944016,http://shop1.phinf.naver.net/20241016_173/17290676891992lJ9R_JPEG/63200546317154174_240498258.jpg,https://shoppinglive.naver.com/channels/166463,GRADE_1,,2026-05-20T15:35:47.823102+00:00
9506493,66254,서울드래곤시티 인 스타일,1r8ZQ,https://ldb-phinf.pstatic.net/20260409_246/1775706249560M5dlo_PNG/%C0%CE%BD%BA%C5%B8%C0%CF_In_Style_buffet_%C0%CC%B9%CC%C1%F6_%BE%F7%C0%E5%BF%EB_%BD%C4%C0%BD%C6%E4%C0%CC%C1%F6_1920x1080.png,https://shoppinglive.naver.com/channels/66254,GRADE_3,,2026-05-20T15:35:48.938025+00:00
101226895,84274,그랑블루요트,101149953,http://shop1.phinf.naver.net/20220121_164/1642750560735Poae1_PNG/43886449385601910_666258419.png,https://shoppinglive.naver.com/channels/84274,GRADE_1,,2026-05-20T15:35:51.473351+00:00
102139156,212410,은하수디앤엠 레지던스,102031346,https://shop-phinf.pstatic.net/20241021_160/1729515956246bEynj_JPEG/6f8a5992.jpg,https://shoppinglive.naver.com/channels/212410,GRADE_1,,2026-05-20T15:35:51.473351+00:00
101137965,76498,에이프릴 샵,101064879,http://shop1.phinf.naver.net/20220128_296/16433693730874WqVy_PNG/44505261797027266_1874467340.png,https://shoppinglive.naver.com/channels/76498,GRADE_1,,2026-05-20T15:35:51.473351+00:00
102492721,215161,드림캐쳐스 시흥 부천점,102375568,http://shop1.phinf.naver.net/20241102_276/1730532430423g05Xz_JPEG/77250749839473514_1761611645.jpg,https://shoppinglive.naver.com/channels/215161,GRADE_1,,2026-05-20T15:35:52.261551+00:00
102456269,214957,피기네투어,102340362,http://shop1.phinf.naver.net/20241115_74/1731610502915ft4zH_JPEG/55951531736830926_1539703851.jpg,https://shoppinglive.naver.com/channels/214957,GRADE_1,,2026-05-20T15:35:52.261551+00:00
102528892,214583,게임파티룸 겜겜 청라점,102410752,http://shop1.phinf.naver.net/20241125_49/1732532478949k90tA_JPEG/66665337587505348_97503704.jpg,https://shoppinglive.naver.com/channels/214583,GRADE_1,,2026-05-20T15:35:53.256439+00:00
100642406,120784,DIY TOUR,100589131,http://shop1.phinf.naver.net/20240312_14/1710249465705qMdX5_PNG/37552149587160388_1736756982.png,https://shoppinglive.naver.com/channels/120784,GRADE_1,,2026-05-20T15:35:54.437534+00:00
102457356,214005,모넷콜밴,102341412,http://shop1.phinf.naver.net/20250225_60/1740484147216DBLks_PNG/74616998365139235_464303119.png,https://shoppinglive.naver.com/channels/214005,GRADE_1,,2026-05-20T15:35:55.404004+00:00
101149925,211234,고고괌,101076384,http://shop1.phinf.naver.net/20250416_232/1744783697620WpQGk_PNG/9508253767878190_1254006676.png,https://shoppinglive.naver.com/channels/211234,GRADE_1,,2026-05-20T15:35:56.566339+00:00
101170234,80256,김효석몰,101095906,http://shop1.phinf.naver.net/20220129_153/1643452473259nsaWs_JPEG/44588315974174357_838142665.jpg,https://shoppinglive.naver.com/channels/80256,GRADE_1,,2026-05-20T15:36:01.132012+00:00
23203297,133530,2024경주시E커머스,bWFm5,https://g-selected.pstatic.net/MjAyNDA3MTVfMTgy/MDAxNzIxMDA4ODY3NjQ4.752OyhMt4d3HbvuHA1pdZrIWZzFzo2oWwlQX8CY9FdEg.Z8gLdmkUXmiEOUW7N9wdeDLsiCRGG0NQO1Yj7NDSzXwg.JPEG/temp_1721008867673.jpg,https://shoppinglive.naver.com/channels/133530,GRADE_3,,2026-05-20T15:36:04.304805+00:00
100785585,210724,토리 비상주 공유오피스,100726561,http://shop1.phinf.naver.net/20230129_296/1674919280399KXSPu_PNG/76055179109283203_1227794704.png,https://shoppinglive.naver.com/channels/210724,GRADE_1,,2026-05-20T15:36:04.304805+00:00
500127567,202724,1577 3410 퀵서비스,500127567,http://shop1.phinf.naver.net/20240703_267/1719969224677gjWru_JPEG/3584599676113322_1958256505.jpg,https://shoppinglive.naver.com/channels/202724,GRADE_1,,2026-05-20T15:36:04.304805+00:00
100134999,124038,나의여행,100121891,http://shop1.phinf.naver.net/20220603_154/1654183870822vn3rS_JPEG/55319654527383997_1016859573.jpg,https://shoppinglive.naver.com/channels/124038,GRADE_1,,2026-05-20T15:36:06.111751+00:00
51290800,208748,피나클랜드,e0Cyk,https://ldb-phinf.pstatic.net/20260313_72/17733895065973Vin0_JPEG/KakaoTalk_20250131_113403650.jpg,https://shoppinglive.naver.com/channels/208748,GRADE_3,,2026-05-20T15:36:06.111751+00:00
21437805,100889,코엑스 아쿠아리움,9ahDt,https://ldb-phinf.pstatic.net/20260428_109/1777366435727mgY7F_JPEG/%B3%D7%C0%CC%B9%F6%BD%E6%B3%D7%C0%CF_860x860-01.jpg,https://shoppinglive.naver.com/channels/100889,GRADE_2,,2026-05-20T15:36:07.121325+00:00
27556506,74158,마마프로젝트,dYSwd,https://g-selected.pstatic.net/MjAyMjExMjNfMjIy/MDAxNjY5MTc5MjUzNTY4.gsE47KTyjbNhiZmobE4HzhdToZqLEHvBVfMgCtIMudYg.qBLMuEMP1p41x4DAG-G9LcRz2G6_eEfv-1HqNvD6nLIg.JPEG/image.jpg,https://shoppinglive.naver.com/channels/74158,GRADE_3,,2026-05-20T15:36:08.161749+00:00
102391392,201618,보홀야하이호핑,102277196,http://shop1.phinf.naver.net/20240623_120/1719115555686huTf5_PNG/9390537547145242_87461530.png,https://shoppinglive.naver.com/channels/201618,GRADE_1,,2026-05-20T15:36:08.161749+00:00
101555826,158250,골드버즈 투어수다,101467181,http://shop1.phinf.naver.net/20250929_105/1759114192410TMSAJ_PNG/84314285116106960_98737469.png,https://shoppinglive.naver.com/channels/158250,GRADE_1,,2026-05-20T15:36:09.461483+00:00
101763981,207276,보물창고투어,101668389,http://shop1.phinf.naver.net/20221122_6/1669088169033ergTT_PNG/70223948743902834_957171611.png,https://shoppinglive.naver.com/channels/207276,GRADE_1,,2026-05-20T15:36:10.326643+00:00
24660260,64059,오라방,dt9ky,https://phinf.pstatic.net/dthumb/?src=%22https%3A%2F%2Fg-selected.pstatic.net%2FMjAyMTA1MjZfNTYg%2FMDAxNjIyMDAwMTcwMjM4.wPKiAgaGpNa1f-MUf6-o1oAQfqjE06UWX0jV6fOR6GMg.SvUm2TqLaRzWY7nJ2BpG16M9F9Ur4f-5czfdkeWhWvgg.JPEG%2Ftemp_1622000169807.jpg%22&service=selective,https://shoppinglive.naver.com/channels/64059,GRADE_3,,2026-05-20T15:36:10.326643+00:00
100995740,79990,해운대리버크루즈,100928381,http://shop1.phinf.naver.net/20201202_161/1606906718623c8odh_JPEG/8042498342621581_1151365696.jpg,https://shoppinglive.naver.com/channels/79990,GRADE_1,,2026-05-20T15:36:11.569391+00:00
100740656,110703,애기야가자 스토어,100683164,http://shop1.phinf.naver.net/20230705_284/168853824693296AoI_JPEG/89674089646882964_2082767846.jpg,https://shoppinglive.naver.com/channels/110703,GRADE_1,,2026-05-20T15:36:11.569391+00:00
29121174,143974,소담스퀘어 전주,eePsn,https://g-selected.pstatic.net/MjAyNDAxMDlfMTUw/MDAxNzA0Nzc3MTc3MjUy.HeoHL9jmhERIISfpSa_3HfjRpohM6h8Bf5rfR0TFvlsg.ElHe4AypGIfJmq16SwRq-MQCiD5TIpidOexxpUvu8sYg.JPEG/temp_1704777176796.jpg,https://shoppinglive.naver.com/channels/143974,GRADE_1,,2026-05-20T15:36:12.457713+00:00
14442750,92115,라테라스 썸머랜드&비치클럽,9DoKy,https://ldb-phinf.pstatic.net/20260324_107/1774330433854rqAIT_PNG/ChatGPT_Image_2026%B3%E2_3%BF%F9_24%C0%CF_%BF%C0%C8%C4_02_33_18.png,https://shoppinglive.naver.com/channels/92115,GRADE_3,,2026-05-20T15:36:14.747148+00:00
100955685,65238,코오롱호텔,100889939,http://shop1.phinf.naver.net/20230406_62/1680759690936NtSxx_JPEG/81895586667948338_221180213.jpg,https://shoppinglive.naver.com/channels/65238,GRADE_1,,2026-05-20T15:36:15.775085+00:00
64932936,204337,횡성루지체험장,2bv4DV,https://naverbooking-phinf.pstatic.net/20250421_247/1745212081528nsnDS_JPEG/banner.jpg,https://shoppinglive.naver.com/channels/204337,GRADE_3,,2026-05-20T15:36:16.740083+00:00
60529449,94296,소담스퀘어 강원,eR5ux,https://g-selected.pstatic.net/MjAyMjA4MTlfMSAg/MDAxNjYwODk5Mjg3MjU1.ddPattbapz2_htQ0s6xnMEz0Z9TxiqaNsBNFLHFprm8g.wLltliy3jMTvNqIoUiz1Pt3uOxZcHyLfdCxpZS411OMg.JPEG/image.jpg,https://shoppinglive.naver.com/channels/94296,GRADE_3,,2026-05-20T15:36:16.740083+00:00
500273999,172389,요트탈래 부산요트투어,500273999,http://shop1.phinf.naver.net/20201209_82/1607440484206uY9H3_PNG/8576263745440238_706714048.png,https://shoppinglive.naver.com/channels/172389,GRADE_1,,2026-05-20T15:36:18.655833+00:00
101717002,180978,유심통,101623447,http://shop1.phinf.naver.net/20221117_295/1668645544945xCH8p_JPEG/69781440680368013_948791470.jpg,https://shoppinglive.naver.com/channels/180978,GRADE_1,,2026-05-20T15:36:20.741019+00:00
102302175,188752,무아르스튜디오,102190156,http://shop1.phinf.naver.net/20251009_148/1759988247245hmQ3I_PNG/5174743396737105_1929025744.png,https://shoppinglive.naver.com/channels/188752,GRADE_1,,2026-05-20T15:36:22.592659+00:00
101150406,202858,어반캠핑-마장호수바베큐,101076852,http://shop1.phinf.naver.net/20240817_19/17238262595338qu9x_JPEG/38842074376411386_495706319.jpg,https://shoppinglive.naver.com/channels/202858,GRADE_1,,2026-05-20T15:36:23.852075+00:00
101437281,93812,나도랑게,101353023,http://shop1.phinf.naver.net/20240502_236/17146384514001fmCP_PNG/41941135285315929_921543877.png,https://shoppinglive.naver.com/channels/93812,GRADE_1,,2026-05-20T15:36:23.852075+00:00
101184869,81634,비제로 BEZERO,101109896,http://shop1.phinf.naver.net/20220128_21/1643334185818cxSdk_PNG/44470084339145790_1088122112.png,https://shoppinglive.naver.com/channels/81634,GRADE_1,,2026-05-20T15:36:25.114953+00:00
63172819,103873,청년문화콘텐츠기획단,2bDEp3,https://g-selected.pstatic.net/MjAyMzA1MjRfMTUz/MDAxNjg0OTE1ODk2MTUw.cG50gHxoDl_VXGGarEkD6hmfPXbbdQN3180yb2XSzQAg.Pk9lTc1pEsFh3IkbV38sm-VoHEHkh3uwmzh5y8MVkrgg.JPEG/temp_1684915893487.jpg,https://shoppinglive.naver.com/channels/103873,GRADE_2,,2026-05-20T15:36:27.026669+00:00
100461522,193921,영월 동강한반도래프팅,100418726,http://shop1.phinf.naver.net/20240615_13/1718457310390AvNnI_JPEG/2619324204935281_888706344.jpg,https://shoppinglive.naver.com/channels/193921,GRADE_1,,2026-05-20T15:36:28.133858+00:00
100215559,172498,드림레저 패러글라이딩,100193566,http://shop1.phinf.naver.net/20230724_35/1690186053327xPKdw_JPEG/37850971360824088_295206005.jpg,https://shoppinglive.naver.com/channels/172498,GRADE_1,,2026-05-20T15:36:29.126182+00:00
101619579,101626,와우크루즈,101529011,http://shop1.phinf.naver.net/20230316_247/16789460248382wNnw_JPEG/80081920566041168_1756343003.jpg,https://shoppinglive.naver.com/channels/101626,GRADE_1,,2026-05-20T15:36:30.092132+00:00
62391497,96130,스파크랜드,2buRSN,https://ldb-phinf.pstatic.net/20201130_269/160673154131146CTw_JPEG/600-600-2.jpg,https://shoppinglive.naver.com/channels/96130,GRADE_2,,2026-05-20T15:36:33.874468+00:00
100969403,199694,워크빌리지,100903153,https://shop-phinf.pstatic.net/20241021_160/1729515956246bEynj_JPEG/6f8a5992.jpg,https://shoppinglive.naver.com/channels/199694,GRADE_1,,2026-05-20T15:36:35.563331+00:00
100095499,38390,사자산마을,100085926,http://shop1.phinf.naver.net/20240101_122/1704064633955ikfIm_JPEG/105200467762314419_1772280910.jpg,https://shoppinglive.naver.com/channels/38390,GRADE_1,,2026-05-20T15:36:35.563331+00:00
101367379,123871,현대관광렌트카,101285343,http://shop1.phinf.naver.net/20211112_11/1636670813525iCwcs_JPEG/37806659246523610_1967714575.jpg,https://shoppinglive.naver.com/channels/123871,GRADE_1,,2026-05-20T15:36:36.567949+00:00
102332793,193313,오케이트래블 몽골,102220044,http://shop1.phinf.naver.net/20240611_116/1718100942086hsv5i_PNG/119236830796336732_1691030147.png,https://shoppinglive.naver.com/channels/193313,GRADE_1,,2026-05-20T15:36:36.567949+00:00
101856511,199238,이상한사무실,101758034,http://shop1.phinf.naver.net/20230601_227/1685584876586ujC8d_PNG/12887560472436304_2143137354.png,https://shoppinglive.naver.com/channels/199238,GRADE_1,,2026-05-20T15:36:38.509727+00:00
102401948,198408,골드원호텔앤스위트 제주,102287475,https://shop-phinf.pstatic.net/20241021_160/1729515956246bEynj_JPEG/6f8a5992.jpg,https://shoppinglive.naver.com/channels/198408,GRADE_1,,2026-05-20T15:36:40.707492+00:00
60540068,95469,놀자숲 테마파크,eOQAL,https://ldb-phinf.pstatic.net/20230220_275/1676856865551OcpYm_JPEG/%C6%F7%C0%CE%C6%AE3.jpg,https://shoppinglive.naver.com/channels/95469,GRADE_3,,2026-05-20T15:36:41.765408+00:00
64830575,195985,제주 오레브 핫 스프링&스파,2czo9K,https://ldb-phinf.pstatic.net/20240724_199/1721783797219ySW73_JPEG/O%27REVE_2th_102.jpg,https://shoppinglive.naver.com/channels/195985,GRADE_3,,2026-05-20T15:36:43.913263+00:00
102383250,197003,대전 파티룸 브라이덜 루나,102269290,http://shop1.phinf.naver.net/20240531_65/1717158635492Iffyh_JPEG/118294531212869527_511458670.jpg,https://shoppinglive.naver.com/channels/197003,GRADE_1,,2026-05-20T15:36:44.996806+00:00
102322024,181012,xy1234,102209563,http://shop1.phinf.naver.net/20240411_192/17128009903604iPeJ_JPEG/113936889072711869_571670680.jpg,https://shoppinglive.naver.com/channels/181012,GRADE_1,,2026-05-20T15:36:44.996806+00:00
500280547,84709,보물상점 쇼핑몰,500280547,http://shop1.phinf.naver.net/20220804_61/1659610072069MgJDy_JPEG/60745851796150758_1211012330.jpg,https://shoppinglive.naver.com/channels/84709,GRADE_1,,2026-05-20T15:36:45.948568+00:00
100552927,111061,BEBELOG,100504290,http://shop1.phinf.naver.net/20250224_202/174038539790481j3v_PNG/11316665692424577_1400349848.PNG,https://shoppinglive.naver.com/channels/111061,GRADE_3,,2026-05-20T15:36:49.701060+00:00
100220435,81814,오마베베- OMABEBE,100198046,http://shop1.phinf.naver.net/20230127_241/1674788914845vWwn4_JPEG/75924694564378844_137953875.jpg,https://shoppinglive.naver.com/channels/81814,GRADE_1,,2026-05-20T15:36:49.701060+00:00
100437915,52192,베리클로젯,100396812,http://shop1.phinf.naver.net/20230509_27/1683594447549NseAl_PNG/10897131426092810_399872068.png,https://shoppinglive.naver.com/channels/52192,GRADE_3,,2026-05-20T15:36:49.701060+00:00
500162968,25021,몽슈레,500162968,http://shop1.phinf.naver.net/20191122_92/1574404764246NKwbv_JPEG/11765502881750652_2066936261.jpg,https://shoppinglive.naver.com/channels/25021,GRADE_2,,2026-05-20T15:36:51.665093+00:00
100170869,41614,리틀브렌,100153646,https://shop-phinf.pstatic.net/20241021_160/1729515956246bEynj_JPEG/6f8a5992.jpg,https://shoppinglive.naver.com/channels/41614,GRADE_2,뉴코아 평촌점,2026-05-20T15:36:51.665093+00:00
500162940,24935,하이비,500162940,http://shop1.phinf.naver.net/20250218_227/1739861274709cFvbC_PNG/20439304756106336_86445066.png,https://shoppinglive.naver.com/channels/24935,GRADE_3,,2026-05-20T15:36:51.665093+00:00
102476302,209404,홀레,102359810,http://shop1.phinf.naver.net/20240926_274/1727308452230ypxAw_PNG/61441321371256382_743103044.png,https://shoppinglive.naver.com/channels/209404,GRADE_2,,2026-05-20T15:36:51.665093+00:00
102445014,203081,마마스앤파파스 공식스토어,102329397,http://shop1.phinf.naver.net/20241117_40/173182694292103f8c_JPEG/304950471649125_219594127.jpg,https://shoppinglive.naver.com/channels/203081,GRADE_2,,2026-05-20T15:36:51.665093+00:00
102104368,206834,베니비디비치 셀프촬영,101997532,http://shop1.phinf.naver.net/20231220_56/1703077819125v0XM9_PNG/104213714858183514_224791506.png,https://shoppinglive.naver.com/channels/206834,GRADE_1,,2026-05-20T15:36:51.665093+00:00
100984156,63221,하기스 스토어,100917296,http://shop1.phinf.naver.net/20220429_231/1651238183318wy3PR_JPEG/52374011147901219_1123310146.jpg,https://shoppinglive.naver.com/channels/63221,GRADE_3,,2026-05-20T15:36:52.406033+00:00
500031391,13010,스쿳앤라이드,500031391,http://shop1.phinf.naver.net/20220928_229/16643448384091GxMt_PNG/65480673246442020_376758962.png,https://shoppinglive.naver.com/channels/13010,GRADE_1,,2026-05-20T15:36:52.406033+00:00
102282387,236582,오르웨인,102170748,http://shop1.phinf.naver.net/20260107_152/1767754677794cBT2e_JPEG/12253674760901951_1827458654.jpg,https://shoppinglive.naver.com/channels/236582,GRADE_1,,2026-05-20T15:36:52.406033+00:00
100017395,34810,아둥놀이터,100014600,http://shop1.phinf.naver.net/20230413_55/1681351497856I1cDV_JPEG/82487325642096845_1493337307.jpg,https://shoppinglive.naver.com/channels/34810,GRADE_1,,2026-05-20T15:36:52.406033+00:00
101348852,80699,신디키즈,101267411,https://shop-phinf.pstatic.net/20241021_160/1729515956246bEynj_JPEG/6f8a5992.jpg,https://shoppinglive.naver.com/channels/80699,GRADE_2,NC 신구로점,2026-05-20T15:36:52.406033+00:00
100862552,257570,돗투돗 DOT TO DOT,100800449,http://shop1.phinf.naver.net/20260126_254/176939537725023iKO_JPEG/50810571244651988_745729404.jpg,https://shoppinglive.naver.com/channels/257570,GRADE_1,,2026-05-20T15:36:52.406033+00:00
65123225,217365,맘편한 육아,2cZB2E,https://g-selected.pstatic.net/MjAyNTA0MTRfMjg1/MDAxNzQ0NjEyOTE1MDU5.iyaQL0YtaWfanH1AvQc_mmFSvUsX965GSQXkXqxHvf0g.9s4_OdOUi6ghToQ8lZrUfPsI69iZm_OJVoldf2nsTZIg.JPEG/image.jpg,https://shoppinglive.naver.com/channels/217365,GRADE_4,,2026-05-20T15:36:53.093834+00:00
101272578,88892,스완두스토어,101193822,http://shop1.phinf.naver.net/20250923_153/1758612407269bqOMa_PNG/105577675080038272_1931981357.png,https://shoppinglive.naver.com/channels/88892,GRADE_1,,2026-05-20T15:36:53.093834+00:00
101440390,215386,오렌지e몰,101356039,http://shop1.phinf.naver.net/20250821_138/1755767871231w3sqd_JPEG/89900740370216049_1568925710.jpg,https://shoppinglive.naver.com/channels/215386,GRADE_2,,2026-05-20T15:36:53.093834+00:00
100470623,127844,베베핸즈,100427106,http://shop1.phinf.naver.net/20220413_183/1649781212359Yu0If_JPEG/50917055072917242_798431393.jpg,https://shoppinglive.naver.com/channels/127844,GRADE_1,,2026-05-20T15:36:53.093834+00:00
102441464,246378,에이아이독립몰,102325938,http://shop1.phinf.naver.net/20260318_160/1773800597155Ywnr4_JPEG/107933415917057291_954364891.jpg,https://shoppinglive.naver.com/channels/246378,GRADE_1,,2026-05-20T15:36:53.093834+00:00
101902712,230028,에스제이로렌,101802538,http://shop1.phinf.naver.net/20230417_96/1681706890654glTm7_JPEG/82842725490408883_1278988964.jpg,https://shoppinglive.naver.com/channels/230028,GRADE_1,,2026-05-20T15:36:53.093834+00:00
102712289,244656,올보르,102590281,http://shop1.phinf.naver.net/20250812_224/1754973532440yPX6W_PNG/30591607911883436_1666898429.png,https://shoppinglive.naver.com/channels/244656,GRADE_1,,2026-05-20T15:36:53.093834+00:00
500168026,25576,이젠돌스,500168026,http://shop1.phinf.naver.net/20260116_31/1768546625860zcbI1_PNG/102679436008613268_1779164926.png,https://shoppinglive.naver.com/channels/25576,GRADE_1,,2026-05-20T15:36:53.093834+00:00
500006640,9795,유트러스,500006640,http://shop1.phinf.naver.net/20260324_96/1774313504074sGfMa_JPEG/21153165219515526_-1661597236.jpg,https://shoppinglive.naver.com/channels/9795,GRADE_2,,2026-05-20T15:36:54.305129+00:00
100195903,42644,코튼봉,100175877,http://shop1.phinf.naver.net/20240221_8/1708487117134aCEKv_JPEG/109622959847617104_1885871164.jpg,https://shoppinglive.naver.com/channels/42644,GRADE_2,,2026-05-20T15:36:54.305129+00:00
100994198,71456,시크 스토어,100926900,http://shop1.phinf.naver.net/20230223_228/1677125481500ETKru_JPEG/78261370208172982_1094415641.jpg,https://shoppinglive.naver.com/channels/71456,GRADE_3,,2026-05-20T15:36:54.305129+00:00
101548587,188268,베베밀란,101460169,http://shop1.phinf.naver.net/20230824_44/1692838812705MFeTw_PNG/20141496591389369_960084941.png,https://shoppinglive.naver.com/channels/188268,GRADE_2,,2026-05-20T15:36:54.305129+00:00
500025088,12629,더마더,500025088,http://shop1.phinf.naver.net/20210324_232/16165544883229a3xy_JPEG/17690331023274627_1669297976.jpg,https://shoppinglive.naver.com/channels/12629,GRADE_2,,2026-05-20T15:36:54.305129+00:00
101670049,97762,모윰,101578098,http://shop1.phinf.naver.net/20230515_140/1684135945481A8pgV_JPEG/85271773309501317_1443721643.jpg,https://shoppinglive.naver.com/channels/97762,GRADE_3,,2026-05-20T15:36:55.040106+00:00
500091025,18984,봉봉프렌즈,500091025,http://shop1.phinf.naver.net/20201008_96/1602145796900iDuW3_JPEG/3281695590566309_1949834576.jpg,https://shoppinglive.naver.com/channels/18984,GRADE_1,,2026-05-20T15:36:55.040106+00:00
500117377,21095,디밤비,500117377,http://shop1.phinf.naver.net/20231130_180/17013277310582vDMO_PNG/102463564878024407_775803610.png,https://shoppinglive.naver.com/channels/21095,GRADE_1,,2026-05-20T15:36:55.040106+00:00
500270467,33066,꿀잠커플,500270467,http://shop1.phinf.naver.net/20230630_292/1688089302785uISDt_JPEG/15391986664323279_288610212.jpg,https://shoppinglive.naver.com/channels/33066,GRADE_1,,2026-05-20T15:36:55.040106+00:00
102177473,157203,그래비트랙스 공식스토어,102068467,http://shop1.phinf.naver.net/20250827_19/17562830337858MLkA_JPEG/45099803585037281_133629794.jpg,https://shoppinglive.naver.com/channels/157203,GRADE_3,,2026-05-20T15:36:55.040609+00:00
102557188,225018,간큐브,102438182,http://shop1.phinf.naver.net/20250812_58/17549969703376OGNE_JPEG/11340174140683520_1766381499.jpg,https://shoppinglive.naver.com/channels/225018,GRADE_1,,2026-05-20T15:36:55.636839+00:00
100341370,48333,Rex Trading,100307719,http://shop1.phinf.naver.net/20260323_113/1774261102125T9VDP_PNG/78638117351587223_1382584566.png,https://shoppinglive.naver.com/channels/48333,GRADE_1,,2026-05-20T15:36:55.636839+00:00
500149079,23866,레츠맷,500149079,http://shop1.phinf.naver.net/20231127_263/1701084353826cCTow_PNG/102220187643858370_627112559.png,https://shoppinglive.naver.com/channels/23866,GRADE_2,,2026-05-20T15:36:55.636839+00:00
102728355,263388,디핏밴드,102606063,http://shop1.phinf.naver.net/20250723_118/1753231313503EneL5_PNG/16476085338808485_193144182.png,https://shoppinglive.naver.com/channels/263388,GRADE_1,,2026-05-20T15:36:55.636839+00:00
500099573,19721,베베스킨코리아,500099573,http://shop1.phinf.naver.net/20260324_188/1774326927648WNJzU_JPEG/56923779902173373_143957203.jpg,https://shoppinglive.naver.com/channels/19721,GRADE_2,,2026-05-20T15:36:55.636839+00:00
102128457,201770,실리콘스토리,102020915,http://shop1.phinf.naver.net/20241031_55/1730350773406rRMy2_PNG/64483710095885423_1061925557.png,https://shoppinglive.naver.com/channels/201770,GRADE_1,,2026-05-20T15:36:55.636839+00:00
100003093,15718,꿈비스토어,100002205,http://shop1.phinf.naver.net/20211001_38/1633067914692glxgt_JPEG/34203810429962421_1328054604.jpg,https://shoppinglive.naver.com/channels/15718,GRADE_3,,2026-05-20T15:36:55.940068+00:00
500131321,22413,퓨어잇,500131321,http://shop1.phinf.naver.net/20250301_136/1740823584440FM20S_PNG/74956500583445728_415252825.png,https://shoppinglive.naver.com/channels/22413,GRADE_2,,2026-05-20T15:36:55.940068+00:00
500129486,22231,위틀스토어,500129486,http://shop2.phinf.naver.net/20170405_108/essenlue_14913547297331l5L9_JPEG/15619499147852675_-637647667.jpg,https://shoppinglive.naver.com/channels/22231,GRADE_3,,2026-05-20T15:36:55.940068+00:00
500134907,22689,파크론몰,500134907,http://shop1.phinf.naver.net/20250827_181/1756261040561IEciq_PNG/73577111507364440_1142902024.png,https://shoppinglive.naver.com/channels/22689,GRADE_3,,2026-05-20T15:36:55.940068+00:00
102526352,219666,아띠빠스 공식스토어,102408288,http://shop1.phinf.naver.net/20241119_192/1732003551368xlcRG_JPEG/13272211429490366_998300309.jpg,https://shoppinglive.naver.com/channels/219666,GRADE_2,,2026-05-20T15:36:55.940068+00:00
101009665,78775,랑랑베베 셀프촬영,100941732,http://shop1.phinf.naver.net/20220326_72/1648275169885WWiLB_JPEG/49411065621082992_2128412693.jpg,https://shoppinglive.naver.com/channels/78775,GRADE_2,,2026-05-20T15:36:55.940068+00:00
100083468,37875,메르베,100074918,http://shop1.phinf.naver.net/20260320_174/1773978310032kaX24_JPEG/33001941873818192_-289451718.jpg,https://shoppinglive.naver.com/channels/37875,GRADE_2,,2026-05-20T15:36:55.940068+00:00
100146261,122410,미니로이,100131833,http://shop1.phinf.naver.net/20260320_59/17739936917312in9I_JPEG/45503626784757911_1118567275.jpg,https://shoppinglive.naver.com/channels/122410,GRADE_2,,2026-05-20T15:36:56.847596+00:00
100300322,60363,오가닉 디노,100270233,http://shop1.phinf.naver.net/20200629_72/1593400166435SncA2_JPEG/30762499997730681_299794447.jpg,https://shoppinglive.naver.com/channels/60363,GRADE_2,,2026-05-20T15:36:56.847596+00:00
500051081,482,아토앤오투,500051081,http://shop1.phinf.naver.net/20210322_166/1616398551771yxAOe_PNG/17534385567679225_1495412347.png,https://shoppinglive.naver.com/channels/482,GRADE_3,,2026-05-20T15:36:56.847596+00:00
101486750,252262,에뜨와 공식몰,101400776,http://shop1.phinf.naver.net/20250917_24/1758095019916xW359_JPEG/73686677739820050_961141970.jpg,https://shoppinglive.naver.com/channels/252262,GRADE_3,,2026-05-20T15:36:56.847596+00:00
100133279,139793,발레키즈스토어,100120305,http://shop1.phinf.naver.net/20221129_67/1669704384955aj6U4_PNG/70840164681839672_1871493841.png,https://shoppinglive.naver.com/channels/139793,GRADE_1,,2026-05-20T15:36:56.847596+00:00
101216966,85064,두두스토리몰,101140588,http://shop1.phinf.naver.net/20220127_135/1643270068986DeLxq_JPEG/44405964722489495_948145967.jpg,https://shoppinglive.naver.com/channels/85064,GRADE_3,,2026-05-20T15:36:57.681278+00:00
100419885,98810,핑코코,100379996,http://shop1.phinf.naver.net/20230209_50/16759041228680YibA_PNG/77039902593139933_709677051.png,https://shoppinglive.naver.com/channels/98810,GRADE_1,,2026-05-20T15:36:57.681278+00:00
500012767,11200,아가드,500012767,http://shop1.phinf.naver.net/20250617_245/17501382371876FGjL_JPEG/4704485150128900_725301609.jpg,https://shoppinglive.naver.com/channels/11200,GRADE_3,,2026-05-20T15:36:57.681278+00:00
500009605,10921,더블하트 온라인 공식대리점,500009605,http://shop1.phinf.naver.net/20250327_156/1743045511975eYRJV_JPEG/90714336781103667_1214026238.jpg,https://shoppinglive.naver.com/channels/10921,GRADE_3,,2026-05-20T15:36:57.681278+00:00
100475225,183135,라썸베베,100431340,http://shop1.phinf.naver.net/20250807_66/1754546190898qDUcl_PNG/682403883929247_257867441.png,https://shoppinglive.naver.com/channels/183135,GRADE_1,,2026-05-20T15:36:57.681278+00:00
101080538,78608,아이코코 공식몰,101009739,http://shop1.phinf.naver.net/20230203_205/1675389954519N8vAN_PNG/76525843233617538_1606788945.png,https://shoppinglive.naver.com/channels/78608,GRADE_3,,2026-05-20T15:36:57.681278+00:00
500168041,99357,배마마 PEI MAMA,500168041,http://shop1.phinf.naver.net/20211118_219/1637226150205EBexL_JPEG/38361929931240342_506057876.jpg,https://shoppinglive.naver.com/channels/99357,GRADE_3,,2026-05-20T15:36:58.135394+00:00
101094256,68305,베르블랑 VERTBLANC,101022996,http://shop1.phinf.naver.net/20210226_200/1614320596328acX1j_JPEG/15456492059414172_1855378153.jpg,https://shoppinglive.naver.com/channels/68305,GRADE_3,,2026-05-20T15:36:58.135394+00:00
100252528,58342,All 올바름,100226934,http://shop1.phinf.naver.net/20230221_175/167694096516202GIO_PNG/78076853876327716_1739067562.png,https://shoppinglive.naver.com/channels/58342,GRADE_3,,2026-05-20T15:36:58.135394+00:00
101640798,94783,milibam,101549593,http://shop1.phinf.naver.net/20220824_292/16613189099357nOnO_PNG/62454755648380670_591202718.png,https://shoppinglive.naver.com/channels/94783,GRADE_3,,2026-05-20T15:36:58.135394+00:00
100960844,66635,블루인더스몰,100894919,http://shop1.phinf.naver.net/20201116_259/160549434133782fBB_JPEG/6630184048448426_1484967928.jpg,https://shoppinglive.naver.com/channels/66635,GRADE_3,,2026-05-20T15:36:58.135394+00:00
500057272,16361,브라운물티슈-스킨케어,500057272,http://shop1.phinf.naver.net/20260324_49/1774321239317zi5AY_JPEG/78950322477594244_1569265379.jpg,https://shoppinglive.naver.com/channels/16361,GRADE_3,,2026-05-20T15:36:58.135394+00:00
101771267,220771,드로윈아트,101675396,http://shop1.phinf.naver.net/20250414_38/1744595204770oTtOT_PNG/1210490120797676_169881144.png,https://shoppinglive.naver.com/channels/220771,GRADE_1,,2026-05-20T15:36:58.508685+00:00
500199581,28158,코지싹스,500199581,http://shop1.phinf.naver.net/20260324_68/17743446314867kThN_JPEG/34156766378703367_1184628841.jpg,https://shoppinglive.naver.com/channels/28158,GRADE_1,,2026-05-20T15:36:58.508685+00:00
101566520,258456,비비드 베베,101477468,http://shop1.phinf.naver.net/20260419_163/1776577257876Tihwk_PNG/976871702675809_1317368865.png,https://shoppinglive.naver.com/channels/258456,GRADE_1,,2026-05-20T15:36:58.508685+00:00
101407817,91532,리포소 홈,101324397,http://shop1.phinf.naver.net/20250301_239/1740805258673GW1MG_PNG/74938067820295815_485731307.png,https://shoppinglive.naver.com/channels/91532,GRADE_3,,2026-05-20T15:36:58.508685+00:00
102189824,245696,옹주마켓,102080475,http://shop1.phinf.naver.net/20231130_76/1701355535139zrQkx_JPEG/102491377851415709_1532342059.jpg,https://shoppinglive.naver.com/channels/245696,GRADE_2,,2026-05-20T15:36:59.149119+00:00
102355021,199923,반스,102241728,https://shop-phinf.pstatic.net/20241021_160/1729515956246bEynj_JPEG/6f8a5992.jpg,https://shoppinglive.naver.com/channels/199923,GRADE_2,롯데백화점 동탄점,2026-05-20T15:36:59.149119+00:00
100170866,62929,신디키즈,100153644,https://shop-phinf.pstatic.net/20241021_160/1729515956246bEynj_JPEG/6f8a5992.jpg,https://shoppinglive.naver.com/channels/62929,GRADE_2,뉴코아 평촌점,2026-05-20T15:36:59.149119+00:00
101632452,123815,엔젤앤비,101541467,http://shop1.phinf.naver.net/20230905_111/1693886797099E2wug_PNG/21189480980852549_760280859.png,https://shoppinglive.naver.com/channels/123815,GRADE_2,,2026-05-20T15:36:59.149119+00:00
101862746,136542,로엠걸즈 공식스토어,101764098,http://shop1.phinf.naver.net/20250522_251/1747901129613t2Pd6_PNG/16560564494626844_489520218.png,https://shoppinglive.naver.com/channels/136542,GRADE_3,,2026-05-20T15:36:59.975947+00:00
101958633,140366,앙또미뇽,101856393,http://shop1.phinf.naver.net/20230510_295/16836872038727Xvrg_JPEG/84823037687775481_611768756.jpg,https://shoppinglive.naver.com/channels/140366,GRADE_2,,2026-05-20T15:36:59.975947+00:00
100121216,39452,폴레드 POLED,100109325,http://shop1.phinf.naver.net/20210714_47/1626226112589mmvHi_PNG/27361946386636476_1566434570.png,https://shoppinglive.naver.com/channels/39452,GRADE_3,,2026-05-20T15:36:59.975947+00:00
500013721,10823,티지오매트,500013721,http://shop1.phinf.naver.net/20260324_135/1774314657884helWK_JPEG/160.jpg,https://shoppinglive.naver.com/channels/10823,GRADE_3,,2026-05-20T15:36:59.975947+00:00
500023450,12362,에프비존,500023450,http://shop2.phinf.naver.net/20130311_48/fbzone_1362975578295hLRsU_JPEG/39287239164481921_-1835922342.jpg,https://shoppinglive.naver.com/channels/12362,GRADE_2,,2026-05-20T15:36:59.975947+00:00
102560282,219396,유와스토어,102441206,http://shop1.phinf.naver.net/20250304_24/1741052716220nB1da_PNG/75185521974223712_772112804.png,https://shoppinglive.naver.com/channels/219396,GRADE_1,,2026-05-20T15:37:00.697253+00:00
500034132,126223,베베라온,500034132,http://shop1.phinf.naver.net/20260407_22/1775552725278EqvGu_JPEG/109685652405476767_1781892742.jpg,https://shoppinglive.naver.com/channels/126223,GRADE_1,,2026-05-20T15:37:00.697253+00:00
100307754,127282,유아용품 전문회사 실버팍스,100276900,http://shop1.phinf.naver.net/20250206_56/17388080058017sgO2_JPEG/72940848927641428_1871435402.jpg,https://shoppinglive.naver.com/channels/127282,GRADE_3,,2026-05-20T15:37:00.697253+00:00
101267848,246889,토피파이글로벌,101189281,http://shop1.phinf.naver.net/20260427_66/1777273627849Ifa4R_JPEG/57186437712999002_75517327.jpg,https://shoppinglive.naver.com/channels/246889,GRADE_1,,2026-05-20T15:37:01.495112+00:00
101702416,104575,한솔교육 신기한나라,101609238,http://shop1.phinf.naver.net/20221128_126/1669601281713wWsdm_PNG/70737177449579546_715929969.png,https://shoppinglive.naver.com/channels/104575,GRADE_2,,2026-05-20T15:37:01.495112+00:00
500160974,24769,파파야나인,500160974,http://shop1.phinf.naver.net/20210915_260/1631693181594JSgRd_PNG/32828961120511622_1151883673.png,https://shoppinglive.naver.com/channels/24769,GRADE_3,,2026-05-20T15:37:01.495112+00:00
102352036,262901,육아원칙,102238819,http://shop1.phinf.naver.net/20260422_24/1776817050020M7xDT_PNG/26387262479731060_144853913.png,https://shoppinglive.naver.com/channels/262901,GRADE_1,,2026-05-20T15:37:02.458774+00:00
500169301,25363,아이러브제이,500169301,http://shop1.phinf.naver.net/20230830_160/1693361573617hX3UJ_JPEG/94497357335217006_1021145283.jpg,https://shoppinglive.naver.com/channels/25363,GRADE_1,,2026-05-20T15:37:02.458774+00:00
100217546,43590,에리쏭키즈,100195394,http://shop1.phinf.naver.net/20260115_129/1768460565888QNryK_PNG/10972300806073719_1690795944.png,https://shoppinglive.naver.com/channels/43590,GRADE_2,,2026-05-20T15:37:02.458774+00:00
500055576,16080,위드앤스토어,500055576,http://shop1.phinf.naver.net/20230308_32/1678235727644nBSE9_PNG/79371626350202264_1465459500.png,https://shoppinglive.naver.com/channels/16080,GRADE_2,,2026-05-20T15:37:02.458774+00:00
100106559,39088,오가베베,100096088,http://shop1.phinf.naver.net/20220329_291/1648558407182wjRlm_JPEG/49694305864177238_253063767.jpg,https://shoppinglive.naver.com/channels/39088,GRADE_2,,2026-05-20T15:37:02.458774+00:00
100107623,38933,잠비스,100097070,http://shop1.phinf.naver.net/20240419_229/17135140717933r4iE_JPEG/114649914506382755_295161147.jpg,https://shoppinglive.naver.com/channels/38933,GRADE_2,,2026-05-20T15:37:02.458774+00:00
102329806,198749,플레스타,102217145,http://shop1.phinf.naver.net/20240426_25/1714093433479g9DwO_JPEG/115229322186794153_1225627467.jpg,https://shoppinglive.naver.com/channels/198749,GRADE_2,,2026-05-20T15:37:02.458774+00:00
100020569,57648,아도르 베베,100017486,http://shop1.phinf.naver.net/20230630_111/16881020947917CClP_JPEG/89237874517547871_1615303803.jpg,https://shoppinglive.naver.com/channels/57648,GRADE_2,,2026-05-20T15:37:03.358454+00:00
101633356,98876,몰리멜리프렌즈,101542359,http://shop1.phinf.naver.net/20221202_288/1669960725634qzsqG_JPEG/71096505354706111_172669848.jpg,https://shoppinglive.naver.com/channels/98876,GRADE_3,,2026-05-20T15:37:03.358454+00:00
100284788,68849,와이엠마마,100256203,http://shop1.phinf.naver.net/20210331_128/16171698722428TCD8_JPEG/18305655548637072_87411174.jpg,https://shoppinglive.naver.com/channels/68849,GRADE_1,,2026-05-20T15:37:03.358454+00:00
500014280,11039,페이퍼플레인키즈,500014280,http://shop1.phinf.naver.net/20201126_210/1606370152532qEU3E_JPEG/7505998057601439_1207267791.jpg,https://shoppinglive.naver.com/channels/11039,GRADE_1,,2026-05-20T15:37:03.746713+00:00
500095673,19199,핑크퐁 공식스토어,500095673,http://shop1.phinf.naver.net/20200624_290/1592983021992Upchk_JPEG/30342856530173964_1225704464.jpg,https://shoppinglive.naver.com/channels/19199,GRADE_3,,2026-05-20T15:37:03.746713+00:00
101453470,120501,스플래쉬어바웃,101368767,http://shop1.phinf.naver.net/20220208_232/1644295583212nnWKh_JPEG/45431362937879951_414605258.jpg,https://shoppinglive.naver.com/channels/120501,GRADE_1,,2026-05-20T15:37:03.747717+00:00
100868164,90685,더 맨디,100805892,http://shop1.phinf.naver.net/20240717_151/1721185219093gSCRG_JPEG/3784788902958090_551846304.jpg,https://shoppinglive.naver.com/channels/90685,GRADE_2,,2026-05-20T15:37:03.747717+00:00
500028130,73646,가베가족,500028130,http://shop1.phinf.naver.net/20210726_37/16272781361046beiA_JPEG/28413963875034019_888698428.jpg,https://shoppinglive.naver.com/channels/73646,GRADE_1,,2026-05-20T15:37:03.747717+00:00
500068714,17668,따사룸,500068714,http://shop1.phinf.naver.net/20250812_83/1754959590327w5gWo_PNG/86538387271285218_209109522.png,https://shoppinglive.naver.com/channels/17668,GRADE_3,,2026-05-20T15:37:04.764557+00:00
500172430,25890,말랑하니,500172430,http://shop1.phinf.naver.net/20230316_279/1678946131423shayd_PNG/80081915138993057_1486094454.png,https://shoppinglive.naver.com/channels/25890,GRADE_3,,2026-05-20T15:37:04.764557+00:00
500122109,111666,기탄교육,500122109,http://shop1.phinf.naver.net/20250317_148/1742186928406yXfBE_JPEG/21860328761624980_229539908.jpg,https://shoppinglive.naver.com/channels/111666,GRADE_2,,2026-05-20T15:37:04.764557+00:00
101093721,98865,헤이미니,101022492,http://shop1.phinf.naver.net/20221213_185/1670920925009rtktj_PNG/72056759844015845_1519814210.png,https://shoppinglive.naver.com/channels/98865,GRADE_3,,2026-05-20T15:37:04.764557+00:00
100838397,60890,FRANKLiiN 프랭클린,100777223,http://shop1.phinf.naver.net/20240116_203/1705380407000KfoCI_JPEG/106516190715955134_1894576555.jpg,https://shoppinglive.naver.com/channels/60890,GRADE_3,,2026-05-20T15:37:04.764557+00:00
100090750,38200,무무슈,100081563,http://shop1.phinf.naver.net/20221017_31/1665989451395M1642_PNG/67125297107808999_892151605.png,https://shoppinglive.naver.com/channels/38200,GRADE_2,,2026-05-20T15:37:04.764557+00:00
101298669,118752,킨초,101218876,http://shop1.phinf.naver.net/20230216_197/1676535160041AMerx_PNG/77670943758886080_301461411.png,https://shoppinglive.naver.com/channels/118752,GRADE_2,,2026-05-20T15:37:04.764557+00:00
500120067,21281,데일리라이크,500120067,http://shop1.phinf.naver.net/20231213_106/1702425151183hPGBc_PNG/103560993900362880_1297157421.png,https://shoppinglive.naver.com/channels/21281,GRADE_2,,2026-05-20T15:37:04.764557+00:00
500210003,28831,킨더퍼페츠,500210003,http://shop1.phinf.naver.net/20210811_103/162864315464139wbp_JPEG/29778982463535382_199956551.jpg,https://shoppinglive.naver.com/channels/28831,GRADE_2,,2026-05-20T15:37:05.548937+00:00
100014817,59023,맘앤리틀,100012274,http://shop1.phinf.naver.net/20250702_138/1751420523852tkYkN_PNG/69114602669595835_130478287.png,https://shoppinglive.naver.com/channels/59023,GRADE_2,,2026-05-20T15:37:05.548937+00:00
500217501,29278,씨투엠뉴,500217501,http://shop1.phinf.naver.net/20201119_231/16057653176384EkMo_JPEG/6901145459846070_1902603268.jpg,https://shoppinglive.naver.com/channels/29278,GRADE_3,,2026-05-20T15:37:05.548937+00:00
500037377,13853,국민매트 알집매트,500037377,http://shop1.phinf.naver.net/20220711_22/1657526818759alyaW_JPEG/58662661475548970_511515466.jpg,https://shoppinglive.naver.com/channels/13853,GRADE_3,,2026-05-20T15:37:05.548937+00:00
100167112,41434,호두잉글리시,100150461,http://shop1.phinf.naver.net/20201014_162/1602667706339KcUJx_PNG/3803540153910943_1730646574.png,https://shoppinglive.naver.com/channels/41434,GRADE_2,,2026-05-20T15:37:05.548937+00:00
101925853,126485,삠뽀요 baby,101824839,http://shop1.phinf.naver.net/20230406_100/1680745452904kmSpW_JPEG/81881286719625672_1989884756.jpg,https://shoppinglive.naver.com/channels/126485,GRADE_3,,2026-05-20T15:37:05.548937+00:00
500163511,25139,아이쿠베베,500163511,http://shop1.phinf.naver.net/20260324_268/1774337790291EUpc1_JPEG/39663143689132344_-1069266041.jpg,https://shoppinglive.naver.com/channels/25139,GRADE_2,,2026-05-20T15:37:05.548937+00:00
100200351,42924,닥터바이오 더마 코스메틱,100179923,http://shop1.phinf.naver.net/20200116_29/1579165420014F0t6S_JPEG/16526158648275817_872316275.jpg,https://shoppinglive.naver.com/channels/42924,GRADE_3,,2026-05-20T15:37:06.603621+00:00
100267581,45348,더블하트인증몰,100240522,http://shop1.phinf.naver.net/20240729_102/1722228675614L38UL_JPEG/5040091418328378_751621585.jpg,https://shoppinglive.naver.com/channels/45348,GRADE_3,,2026-05-20T15:37:06.603621+00:00
500021720,649,베베숲,500021720,http://shop1.phinf.naver.net/20250416_177/1744766508310c0odL_JPEG/9491064457739255_1479066968.jpg,https://shoppinglive.naver.com/channels/649,GRADE_3,,2026-05-20T15:37:06.603621+00:00
102184965,160712,멜로미어스,102075759,http://shop1.phinf.naver.net/20240122_139/1705902698053jyMlc_JPEG/33205381911405543_264159140.jpg,https://shoppinglive.naver.com/channels/160712,GRADE_1,,2026-05-20T15:37:06.603621+00:00
500019766,11640,네이쳐러브메레,500019766,http://shop1.phinf.naver.net/20190829_127/1567060041764uFxtW_PNG/4419876320043145_1590847882.png,https://shoppinglive.naver.com/channels/11640,GRADE_2,,2026-05-20T15:37:06.603621+00:00
100018687,50271,스마트북몰,100015787,http://shop1.phinf.naver.net/20250917_6/1758069189997k2bfl_JPEG/12726538932557198_1860284341.jpg,https://shoppinglive.naver.com/channels/50271,GRADE_2,,2026-05-20T15:37:06.603621+00:00
100675832,65010,베라쇼,100620956,http://shop1.phinf.naver.net/20220720_204/1658293777203rT40M_PNG/59429605021433198_1034465421.png,https://shoppinglive.naver.com/channels/65010,GRADE_2,,2026-05-20T15:37:07.326551+00:00
500067162,17199,밤부베베,500067162,http://shop1.phinf.naver.net/20211005_164/1633398057630WTanM_JPEG/34533892463048700_965073221.jpg,https://shoppinglive.naver.com/channels/17199,GRADE_3,,2026-05-20T15:37:07.326551+00:00
101584310,108489,바르맘,101494774,http://shop1.phinf.naver.net/20220728_92/1659015392926N66y8_PNG/60151172650117159_1937236417.png,https://shoppinglive.naver.com/channels/108489,GRADE_2,,2026-05-20T15:37:07.326551+00:00
100514302,407,팸퍼스공식몰,100467863,http://shop1.phinf.naver.net/20250623_263/17506631055133TANv_PNG/3541696759714770_1942869438.png,https://shoppinglive.naver.com/channels/407,GRADE_3,,2026-05-20T15:37:07.326551+00:00
100837217,60217,몰리멜리,100776095,http://shop1.phinf.naver.net/20200804_238/1596520398272msHmq_JPEG/33883786787672344_211522261.jpg,https://shoppinglive.naver.com/channels/60217,GRADE_3,,2026-05-20T15:37:07.326551+00:00
101246735,76628,아토팜 본사 스토어,101168976,http://shop1.phinf.naver.net/20211129_2/1638164978351sfECL_JPEG/39300806179320760_1024992988.jpg,https://shoppinglive.naver.com/channels/76628,GRADE_3,,2026-05-20T15:37:07.326551+00:00
100292465,46343,OUINOUIN 우잉우잉,100263206,http://shop1.phinf.naver.net/20251114_103/1763084395740RP3Jz_JPEG/11789956548554244_542387991.jpg,https://shoppinglive.naver.com/channels/46343,GRADE_1,,2026-05-20T15:37:07.820492+00:00
100259281,44968,ATEENZ 에이틴즈,100233040,http://shop1.phinf.naver.net/20250613_62/1749809388096uvP07_PNG/4333103932897370_2006256034.png,https://shoppinglive.naver.com/channels/44968,GRADE_2,,2026-05-20T15:37:07.820492+00:00
100289389,46196,아소방,100260411,http://shop1.phinf.naver.net/20201210_26/1607591248283OvFG0_JPEG/8727083116234430_369421683.jpg,https://shoppinglive.naver.com/channels/46196,GRADE_2,,2026-05-20T15:37:08.872810+00:00
101657042,98523,몰텍스 공식,101565419,http://shop1.phinf.naver.net/20220819_106/1660901163906WTD6R_PNG/62037062611193374_548374201.png,https://shoppinglive.naver.com/channels/98523,GRADE_2,,2026-05-20T15:37:09.712346+00:00
101440077,99016,SSI몰,101355740,http://shop1.phinf.naver.net/20240223_158/1708655971570BX0GB_PNG/109791860278698655_1828978524.png,https://shoppinglive.naver.com/channels/99016,GRADE_1,,2026-05-20T15:37:09.712346+00:00
100154018,73617,유니크해,100138785,http://shop1.phinf.naver.net/20220125_27/1643121517697bSgfj_PNG/44257301409670404_351951941.png,https://shoppinglive.naver.com/channels/73617,GRADE_2,,2026-05-20T15:37:09.712346+00:00
500126859,22011,쥬드샵 빅사이즈원피스,500126859,http://shop1.phinf.naver.net/20241208_263/1733638770686jl8Gh_JPEG/46883262513109383_670055103.jpg,https://shoppinglive.naver.com/channels/22011,GRADE_2,,2026-05-20T15:37:09.712346+00:00
500195579,27818,Soopsori,500195579,http://shop1.phinf.naver.net/20221114_238/1668385998819tDdM8_JPEG/69521841534996049_1270239220.jpg,https://shoppinglive.naver.com/channels/27818,GRADE_3,,2026-05-20T15:37:09.712346+00:00
102247359,171408,그린핑거 스토어,102136415,http://shop1.phinf.naver.net/20240126_194/1706230346771sOCLP_JPEG/107366242509757954_977272148.jpg,https://shoppinglive.naver.com/channels/171408,GRADE_3,,2026-05-20T15:37:10.442772+00:00
101638060,112963,뉴키즈팩토리,101546939,http://shop1.phinf.naver.net/20220802_285/16594268956618WaKV_JPEG/60562784368448489_1474947452.jpg,https://shoppinglive.naver.com/channels/112963,GRADE_1,,2026-05-20T15:37:10.442772+00:00
100977128,70166,안이클로젯,100910552,http://shop1.phinf.naver.net/20220814_178/1660473159993qp8jy_JPEG/61609048706746910_2073335417.jpg,https://shoppinglive.naver.com/channels/70166,GRADE_2,,2026-05-20T15:37:10.442772+00:00
100589522,174316,이키,100538905,http://shop1.phinf.naver.net/20211015_214/1634293668360h6hLY_JPEG/35429566847202637_1790737491.jpg,https://shoppinglive.naver.com/channels/174316,GRADE_1,,2026-05-20T15:37:11.382274+00:00
100051578,36362,더에르고,100045706,http://shop1.phinf.naver.net/20230404_167/16805977769850IzOF_JPEG/7900460870613476_517783439.jpg,https://shoppinglive.naver.com/channels/36362,GRADE_2,,2026-05-20T15:37:11.382274+00:00
500002698,8810,오즈키즈,500002698,http://shop1.phinf.naver.net/20260324_9/1774312877334naNEL_PNG/79908684093069815_984801511.png,https://shoppinglive.naver.com/channels/8810,GRADE_3,,2026-05-20T15:37:11.382274+00:00
1100103523,260707,하이마이런치박스,1100101578,http://shop1.phinf.naver.net/20260312_34/17732958334410liBL_JPEG/107428652202830719_868058865.jpg,https://shoppinglive.naver.com/channels/260707,GRADE_1,,2026-05-20T15:37:12.226720+00:00
101905622,121152,아가앤,101805366,http://shop1.phinf.naver.net/20230321_142/16793855592600QvDd_JPEG/80521394097448202_652806446.jpg,https://shoppinglive.naver.com/channels/121152,GRADE_2,,2026-05-20T15:37:12.226720+00:00
500110891,20558,CREAMHAUS,500110891,http://shop1.phinf.naver.net/20200811_237/1597132969192KlqsL_JPEG/34494511844236467_1043343666.jpg,https://shoppinglive.naver.com/channels/20558,GRADE_3,,2026-05-20T15:37:12.226720+00:00
500000509,8562,카라즈,500000509,http://shop1.phinf.naver.net/20250424_169/1745461284808HrRU9_PNG/43028536441830913_2047760488.png,https://shoppinglive.naver.com/channels/8562,GRADE_2,,2026-05-20T15:37:12.226720+00:00
101715711,169039,노던베이비,101622196,http://shop1.phinf.naver.net/20221101_80/1667303174116q7qkd_JPEG/68439062825769070_1312270770.jpg,https://shoppinglive.naver.com/channels/169039,GRADE_2,,2026-05-20T15:37:13.010537+00:00
100448913,52555,몽디에스,100407054,http://shop1.phinf.naver.net/20210913_119/16315106380755QP5m_PNG/32646472913968770_2130161916.png,https://shoppinglive.naver.com/channels/52555,GRADE_3,,2026-05-20T15:37:13.010537+00:00
101195987,91890,코코지하우스,101120559,http://shop1.phinf.naver.net/20240312_22/17102197381054rego_PNG/111355633841126750_1800268032.png,https://shoppinglive.naver.com/channels/91890,GRADE_3,,2026-05-20T15:37:13.010537+00:00
100382409,50054,베베핏 Bebefit,100345823,http://shop1.phinf.naver.net/20260323_133/1774267906035Co8R5_JPEG/83438173568273988_2127049541.jpg,https://shoppinglive.naver.com/channels/50054,GRADE_2,,2026-05-20T15:37:13.758667+00:00
500003139,9159,더우드랜드,500003139,http://shop1.phinf.naver.net/20251026_171/1761409852710louyD_JPEG/9385845704236358_890338536.jpg,https://shoppinglive.naver.com/channels/9159,GRADE_2,,2026-05-20T15:37:13.758667+00:00
100782445,59861,탑텐키즈 공식스토어,100723527,http://shop1.phinf.naver.net/20220315_237/1647322638930nCYrO_JPEG/48458422406369575_103296338.jpg,https://shoppinglive.naver.com/channels/59861,GRADE_3,,2026-05-20T15:37:13.758667+00:00
100193648,138743,finicky stuff,100173873,http://shop1.phinf.naver.net/20230818_131/1692338147097QscpT_JPEG/93473926812739777_1393470297.jpg,https://shoppinglive.naver.com/channels/138743,GRADE_2,,2026-05-20T15:37:13.758667+00:00
101862744,125676,더데이걸 공식스토어,101764096,http://shop1.phinf.naver.net/20230214_214/16763384057176LC3r_JPEG/3641089603744191_2063800972.jpg,https://shoppinglive.naver.com/channels/125676,GRADE_3,,2026-05-20T15:37:14.647896+00:00
101830687,107272,유솔 공식스토어,101732882,http://shop1.phinf.naver.net/20230127_224/1674799662988Ku0mN_PNG/75935490804902029_676336567.png,https://shoppinglive.naver.com/channels/107272,GRADE_2,,2026-05-20T15:37:14.647896+00:00
101656800,107211,스파오키즈 공식스토어,101565204,http://shop1.phinf.naver.net/20220822_177/1661152020889QbKKT_JPEG/62287800610056356_206425528.jpg,https://shoppinglive.naver.com/channels/107211,GRADE_3,,2026-05-20T15:37:15.532586+00:00
102316442,208577,미니도우,102204095,https://shop-phinf.pstatic.net/20241021_160/1729515956246bEynj_JPEG/6f8a5992.jpg,https://shoppinglive.naver.com/channels/208577,GRADE_2,롯데백화점 광복점,2026-05-20T15:37:15.532586+00:00
100365127,49250,뉴발란스 키즈 공식몰,100329861,http://shop1.phinf.naver.net/20230329_269/1680046458506D2Svs_JPEG/81182354236187375_1526942025.jpg,https://shoppinglive.naver.com/channels/49250,GRADE_3,,2026-05-20T15:37:15.532586+00:00
101573335,206063,블랑리본,101484100,http://shop1.phinf.naver.net/20230407_177/1680858381955HtWSF_JPEG/81994161677462609_524682921.jpg,https://shoppinglive.naver.com/channels/206063,GRADE_2,,2026-05-20T15:37:16.273083+00:00
100275019,17865,베베드키즈,100247282,http://shop1.phinf.naver.net/20230721_8/1689901959265v8ktE_JPEG/91037857976934629_859278919.jpg,https://shoppinglive.naver.com/channels/17865,GRADE_2,,2026-05-20T15:37:16.273083+00:00
101415419,108227,미니푸디,101331756,http://shop1.phinf.naver.net/20220226_5/1645858404465c8iTd_PNG/46994239104755744_324364850.png,https://shoppinglive.naver.com/channels/108227,GRADE_1,,2026-05-20T15:37:16.273083+00:00
100643924,216115,미마 공식 스토어,100590584,http://shop1.phinf.naver.net/20240924_121/1727167964918gSQUY_PNG/42061254160704254_1148868186.png,https://shoppinglive.naver.com/channels/216115,GRADE_2,,2026-05-20T15:37:16.273083+00:00
500155336,24412,아이주 공식스토어,500155336,http://shop1.phinf.naver.net/20250616_285/1750045783892iwBTx_JPEG/94955788713398403_3989623.jpg,https://shoppinglive.naver.com/channels/24412,GRADE_1,,2026-05-20T15:37:17.020801+00:00
101547554,98887,소중한습관,101459169,http://shop1.phinf.naver.net/20220504_14/1651649515883KNpO3_PNG/52785350173458508_1149252707.png,https://shoppinglive.naver.com/channels/98887,GRADE_2,,2026-05-20T15:37:17.020801+00:00
101389671,156769,Mawel,101306869,http://shop1.phinf.naver.net/20260511_254/1778509285107FnIpA_JPEG/1292957270663666_299747415.JPEG,https://shoppinglive.naver.com/channels/156769,GRADE_1,,2026-05-20T15:37:17.926062+00:00
102615319,227687,나이키키즈,102495175,https://shop-phinf.pstatic.net/20241021_160/1729515956246bEynj_JPEG/6f8a5992.jpg,https://shoppinglive.naver.com/channels/227687,GRADE_1,롯데백화점 부산본점,2026-05-20T15:37:18.750058+00:00
100211229,43383,론드흐,100189634,http://shop1.phinf.naver.net/20230523_85/16848300015305HcAH_JPEG/85965835347824951_871145885.jpg,https://shoppinglive.naver.com/channels/43383,GRADE_1,,2026-05-20T15:37:18.750058+00:00
500005114,9862,IFAM,500005114,http://shop1.phinf.naver.net/20260324_161/1774313109553G33t4_JPEG/66675618234728026_1162961819.jpg,https://shoppinglive.naver.com/channels/9862,GRADE_3,,2026-05-20T15:37:18.750058+00:00
102267962,175494,킨더플레이스,102156582,http://shop1.phinf.naver.net/20240207_15/1707316779540pLtdX_PNG/108452678249655877_1541333594.png,https://shoppinglive.naver.com/channels/175494,GRADE_1,,2026-05-20T15:37:18.750058+00:00
100248926,113520,하우웰,100223683,http://shop1.phinf.naver.net/20200629_176/1593400273923DfzRx_JPEG/30762607501807095_526456952.jpg,https://shoppinglive.naver.com/channels/113520,GRADE_2,,2026-05-20T15:37:19.458398+00:00
100437869,69798,소임,100396768,http://shop1.phinf.naver.net/20231127_146/17010661518293Q87G_JPEG/102201986651117444_693415722.jpg,https://shoppinglive.naver.com/channels/69798,GRADE_2,,2026-05-20T15:37:20.222209+00:00
101283596,131012,베베코지,101204387,http://shop1.phinf.naver.net/20230803_108/1691045325311QDKwe_PNG/92181109028885557_440473815.png,https://shoppinglive.naver.com/channels/131012,GRADE_1,,2026-05-20T15:37:20.565379+00:00
101716212,198956,니나아이옷,101622683,http://shop1.phinf.naver.net/20221011_136/16654900340893G1fC_JPEG/66625817807627630_1093340802.jpg,https://shoppinglive.naver.com/channels/198956,GRADE_2,,2026-05-20T15:37:20.565379+00:00
1100091609,263692,윌코 윌로우,1100089846,http://shop1.phinf.naver.net/20260225_296/1771996253453OWAYY_PNG/106129066747866723_1232565865.png,https://shoppinglive.naver.com/channels/263692,GRADE_1,,2026-05-20T15:37:20.565379+00:00
101562608,245228,바오밥매트 층간소음매트,101473673,https://shop-phinf.pstatic.net/20241021_160/1729515956246bEynj_JPEG/6f8a5992.jpg,https://shoppinglive.naver.com/channels/245228,GRADE_1,,2026-05-20T15:37:21.067247+00:00
100779244,81222,피에고,100720492,http://shop1.phinf.naver.net/20200602_120/1591079784714P6JIV_JPEG/28442118293677382_1009788475.jpg,https://shoppinglive.naver.com/channels/81222,GRADE_2,,2026-05-20T15:37:21.067247+00:00
100908465,128493,오프라벨,100844476,https://shop-phinf.pstatic.net/20241021_160/1729515956246bEynj_JPEG/6f8a5992.jpg,https://shoppinglive.naver.com/channels/128493,GRADE_2,롯데 아울렛 부여점,2026-05-20T15:37:21.067247+00:00
100812900,88454,마이리틀데이지 : 마리데,100752773,http://shop1.phinf.naver.net/20231214_251/1702536402920dn2qP_JPEG/29839086803159729_1426875438.jpg,https://shoppinglive.naver.com/channels/88454,GRADE_3,,2026-05-20T15:37:21.516862+00:00
500124926,21681,와이업,500124926,http://shop1.phinf.naver.net/20260213_129/1770950602220XMqNH_PNG/33923473797138428_241340979.png,https://shoppinglive.naver.com/channels/21681,GRADE_3,,2026-05-20T15:37:21.516862+00:00
101838259,263601,티니롤리,101740265,http://shop1.phinf.naver.net/20260305_2/17726723923714QDnO_PNG/12106786118028238_503189388.png,https://shoppinglive.naver.com/channels/263601,GRADE_1,,2026-05-20T15:37:21.516862+00:00
500216244,65986,알파슈,500216244,http://shop1.phinf.naver.net/20230817_80/1692253290634MwX0C_JPEG/93389074337318167_1227164316.jpg,https://shoppinglive.naver.com/channels/65986,GRADE_1,,2026-05-20T15:37:21.950690+00:00
500027915,12733,아리베베,500027915,http://shop1.phinf.naver.net/20230106_232/1672978271747p5MhE_JPEG/74114099575246589_899209806.jpg,https://shoppinglive.naver.com/channels/12733,GRADE_2,,2026-05-20T15:37:21.950690+00:00
500006694,9887,포몽드,500006694,http://shop2.phinf.naver.net/20170220_248/texki7_14875545353210PGMq_JPEG/11819304735183545_-1191307130.jpg,https://shoppinglive.naver.com/channels/9887,GRADE_3,,2026-05-20T15:37:21.950690+00:00
100109553,38965,히요코베이비,100098774,http://shop1.phinf.naver.net/20240806_299/1722929501689Jk0zG_JPEG/2931728173400894_1035062246.jpg,https://shoppinglive.naver.com/channels/38965,GRADE_2,,2026-05-20T15:37:22.669096+00:00
500220299,29563,비비엔다,500220299,http://shop1.phinf.naver.net/20260324_215/1774348360283X4yhF_JPEG/5890361034417223_1217511017.jpg,https://shoppinglive.naver.com/channels/29563,GRADE_3,,2026-05-20T15:37:22.669096+00:00
500186411,27027,쁘띠엘린,500186411,http://shop2.phinf.naver.net/20160728_34/petitelinstore_1469686157262SLwcB_JPEG/76307189180855474_223243707.jpg,https://shoppinglive.naver.com/channels/27027,GRADE_3,,2026-05-20T15:37:22.669096+00:00
100236912,44368,PPIPPILONG,100212930,http://shop1.phinf.naver.net/20220725_273/1658712863590EIY7b_PNG/59848706305282728_811647928.png,https://shoppinglive.naver.com/channels/44368,GRADE_1,,2026-05-20T15:37:23.478723+00:00
500129512,22293,릴리클로젯,500129512,http://shop1.phinf.naver.net/20260324_281/17743321034751R7Su_PNG/59918431256212323_1372806750.png,https://shoppinglive.naver.com/channels/22293,GRADE_1,,2026-05-20T15:37:23.478723+00:00
101077974,94924,Beaumonde,101007266,http://shop1.phinf.naver.net/20210204_271/1612402381084RoCve_JPEG/13538276818867800_511693596.jpg,https://shoppinglive.naver.com/channels/94924,GRADE_1,,2026-05-20T15:37:23.478723+00:00
500180158,26274,오아이비,500180158,http://shop1.phinf.naver.net/20240724_160/17218133277581Q4xM_JPEG/4039694549800571_201408944.jpg,https://shoppinglive.naver.com/channels/26274,GRADE_3,,2026-05-20T15:37:23.478723+00:00
100956719,95971,궁중비책,100890928,http://shop1.phinf.naver.net/20220316_164/1647407237570vpNjI_JPEG/48543072408172152_1314502890.jpg,https://shoppinglive.naver.com/channels/95971,GRADE_2,,2026-05-20T15:37:24.423840+00:00
100242043,44665,dansaek,100217520,http://shop1.phinf.naver.net/20230228_249/1677566416226DP1i3_PNG/78702251059384004_1412021539.png,https://shoppinglive.naver.com/channels/44665,GRADE_2,,2026-05-20T15:37:25.201436+00:00
102193047,180210,토박스,102083600,https://shop-phinf.pstatic.net/20241021_160/1729515956246bEynj_JPEG/6f8a5992.jpg,https://shoppinglive.naver.com/channels/180210,GRADE_2,롯데백화점 동탄점,2026-05-20T15:37:25.960771+00:00
100177530,62362,렌즈24,100159492,http://shop1.phinf.naver.net/20250913_62/1757745472349ltuFQ_PNG/91878329397287743_33417098.png,https://shoppinglive.naver.com/channels/62362,GRADE_1,,2026-05-20T15:37:26.368741+00:00
102514112,257929,KIDL 키들,102396379,http://shop1.phinf.naver.net/20250912_5/1757656044318k318u_PNG/30502851535558617_55696141.png,https://shoppinglive.naver.com/channels/257929,GRADE_2,,2026-05-20T15:37:26.368741+00:00
102077595,263617,베이비펜,101971567,http://shop1.phinf.naver.net/20250613_240/174979315281093a9P_PNG/14595751957660049_1665459662.png,https://shoppinglive.naver.com/channels/263617,GRADE_1,,2026-05-20T15:37:26.774497+00:00
500006119,9636,티슈도리,500006119,http://shop1.phinf.naver.net/20191231_264/1577781927045sUVeu_JPEG/15141761590738992_182527315.jpg,https://shoppinglive.naver.com/channels/9636,GRADE_2,,2026-05-20T15:37:26.774497+00:00
500007302,9508,잼버스몰,500007302,http://shop1.phinf.naver.net/20260324_83/1774313558007EqFza_PNG/54689962207974545_1870829735.png,https://shoppinglive.naver.com/channels/9508,GRADE_2,,2026-05-20T15:37:26.774497+00:00
101274089,82341,에이투에프,101195277,http://shop1.phinf.naver.net/20241020_214/1729411703113waM8y_PNG/35304994933965642_151425962.png,https://shoppinglive.naver.com/channels/82341,GRADE_1,,2026-05-20T15:37:26.774497+00:00
500075062,17941,노르디코,500075062,http://shop1.phinf.naver.net/20260324_61/1774323727727JyYwd_JPEG/54072805386859043_1570805162.jpg,https://shoppinglive.naver.com/channels/17941,GRADE_2,,2026-05-20T15:37:27.750393+00:00
100383276,50032,아이리벳,100346620,http://shop1.phinf.naver.net/20200708_102/1594172448431SK0zc_JPEG/31533991075114089_386231533.jpg,https://shoppinglive.naver.com/channels/50032,GRADE_1,,2026-05-20T15:37:27.750393+00:00
500085846,69644,키스앤블러썸,500085846,http://shop1.phinf.naver.net/20210220_285/1613820731386L6sDW_JPEG/14956559208557703_1227776650.jpg,https://shoppinglive.naver.com/channels/69644,GRADE_2,,2026-05-20T15:37:27.750393+00:00
100274626,45634,큐브데이,100246927,http://shop1.phinf.naver.net/20230714_195/1689310186687XX5IO_JPEG/90445966382042129_1132957524.jpg,https://shoppinglive.naver.com/channels/45634,GRADE_2,,2026-05-20T15:37:27.750393+00:00
500249681,31614,레시피박스,500249681,http://shop1.phinf.naver.net/20260324_126/1774354226706Fg6Ci_JPEG/11310403109140526_-1897220625.jpg,https://shoppinglive.naver.com/channels/31614,GRADE_2,,2026-05-20T15:37:29.440316+00:00
500005537,9902,베이비앙,500005537,http://shop1.phinf.naver.net/20230608_82/168621755181188Xmm_JPEG/87353385631465908_886955289.jpg,https://shoppinglive.naver.com/channels/9902,GRADE_2,,2026-05-20T15:37:29.868498+00:00
101260898,89234,에코센 기저귀,101182595,http://shop1.phinf.naver.net/20210827_54/1630031138380H8nCp_PNG/31166973216652262_1610290151.png,https://shoppinglive.naver.com/channels/89234,GRADE_2,,2026-05-20T15:37:29.868498+00:00
500073158,17989,본베베,500073158,http://shop1.phinf.naver.net/20230915_213/1694739320021Mrzq9_PNG/95875154856153904_1576543.png,https://shoppinglive.naver.com/channels/17989,GRADE_3,,2026-05-20T15:37:29.868498+00:00
1000008407,213880,타미힐피거칠드런,1000008407,https://shop-phinf.pstatic.net/20241021_160/1729515956246bEynj_JPEG/6f8a5992.jpg,https://shoppinglive.naver.com/channels/213880,GRADE_2,롯데백화점 본점,2026-05-20T15:37:29.868498+00:00
101704575,123701,베리밥상,101611338,http://shop1.phinf.naver.net/20250617_265/1750168258427dO6yJ_PNG/18687582561592185_1189088784.png,https://shoppinglive.naver.com/channels/123701,GRADE_1,,2026-05-20T15:37:29.868498+00:00
100138767,20241,리딩게이트,100125275,http://shop1.phinf.naver.net/20220707_119/1657158305872ngMuw_PNG/58294151593750465_1986534365.png,https://shoppinglive.naver.com/channels/20241,GRADE_2,,2026-05-20T15:37:29.868498+00:00
101054419,187775,NGstorekids,100984630,http://shop1.phinf.naver.net/20210224_203/1614132584821w9B8v_JPEG/15268473524424738_1693738808.jpg,https://shoppinglive.naver.com/channels/187775,GRADE_2,,2026-05-20T15:37:30.986912+00:00
102083972,149629,레드루트,101977738,http://shop1.phinf.naver.net/20230824_297/16928512868646Bx0K_JPEG/20153970724768813_60259704.jpg,https://shoppinglive.naver.com/channels/149629,GRADE_2,,2026-05-20T15:37:30.986912+00:00
500074251,17905,젤리맘,500074251,http://shop1.phinf.naver.net/20221101_220/1667290342162gCiv1_PNG/68426237896214275_1285124231.png,https://shoppinglive.naver.com/channels/17905,GRADE_2,,2026-05-20T15:37:30.986912+00:00
500210337,28795,센스맘 SENSEMOM,500210337,http://shop2.phinf.naver.net/20161228_88/sensemom_1482909954151QVWNn_JPEG/7174733487087037_-1991554551.jpg,https://shoppinglive.naver.com/channels/28795,GRADE_3,,2026-05-20T15:37:32.139499+00:00
100923682,77708,언니에반하다,100859111,http://shop1.phinf.naver.net/20210413_272/1618276322922CJn0m_JPEG/19412221614221469_1637630134.jpg,https://shoppinglive.naver.com/channels/77708,GRADE_2,,2026-05-20T15:37:32.139499+00:00
500008348,10684,에이원베이비,500008348,http://shop1.phinf.naver.net/20260324_191/17743136518203Cb0W_JPEG/aone.jpg,https://shoppinglive.naver.com/channels/10684,GRADE_3,,2026-05-20T15:37:32.139499+00:00
500118510,21356,블루래빗,500118510,http://shop2.phinf.naver.net/20151116_24/brbooks_1447651490294HggTH_JPEG/54272522214500589_1165523450.jpg,https://shoppinglive.naver.com/channels/21356,GRADE_2,,2026-05-20T15:37:32.139499+00:00
100095924,38386,마더케어mothercare,100086321,http://shop1.phinf.naver.net/20230228_125/1677550847114IAPts_JPEG/78686689829091633_1092513312.jpg,https://shoppinglive.naver.com/channels/38386,GRADE_1,,2026-05-20T15:37:33.942797+00:00
500168447,25269,아토몽드,500168447,http://shop1.phinf.naver.net/20240926_61/1727328351650GGQBW_PNG/8543168515945890_1391544836.png,https://shoppinglive.naver.com/channels/25269,GRADE_2,,2026-05-20T15:37:33.942797+00:00
101369425,83485,마미포코 공식몰,101287332,http://shop1.phinf.naver.net/20211123_49/1637634088868lcWBg_JPEG/38769872548911962_1471931947.jpg,https://shoppinglive.naver.com/channels/83485,GRADE_3,,2026-05-20T15:37:33.943298+00:00
101092146,66968,토도스쿨,101020959,http://shop1.phinf.naver.net/20230326_145/1679839685603APOdq_JPEG/80975513429187683_1165886260.jpg,https://shoppinglive.naver.com/channels/66968,GRADE_2,,2026-05-20T15:37:34.760820+00:00
101028778,69706,베리네이처,100959987,http://shop1.phinf.naver.net/20240702_103/1719902837959VNb3L_JPEG/1305438033940969_1567217815.jpg,https://shoppinglive.naver.com/channels/69706,GRADE_3,,2026-05-20T15:37:34.760820+00:00
101225165,99514,밀리맘 Millimom,101148305,http://shop1.phinf.naver.net/20250331_70/17434128161765Y99r_PNG/23545239035765568_1272013914.png,https://shoppinglive.naver.com/channels/99514,GRADE_2,,2026-05-20T15:37:34.760820+00:00
101640356,172439,슈펜키즈,101549174,http://shop1.phinf.naver.net/20220818_169/1660794178687GHUtb_PNG/61930012503445499_1390805998.png,https://shoppinglive.naver.com/channels/172439,GRADE_2,,2026-05-20T15:37:34.760820+00:00
102039820,139644,사브,101934964,http://shop1.phinf.naver.net/20251010_109/1760027684397W4nsK_PNG/11599648520406207_1193811434.png,https://shoppinglive.naver.com/channels/139644,GRADE_1,,2026-05-20T15:37:34.760820+00:00
102671769,259215,네스트로,102550490,http://shop1.phinf.naver.net/20260130_75/1769741973708Il741_PNG/51157167683104020_444641809.png,https://shoppinglive.naver.com/channels/259215,GRADE_1,,2026-05-20T15:37:35.608401+00:00
1100075025,261774,럴러바이 모먼츠,1100073571,http://shop1.phinf.naver.net/20260325_200/1774445501862khdem_JPEG/57520966675427599_522704308.jpg,https://shoppinglive.naver.com/channels/261774,GRADE_1,,2026-05-20T15:37:36.335298+00:00
101685094,150655,에이카랩스,101592434,http://shop1.phinf.naver.net/20220914_294/1663147701930VdR8W_JPEG/64283481653584829_1724811359.jpg,https://shoppinglive.naver.com/channels/150655,GRADE_2,,2026-05-20T15:37:36.988956+00:00
500041053,14443,베베쿡,500041053,http://shop1.phinf.naver.net/20191115_238/15737970096555dF4G_JPEG/11157748290212646_282037482.jpg,https://shoppinglive.naver.com/channels/14443,GRADE_3,,2026-05-20T15:37:36.988956+00:00
500150587,24125,삼소니,500150587,http://shop1.phinf.naver.net/20250826_248/1756181504938fBvbX_JPEG/2323168082985668_939797125.jpg,https://shoppinglive.naver.com/channels/24125,GRADE_2,,2026-05-20T15:37:36.988956+00:00
500055029,15728,앙블랑,500055029,http://shop2.phinf.naver.net/20160719_30/enblanc_14689223122248JJGI_JPEG/160x160.jpg,https://shoppinglive.naver.com/channels/15728,GRADE_3,,2026-05-20T15:37:38.218807+00:00
100427410,51737,레고 공식스토어,100387005,http://shop1.phinf.naver.net/20200717_211/1594970211870tfAa2_PNG/32331754509754848_791212145.png,https://shoppinglive.naver.com/channels/51737,GRADE_3,,2026-05-20T15:37:38.218807+00:00
500144387,86197,마마스템,500144387,http://shop1.phinf.naver.net/20201006_35/1601979249761OIMWY_PNG/39341583382088167_608049745.png,https://shoppinglive.naver.com/channels/86197,GRADE_1,,2026-05-20T15:37:38.218807+00:00
500155666,24396,5달러케이크,500155666,http://shop1.phinf.naver.net/20260324_126/17743365002769ybVb_JPEG/bd0caf36-a82c-43ce-b375-885ca8776d80.jpg,https://shoppinglive.naver.com/channels/24396,GRADE_2,,2026-05-20T15:37:39.387103+00:00
100442690,52350,치질 No.1 똥꼬샵,100401281,http://shop1.phinf.naver.net/20240816_25/1723793352945SyKxX_JPEG/11686849044047118_1031653449.jpg,https://shoppinglive.naver.com/channels/52350,GRADE_1,,2026-05-20T15:37:39.387103+00:00
101418231,263560,이너프랩,101334478,http://shop1.phinf.naver.net/20260403_73/1775204698053GtQjA_PNG/6906720949780105_1494792901.png,https://shoppinglive.naver.com/channels/263560,GRADE_1,,2026-05-20T15:37:39.387103+00:00
500044001,260231,HAUCK,500044001,http://shop1.phinf.naver.net/20260213_50/1770964977820r7vFD_JPEG/9500945810041632_1355378947.jpg,https://shoppinglive.naver.com/channels/260231,GRADE_1,,2026-05-20T15:37:40.199178+00:00
500195473,27708,마밤,500195473,http://shop1.phinf.naver.net/20250716_184/1752651198532sSIpL_JPEG/86784093666813950_1011067903.jpg,https://shoppinglive.naver.com/channels/27708,GRADE_1,,2026-05-20T15:37:40.199178+00:00
100465039,150609,맘스리치매트,100421911,http://shop1.phinf.naver.net/20231014_283/1697255795598j0Ki7_PNG/98391638312033377_953360962.png,https://shoppinglive.naver.com/channels/150609,GRADE_1,,2026-05-20T15:37:40.199178+00:00
100821896,61579,해양심층수 천년동안,100761365,http://shop1.phinf.naver.net/20210615_225/1623716282040PPf5R_JPEG/24852127751649591_568859100.jpg,https://shoppinglive.naver.com/channels/61579,GRADE_2,,2026-05-20T15:37:41.311887+00:00
500054734,15859,agazzang,500054734,http://shop1.phinf.naver.net/20260324_96/1774320783033gFDpp_JPEG/82926391664399387_1738949148.jpg,https://shoppinglive.naver.com/channels/15859,GRADE_2,,2026-05-20T15:37:41.643671+00:00
100849367,70289,하우스팁,100787750,http://shop1.phinf.naver.net/20220104_291/1641307802858SWW4S_JPEG/42443636675086423_1245295767.jpg,https://shoppinglive.naver.com/channels/70289,GRADE_2,,2026-05-20T15:37:41.643671+00:00
101182973,81110,스펙트라,101108086,http://shop1.phinf.naver.net/20211125_213/1637826218091lCQKY_JPEG/38962001779019136_1168245493.jpg,https://shoppinglive.naver.com/channels/81110,GRADE_3,,2026-05-20T15:37:42.596446+00:00
100891049,244841,모나마켓,100827882,http://shop1.phinf.naver.net/20230628_276/1687943753453YgNFC_JPEG/89079537170331360_832607230.jpg,https://shoppinglive.naver.com/channels/244841,GRADE_2,,2026-05-20T15:37:43.150438+00:00
102229922,204793,스타온StarOn,102119400,http://shop1.phinf.naver.net/20240112_239/1705057404395KBWzl_JPEG/106193300124772858_1710596477.jpg,https://shoppinglive.naver.com/channels/204793,GRADE_3,,2026-05-20T15:37:43.150438+00:00
500078262,18185,스엔코샵,500078262,http://shop1.phinf.naver.net/20210823_242/1629709796634xLBGQ_JPEG/30845692166115804_1687100229.jpg,https://shoppinglive.naver.com/channels/18185,GRADE_3,,2026-05-20T15:37:43.150438+00:00
101933742,150758,아띠래빗,101832410,http://shop1.phinf.naver.net/20230418_298/1681804486151npFYx_JPEG/82940374831213740_793764832.jpg,https://shoppinglive.naver.com/channels/150758,GRADE_2,,2026-05-20T15:37:43.150438+00:00
500110907,20574,아가방,500110907,http://shop1.phinf.naver.net/20240823_159/17243974426574ajbw_JPEG/3969796773916821_90680213.jpg,https://shoppinglive.naver.com/channels/20574,GRADE_3,,2026-05-20T15:37:43.743068+00:00
500112375,141,싸이벡스 코리아,500112375,http://shop1.phinf.naver.net/20250206_216/17388213719119T99O_JPEG/88304979089405857_1854348560.jpg,https://shoppinglive.naver.com/channels/141,GRADE_3,,2026-05-20T15:37:43.743068+00:00
100859499,64814,블루독,100797529,http://shop1.phinf.naver.net/20200818_214/15977098675047HIko_JPEG/35071409951182162_1664475137.jpg,https://shoppinglive.naver.com/channels/64814,GRADE_3,,2026-05-20T15:37:43.743068+00:00
100466884,60973,네띠,100423635,http://shop1.phinf.naver.net/20260214_284/1770996425373beMHL_JPEG/996878489418915_814388501.jpg,https://shoppinglive.naver.com/channels/60973,GRADE_2,,2026-05-20T15:37:43.743068+00:00
100568481,56502,라비베베,100518915,http://shop1.phinf.naver.net/20210614_64/1623657698068Dr3LE_JPEG/24793532905450386_60192834.jpg,https://shoppinglive.naver.com/channels/56502,GRADE_1,,2026-05-20T15:37:45.000812+00:00
101445993,153261,젬베베,101361489,http://shop1.phinf.naver.net/20250122_218/1737489628444SjRHn_PNG/88932622662411546_971716286.png,https://shoppinglive.naver.com/channels/153261,GRADE_2,,2026-05-20T15:37:45.000812+00:00
101042877,69467,샤인비비,100973549,http://shop1.phinf.naver.net/20250814_13/1755156946097Eb9eC_PNG/89289876223615929_969910644.png,https://shoppinglive.naver.com/channels/69467,GRADE_2,,2026-05-20T15:37:45.639034+00:00
1100136348,262653,모찌문방구,1100133856,http://shop1.phinf.naver.net/20260424_62/1776991933631MRkj7_JPEG/111124786758943381_1034963834.jpg,https://shoppinglive.naver.com/channels/262653,GRADE_1,,2026-05-20T15:37:45.639034+00:00
101262733,86857,룩트 요거트,101184335,http://shop1.phinf.naver.net/20210726_241/16272874895641Laay_JPEG/28423387809367035_1705473049.jpg,https://shoppinglive.naver.com/channels/86857,GRADE_3,,2026-05-20T15:37:45.639034+00:00
101624578,95641,차앤맘,101533868,http://shop1.phinf.naver.net/20220721_68/1658370821383E39Ms_JPEG/59506601109237180_407035086.jpg,https://shoppinglive.naver.com/channels/95641,GRADE_3,,2026-05-20T15:37:45.639034+00:00
500208187,83318,PETIBERA,500208187,http://shop1.phinf.naver.net/20211202_297/1638375881947y5BO6_JPEG/39511727657991191_1853145010.jpg,https://shoppinglive.naver.com/channels/83318,GRADE_1,,2026-05-20T15:37:45.639034+00:00
100225294,43928,미마 공식몰,100202458,http://shop1.phinf.naver.net/20260323_281/1774238670564HBS6Y_PNG/21175194332888737_486134442.png,https://shoppinglive.naver.com/channels/43928,GRADE_2,,2026-05-20T15:37:46.659997+00:00
101578078,108540,지프키즈,101488745,https://shop-phinf.pstatic.net/20241021_160/1729515956246bEynj_JPEG/6f8a5992.jpg,https://shoppinglive.naver.com/channels/108540,GRADE_2,롯데백화점 광복점,2026-05-20T15:37:48.237494+00:00
101788766,113170,Le roi David,101692222,http://shop1.phinf.naver.net/20250717_41/1752718646230YXnRr_PNG/7296475267114291_309150165.png,https://shoppinglive.naver.com/channels/113170,GRADE_1,,2026-05-20T15:37:48.237494+00:00
500245100,237319,스와들업공식스토어,500245100,http://shop1.phinf.naver.net/20250123_165/1737617724024gIdMt_JPEG/599457113650443_1180009273.jpg,https://shoppinglive.naver.com/channels/237319,GRADE_1,,2026-05-20T15:37:48.938311+00:00
100140495,82019,이치비야,100126859,http://shop1.phinf.naver.net/20260320_284/1773992147343QBrbH_JPEG/1751884406779011_-589451901.jpg,https://shoppinglive.naver.com/channels/82019,GRADE_2,,2026-05-20T15:37:48.938311+00:00
102435959,205399,밀크베이비,102320597,http://shop1.phinf.naver.net/20240729_50/1722227517894d5LFL_PNG/9339167890456292_523596189.png,https://shoppinglive.naver.com/channels/205399,GRADE_3,,2026-05-20T15:37:49.451781+00:00
101463687,93529,아텍스 공식몰,101378490,http://shop1.phinf.naver.net/20221107_141/1667807258697rHCvC_JPEG/68943086528478789_2125417046.jpg,https://shoppinglive.naver.com/channels/93529,GRADE_2,,2026-05-20T15:37:49.899448+00:00
500149985,84039,스칸디맘,500149985,http://shop1.phinf.naver.net/20220429_283/1651217807496H3yMs_JPEG/52353695823024831_1772381221.jpg,https://shoppinglive.naver.com/channels/84039,GRADE_2,,2026-05-20T15:37:49.899448+00:00
500017919,61082,아이엔젤,500017919,http://shop1.phinf.naver.net/20210809_22/1628473313710soKVB_JPEG/29609156426062055_964518536.jpg,https://shoppinglive.naver.com/channels/61082,GRADE_3,,2026-05-20T15:37:49.899448+00:00
101837817,109599,썬데이허그 스토어,101739836,http://shop1.phinf.naver.net/20250530_55/1748561637385Yq1dA_PNG/24332543493407330_996498647.png,https://shoppinglive.naver.com/channels/109599,GRADE_3,,2026-05-20T15:37:50.646488+00:00
102182134,170433,유팡UPANG,102073002,http://shop1.phinf.naver.net/20240517_159/1715921735211qfbov_JPEG/117057623925210777_1192258605.jpg,https://shoppinglive.naver.com/channels/170433,GRADE_3,,2026-05-20T15:37:50.646488+00:00
100036718,35769,아누리,100032064,http://shop1.phinf.naver.net/20231207_210/1701941771846S8lhq_JPEG/103077606678733073_1114428277.jpg,https://shoppinglive.naver.com/channels/35769,GRADE_2,,2026-05-20T15:37:50.646488+00:00
100439924,52210,킨도,100398680,http://shop1.phinf.naver.net/20200213_171/1581557046941wkg3W_JPEG/18920435468748481_1333717768.jpg,https://shoppinglive.naver.com/channels/52210,GRADE_3,,2026-05-20T15:37:50.646488+00:00
500036450,13697,젤리스푼,500036450,http://shop1.phinf.naver.net/20260324_237/1774318249032CbtIO_JPEG/8028241499273065_156111115.jpg,https://shoppinglive.naver.com/channels/13697,GRADE_3,,2026-05-20T15:37:50.646488+00:00
100270020,45379,키즈마일,100242732,http://shop1.phinf.naver.net/20210315_274/1615795418381orvO4_PNG/16931314115946451_852089296.png,https://shoppinglive.naver.com/channels/45379,GRADE_3,,2026-05-20T15:37:50.646488+00:00
101876235,110872,브리스틱,101777098,http://shop1.phinf.naver.net/20230308_250/1678253838844MSueP_JPEG/79389737555013452_476305931.jpg,https://shoppinglive.naver.com/channels/110872,GRADE_2,,2026-05-20T15:37:50.646488+00:00
100835361,69265,BUNNY HOUSE,100774322,http://shop1.phinf.naver.net/20210126_237/1611635761767r9keS_JPEG/12771589549217722_2124802512.jpg,https://shoppinglive.naver.com/channels/69265,GRADE_2,,2026-05-20T15:37:50.646488+00:00
500035559,86450,정토이즈 스토어샵,500035559,http://shop1.phinf.naver.net/20220107_21/1641520196109mtcQJ_JPEG/42655979826011320_124206763.jpg,https://shoppinglive.naver.com/channels/86450,GRADE_1,,2026-05-20T15:37:51.420720+00:00
500267146,32931,빅토리아앤프렌즈,500267146,http://shop1.phinf.naver.net/20240131_70/170666228007432xEQ_PNG/33964963961057502_241285483.png,https://shoppinglive.naver.com/channels/32931,GRADE_2,,2026-05-20T15:37:51.420720+00:00
100047545,148384,MYA 마이아,100041982,http://shop1.phinf.naver.net/20231212_118/1702367788201AXwlK_PNG/103503571917982235_443219852.png,https://shoppinglive.naver.com/channels/148384,GRADE_2,,2026-05-20T15:37:51.421220+00:00
102523379,233326,더블하트 공식 인증쇼핑몰,102405377,http://shop1.phinf.naver.net/20241121_300/1732165248537hgoAH_JPEG/15023151343975895_1042440566.jpg,https://shoppinglive.naver.com/channels/233326,GRADE_2,,2026-05-20T15:37:51.421220+00:00
100512450,54753,라스칼프렌즈,100466074,http://shop1.phinf.naver.net/20200129_26/1580289006870QOTGN_JPEG/17649745504051282_1951865570.jpg,https://shoppinglive.naver.com/channels/54753,GRADE_3,,2026-05-20T15:37:51.421220+00:00
102416521,209165,맘뜨레,102301663,http://shop1.phinf.naver.net/20240708_261/1720400749728RdQCs_PNG/37727681263826830_1468890907.png,https://shoppinglive.naver.com/channels/209165,GRADE_2,,2026-05-20T15:37:51.421220+00:00
500032519,13349,두리 공식스토어,500032519,http://shop1.phinf.naver.net/20191113_133/1573606435922gFieU_JPEG/10967978286068315_572122440.jpg,https://shoppinglive.naver.com/channels/13349,GRADE_3,,2026-05-20T15:37:51.421220+00:00
500098185,19576,순성몰,500098185,http://shop1.phinf.naver.net/20210712_286/1626065373143eQOmo_PNG/27201218863471656_211292809.png,https://shoppinglive.naver.com/channels/19576,GRADE_3,,2026-05-20T15:37:52.364081+00:00
100142765,66368,달문가족,100128908,http://shop1.phinf.naver.net/20260324_87/1774300990354RLgCz_PNG/27377355339558536_1478682042.png,https://shoppinglive.naver.com/channels/66368,GRADE_1,,2026-05-20T15:37:53.232095+00:00
101977720,133337,프롬키즈,101874842,http://shop1.phinf.naver.net/20260310_198/1773106079875Ww51f_PNG/13276018006495714_117558973.png,https://shoppinglive.naver.com/channels/133337,GRADE_2,,2026-05-20T15:37:53.232095+00:00
100419058,51420,필립스 아벤트,100379243,http://shop1.phinf.naver.net/20210708_71/1625730572764xrd8n_JPEG/26866471454190549_308622091.jpg,https://shoppinglive.naver.com/channels/51420,GRADE_2,,2026-05-20T15:37:53.232095+00:00
100405581,50932,소베맘,100366799,http://shop1.phinf.naver.net/20200511_58/1589187559513fmCq6_JPEG/26550947720628199_1413166176.jpg,https://shoppinglive.naver.com/channels/50932,GRADE_3,,2026-05-20T15:37:53.232095+00:00
100155089,54673,밀크마일,100139727,http://shop1.phinf.naver.net/20251223_236/1766465254493hoXKe_JPEG/26594131313190777_647542389.jpg,https://shoppinglive.naver.com/channels/54673,GRADE_3,,2026-05-20T15:37:53.728992+00:00
100135126,40602,The 하니샵,100122003,http://shop1.phinf.naver.net/20260320_294/1773990847926gN5FE_JPEG/42321627755799619_-1298786203.jpg,https://shoppinglive.naver.com/channels/40602,GRADE_1,,2026-05-20T15:37:54.351880+00:00
500062621,16731,에시앙,500062621,http://shop1.phinf.naver.net/20260324_256/1774321923175X5RM9_PNG/39923536485975554_1437875122.png,https://shoppinglive.naver.com/channels/16731,GRADE_1,,2026-05-20T15:37:54.832668+00:00
500038519,13779,베베콩콩,500038519,http://shop1.phinf.naver.net/20240219_69/1708310756237gc6nA_PNG/109446598951963072_1359983991.png,https://shoppinglive.naver.com/channels/13779,GRADE_2,,2026-05-20T15:37:54.832668+00:00
500006380,10028,잉글레시나 스토어,500006380,http://shop1.phinf.naver.net/20221026_28/1666763256671jarql_PNG/67899090493734704_1003812689.png,https://shoppinglive.naver.com/channels/10028,GRADE_1,,2026-05-20T15:37:55.642625+00:00
100385681,50222,솜씨당,100348702,http://shop1.phinf.naver.net/20210615_174/1623728304113SqKeo_PNG/24864202823812830_69621725.png,https://shoppinglive.naver.com/channels/50222,GRADE_2,,2026-05-20T15:37:55.642625+00:00
102035414,249286,슈니비니,101930725,http://shop1.phinf.naver.net/20230718_216/1689662313218UYADn_JPEG/90798211910317526_332908732.jpg,https://shoppinglive.naver.com/channels/249286,GRADE_2,,2026-05-20T15:37:57.383598+00:00
101871146,115043,리틀타익스,101772257,http://shop1.phinf.naver.net/20230801_270/1690874705103buNER_JPEG/92010547818820569_577262360.jpg,https://shoppinglive.naver.com/channels/115043,GRADE_2,,2026-05-20T15:37:57.383598+00:00
100823000,92506,올챌린지,100762409,http://shop1.phinf.naver.net/20220323_53/1648004462510WMf8X_JPEG/49140304586882055_1804236367.jpg,https://shoppinglive.naver.com/channels/92506,GRADE_1,,2026-05-20T15:37:58.657161+00:00
102134370,254147,아이랑쿡,102026701,http://shop1.phinf.naver.net/20240524_47/1716524943590W4ykU_JPEG/117660839326999011_1025781992.jpg,https://shoppinglive.naver.com/channels/254147,GRADE_1,,2026-05-20T15:37:58.657161+00:00
100182076,59667,제로파운더스,100163517,http://shop1.phinf.naver.net/20220808_108/16599284704242ly3Y_PNG/61064298254163061_1472734395.png,https://shoppinglive.naver.com/channels/59667,GRADE_1,,2026-05-20T15:37:58.657161+00:00
63080288,97867,핫IT슈,2bzL1F,https://phinf.pstatic.net/dthumb/?src=%22https%3A%2F%2Fg-selected.pstatic.net%2FMjAyNjAxMDhfMjA2%2FMDAxNzY3ODc1OTQxMzEw.HY5vTMWbTe2EPAofbmfVg0C4KpEx5QcTJmLloFw3jG0g.-js6WR01yFt-kzfqn-7z5OLTA01f3wx6xQ1l9EZa5iEg.JPEG%2Fimage.jpg%22&service=selective,https://shoppinglive.naver.com/channels/97867,GRADE_4,,2026-05-20T15:37:58.657161+00:00
500102651,218865,스타영STARYOUNG,500102651,http://shop1.phinf.naver.net/20250806_261/1754447463221HNQId_JPEG/17435131159312486_154670800.jpg,https://shoppinglive.naver.com/channels/218865,GRADE_3,,2026-05-20T15:37:59.959069+00:00
100956553,67511,스위트패밀리,100890769,http://shop1.phinf.naver.net/20221115_167/16684893997716yQXX_PNG/69625298483601509_1747433694.png,https://shoppinglive.naver.com/channels/67511,GRADE_2,,2026-05-20T15:38:00.740228+00:00
100998380,161859,지니윤 JINNYYOON,100930901,http://shop1.phinf.naver.net/20260331_275/1774905640168mKRV6_JPEG/109094284575397_1532481795.jpg,https://shoppinglive.naver.com/channels/161859,GRADE_1,,2026-05-20T15:38:00.740228+00:00
500188946,26924,DOSSY,500188946,http://shop1.phinf.naver.net/20230913_82/1694578724558GeF0F_JPEG/95714620288488980_1072942186.jpg,https://shoppinglive.naver.com/channels/26924,GRADE_3,,2026-05-20T15:38:01.682383+00:00
101912207,128513,클릭n바이,101811692,http://shop1.phinf.naver.net/20230403_270/1680522733802qFAL1_PNG/81658513528681865_1751596849.png,https://shoppinglive.naver.com/channels/128513,GRADE_2,,2026-05-20T15:38:02.480544+00:00
100592109,57179,라브라,100541331,http://shop1.phinf.naver.net/20250925_129/17587304449540aJ74_PNG/12840125452708953_735691614.png,https://shoppinglive.naver.com/channels/57179,GRADE_1,,2026-05-20T15:38:03.069633+00:00
100653855,263297,헤이브넷,100600039,http://shop1.phinf.naver.net/20250910_287/1757484679910HyE4y_JPEG/69173967988151954_1915122957.jpg,https://shoppinglive.naver.com/channels/263297,GRADE_1,,2026-05-20T15:38:06.746827+00:00
100813119,256944,베이비스탠다드,100752985,http://shop1.phinf.naver.net/20250403_246/1743642235513WExy0_PNG/95016182510072681_1845730984.png,https://shoppinglive.naver.com/channels/256944,GRADE_2,,2026-05-20T15:38:06.746827+00:00
1100138055,262758,멜리사,1100135540,https://shop-phinf.pstatic.net/20241021_160/1729515956246bEynj_JPEG/6f8a5992.jpg,https://shoppinglive.naver.com/channels/262758,GRADE_1,롯데백화점 동탄점,2026-05-20T15:38:06.746827+00:00
101300754,97199,초이락샵,101220870,http://shop1.phinf.naver.net/20220830_24/1661817640425NdCHK_PNG/62953475257564714_1481997413.png,https://shoppinglive.naver.com/channels/97199,GRADE_2,,2026-05-20T15:38:07.589616+00:00
500017303,11667,다이치몰,500017303,http://shop1.phinf.naver.net/20210104_85/1609747885995ygYpY_JPEG/10883728700379063_568914764.jpg,https://shoppinglive.naver.com/channels/11667,GRADE_3,,2026-05-20T15:38:07.589616+00:00
100459217,95211,라이플라워,100416581,http://shop1.phinf.naver.net/20230426_181/16824698865751DIBI_PNG/83605721408603359_1187695315.png,https://shoppinglive.naver.com/channels/95211,GRADE_1,,2026-05-20T15:38:07.589616+00:00
1100101831,261115,툴레 키즈 코리아,1100099914,http://shop1.phinf.naver.net/20260309_190/1773037986409kHDc0_JPEG/27646803379014472_1346011383.jpg,https://shoppinglive.naver.com/channels/261115,GRADE_1,,2026-05-20T15:38:08.415329+00:00
101542587,220384,타티네쇼콜라,101454369,https://shop-phinf.pstatic.net/20241021_160/1729515956246bEynj_JPEG/6f8a5992.jpg,https://shoppinglive.naver.com/channels/220384,GRADE_2,롯데백화점 중동점,2026-05-20T15:38:09.012998+00:00
101447284,99939,누누슴패브릭,101362744,http://shop1.phinf.naver.net/20260505_194/1777991798462tSyRg_JPEG/112124737584967001_1339131188.jpg,https://shoppinglive.naver.com/channels/99939,GRADE_1,,2026-05-20T15:38:10.035591+00:00
100344205,60803,슈퍼대디 공식몰,100310366,http://shop1.phinf.naver.net/20210603_229/1622712096939MWEjj_PNG/23847939558510573_2146184571.png,https://shoppinglive.naver.com/channels/60803,GRADE_1,,2026-05-20T15:38:11.054690+00:00
100035432,35619,코니바이에린,100030868,http://shop1.phinf.naver.net/20220804_64/1659586383897GPVQ1_PNG/60722282607530359_1993137962.png,https://shoppinglive.naver.com/channels/35619,GRADE_1,,2026-05-20T15:38:11.986393+00:00
500187660,26860,플레이맥스,500187660,http://shop1.phinf.naver.net/20240220_65/1708409136509nxKP8_PNG/109544971344589861_753039838.png,https://shoppinglive.naver.com/channels/26860,GRADE_1,,2026-05-20T15:38:11.986393+00:00
100482228,254219,그린키즈-greenkids,100437770,http://shop1.phinf.naver.net/20260319_255/1773895631297v4QTu_JPEG/108028463439725082_1966604707.jpg,https://shoppinglive.naver.com/channels/254219,GRADE_1,,2026-05-20T15:38:11.986393+00:00
100054505,229562,리틀비티,100048371,http://shop1.phinf.naver.net/20241029_35/1730179891793nFXQQ_JPEG/13953712115073397_631480892.jpg,https://shoppinglive.naver.com/channels/229562,GRADE_1,,2026-05-20T15:38:12.754104+00:00
1100086489,259965,토이레시피,1100084799,http://shop1.phinf.naver.net/20260224_57/1771863424883fvLP1_JPEG/26439550044514518_1554188422.jpg,https://shoppinglive.naver.com/channels/259965,GRADE_2,,2026-05-20T15:38:14.020399+00:00
101043130,64542,폴햄키즈 스토어,100973797,http://shop1.phinf.naver.net/20210122_188/16113038462211DEMW_JPEG/12439744929138311_363773525.jpg,https://shoppinglive.naver.com/channels/64542,GRADE_3,,2026-05-20T15:38:15.671853+00:00
500014354,60676,오이보스,500014354,http://shop1.phinf.naver.net/20240621_195/17189566469985U7Jo_JPEG/49672144832313031_1916480707.jpg,https://shoppinglive.naver.com/channels/60676,GRADE_2,,2026-05-20T15:38:15.671853+00:00
102182113,163146,미소다 misoda,102072982,http://shop1.phinf.naver.net/20241107_67/17309369718688o7my_JPEG/7150151770369824_345980281.jpg,https://shoppinglive.naver.com/channels/163146,GRADE_1,,2026-05-20T15:38:16.378410+00:00
102491075,218821,에고르,102373994,http://shop1.phinf.naver.net/20241012_184/1728720104564DCzqW_PNG/1041184723446563_718176377.png,https://shoppinglive.naver.com/channels/218821,GRADE_1,,2026-05-20T15:38:16.378410+00:00
100092595,261776,큐비앤달퐁,100083257,http://shop1.phinf.naver.net/20250205_244/17387222251913teRr_PNG/72855131395807281_863474840.png,https://shoppinglive.naver.com/channels/261776,GRADE_1,,2026-05-20T15:38:16.378410+00:00
1100080769,259602,Daisy공방,1100079179,http://shop1.phinf.naver.net/20260211_60/1770788336127810xR_PNG/17529740239094423_480147862.png,https://shoppinglive.naver.com/channels/259602,GRADE_2,,2026-05-20T15:38:17.365558+00:00
1100140335,263181,작은모험상점,1100137795,https://shop-phinf.pstatic.net/20241021_160/1729515956246bEynj_JPEG/6f8a5992.jpg,https://shoppinglive.naver.com/channels/263181,GRADE_1,,2026-05-20T15:38:18.136961+00:00
100060346,65910,허그파파,100053692,http://shop1.phinf.naver.net/20260320_276/1773972861751SK1c5_PNG/34119691318972778_-1966745741.png,https://shoppinglive.naver.com/channels/65910,GRADE_2,,2026-05-20T15:38:18.136961+00:00
101864789,171967,WHEELER,101766082,http://shop1.phinf.naver.net/20260323_243/17742435134210b60x_JPEG/108376290573897901_181820409.jpg,https://shoppinglive.naver.com/channels/171967,GRADE_1,,2026-05-20T15:38:18.924350+00:00
100638895,567,리딩앤,100585849,http://shop1.phinf.naver.net/20240314_210/1710383301745NsPki_PNG/111519085462922418_1117587002.png,https://shoppinglive.naver.com/channels/567,GRADE_3,,2026-05-20T15:38:20.352055+00:00
101733233,245579,DoubleHeart,101639030,http://shop1.phinf.naver.net/20250827_240/1756274805627lESz6_JPEG/90407653428423971_2083472692.jpg,https://shoppinglive.naver.com/channels/245579,GRADE_3,,2026-05-20T15:38:20.352055+00:00
500027817,12651,마더케이,500027817,http://shop1.phinf.naver.net/20230705_219/1688516299639r4lkM_JPEG/89652083356202721_1772336892.jpg,https://shoppinglive.naver.com/channels/12651,GRADE_3,,2026-05-20T15:38:21.150587+00:00
100945675,67835,청풍문-bluewind,100880315,http://shop1.phinf.naver.net/20210713_167/1626154343479icsvc_PNG/27290178314173951_1182326429.png,https://shoppinglive.naver.com/channels/67835,GRADE_2,,2026-05-20T15:38:22.508298+00:00
102721692,261272,맘스튜디오 셀프촬영소품,102599507,http://shop1.phinf.naver.net/20250721_64/1753075162713gOaXU_JPEG/20002994192264031_473733399.jpg,https://shoppinglive.naver.com/channels/261272,GRADE_1,,2026-05-20T15:38:22.508298+00:00
500045432,14911,페넬로페,500045432,http://shop1.phinf.naver.net/20260330_210/1774843996501tuNJH_JPEG/60886339945059268_1199911965.jpg,https://shoppinglive.naver.com/channels/14911,GRADE_3,,2026-05-20T15:38:23.615278+00:00
102084378,138952,헤이하이멜로우,101978129,http://shop1.phinf.naver.net/20240715_72/1721031315681FbuMM_PNG/1738506551396903_1827403441.png,https://shoppinglive.naver.com/channels/138952,GRADE_1,,2026-05-20T15:38:24.466034+00:00
102094721,188237,페리미츠 레노마키즈 아울렛,101988178,http://shop1.phinf.naver.net/20260501_101/17776311600843kxDi_PNG/24910803742743696_1522747665.png,https://shoppinglive.naver.com/channels/188237,GRADE_1,,2026-05-20T15:38:24.466034+00:00
500111547,20759,체크스토리,500111547,http://shop1.phinf.naver.net/20220715_211/1657862306774teaml_JPEG/58998152452915345_1609731650.jpg,https://shoppinglive.naver.com/channels/20759,GRADE_2,,2026-05-20T15:38:25.080069+00:00
100481918,62692,오가닉그라운드,100437475,http://shop1.phinf.naver.net/20200522_15/1590124273692HI39R_PNG/27485816324759034_1294802348.png,https://shoppinglive.naver.com/channels/62692,GRADE_3,,2026-05-20T15:38:26.843099+00:00
500086724,18839,플라팜,500086724,http://shop1.phinf.naver.net/20260324_282/1774325083599a3XXp_JPEG/25629553462091920_-2122292377.jpg,https://shoppinglive.naver.com/channels/18839,GRADE_2,,2026-05-20T15:38:26.843099+00:00
100806781,72892,제제지크,100746899,http://shop1.phinf.naver.net/20210411_225/16181311162210jl2x_PNG/19266961934047788_1727402656.png,https://shoppinglive.naver.com/channels/72892,GRADE_1,,2026-05-20T15:38:30.342700+00:00
500060324,16546,베이비스텔라,500060324,http://shop1.phinf.naver.net/20260324_275/1774321467574Xxaes_JPEG/11745570649887524_470285579.jpg,https://shoppinglive.naver.com/channels/16546,GRADE_1,,2026-05-20T15:38:33.433127+00:00
100778864,248374,디아망 DIAMANT,100720124,http://shop1.phinf.naver.net/20200728_21/15959232098407BHyC_JPEG/33285543423753324_259086485.jpg,https://shoppinglive.naver.com/channels/248374,GRADE_1,,2026-05-20T15:38:34.227047+00:00
102029845,262669,유니크팜 스토어,101925321,http://shop1.phinf.naver.net/20241230_181/17355534484078RyQa_JPEG/3904702197817078_1891769657.jpg,https://shoppinglive.naver.com/channels/262669,GRADE_1,,2026-05-20T15:38:36.214402+00:00
101639440,157110,이너프 : 맞춤 영양케어,101548289,http://shop1.phinf.naver.net/20250305_3/1741164705955lRyEd_PNG/75297536954449181_901562174.png,https://shoppinglive.naver.com/channels/157110,GRADE_3,,2026-05-20T15:38:36.214402+00:00
101428816,123358,하우스 그램,101344795,http://shop1.phinf.naver.net/20220520_69/1653049401008HBeob_PNG/54185299704871403_1904124727.png,https://shoppinglive.naver.com/channels/123358,GRADE_1,,2026-05-20T15:38:37.431771+00:00
101370313,134180,소워니놀이터,101288185,http://shop1.phinf.naver.net/20251001_217/1759299281818RXgvn_PNG/2613723829396669_1297892145.png,https://shoppinglive.naver.com/channels/134180,GRADE_1,,2026-05-20T15:38:38.817551+00:00
101167994,256650,제로하이,101093763,http://shop1.phinf.naver.net/20260119_276/176880219678843FL4_PNG/11638555304730690_1882734756.png,https://shoppinglive.naver.com/channels/256650,GRADE_2,,2026-05-20T15:38:38.817551+00:00
500288667,34122,뽀로로몰,500288667,http://shop1.phinf.naver.net/20230831_49/1693467632140WXDoa_JPEG/94603411809807211_676677465.jpg,https://shoppinglive.naver.com/channels/34122,GRADE_1,,2026-05-20T15:38:39.496752+00:00
100765093,66636,로모로이,100706780,http://shop1.phinf.naver.net/20260202_170/17700207893020Xekh_PNG/24678780291562429_277733385.png,https://shoppinglive.naver.com/channels/66636,GRADE_2,,2026-05-20T15:38:40.593093+00:00
1100060820,259949,물꼬-,1100059821,http://shop1.phinf.naver.net/20260201_200/1769951176404PRLKK_PNG/25933893536410380_957478549.png,https://shoppinglive.naver.com/channels/259949,GRADE_1,,2026-05-20T15:38:40.593093+00:00
100744264,158656,포포팬시,100686667,http://shop1.phinf.naver.net/20250117_270/1737074427686B4YDe_JPEG/12414104466222191_1155801442.jpg,https://shoppinglive.naver.com/channels/158656,GRADE_2,,2026-05-20T15:38:40.593093+00:00
102624531,228869,BEKYSTUDIO,102504204,http://shop1.phinf.naver.net/20250320_285/1742445417038Eu9X7_PNG/28341248069252658_807353842.png,https://shoppinglive.naver.com/channels/228869,GRADE_1,,2026-05-20T15:38:41.392685+00:00
101533367,122973,캔코,101445624,http://shop1.phinf.naver.net/20251121_19/17636884737952GTxT_JPEG/97821326956885442_2083179768.jpg,https://shoppinglive.naver.com/channels/122973,GRADE_1,,2026-05-20T15:38:41.392685+00:00
102147597,199746,나리몽,102039521,http://shop1.phinf.naver.net/20240206_133/1707180985129dIoNc_PNG/108316827844435828_2018482840.png,https://shoppinglive.naver.com/channels/199746,GRADE_3,,2026-05-20T15:38:41.392685+00:00
100743193,89184,포그망,100685627,http://shop1.phinf.naver.net/20250723_214/1753258959804eQJLr_PNG/87391819932697228_1627098916.png,https://shoppinglive.naver.com/channels/89184,GRADE_1,,2026-05-20T15:38:44.126834+00:00
102180211,209080,Little Gems,102071131,http://shop1.phinf.naver.net/20231123_171/1700666259240cnSRi_PNG/101802087064431430_925214301.png,https://shoppinglive.naver.com/channels/209080,GRADE_1,,2026-05-20T15:38:44.126834+00:00
500048510,138163,SHOWMOON,500048510,http://shop1.phinf.naver.net/20230316_195/16789287540267DmCD_PNG/80064596740729991_348610492.png,https://shoppinglive.naver.com/channels/138163,GRADE_1,,2026-05-20T15:38:45.092597+00:00
100285700,46067,룰루맘,100257025,http://shop1.phinf.naver.net/20250507_139/1746598641327UW7np_PNG/80731409476850844_234935006.png,https://shoppinglive.naver.com/channels/46067,GRADE_1,,2026-05-20T15:38:46.319545+00:00
102206193,177245,헤이키즈 앤 주니어,102096332,http://shop1.phinf.naver.net/20240112_51/1705048574040AuGsL_JPEG/106184407855298770_955042254.jpg,https://shoppinglive.naver.com/channels/177245,GRADE_1,,2026-05-20T15:38:48.064161+00:00
100891863,72847,TOIMOI,100828672,http://shop1.phinf.naver.net/20260117_77/1768590554781oF9Op_PNG/23038299354782389_49003522.png,https://shoppinglive.naver.com/channels/72847,GRADE_1,,2026-05-20T15:38:48.064161+00:00
102263589,261973,미미의샵,102152309,https://shop-phinf.pstatic.net/20241021_160/1729515956246bEynj_JPEG/6f8a5992.jpg,https://shoppinglive.naver.com/channels/261973,GRADE_1,,2026-05-20T15:38:50.027992+00:00
101059011,103080,에센셜토이,100989029,http://shop1.phinf.naver.net/20240208_155/17073627211977F6XQ_JPEG/108498619907969090_709653567.jpg,https://shoppinglive.naver.com/channels/103080,GRADE_2,,2026-05-20T15:38:50.027992+00:00
102419769,236907,베이비블리,102304827,http://shop1.phinf.naver.net/20250609_10/1749444156569ehq59_JPEG/24007976685022073_400297359.jpg,https://shoppinglive.naver.com/channels/236907,GRADE_1,,2026-05-20T15:38:50.027992+00:00
101302834,119686,프렌치캣,101222869,https://shop-phinf.pstatic.net/20241021_160/1729515956246bEynj_JPEG/6f8a5992.jpg,https://shoppinglive.naver.com/channels/119686,GRADE_2,롯데 프리미엄 기흥점,2026-05-20T15:38:52.213450+00:00
500235951,30580,블리에이,500235951,http://shop1.phinf.naver.net/20220727_84/1658920970951vY2KP_JPEG/60056804774765414_1430361617.jpg,https://shoppinglive.naver.com/channels/30580,GRADE_1,,2026-05-20T15:38:54.030456+00:00
100433404,51958,반다이남코코리아몰,100392586,http://shop1.phinf.naver.net/20220404_261/1649040132691fyt8N_JPEG/50176031402032830_317204346.jpg,https://shoppinglive.naver.com/channels/51958,GRADE_1,,2026-05-20T15:38:56.089033+00:00
100348911,48660,스파지오엘,100314749,http://shop1.phinf.naver.net/20260430_18/1777550155591SbF5B_JPEG/111682975713325568_1904941014.jpg,https://shoppinglive.naver.com/channels/48660,GRADE_1,,2026-05-20T15:38:59.012028+00:00
500018170,11721,아이그림,500018170,http://shop1.phinf.naver.net/20200518_287/1589779197416mX3yK_PNG/27141530993083474_1285061649.png,https://shoppinglive.naver.com/channels/11721,GRADE_1,,2026-05-20T15:38:59.915564+00:00
101473981,202914,DOS in Advance,101388455,http://shop1.phinf.naver.net/20230721_271/1689904922074srkhh_PNG/91040764782552663_832206037.png,https://shoppinglive.naver.com/channels/202914,GRADE_2,,2026-05-20T15:39:00.746845+00:00
22140627,215707,롯데백화점 본점,cprkg,https://g-selected.pstatic.net/MjAyNDEyMDVfMjgg/MDAxNzMzMzc2NTYyMDc3.WZ5EOyONN0D-nbkw5mHAN3uLCK1aAa3psfd7zxWKiSMg.IH2fyECEzpyfYn0STE9F2seXoMSMqRAtPhOLZnugYj4g.JPEG/image.jpg,https://shoppinglive.naver.com/channels/215707,GRADE_2,,2026-05-20T15:39:01.707288+00:00
100194056,42590,엔픽스몰,100174239,http://shop1.phinf.naver.net/20220629_47/16564837228464Ae0U_JPEG/57619565340299860_429571686.jpg,https://shoppinglive.naver.com/channels/42590,GRADE_3,,2026-05-20T15:39:02.583009+00:00
100015911,101388,매직큐브 큐블로,100013261,http://shop1.phinf.naver.net/20240513_121/1715574055369zNwQr_PNG/42876739253711537_381481944.png,https://shoppinglive.naver.com/channels/101388,GRADE_2,,2026-05-20T15:39:03.626305+00:00
100888953,67682,뉴에라,100825884,https://shop-phinf.pstatic.net/20241021_160/1729515956246bEynj_JPEG/6f8a5992.jpg,https://shoppinglive.naver.com/channels/67682,GRADE_1,롯데 아울렛 광주월드컵점,2026-05-20T15:39:03.626305+00:00
102169162,156267,젬마클로젯,102060391,http://shop1.phinf.naver.net/20231114_18/1699954777315o3nOQ_JPEG/101090620029839142_1362279046.jpg,https://shoppinglive.naver.com/channels/156267,GRADE_1,,2026-05-20T15:39:03.626305+00:00
100464688,29713,쁘띠펭귄,100421584,http://shop1.phinf.naver.net/20230224_81/1677205054519cqjUf_JPEG/78340950234359216_875218716.jpg,https://shoppinglive.naver.com/channels/29713,GRADE_1,,2026-05-20T15:39:04.394871+00:00
100296328,46466,로라밤,100266716,http://shop1.phinf.naver.net/20250921_3/1758435900778MfjkK_JPEG/1659872931197245_1640145938.jpg,https://shoppinglive.naver.com/channels/46466,GRADE_2,,2026-05-20T15:39:05.183160+00:00
500284834,33893,순수아,500284834,http://shop1.phinf.naver.net/20241015_297/1728968793256E8hjt_PNG/63101591356626893_1966511033.png,https://shoppinglive.naver.com/channels/33893,GRADE_1,,2026-05-20T15:39:09.541641+00:00
102650348,232919,나키마르모,102529545,http://shop1.phinf.naver.net/20250503_138/1746282787008DksXy_PNG/889949078899162_1609948911.png,https://shoppinglive.naver.com/channels/232919,GRADE_1,,2026-05-20T15:39:10.102788+00:00
500119752,21342,쿠치,500119752,http://shop1.phinf.naver.net/20260324_93/1774330416949yFjo7_JPEG/58657571506669266_1555809630.jpg,https://shoppinglive.naver.com/channels/21342,GRADE_1,,2026-05-20T15:39:10.102788+00:00
500074581,17878,네츄레메디,500074581,http://shop1.phinf.naver.net/20220331_261/1648689660730hTIpl_JPEG/49825494550940408_107815499.jpg,https://shoppinglive.naver.com/channels/17878,GRADE_1,,2026-05-20T15:39:12.359906+00:00
500145552,23661,더수,500145552,http://shop1.phinf.naver.net/20210407_211/1617772518865lM7mP_PNG/18908302576653157_1083149912.png,https://shoppinglive.naver.com/channels/23661,GRADE_1,,2026-05-20T15:39:12.359906+00:00
101474901,227922,스토리 플러스,101389349,http://shop1.phinf.naver.net/20250630_24/1751282673314qOzCP_PNG/12619920426116459_1175883660.png,https://shoppinglive.naver.com/channels/227922,GRADE_1,,2026-05-20T15:39:13.516866+00:00
101500690,119181,끌리젠,101414205,http://shop1.phinf.naver.net/20230324_128/1679630751634XfSPT_PNG/80766647369537856_1518182142.png,https://shoppinglive.naver.com/channels/119181,GRADE_2,,2026-05-20T15:39:15.223883+00:00
102701553,254102,네오실리,102579710,http://shop1.phinf.naver.net/20260227_281/1772175272894YW8Qx_JPEG/8353914696533247_279841075.jpg,https://shoppinglive.naver.com/channels/254102,GRADE_2,,2026-05-20T15:39:15.223883+00:00
100654123,66022,아이링고 블럭,100600301,http://shop1.phinf.naver.net/20200229_120/1582931885024RtSS7_JPEG/20295273546662801_89708533.jpg,https://shoppinglive.naver.com/channels/66022,GRADE_2,,2026-05-20T15:39:16.213650+00:00
101527594,111079,ARK KIDS,101440152,http://shop1.phinf.naver.net/20260320_52/1773988110132bXxDD_JPEG/121318984580577325_1651143419.jpg,https://shoppinglive.naver.com/channels/111079,GRADE_2,,2026-05-20T15:39:16.213650+00:00
100538832,77028,키즈위드,100490940,http://shop1.phinf.naver.net/20191118_98/1574085635484gjHg3_PNG/11447177924170556_1271116279.png,https://shoppinglive.naver.com/channels/77028,GRADE_3,,2026-05-20T15:39:16.213650+00:00
100952375,136876,심플룸,100886772,http://shop1.phinf.naver.net/20250214_296/1739493306062Jlx83_PNG/73626190192105394_540343404.png,https://shoppinglive.naver.com/channels/136876,GRADE_2,,2026-05-20T15:39:17.106672+00:00
100023459,35050,이몽-emong,100020098,http://shop1.phinf.naver.net/20200319_14/1584600732483trte9_JPEG/21964121009024940_1729616479.jpg,https://shoppinglive.naver.com/channels/35050,GRADE_1,,2026-05-20T15:39:17.106672+00:00
100231451,22672,베리맘 공식몰,100207931,http://shop1.phinf.naver.net/20260323_163/1774240039647qG2xq_JPEG/74025356963430171_192390094.jpg,https://shoppinglive.naver.com/channels/22672,GRADE_2,,2026-05-20T15:39:18.518709+00:00
100141984,40358,로토토베베,100128207,http://shop1.phinf.naver.net/20260419_261/1776569008286O85h2_PNG/19583586121555263_1081824732.png,https://shoppinglive.naver.com/channels/40358,GRADE_3,,2026-05-20T15:39:18.518709+00:00
101111464,117952,그로우러닝,101039576,http://shop1.phinf.naver.net/20250703_86/1751517750355iFUYM_JPEG/6180133330869465_1799153828.jpg,https://shoppinglive.naver.com/channels/117952,GRADE_2,,2026-05-20T15:39:18.518709+00:00
100057097,36624,베베뉴엘,100050744,http://shop1.phinf.naver.net/20250929_61/1759139690020xqfdE_PNG/13718186932272038_1134677256.png,https://shoppinglive.naver.com/channels/36624,GRADE_2,,2026-05-20T15:39:19.954232+00:00
101993667,218903,TeddyTales,101890248,http://shop1.phinf.naver.net/20230926_279/16956896791964k7Pi_PNG/22992363058509417_117511877.png,https://shoppinglive.naver.com/channels/218903,GRADE_3,,2026-05-20T15:39:20.819317+00:00
100042152,35990,에버랜드 온라인 스토어,100037028,http://shop1.phinf.naver.net/20220930_194/1664505459495EIVGT_JPEG/65641305206101673_776633418.jpg,https://shoppinglive.naver.com/channels/35990,GRADE_3,,2026-05-20T15:39:20.819317+00:00
100149406,84473,성원아이북랜드,100134673,http://shop1.phinf.naver.net/20210910_252/1631253359158xHY9T_PNG/32389193779005446_1930939148.png,https://shoppinglive.naver.com/channels/84473,GRADE_2,,2026-05-20T15:39:22.077339+00:00
102634363,261962,에브리오브젝트,102513850,http://shop1.phinf.naver.net/20250414_282/1744605022707nRAef_PNG/90630865348470659_1021406275.png,https://shoppinglive.naver.com/channels/261962,GRADE_2,,2026-05-20T15:39:22.077339+00:00
500158956,24732,튼튼맘스,500158956,http://shop1.phinf.naver.net/20260324_172/17743370520587q3Ym_PNG/4769839725648511_152769829.png,https://shoppinglive.naver.com/channels/24732,GRADE_2,,2026-05-20T15:39:22.077339+00:00
500006353,9916,토이트론,500006353,http://shop1.phinf.naver.net/20200508_246/1588904366885Ee3EP_JPEG/26264201433540675_1578241170.jpg,https://shoppinglive.naver.com/channels/9916,GRADE_1,,2026-05-20T15:39:24.228200+00:00
500144870,23415,르파파,500144870,http://shop2.phinf.naver.net/20160318_70/lepapa_1458262325091VrM4k_JPEG/64883317614559876_-52663570.jpg,https://shoppinglive.naver.com/channels/23415,GRADE_1,,2026-05-20T15:39:24.228200+00:00
500033581,117288,해님 스토어,500033581,http://shop1.phinf.naver.net/20210628_96/1624855225766Q1yYl_JPEG/25991071481890282_1826599621.jpg,https://shoppinglive.naver.com/channels/117288,GRADE_3,,2026-05-20T15:39:24.228200+00:00
500251427,31722,픽킷,500251427,http://shop1.phinf.naver.net/20231130_123/1701318263434UScAn_JPEG/102454106149408724_1429296218.jpg,https://shoppinglive.naver.com/channels/31722,GRADE_1,,2026-05-20T15:39:25.144005+00:00
101920389,131167,브랜딜즈,101819564,http://shop1.phinf.naver.net/20240229_215/1709187910960dv2qh_JPEG/110323753675228788_591313664.jpg,https://shoppinglive.naver.com/channels/131167,GRADE_1,,2026-05-20T15:39:26.451404+00:00
101569450,96328,디어커들리,101480319,http://shop1.phinf.naver.net/20250814_87/1755146674352lkYmK_PNG/60985973179382887_1809835197.png,https://shoppinglive.naver.com/channels/96328,GRADE_1,,2026-05-20T15:39:26.451404+00:00
102291690,242571,다이아직구,102179876,http://shop1.phinf.naver.net/20241007_268/1728288574708sx4vW_PNG/62421431829616915_1239408882.png,https://shoppinglive.naver.com/channels/242571,GRADE_2,,2026-05-20T15:39:27.736033+00:00
100126818,39674,Merrybon,100114426,http://shop1.phinf.naver.net/20230227_111/1677469688385xAbjM_PNG/78605587092487422_772354441.png,https://shoppinglive.naver.com/channels/39674,GRADE_1,,2026-05-20T15:39:27.736033+00:00
102453178,212771,메가텐 공식스토어,102337360,http://shop1.phinf.naver.net/20240926_197/1727313835313XRbq9_JPEG/6889199161372926_1946658228.jpg,https://shoppinglive.naver.com/channels/212771,GRADE_1,,2026-05-20T15:39:28.736991+00:00
100762108,61695,데카트론 코리아,100703890,http://shop1.phinf.naver.net/20240314_125/1710408381862VnDOj_JPEG/111544280575013323_1451008573.jpg,https://shoppinglive.naver.com/channels/61695,GRADE_2,,2026-05-20T15:39:28.736991+00:00
100734710,158245,고마워 하루,100677385,http://shop1.phinf.naver.net/20250826_97/1756135385914aSVl4_JPEG/10750303922506642_1207909389.jpg,https://shoppinglive.naver.com/channels/158245,GRADE_1,,2026-05-20T15:39:28.736991+00:00
500077496,18206,하뚱,500077496,http://shop1.phinf.naver.net/20260119_286/1768809398143scXdr_JPEG/102942171288002828_218289552.jpg,https://shoppinglive.naver.com/channels/18206,GRADE_3,,2026-05-20T15:39:29.645997+00:00
500161720,24865,에코맘의산골이유식,500161720,http://shop1.phinf.naver.net/20200228_4/1582873492575QqTRl_JPEG/20236881099183637_1418289264.jpg,https://shoppinglive.naver.com/channels/24865,GRADE_3,,2026-05-20T15:39:29.645997+00:00
500174380,64635,Finden,500174380,http://shop1.phinf.naver.net/20220621_221/1655796223131Y7sqQ_JPEG/56932056951896906_1199789737.jpg,https://shoppinglive.naver.com/channels/64635,GRADE_2,,2026-05-20T15:39:30.293904+00:00
102051713,135951,carebears,101946529,http://shop1.phinf.naver.net/20230831_291/1693441544951EsGJ4_PNG/20744228834782757_1668555760.png,https://shoppinglive.naver.com/channels/135951,GRADE_3,,2026-05-20T15:39:30.293904+00:00
100193804,42624,올담물티슈,100174008,http://shop1.phinf.naver.net/20220303_192/1646275271707qE2DE_JPEG/47411055420717069_1447387739.jpg,https://shoppinglive.naver.com/channels/42624,GRADE_1,,2026-05-20T15:39:32.384220+00:00
100887917,207400,휠라키즈 공식몰,100824889,http://shop1.phinf.naver.net/20250116_138/1737024320293PDTPc_JPEG/26628496292324032_16203446.jpg,https://shoppinglive.naver.com/channels/207400,GRADE_3,,2026-05-20T15:39:32.384220+00:00
100938097,63926,마미스테이블,100873062,http://shop1.phinf.naver.net/20230518_23/1684390747879qnQCk_JPEG/85526575686319023_741533513.jpg,https://shoppinglive.naver.com/channels/63926,GRADE_1,,2026-05-20T15:39:33.378718+00:00
102407984,196787,동아제약 생활 공식스토어,102293349,http://shop1.phinf.naver.net/20240722_73/1721643192893o8PuQ_JPEG/2680396780732617_186920225.jpg,https://shoppinglive.naver.com/channels/196787,GRADE_3,,2026-05-20T15:39:33.378718+00:00
100821874,95441,프리지아드림,100761344,http://shop1.phinf.naver.net/20200709_79/1594262854870rP1DP_JPEG/31623593503431195_1878009765.JPG,https://shoppinglive.naver.com/channels/95441,GRADE_1,,2026-05-20T15:39:33.378718+00:00
101053131,67050,엘빈즈,100983392,http://shop1.phinf.naver.net/20210217_51/1613540905324LmwNl_JPEG/14676733143382458_1314295537.jpg,https://shoppinglive.naver.com/channels/67050,GRADE_3,,2026-05-20T15:39:37.745341+00:00
100737977,148802,주식회사 퓨너스,100680534,http://shop1.phinf.naver.net/20200520_64/1589976628187lxhVP_GIF/27337366819813864_1016453289.gif,https://shoppinglive.naver.com/channels/148802,GRADE_3,,2026-05-20T15:39:37.745341+00:00
101667313,230364,람지마트,101575423,http://shop1.phinf.naver.net/20230313_215/16786776270185TlLx_PNG/79813522756783537_1982783429.png,https://shoppinglive.naver.com/channels/230364,GRADE_2,,2026-05-20T15:39:37.745341+00:00
100072753,37294,3M 공식판매처,100065113,http://shop1.phinf.naver.net/20260320_55/1773975523858XVJwP_JPEG/34235926370022573_1920205111.jpg,https://shoppinglive.naver.com/channels/37294,GRADE_2,,2026-05-20T15:39:38.700462+00:00
500061859,16779,코니테일,500061859,http://shop1.phinf.naver.net/20260324_55/1774321860813QjmpF_JPEG/160.jpg,https://shoppinglive.naver.com/channels/16779,GRADE_1,,2026-05-20T15:39:38.700462+00:00
102712145,248667,노스페이스연수점,102590146,http://shop1.phinf.naver.net/20250821_119/1755753002918Ou9Ik_JPEG/2653743160391491_338708760.jpg,https://shoppinglive.naver.com/channels/248667,GRADE_1,,2026-05-20T15:39:39.721995+00:00
101406176,124567,몽쿨,101322813,http://shop1.phinf.naver.net/20250320_148/1742454984852DtgRQ_PNG/50832276664094656_1843274541.png,https://shoppinglive.naver.com/channels/124567,GRADE_1,,2026-05-20T15:39:40.616742+00:00
100064085,253439,아가애,100057107,http://shop1.phinf.naver.net/20230216_112/1676512720964DRzcp_JPEG/77648554784155948_1045811815.jpg,https://shoppinglive.naver.com/channels/253439,GRADE_1,,2026-05-20T15:39:40.616742+00:00
1100007063,261800,승승잡화점,1100006936,http://shop1.phinf.naver.net/20251231_168/1767164486317kAFLO_PNG/54076742423381203_1289651466.png,https://shoppinglive.naver.com/channels/261800,GRADE_1,,2026-05-20T15:39:42.072420+00:00
500092702,19066,마이크로킥보드,500092702,http://shop1.phinf.naver.net/20260324_149/17743260983308TQSa_JPEG/53989913929815231_595782727.jpg,https://shoppinglive.naver.com/channels/19066,GRADE_3,,2026-05-20T15:39:43.066678+00:00
102338724,262321,슈테른탈러코리아,102225822,http://shop1.phinf.naver.net/20240425_158/1714051150211x3T6N_JPEG/41353834086718046_469927759.jpg,https://shoppinglive.naver.com/channels/262321,GRADE_2,,2026-05-20T15:39:44.105385+00:00
102661321,234253,정샘물 키즈,102540270,http://shop1.phinf.naver.net/20250430_55/17459933038614DzR4_PNG/10715727678380015_816886058.png,https://shoppinglive.naver.com/channels/234253,GRADE_3,,2026-05-20T15:39:46.139049+00:00
102677879,244642,스케쳐스키즈,102556435,https://shop-phinf.pstatic.net/20241021_160/1729515956246bEynj_JPEG/6f8a5992.jpg,https://shoppinglive.naver.com/channels/244642,GRADE_1,뉴코아 평촌점,2026-05-20T15:39:47.413448+00:00
18170245,261442,이랜드리테일,bIvP4,https://phinf.pstatic.net/dthumb/?src=%22https%3A%2F%2Fg-selected.pstatic.net%2FMjAyNjA0MTZfMTU2%2FMDAxNzc2MzI1NjE0Njk2.VzT1Ou4TYVD15cCtBv4kt0z_FmDP_hGqGUTtUKl8pEQg.7oF5FNkOnJpp-aZbyhWvye49PlPGEHxMo5eJ3UYaHe4g.JPEG%2Fimage.jpg%22&service=selective,https://shoppinglive.naver.com/channels/261442,GRADE_3,,2026-05-20T15:39:47.413448+00:00
101012408,91678,키다리 컴퍼니,100944359,http://shop1.phinf.naver.net/20201217_174/1608183567021CpF56_JPEG/9319401854549093_28489657.jpg,https://shoppinglive.naver.com/channels/91678,GRADE_1,,2026-05-20T15:39:47.413448+00:00
500112318,20752,포블랑시,500112318,http://shop1.phinf.naver.net/20250411_156/1744351670421Fu2f3_JPEG/38894415638074604_1252832094.jpg,https://shoppinglive.naver.com/channels/20752,GRADE_2,,2026-05-20T15:39:48.981081+00:00
1100128357,262245,픽키언니,1100125993,http://shop1.phinf.naver.net/20260416_4/1776346264722Wg888_PNG/3168627061716843_461102174.png,https://shoppinglive.naver.com/channels/262245,GRADE_1,,2026-05-20T15:39:50.893516+00:00
500005132,9943,삼성공식파트너 쇼마젠시,500005132,http://shop1.phinf.naver.net/20241008_277/1728366703621vfvaR_PNG/62499501721907403_423769694.png,https://shoppinglive.naver.com/channels/9943,GRADE_1,,2026-05-20T15:39:52.656273+00:00
102426952,203269,경동나비엔 공식온라인파트너,102311808,http://shop1.phinf.naver.net/20240717_289/1721200323100Xdr3e_PNG/10581682918558124_375919456.png,https://shoppinglive.naver.com/channels/203269,GRADE_2,,2026-05-20T15:39:52.656273+00:00
102210829,186898,쿠첸공식파트너 더지평,102100826,http://shop1.phinf.naver.net/20240704_222/1720065130748Lpy01_JPEG/1777103789073434_1587005734.jpg,https://shoppinglive.naver.com/channels/186898,GRADE_2,,2026-05-20T15:39:52.656273+00:00
100666745,66193,삼성파트너 쇼마젠시,100612346,http://shop1.phinf.naver.net/20241008_119/1728366774703vtCUM_PNG/26554392726028337_1465089444.png,https://shoppinglive.naver.com/channels/66193,GRADE_3,,2026-05-20T15:39:52.656273+00:00
102284856,194147,삼성공식파트너 우주,102173166,http://shop1.phinf.naver.net/20241007_143/1728288312662BbsVt_PNG/75953230707767919_1240513586.png,https://shoppinglive.naver.com/channels/194147,GRADE_3,,2026-05-20T15:39:52.656273+00:00
100882914,126652,와치디스,100820068,http://shop1.phinf.naver.net/20210317_34/1615960388935KgIy6_PNG/17096172399135321_1312320366.png,https://shoppinglive.naver.com/channels/126652,GRADE_1,,2026-05-20T15:39:52.656273+00:00
101750194,182585,우왓폰케이스,101655151,http://shop1.phinf.naver.net/20240226_196/1708918009521yjW85_JPEG/110053844348336772_1718315203.jpg,https://shoppinglive.naver.com/channels/182585,GRADE_2,,2026-05-20T15:39:52.656273+00:00
500163386,25026,삼성공식파트너 엠피나비,500163386,http://shop1.phinf.naver.net/20241007_7/1728291684419PqS5h_PNG/21494271634259980_432944033.png,https://shoppinglive.naver.com/channels/25026,GRADE_3,,2026-05-20T15:39:54.917636+00:00
101726015,100935,매드폰케이스,101632197,http://shop1.phinf.naver.net/20221030_123/1667059316558pqcMu_JPEG/68195100270293320_22387166.jpg,https://shoppinglive.naver.com/channels/100935,GRADE_1,,2026-05-20T15:39:54.917636+00:00
500005543,9987,삼성공식파트너 보보,500005543,http://shop1.phinf.naver.net/20240927_148/1727402951052gODJJ_PNG/61535770609907034_939528292.png,https://shoppinglive.naver.com/channels/9987,GRADE_3,,2026-05-20T15:39:56.672610+00:00
500035185,13690,삼성공식파트너 문성전자,500035185,http://shop1.phinf.naver.net/20240927_124/1727400857529d9RRR_PNG/9334529555865678_239769339.png,https://shoppinglive.naver.com/channels/13690,GRADE_3,,2026-05-20T15:39:56.672610+00:00
500016140,11247,삼성온라인스토어 유니씨앤씨,500016140,http://shop1.phinf.naver.net/20241008_266/1728371643354lJsTT_PNG/62504500476057479_589506293.png,https://shoppinglive.naver.com/channels/11247,GRADE_3,,2026-05-20T15:39:56.672610+00:00
63892714,127566,삼성전자 라이브,2c26YQ,https://g-selected.pstatic.net/MjAyMzA3MDZfMjQ4/MDAxNjg4NjM3MjcyNTQy.UUNXagVJZmvsOTWuGvXiKXbIVk5Dm1rWJHpr5Hfjts0g.VUUl6HJIg7egB90HtLsPeTMwOonQNqw69wN8mMtCw78g.JPEG/temp_1688637272101.jpg,https://shoppinglive.naver.com/channels/127566,GRADE_1,,2026-05-20T15:39:57.031537+00:00
100922275,68318,봄-BOOM,100857730,http://shop1.phinf.naver.net/20201009_182/16021893209166rI6q_JPEG/39551654537124184_1196045610.jpg,https://shoppinglive.naver.com/channels/68318,GRADE_1,,2026-05-20T15:39:57.031537+00:00
102546956,220434,햇살폰케이스,102428260,http://shop1.phinf.naver.net/20250115_284/1736913811481j8lVt_JPEG/71046758617963693_2080715940.jpg,https://shoppinglive.naver.com/channels/220434,GRADE_2,,2026-05-20T15:39:57.031537+00:00
100047369,36164,삼성JBL온라인스토어,100041835,http://shop1.phinf.naver.net/20241008_24/1728370214081qmpLC_PNG/13555179877283008_558890585.png,https://shoppinglive.naver.com/channels/36164,GRADE_3,,2026-05-20T15:39:58.366149+00:00
500032408,13211,삼성공식파트너 모니칸,500032408,http://shop1.phinf.naver.net/20241007_212/17282886235368MEas_PNG/11490020368294614_321598585.png,https://shoppinglive.naver.com/channels/13211,GRADE_3,,2026-05-20T15:39:58.366149+00:00
500023099,12356,삼성공식인증점 회산디지털,500023099,http://shop1.phinf.naver.net/20240927_237/1727402081021qmivt_PNG/73427923727035527_766866890.png,https://shoppinglive.naver.com/channels/12356,GRADE_3,,2026-05-20T15:39:59.056071+00:00
500021581,12273,LG전자인증점 삼정,500021581,http://shop1.phinf.naver.net/20250327_274/1743062027422IXsou_PNG/5873498548190866_900724403.png,https://shoppinglive.naver.com/channels/12273,GRADE_3,,2026-05-20T15:39:59.056071+00:00
102317976,262941,드월,102205592,http://shop1.phinf.naver.net/20251223_122/1766478764469fQVzA_JPEG/100611603607845040_914533351.jpg,https://shoppinglive.naver.com/channels/262941,GRADE_2,,2026-05-20T15:39:59.056071+00:00
100199044,47993,SIO,100178697,http://shop1.phinf.naver.net/20230110_171/1673310811322axI8T_PNG/613495209031023_1551134698.png,https://shoppinglive.naver.com/channels/47993,GRADE_1,,2026-05-20T15:39:59.056071+00:00
500038896,13834,삼성공식파트너 평강프라자,500038896,http://shop1.phinf.naver.net/20241010_124/1728545888593Jnu0E_PNG/8121252460986807_1780390083.png,https://shoppinglive.naver.com/channels/13834,GRADE_3,,2026-05-20T15:39:59.056071+00:00
101649796,189992,삼성전자공식파트너 큐소닉,101558366,http://shop1.phinf.naver.net/20241209_217/17337077590385xf70_PNG/67840590171424711_1674694753.png,https://shoppinglive.naver.com/channels/189992,GRADE_3,,2026-05-20T15:39:59.951863+00:00
500055385,15711,삼성공식파트너 엠디텍,500055385,http://shop1.phinf.naver.net/20241004_158/1728040538232zxOVV_PNG/13225504029460129_602445290.png,https://shoppinglive.naver.com/channels/15711,GRADE_3,,2026-05-20T15:39:59.951863+00:00
500034244,13379,삼성공식파트너 유겐트,500034244,http://shop1.phinf.naver.net/20240927_285/1727416211749J5Vym_PNG/61549031308278511_1662115823.png,https://shoppinglive.naver.com/channels/13379,GRADE_3,,2026-05-20T15:39:59.951863+00:00
500090577,19006,삼성공식파트너 삼성하나로,500090577,http://shop1.phinf.naver.net/20240927_156/1727414941087SAnsW_PNG/61547810231015916_1173273363.png,https://shoppinglive.naver.com/channels/19006,GRADE_3,,2026-05-20T15:39:59.951863+00:00
500091086,63875,소리윤,500091086,http://shop1.phinf.naver.net/20210215_18/1613400325915i853z_JPEG/14536224614774903_1416772633.jpg,https://shoppinglive.naver.com/channels/63875,GRADE_1,,2026-05-20T15:40:00.429766+00:00
100897040,221451,LG전자인증점 태영시스템,100833649,http://shop1.phinf.naver.net/20250124_174/1737702514630HYDqL_JPEG/72981763509095_393238479.jpg,https://shoppinglive.naver.com/channels/221451,GRADE_2,,2026-05-20T15:40:00.429766+00:00
101948054,209727,긱스타 공식스토어,101846165,http://shop1.phinf.naver.net/20240927_285/1727403085417jfBcw_JPEG/61535877445139504_189162076.jpg,https://shoppinglive.naver.com/channels/209727,GRADE_1,,2026-05-20T15:40:00.429766+00:00
102188630,165730,삼성공식파트너 오제앤에스,102079314,http://shop1.phinf.naver.net/20240927_201/1727418178020A5GAR_PNG/48043107063316400_214339488.png,https://shoppinglive.naver.com/channels/165730,GRADE_3,,2026-05-20T15:40:00.429766+00:00
101586740,94081,LG전자인증점 다원씨앤씨,101497122,http://shop1.phinf.naver.net/20230202_177/1675317061370nMRmn_JPEG/76452895186754333_1996793766.jpg,https://shoppinglive.naver.com/channels/94081,GRADE_3,,2026-05-20T15:40:00.429766+00:00
100136089,92207,삼성공식파트너 현성전자,100122888,http://shop1.phinf.naver.net/20241007_246/1728288844258Ss4UF_PNG/62421642362712575_1083782525.png,https://shoppinglive.naver.com/channels/92207,GRADE_3,,2026-05-20T15:40:00.429766+00:00
500014161,10872,LG전자인증점 대명유통,500014161,http://shop1.phinf.naver.net/20221215_225/1671080102030YEe0H_PNG/72215936863737807_231218712.png,https://shoppinglive.naver.com/channels/10872,GRADE_3,,2026-05-20T15:40:00.429766+00:00
500007942,9960,삼성공식파트너 디지털마트,500007942,http://shop1.phinf.naver.net/20240927_64/1727404113558dRuk1_PNG/61536933113504605_864693863.png,https://shoppinglive.naver.com/channels/9960,GRADE_3,,2026-05-20T15:40:00.429766+00:00
100868104,66126,LG전자인증점 경남,100805833,http://shop1.phinf.naver.net/20230619_117/1687159728706pQfpN_PNG/88295562524585904_43479546.png,https://shoppinglive.naver.com/channels/66126,GRADE_3,,2026-05-20T15:40:00.823307+00:00
500077564,18253,LG전자인증점 신영플러스,500077564,http://shop1.phinf.naver.net/20230202_155/1675327549554Oid4G_JPEG/76463377376467840_1819138554.jpg,https://shoppinglive.naver.com/channels/18253,GRADE_3,,2026-05-20T15:40:00.823307+00:00
500005615,9407,삼성공식파트너 dmac,500005615,http://shop1.phinf.naver.net/20240930_11/17276820643168tgAi_PNG/8717498192595298_1350535866.png,https://shoppinglive.naver.com/channels/9407,GRADE_3,,2026-05-20T15:40:00.823307+00:00
1100050417,263687,주식회사 레파코리아,1100049568,https://shop-phinf.pstatic.net/20241021_160/1729515956246bEynj_JPEG/6f8a5992.jpg,https://shoppinglive.naver.com/channels/263687,GRADE_1,,2026-05-20T15:40:00.823307+00:00
102449592,210194,페스티버,102333857,http://shop1.phinf.naver.net/20240813_219/1723545128862su2aD_JPEG/5045482731278357_514177446.jpg,https://shoppinglive.naver.com/channels/210194,GRADE_1,,2026-05-20T15:40:00.823307+00:00
500168376,83996,지넷시스템,500168376,http://shop1.phinf.naver.net/20250729_51/1753767377628WiHor_PNG/19953205072692128_1149695015.png,https://shoppinglive.naver.com/channels/83996,GRADE_2,,2026-05-20T15:40:00.823307+00:00
100632928,66490,삼성전자 브랜드스토어,100580191,http://shop1.phinf.naver.net/20200806_273/1596701799362OwRSa_PNG/120009051954483891_1605415639.png,https://shoppinglive.naver.com/channels/66490,GRADE_3,,2026-05-20T15:40:00.823806+00:00
100105949,38845,쿠첸직영몰,100095517,http://shop1.phinf.naver.net/20260513_221/1778630964948aSp7E_JPEG/93646629536485760_1275126221.jpg,https://shoppinglive.naver.com/channels/38845,GRADE_3,,2026-05-20T15:40:00.823806+00:00
500000623,8825,친구사이,500000623,http://shop1.phinf.naver.net/20260324_100/1774312433083Aboak_JPEG/44608506248828119_-706544405.jpg,https://shoppinglive.naver.com/channels/8825,GRADE_2,,2026-05-20T15:40:01.636910+00:00
100458264,59848,풀무원고메,100415702,http://shop1.phinf.naver.net/20201007_226/1602066370446wqhxS_JPEG/3202216166717740_35670055.jpg,https://shoppinglive.naver.com/channels/59848,GRADE_3,,2026-05-20T15:40:01.636910+00:00
65787258,259861,삼성전자 LIVE,2dO8Xr,https://im.pstatic.net/selective/img/default_profile_img_1.png,https://shoppinglive.naver.com/channels/259861,GRADE_3,,2026-05-20T15:40:01.636910+00:00
101037685,116831,워니트,100968542,http://shop1.phinf.naver.net/20211210_86/16391076249295Ub1n_PNG/40243520661200026_1713558156.png,https://shoppinglive.naver.com/channels/116831,GRADE_2,,2026-05-20T15:40:02.573033+00:00
500072261,17653,삼성공식파트너 올인포케이,500072261,http://shop1.phinf.naver.net/20240927_130/1727416756395bbbnb_PNG/6992120266461430_415964147.png,https://shoppinglive.naver.com/channels/17653,GRADE_3,,2026-05-20T15:40:02.573033+00:00
100238579,44429,쿠쿠전자,100214445,http://shop1.phinf.naver.net/20200512_260/15892710178372UEE8_JPEG/26633351414460706_1904263565.jpg,https://shoppinglive.naver.com/channels/44429,GRADE_3,,2026-05-20T15:40:02.573033+00:00
102672200,241966,코나에코 홈,102550905,http://shop1.phinf.naver.net/20250515_29/1747268803681v2dHj_PNG/33344229509692285_2028521140.png,https://shoppinglive.naver.com/channels/241966,GRADE_2,,2026-05-20T15:40:03.079713+00:00
500252163,150486,다룸 스토어,500252163,http://shop1.phinf.naver.net/20211115_136/1636971100326PdIEn_PNG/38106943043330263_53432918.png,https://shoppinglive.naver.com/channels/150486,GRADE_2,,2026-05-20T15:40:03.079713+00:00
500003539,9165,삼성공식파트너 케이디엘,500003539,http://shop1.phinf.naver.net/20241004_121/1728022256406YOpSJ_PNG/7597620274276144_1890510887.png,https://shoppinglive.naver.com/channels/9165,GRADE_3,,2026-05-20T15:40:03.079713+00:00
500272295,61922,하이온 공식스토어,500272295,http://shop1.phinf.naver.net/20240415_182/1713172789602T4KCh_PNG/40475473483037076_1962193592.png,https://shoppinglive.naver.com/channels/61922,GRADE_2,,2026-05-20T15:40:03.079713+00:00
100900124,157927,키친에이드 코리아,100836598,http://shop1.phinf.naver.net/20231103_296/1698986672101hNQAE_JPEG/100122514816994136_1553138154.jpg,https://shoppinglive.naver.com/channels/157927,GRADE_2,,2026-05-20T15:40:03.271122+00:00
500199436,65241,LG전자인증점 와이케이지,500199436,http://shop1.phinf.naver.net/20240415_130/1713147006312c0WfN_PNG/114282902039350296_774480479.png,https://shoppinglive.naver.com/channels/65241,GRADE_3,,2026-05-20T15:40:03.271122+00:00
100149178,87108,LG전자인증점 CDS유통,100134471,http://shop1.phinf.naver.net/20230629_127/1688022160184YtbJj_JPEG/89158048705676002_1907091887.jpg,https://shoppinglive.naver.com/channels/87108,GRADE_3,,2026-05-20T15:40:03.271122+00:00
100391127,50351,LG전자인증점 더베스트지성,100353658,http://shop1.phinf.naver.net/20221221_214/1671581541947eoPBp_PNG/72717375769096125_465823607.png,https://shoppinglive.naver.com/channels/50351,GRADE_3,,2026-05-20T15:40:03.271122+00:00
500082301,261356,브랜드프리미엄아울렛,500082301,http://shop1.phinf.naver.net/20191017_166/1571308563970TE1ko_JPEG/8670106570101828_187090568.jpg,https://shoppinglive.naver.com/channels/261356,GRADE_2,,2026-05-20T15:40:04.131718+00:00
500009308,10145,fromb,500009308,http://shop1.phinf.naver.net/20210520_187/16214949687985vpNM_JPEG/22630867509459757_307197117.jpg,https://shoppinglive.naver.com/channels/10145,GRADE_3,,2026-05-20T15:40:04.131718+00:00
500165511,25095,LG전자인증점 OK오아시스,500165511,http://shop1.phinf.naver.net/20230825_47/1692946981402pQiot_PNG/94082880109087312_677799313.png,https://shoppinglive.naver.com/channels/25095,GRADE_3,,2026-05-20T15:40:04.131718+00:00
102555160,260133,캐리어공식파트너,102436235,http://shop1.phinf.naver.net/20260310_62/1773104404479OWGyY_PNG/91668152260032761_1451619777.png,https://shoppinglive.naver.com/channels/260133,GRADE_2,,2026-05-20T15:40:04.131718+00:00
100048453,49036,미니멀 스토어,100042808,http://shop1.phinf.naver.net/20190920_137/15689730362892ah9j_JPEG/6334578889795430_2037869518.jpg,https://shoppinglive.naver.com/channels/49036,GRADE_1,,2026-05-20T15:40:04.131718+00:00
101343305,88279,클린디,101262020,http://shop1.phinf.naver.net/20211207_159/1638864663916IsMQV_PNG/40000443640323316_1830684472.png,https://shoppinglive.naver.com/channels/88279,GRADE_2,,2026-05-20T15:40:04.131718+00:00
100622170,89906,쿠쿠홈시스 주식회사,100569906,http://shop1.phinf.naver.net/20230130_236/1675057631081PtKcg_JPEG/76193414798195039_1773161868.jpg,https://shoppinglive.naver.com/channels/89906,GRADE_3,,2026-05-20T15:40:04.420775+00:00
100544191,260365,캐리어에어컨 공식온라인샵,100495997,http://shop1.phinf.naver.net/20191028_278/15722503328145AOuv_JPEG/9612666370746975_229484869.jpg,https://shoppinglive.naver.com/channels/260365,GRADE_2,,2026-05-20T15:40:04.420775+00:00
102415186,213019,제니퍼룸 공식온라인파트너,102300364,http://shop1.phinf.naver.net/20240722_65/1721630738149eRNfV_PNG/2337929024886705_1706234307.png,https://shoppinglive.naver.com/channels/213019,GRADE_2,,2026-05-20T15:40:04.420775+00:00
500028042,12439,삼성공식파트너 피트존,500028042,http://shop1.phinf.naver.net/20240927_108/1727426760532qwSV7_PNG/11537806429040383_467276686.png,https://shoppinglive.naver.com/channels/12439,GRADE_2,,2026-05-20T15:40:04.420775+00:00
102709012,263589,에어카이브,102587039,http://shop1.phinf.naver.net/20260326_218/17745049055308wGc3_PNG/29053296847906136_1171662245.png,https://shoppinglive.naver.com/channels/263589,GRADE_2,,2026-05-20T15:40:04.848867+00:00
101901005,144353,크린만물상,101800909,http://shop1.phinf.naver.net/20230324_19/1679591069644oPmnO_JPEG/80726912356343106_954650864.JPG,https://shoppinglive.naver.com/channels/144353,GRADE_1,,2026-05-20T15:40:04.848867+00:00
100591141,61967,레이저플레이스,100540413,http://shop1.phinf.naver.net/20200304_273/15833082177334tNhl_JPEG/20671606258839041_512225067.jpg,https://shoppinglive.naver.com/channels/61967,GRADE_1,,2026-05-20T15:40:04.848867+00:00
1100140756,263931,실외기제거연구소,1100138212,http://shop1.phinf.naver.net/20260428_237/17773659850829O5wv_PNG/27923912975930849_1715070137.png,https://shoppinglive.naver.com/channels/263931,GRADE_1,,2026-05-20T15:40:04.848867+00:00
102354953,239854,오손도손 스토어,102241661,https://shop-phinf.pstatic.net/20241021_160/1729515956246bEynj_JPEG/6f8a5992.jpg,https://shoppinglive.naver.com/channels/239854,GRADE_1,,2026-05-20T15:40:05.641944+00:00
100076859,37368,좋은생활 지웰,100068864,http://shop1.phinf.naver.net/20260126_171/1769408844147AR8ip_PNG/11540159794886094_1930041178.png,https://shoppinglive.naver.com/channels/37368,GRADE_2,,2026-05-20T15:40:05.641944+00:00
500025437,12674,삼성전자공식몰,500025437,http://shop1.phinf.naver.net/20250509_237/1746776551654nXKaD_PNG/68093888658511065_1248203124.png,https://shoppinglive.naver.com/channels/12674,GRADE_3,,2026-05-20T15:40:06.452836+00:00
500019021,11783,삼성공식파트너 코잇,500019021,http://shop1.phinf.naver.net/20240927_195/1727404261419hEAEL_PNG/15703819440041532_819410277.png,https://shoppinglive.naver.com/channels/11783,GRADE_3,,2026-05-20T15:40:07.335394+00:00
100710301,70339,삼성인증파트너 케이원정보,100653949,http://shop1.phinf.naver.net/20240930_19/1727663610028L5R22_PNG/61796479169198432_1111050066.png,https://shoppinglive.naver.com/channels/70339,GRADE_3,,2026-05-20T15:40:07.335394+00:00
500111639,455,삼성공식파트너 엔씨디지텍,500111639,http://shop1.phinf.naver.net/20240927_267/1727411380990Cg7kp_PNG/48036310033818581_1914870693.png,https://shoppinglive.naver.com/channels/455,GRADE_3,,2026-05-20T15:40:07.335394+00:00
500003849,8900,삼성공식파트너 코인비엠에스,500003849,http://shop1.phinf.naver.net/20240927_249/1727427177228fQDnT_PNG/61560046369965080_1318169459.png,https://shoppinglive.naver.com/channels/8900,GRADE_3,,2026-05-20T15:40:07.335394+00:00
102579813,222167,훈기온돌방,102460296,http://shop1.phinf.naver.net/20260520_140/1779253971533uuyWW_JPEG/28591735693173953_1240976265.jpg,https://shoppinglive.naver.com/channels/222167,GRADE_1,,2026-05-20T15:40:08.282921+00:00
102409379,204242,캐리어정품인증점,102294706,http://shop1.phinf.naver.net/20240718_101/1721291534113ql4gE_JPEG/52078813929511160_673901568.jpg,https://shoppinglive.naver.com/channels/204242,GRADE_2,,2026-05-20T15:40:08.282921+00:00
500003997,9335,A클럽,500003997,http://shop1.phinf.naver.net/20260324_259/1774313003295Lf6Se_JPEG/500.jpg,https://shoppinglive.naver.com/channels/9335,GRADE_2,,2026-05-20T15:40:08.282921+00:00
500169508,25480,삼성mall 한사랑씨앤씨,500169508,http://shop1.phinf.naver.net/20240927_62/1727426393361VESKc_PNG/20196974162971151_80638570.png,https://shoppinglive.naver.com/channels/25480,GRADE_3,,2026-05-20T15:40:08.282921+00:00
500002503,8513,호후,500002503,http://shop1.phinf.naver.net/20260324_256/1774312859755HNcOY_JPEG/41192608916457921_601222498.jpg,https://shoppinglive.naver.com/channels/8513,GRADE_2,,2026-05-20T15:40:08.282921+00:00
500255450,120453,알구몰,500255450,http://shop1.phinf.naver.net/20210325_126/1616650340274kQp4Q_JPEG/17786174089521574_1127774128.jpg,https://shoppinglive.naver.com/channels/120453,GRADE_2,,2026-05-20T15:40:08.282921+00:00
500138192,23102,이노크아든공식몰,500138192,http://shop1.phinf.naver.net/20191210_56/1575940546271AJmhc_JPEG/13303934806484165_1077342668.jpg,https://shoppinglive.naver.com/channels/23102,GRADE_2,,2026-05-20T15:40:08.646800+00:00
100798850,61614,오캠프 스토어,100739309,http://shop1.phinf.naver.net/20200720_117/1595235333576Cn0HG_JPEG/32595168101461948_737256506.jpg,https://shoppinglive.naver.com/channels/61614,GRADE_1,,2026-05-20T15:40:08.646800+00:00
100571561,56602,코닥포토프린터,100521831,http://shop1.phinf.naver.net/20191208_260/1575778316742OrbPK_JPEG/13140650304520392_606106122.jpg,https://shoppinglive.naver.com/channels/56602,GRADE_3,,2026-05-20T15:40:08.646800+00:00
500126054,21977,삼성공식파트너 매크로네트웍,500126054,http://shop1.phinf.naver.net/20240927_182/1727422490467z9sni_PNG/61555310025109405_457281328.png,https://shoppinglive.naver.com/channels/21977,GRADE_3,,2026-05-20T15:40:08.646800+00:00
100247389,114313,교원웰스,100222273,http://shop1.phinf.naver.net/20230404_206/1680568182999MTHgG_PNG/81704010827975380_2034355775.png,https://shoppinglive.naver.com/channels/114313,GRADE_3,,2026-05-20T15:40:09.788427+00:00
100465934,81446,올어바웃헬스,100422754,http://shop1.phinf.naver.net/20250328_141/1743139552778HcmUs_JPEG/77272395919380289_1782758863.jpg,https://shoppinglive.naver.com/channels/81446,GRADE_1,,2026-05-20T15:40:09.788427+00:00
100204456,43112,몬스타PC 스토어,100183653,http://shop1.phinf.naver.net/20240423_60/1713840265392H0Q6J_JPEG/114976108108105219_574145629.jpg,https://shoppinglive.naver.com/channels/43112,GRADE_2,,2026-05-20T15:40:09.788427+00:00
100382951,50057,엘씨몰 호구다 폰케이스,100346332,http://shop1.phinf.naver.net/20230918_39/1695018461154uPCbR_JPEG/96154356880707929_1202656952.jpg,https://shoppinglive.naver.com/channels/50057,GRADE_1,,2026-05-20T15:40:10.079731+00:00
100047603,97117,휴고스,100042032,http://shop1.phinf.naver.net/20230222_55/1677031614449oIEbq_PNG/78167503159677236_1418315940.png,https://shoppinglive.naver.com/channels/97117,GRADE_1,,2026-05-20T15:40:12.985665+00:00
500013551,11163,쇼핑 Pay,500013551,http://shop1.phinf.naver.net/20260324_267/1774314641130slEjP_JPEG/35317013734876474_798535941.jpg,https://shoppinglive.naver.com/channels/11163,GRADE_2,,2026-05-20T15:40:14.606755+00:00
100101774,60877,소싱,100091721,http://shop1.phinf.naver.net/20221114_233/16684206155610wqVQ_PNG/69556458266545421_1346395060.png,https://shoppinglive.naver.com/channels/60877,GRADE_2,,2026-05-20T15:40:15.436182+00:00
101787809,104864,LG전자인증점 e좋은세상,101691300,http://shop1.phinf.naver.net/20230118_57/16740032947486LgIh_PNG/75139129584089150_1652415754.png,https://shoppinglive.naver.com/channels/104864,GRADE_3,,2026-05-20T15:40:15.436182+00:00
101028447,68273,삼성공식파트너 위드모바일,100959680,http://shop1.phinf.naver.net/20240927_84/1727413919756tMfR3_PNG/61546768888937704_435921458.png,https://shoppinglive.naver.com/channels/68273,GRADE_3,,2026-05-20T15:40:16.139198+00:00
100505723,101406,한경희건조기인증점 원에이커,100459809,http://shop1.phinf.naver.net/20240105_210/17044415760851kvuc_JPEG/105577403916508728_1615202062.jpg,https://shoppinglive.naver.com/channels/101406,GRADE_2,,2026-05-20T15:40:16.139198+00:00
500024116,12040,삼성공식파트너 다솜프라자,500024116,http://shop1.phinf.naver.net/20240930_6/1727654456253xAkKW_PNG/61787334700135970_1143094748.png,https://shoppinglive.naver.com/channels/12040,GRADE_3,,2026-05-20T15:40:16.139198+00:00
100059586,39700,삼성파트너 케이원에이브이,100052993,http://shop1.phinf.naver.net/20241016_300/1729067438704heUMm_PNG/14252404500087295_373878522.png,https://shoppinglive.naver.com/channels/39700,GRADE_3,,2026-05-20T15:40:16.139198+00:00
1100119385,263177,레이저코리아 스토어,1100117160,http://shop1.phinf.naver.net/20260507_86/1778115610419b1Eii_JPEG/25606177355247872_698458606.jpg,https://shoppinglive.naver.com/channels/263177,GRADE_1,,2026-05-20T15:40:17.026550+00:00
100779846,61008,브리츠팝,100721051,http://shop1.phinf.naver.net/20260225_115/17720125573147BXaG_JPEG/106145378448508879_1869609271.jpg,https://shoppinglive.naver.com/channels/61008,GRADE_1,,2026-05-20T15:40:17.026550+00:00
500013464,11077,삼성공식파트너 포디아이,500013464,http://shop1.phinf.naver.net/20240927_58/1727425178431jJQrB_PNG/61558036565150173_1724612063.png,https://shoppinglive.naver.com/channels/11077,GRADE_3,,2026-05-20T15:40:17.780382+00:00
100190642,50203,블루필 공식스토어,100171204,http://shop1.phinf.naver.net/20201116_34/16055113206396g8o9_JPEG/6647163345203474_651935717.jpg,https://shoppinglive.naver.com/channels/50203,GRADE_2,,2026-05-20T15:40:19.021152+00:00
102111376,240129,자클린 서울,102004327,http://shop1.phinf.naver.net/20250816_76/1755317561236VGr9r_JPEG/11660765041326060_1953522281.jpeg,https://shoppinglive.naver.com/channels/240129,GRADE_1,,2026-05-20T15:40:20.297556+00:00
500006539,9576,삼성공식파트너 다담INC,500006539,http://shop1.phinf.naver.net/20241008_232/1728348930312pSQeG_PNG/26536548337471887_2015783262.png,https://shoppinglive.naver.com/channels/9576,GRADE_3,,2026-05-20T15:40:20.297556+00:00
101441978,93951,해시태그mall,101357578,http://shop1.phinf.naver.net/20230519_2/1684480774009xF5j6_JPEG/11783457887008606_1032145788.jpg,https://shoppinglive.naver.com/channels/93951,GRADE_1,,2026-05-20T15:40:20.297556+00:00
100562667,80611,엑스피펜 본사,100513448,http://shop1.phinf.naver.net/20220407_168/16492995788436uPGf_PNG/50435477555585267_267866370.png,https://shoppinglive.naver.com/channels/80611,GRADE_1,,2026-05-20T15:40:20.297556+00:00
100035182,60837,삼성전자공식파트너 쇼마젠시,100030650,http://shop1.phinf.naver.net/20241015_233/1728965289008p8Phe_PNG/63098146129831230_1384011789.png,https://shoppinglive.naver.com/channels/60837,GRADE_3,,2026-05-20T15:40:20.614605+00:00
500018124,11725,LG전자인증점 유어아이디,500018124,http://shop1.phinf.naver.net/20230201_100/1675213254342gI2Jp_JPEG/76349153046423282_578079754.jpg,https://shoppinglive.naver.com/channels/11725,GRADE_3,,2026-05-20T15:40:20.614605+00:00
101409705,86914,삼성공식파트너사 포디아이,101326229,http://shop1.phinf.naver.net/20240927_53/1727403673548V2niE_PNG/20174254352406888_231613743.png,https://shoppinglive.naver.com/channels/86914,GRADE_3,,2026-05-20T15:40:20.614605+00:00
100431009,51945,힐링쉴드,100390372,http://shop1.phinf.naver.net/20260323_132/17742756754082yGh6_PNG/81649259285501100_124922595.png,https://shoppinglive.naver.com/channels/51945,GRADE_1,,2026-05-20T15:40:21.432632+00:00
101511721,144808,아라솔루션즈,101424836,http://shop1.phinf.naver.net/20260318_146/1773791673028ITP3n_PNG/107924544151288539_1017959910.png,https://shoppinglive.naver.com/channels/144808,GRADE_1,,2026-05-20T15:40:21.432632+00:00
100633712,94771,낼나샵,100580938,http://shop1.phinf.naver.net/20210707_181/1625646991349t407g_PNG/26782826177805445_468379711.png,https://shoppinglive.naver.com/channels/94771,GRADE_1,,2026-05-20T15:40:21.432632+00:00
101717350,106045,힘펠공식몰,101623788,http://shop1.phinf.naver.net/20250109_289/17363887488218la9y_JPEG/84053666850255103_1594217693.jpg,https://shoppinglive.naver.com/channels/106045,GRADE_3,,2026-05-20T15:40:21.432632+00:00
101453714,111940,게이트맨 공식브랜드스토어,101369006,http://shop1.phinf.naver.net/20230310_144/1678412396575hLB4b_JPEG/79548285289791698_1230655321.jpg,https://shoppinglive.naver.com/channels/111940,GRADE_2,,2026-05-20T15:40:21.432632+00:00
102373439,216758,힘펠공식판매점,102259710,http://shop1.phinf.naver.net/20260126_15/1769396263348F7SWa_PNG/103529178460409760_1094945563.png,https://shoppinglive.naver.com/channels/216758,GRADE_3,,2026-05-20T15:40:21.958161+00:00
500016174,11314,LG전자인증점 티앤티정보,500016174,http://shop1.phinf.naver.net/20221121_90/16690213020553XfMw_JPEG/70157085772204035_766412438.jpg,https://shoppinglive.naver.com/channels/11314,GRADE_3,,2026-05-20T15:40:23.035470+00:00
500023862,94084,LG전자인증점 엘시인포,500023862,http://shop1.phinf.naver.net/20210318_52/1616050478854LqD6l_JPEG/17186374584087236_1172361224.jpg,https://shoppinglive.naver.com/channels/94084,GRADE_3,,2026-05-20T15:40:23.035470+00:00
102268655,239695,GEEKOM,102157260,http://shop1.phinf.naver.net/20240902_143/1725253409763y3GfU_JPEG/8861040622003733_427024895.jpg,https://shoppinglive.naver.com/channels/239695,GRADE_1,,2026-05-20T15:40:23.035470+00:00
100572958,56674,푸드세이버,100523153,http://shop1.phinf.naver.net/20230323_169/1679538757695pNbTo_PNG/80674600406091387_1231535133.png,https://shoppinglive.naver.com/channels/56674,GRADE_2,,2026-05-20T15:40:23.035470+00:00
100128780,39783,파세코샵,100116206,http://shop1.phinf.naver.net/20210528_220/1622169984698XO1ya_JPEG/23305764064214056_532267457.jpg,https://shoppinglive.naver.com/channels/39783,GRADE_3,,2026-05-20T15:40:23.035470+00:00
101389487,121998,홈리아,101306689,http://shop1.phinf.naver.net/20240118_23/1705541076161kQjfD_JPEG/106676974866787859_723368221.jpg,https://shoppinglive.naver.com/channels/121998,GRADE_3,,2026-05-20T15:40:23.035470+00:00
100438817,52251,Dibea,100397649,http://shop1.phinf.naver.net/20240510_258/1715328357479h3j82_JPEG/116464256186861846_1685028314.jpg,https://shoppinglive.naver.com/channels/52251,GRADE_3,,2026-05-20T15:40:23.824220+00:00
500028094,12469,삼성공식파트너 씨앤에이치,500028094,http://shop1.phinf.naver.net/20240927_285/1727413448194FH5K8_PNG/3781039314630814_1900004431.png,https://shoppinglive.naver.com/channels/12469,GRADE_3,,2026-05-20T15:40:23.824220+00:00
101236938,130355,일레드 공식인증점,101159597,http://shop1.phinf.naver.net/20250113_80/1736757473163R6HmQ_PNG/70890388302285021_1254094907.png,https://shoppinglive.naver.com/channels/130355,GRADE_2,,2026-05-20T15:40:23.824220+00:00
101956262,124892,보바,101854097,http://shop1.phinf.naver.net/20230510_134/1683698395327Ogx5R_JPEG/84834229149464652_1028377357.jpg,https://shoppinglive.naver.com/channels/124892,GRADE_3,,2026-05-20T15:40:23.824220+00:00
100987339,219577,Aarke,100920349,http://shop1.phinf.naver.net/20241213_224/1734079915424sVARa_JPEG/13475710537971830_47182871.jpg,https://shoppinglive.naver.com/channels/219577,GRADE_2,,2026-05-20T15:40:23.824220+00:00
100367667,49436,아이닉샵,100332223,http://shop1.phinf.naver.net/20200811_12/1597122780200hnpmD_JPEG/34482614520900982_195583711.jpg,https://shoppinglive.naver.com/channels/49436,GRADE_3,,2026-05-20T15:40:23.824220+00:00
100807658,76099,일렉스토리,100747748,http://shop1.phinf.naver.net/20260204_170/1770189926244Iyzah_PNG/104322841384640029_2123564592.png,https://shoppinglive.naver.com/channels/76099,GRADE_2,,2026-05-20T15:40:24.803843+00:00
100399033,50678,망고슬래브스토어,100360995,http://shop1.phinf.naver.net/20250922_201/175853728066304Sqr_JPEG/19320143800592688_1267286563.jpg,https://shoppinglive.naver.com/channels/50678,GRADE_2,,2026-05-20T15:40:27.084196+00:00
100768942,63427,LG전자 브랜드스토어,100710502,http://shop1.phinf.naver.net/20200807_30/1596781273525H3Mx3_PNG/120088353009675698_582800152.png,https://shoppinglive.naver.com/channels/63427,GRADE_3,,2026-05-20T15:40:27.905202+00:00
500004221,9772,삼성공식파트너 제이유,500004221,http://shop1.phinf.naver.net/20240927_236/1727406121070Da48M_PNG/61538990212003637_341656287.png,https://shoppinglive.naver.com/channels/9772,GRADE_3,,2026-05-20T15:40:27.905202+00:00
100260414,59529,삼성모바일파트너 코잇,100234067,http://shop1.phinf.naver.net/20240927_44/1727403705248BXWDD_PNG/15703263269025147_1485436537.png,https://shoppinglive.naver.com/channels/59529,GRADE_3,,2026-05-20T15:40:28.832916+00:00
500006497,9561,드롱기공식스토어,500006497,http://shop1.phinf.naver.net/20240729_153/1722229487931CeFNU_PNG/4455854729755847_1567654702.png,https://shoppinglive.naver.com/channels/9561,GRADE_3,,2026-05-20T15:40:28.832916+00:00
500033786,13425,리큅 공식몰,500033786,http://shop1.phinf.naver.net/20230802_44/1690937215333QalW6_PNG/92073114046277667_1946968639.png,https://shoppinglive.naver.com/channels/13425,GRADE_2,,2026-05-20T15:40:28.832916+00:00
1100005899,254300,뭉치즈,1100005793,http://shop1.phinf.naver.net/20251103_67/1762152114196qe5I0_PNG/107496705791015852_1372475482.png,https://shoppinglive.naver.com/channels/254300,GRADE_1,,2026-05-20T15:40:28.832916+00:00
500001302,71647,DAEWON CTS,500001302,http://shop1.phinf.naver.net/20260305_165/1772672458264qXrMB_PNG/12106852010624515_708774206.png,https://shoppinglive.naver.com/channels/71647,GRADE_1,,2026-05-20T15:40:29.641771+00:00
101644503,114102,뉴씽크완,101553212,http://shop1.phinf.naver.net/20220810_46/1660115228948s1XPy_PNG/61251062768251684_2025227922.png,https://shoppinglive.naver.com/channels/114102,GRADE_1,,2026-05-20T15:40:30.142641+00:00
100281772,45955,제로텐 케이스,100253436,http://shop1.phinf.naver.net/20251104_276/1762266705135WEfBc_JPEG/96399593894211180_882038778.jpg,https://shoppinglive.naver.com/channels/45955,GRADE_2,,2026-05-20T15:40:30.496166+00:00
101697736,134924,올라서다,101604676,http://shop1.phinf.naver.net/20221101_178/1667286939327rQnc8_JPEG/68422785046984438_1866037137.jpg,https://shoppinglive.naver.com/channels/134924,GRADE_1,,2026-05-20T15:40:32.105123+00:00
1100081152,262594,치트키 마켓,1100079557,http://shop1.phinf.naver.net/20260510_95/17784232688571QCGV_JPEG/32976797630590721_1722005502.jpg,https://shoppinglive.naver.com/channels/262594,GRADE_1,,2026-05-20T15:40:32.846905+00:00
102453208,213165,라이트밸런스,102337388,http://shop1.phinf.naver.net/20241106_14/1730879663137uNs8c_JPEG/10961634882326544_1761615810.jpg,https://shoppinglive.naver.com/channels/213165,GRADE_2,,2026-05-20T15:40:36.959386+00:00
102248884,170118,오로와 스토어,102137912,http://shop1.phinf.naver.net/20240124_183/1706076760505JYjJr_JPEG/107212588308813061_1244829426.jpg,https://shoppinglive.naver.com/channels/170118,GRADE_2,,2026-05-20T15:40:38.608843+00:00
102241538,170568,소닉케어,102130732,http://shop1.phinf.naver.net/20240613_88/1718255867734OTJr4_PNG/3816732624974470_2076131215.png,https://shoppinglive.naver.com/channels/170568,GRADE_3,,2026-05-20T15:40:39.116875+00:00
100636678,66529,신일전자스마트몰,100583777,http://shop1.phinf.naver.net/20201020_9/1603160424485vxf9g_JPEG/4296204203910949_1070967612.jpg,https://shoppinglive.naver.com/channels/66529,GRADE_3,,2026-05-20T15:40:39.116875+00:00
100108572,61141,엔유씨 스토어,100097883,http://shop1.phinf.naver.net/20260320_179/1773984364969rC8Rk_JPEG/39305290674840381_-1031893625.jpg,https://shoppinglive.naver.com/channels/61141,GRADE_3,,2026-05-20T15:40:39.537365+00:00
500070063,651,오아스토어,500070063,http://shop1.phinf.naver.net/20260324_201/1774323057716ABhqp_JPEG/58379695946109240_2089126387.jpg,https://shoppinglive.naver.com/channels/651,GRADE_2,,2026-05-20T15:40:39.537365+00:00
500042935,14328,SK매직,500042935,http://shop1.phinf.naver.net/20260324_77/177431902673307BqS_JPEG/6662367873782142_-700177733.jpg,https://shoppinglive.naver.com/channels/14328,GRADE_3,,2026-05-20T15:40:39.537869+00:00
500021453,12233,LG전자인증점 베스트CNF,500021453,http://shop1.phinf.naver.net/20210526_284/1621988918395wJ8oY_JPEG/23124698121446462_124181730.jpg,https://shoppinglive.naver.com/channels/12233,GRADE_3,,2026-05-20T15:40:39.537869+00:00
101085664,88053,LG 공식판매 윈컴솔루션스,101014684,http://shop1.phinf.naver.net/20230127_214/1674800827755GeEUe_JPEG/75936662556283645_1146213586.jpg,https://shoppinglive.naver.com/channels/88053,GRADE_3,,2026-05-20T15:40:39.537869+00:00
101031501,63210,위닉스 본사 공식스토어,100962580,http://shop1.phinf.naver.net/20210106_193/1609901683290EJUxx_PNG/11037517112300254_1208464479.png,https://shoppinglive.naver.com/channels/63210,GRADE_3,,2026-05-20T15:40:40.245623+00:00
500112367,20801,휴렉,500112367,http://shop1.phinf.naver.net/20260324_87/1774329155007ufPam_PNG/55185702983689589_948961197.png,https://shoppinglive.naver.com/channels/20801,GRADE_2,,2026-05-20T15:40:41.213683+00:00
500007396,9715,링케,500007396,http://shop1.phinf.naver.net/20241018_45/1729229019068ziPrJ_JPEG/63361839202954793_1949405502.jpg,https://shoppinglive.naver.com/channels/9715,GRADE_2,,2026-05-20T15:40:41.896942+00:00
100344718,48496,파비트몰,100310836,http://shop1.phinf.naver.net/20260323_280/1774261633866S7JGc_PNG/72759563308417987_393309666.png,https://shoppinglive.naver.com/channels/48496,GRADE_2,,2026-05-20T15:40:41.896942+00:00
1100110354,261286,샵 바이윤,1100108254,https://shop-phinf.pstatic.net/20241021_160/1729515956246bEynj_JPEG/6f8a5992.jpg,https://shoppinglive.naver.com/channels/261286,GRADE_1,,2026-05-20T15:40:42.883757+00:00
102092164,214439,웨레버유고,101985693,http://shop1.phinf.naver.net/20250930_225/17592206435059K0Ud_PNG/76547575043143037_54938882.png,https://shoppinglive.naver.com/channels/214439,GRADE_2,,2026-05-20T15:40:43.574115+00:00
102703108,246818,트랜스페어런트 공식스토어,102581236,http://shop1.phinf.naver.net/20250808_132/1754621803032APFtE_PNG/92702660135302909_1003082728.png,https://shoppinglive.naver.com/channels/246818,GRADE_1,,2026-05-20T15:40:44.310574+00:00
101901104,260252,에어렉스 본사 공식 특화점,101801004,http://shop1.phinf.naver.net/20230317_147/16790277154580eLMh_JPEG/80163614149344162_566521870.jpg,https://shoppinglive.naver.com/channels/260252,GRADE_1,,2026-05-20T15:40:45.221734+00:00
100789460,180067,령쓰드로잉,100730292,http://shop1.phinf.naver.net/20240416_224/1713200508947T92hR_JPEG/114336397662177420_1372037927.jpeg,https://shoppinglive.naver.com/channels/180067,GRADE_2,,2026-05-20T15:40:45.221734+00:00
102377125,205670,인스타픽스,102263310,http://shop1.phinf.naver.net/20240705_105/1720165922160OVWpV_PNG/3781297157544933_602904463.png,https://shoppinglive.naver.com/channels/205670,GRADE_1,,2026-05-20T15:40:45.986806+00:00
100421473,157066,에어렉스 본사 공식판매점,100381493,http://shop1.phinf.naver.net/20191001_209/1569892435752cNVjK_JPEG/7255824121757927_755632681.jpg,https://shoppinglive.naver.com/channels/157066,GRADE_1,,2026-05-20T15:40:45.986806+00:00
1100015047,262097,데이저,1100014773,http://shop1.phinf.naver.net/20251202_227/1764652813739cb9Os_PNG/50728239571652875_1185554416.png,https://shoppinglive.naver.com/channels/262097,GRADE_1,,2026-05-20T15:40:45.986806+00:00
100760865,100545,홈앤아트 스토어,100702698,http://shop1.phinf.naver.net/20230426_169/1682482242936wU1tx_JPEG/9784926817010835_1016723727.jpg,https://shoppinglive.naver.com/channels/100545,GRADE_2,,2026-05-20T15:40:48.386085+00:00
102408447,263850,매란당,102293794,http://shop1.phinf.naver.net/20260513_76/177865749699696jF1_PNG/25937140646004854_1725989194.png,https://shoppinglive.naver.com/channels/263850,GRADE_1,,2026-05-20T15:40:48.386085+00:00
500013892,10981,프로젝터매니아,500013892,http://shop1.phinf.naver.net/20211215_116/1639549535239NLveC_JPEG/40685380953877357_1266287971.jpg,https://shoppinglive.naver.com/channels/10981,GRADE_1,,2026-05-20T15:40:48.386085+00:00
102756471,256300,굿즈랩스튜디오,102633731,http://shop1.phinf.naver.net/20260325_93/1774428987778ca6AY_JPEG/3569719394685559_1250926535.jpg,https://shoppinglive.naver.com/channels/256300,GRADE_1,,2026-05-20T15:40:48.386085+00:00
500020376,11955,LG전자인증점 혜지시스템,500020376,http://shop1.phinf.naver.net/20230315_190/1678859096518nndOY_JPEG/79994985228741776_1684248922.jpg,https://shoppinglive.naver.com/channels/11955,GRADE_3,,2026-05-20T15:40:48.845271+00:00
100374388,49662,LG전자인증점 티앤티,100338420,http://shop1.phinf.naver.net/20221209_265/167054540124028Osf_JPEG/71681235062400537_1396261589.jpg,https://shoppinglive.naver.com/channels/49662,GRADE_3,,2026-05-20T15:40:49.605482+00:00
500012178,11065,아리스노보,500012178,http://shop2.phinf.naver.net/20141121_150/unimax5_1416561699709cxiQJ_JPEG/a.jpg,https://shoppinglive.naver.com/channels/11065,GRADE_1,,2026-05-20T15:40:52.116735+00:00
102171393,218448,디스퍼 공식몰,102062549,http://shop1.phinf.naver.net/20250715_286/1752559944610stikK_JPEG/86692863750963467_1825802416.jpg,https://shoppinglive.naver.com/channels/218448,GRADE_1,,2026-05-20T15:40:54.675010+00:00
101444998,161681,힘펠스토어,101360524,http://shop1.phinf.naver.net/20250703_13/17515060996624NBXz_PNG/75484061464407663_1657465665.png,https://shoppinglive.naver.com/channels/161681,GRADE_2,,2026-05-20T15:40:54.675010+00:00
500214031,106564,로터프여의도점,500214031,http://shop1.phinf.naver.net/20240716_240/1721095412888w20nt_JPEG/67729196124216753_1167569336.jpg,https://shoppinglive.naver.com/channels/106564,GRADE_1,,2026-05-20T15:40:56.265405+00:00
102386215,197508,노마드굿즈,102272176,http://shop1.phinf.naver.net/20240716_203/1721095506415N1QlH_JPEG/10476866062652023_944010156.jpg,https://shoppinglive.naver.com/channels/197508,GRADE_1,,2026-05-20T15:40:56.265405+00:00
500115575,88988,LLC코리아,500115575,http://shop1.phinf.naver.net/20251205_269/1764867814755nzYAP_PNG/99000679904240008_523853216.png,https://shoppinglive.naver.com/channels/88988,GRADE_2,,2026-05-20T15:40:56.265405+00:00
100631193,58049,디엘티테크코리아,100578552,http://shop1.phinf.naver.net/20250627_165/1750987718959YTGpG_JPEG/2590445926605848_746270239.jpg,https://shoppinglive.naver.com/channels/58049,GRADE_2,,2026-05-20T15:40:56.265405+00:00
101615785,124146,이리스놀이터,101525324,http://shop1.phinf.naver.net/20260326_213/1774501237706mMO8T_PNG/586630844709247_2097512702.png,https://shoppinglive.naver.com/channels/124146,GRADE_1,,2026-05-20T15:40:57.038855+00:00
500001997,486,보국공식스토어,500001997,http://shop1.phinf.naver.net/20200331_9/1585643827545QENdS_JPEG/23006161119083507_1148759686.jpg,https://shoppinglive.naver.com/channels/486,GRADE_2,,2026-05-20T15:41:02.208544+00:00
1100115241,263505,DIMER,1100113089,http://shop1.phinf.naver.net/20260408_233/17756273856849LFxR_PNG/16774115398680394_1060921465.png,https://shoppinglive.naver.com/channels/263505,GRADE_1,,2026-05-20T15:41:04.059439+00:00
101782565,101181,신일전자 온라인스토어,101686227,http://shop1.phinf.naver.net/20240403_223/1712124547180TKoqU_PNG/39427231006685698_506666730.png,https://shoppinglive.naver.com/channels/101181,GRADE_3,,2026-05-20T15:41:04.780251+00:00
500008343,10667,보이아스토어,500008343,http://shop1.phinf.naver.net/20260324_200/17743136505798Fcgi_JPEG/70943602571018205_538758618.jpg,https://shoppinglive.naver.com/channels/10667,GRADE_1,,2026-05-20T15:41:05.569893+00:00
100283244,45956,숨밸런스 공식몰,100254801,http://shop1.phinf.naver.net/20260129_272/1769676393670QVbbh_PNG/99038011216432226_854580025.png,https://shoppinglive.naver.com/channels/45956,GRADE_2,,2026-05-20T15:41:06.547978+00:00
500227182,30098,키마켓,500227182,http://shop1.phinf.naver.net/20210623_248/1624427340591a3bI2_JPEG/25563168420480459_1781486401.jpg,https://shoppinglive.naver.com/channels/30098,GRADE_1,,2026-05-20T15:41:06.547978+00:00
500041967,14538,위즈웰,500041967,http://shop1.phinf.naver.net/20221025_156/1666665197965LulDs_PNG/67801025793720161_1589836197.png,https://shoppinglive.naver.com/channels/14538,GRADE_2,,2026-05-20T15:41:07.365049+00:00
500005575,9940,모드라,500005575,http://shop1.phinf.naver.net/20241115_19/1731646219088uaqBi_PNG/13146572952434247_696904378.png,https://shoppinglive.naver.com/channels/9940,GRADE_1,,2026-05-20T15:41:08.186386+00:00
500013118,11109,알로코리아,500013118,http://shop1.phinf.naver.net/20220304_242/1646351221302dbtBW_JPEG/47487055123361544_1441020858.jpg,https://shoppinglive.naver.com/channels/11109,GRADE_2,,2026-05-20T15:41:10.064248+00:00
101096561,127640,한경희 생활과학 계절가전,101025219,http://shop1.phinf.naver.net/20251226_115/1766725402317mpQBn_PNG/18393463258425289_734791188.png,https://shoppinglive.naver.com/channels/127640,GRADE_2,,2026-05-20T15:41:10.064248+00:00
100311386,60223,스마트카라,100280118,http://shop1.phinf.naver.net/20220527_250/1653641032418HFbKJ_JPEG/54776811734950927_1398855453.jpg,https://shoppinglive.naver.com/channels/60223,GRADE_3,,2026-05-20T15:41:10.064248+00:00
1100081421,260721,대우 스토어,1100079823,http://shop1.phinf.naver.net/20260318_230/1773816431411OAXQT_PNG/107949279182842269_198786959.png,https://shoppinglive.naver.com/channels/260721,GRADE_2,,2026-05-20T15:41:10.064248+00:00
500018315,11833,한일 본사직영몰,500018315,http://shop1.phinf.naver.net/20260205_146/1770276581435Iqd93_PNG/6455223241332973_2055965361.png,https://shoppinglive.naver.com/channels/11833,GRADE_2,,2026-05-20T15:41:10.064248+00:00
500134434,115480,쏭스 스토어,500134434,http://shop1.phinf.naver.net/20191113_197/157362004369824ScX_PNG/10981586306767305_29769640.png,https://shoppinglive.naver.com/channels/115480,GRADE_2,,2026-05-20T15:41:10.779015+00:00
100173350,77292,청호나이스 공식몰,100155851,http://shop1.phinf.naver.net/20230310_268/1678434110853yoPmw_PNG/79569953570131723_1033362370.png,https://shoppinglive.naver.com/channels/77292,GRADE_3,,2026-05-20T15:41:10.779015+00:00
101342409,164612,샤크닌자 코리아,101261152,http://shop1.phinf.naver.net/20230220_81/1676887282452ov8fa_JPEG/78023116127038203_656997050.jpg,https://shoppinglive.naver.com/channels/164612,GRADE_3,,2026-05-20T15:41:10.779015+00:00
101493016,151239,에어보나 공식몰,101406818,http://shop1.phinf.naver.net/20240613_287/1718268503108IA500_JPEG/9973068933756758_1596449178.jpg,https://shoppinglive.naver.com/channels/151239,GRADE_2,,2026-05-20T15:41:10.779015+00:00
100180126,42075,이노크아든,100161779,http://shop1.phinf.naver.net/20260323_239/17742284975762di5I_JPEG/7773895966204558_14624137.jpg,https://shoppinglive.naver.com/channels/42075,GRADE_1,,2026-05-20T15:41:11.851221+00:00
100147776,79782,닥터스몰,100133219,http://shop1.phinf.naver.net/20230905_227/1693890420125FmAL2_JPEG/21193104006945204_416783559.jpg,https://shoppinglive.naver.com/channels/79782,GRADE_2,,2026-05-20T15:41:11.851221+00:00
102599309,250578,캑터시,102479436,http://shop1.phinf.naver.net/20250325_49/1742873426656dMoDV_JPEG/34597202614734833_10210767.jpg,https://shoppinglive.naver.com/channels/250578,GRADE_2,,2026-05-20T15:41:11.851221+00:00
1100041876,259008,오엘라 공식 스토어,1100041178,http://shop1.phinf.naver.net/20251222_205/1766368703553AERwW_PNG/29353557282453469_97419394.png,https://shoppinglive.naver.com/channels/259008,GRADE_2,,2026-05-20T15:41:11.851221+00:00
500260756,729,캐치웰,500260756,http://shop1.phinf.naver.net/20230612_86/1686553640975ddvj7_JPEG/87689529685937050_1180433322.jpg,https://shoppinglive.naver.com/channels/729,GRADE_3,,2026-05-20T15:41:12.861412+00:00
500019402,11781,재원전자,500019402,http://shop1.phinf.naver.net/20230728_32/1690505290265s7qsP_PNG/91641125101233713_705061584.png,https://shoppinglive.naver.com/channels/11781,GRADE_2,,2026-05-20T15:41:13.379837+00:00
102486407,208656,케이스뮤즈,102369610,http://shop1.phinf.naver.net/20241103_15/1730627308506blvNx_JPEG/80015106301885362_1432849133.jpg,https://shoppinglive.naver.com/channels/208656,GRADE_2,,2026-05-20T15:41:13.379837+00:00
100800582,196496,BYALL,100740952,http://shop1.phinf.naver.net/20240709_125/1720483421331efkNP_PNG/1025629972899832_72626215.png,https://shoppinglive.naver.com/channels/196496,GRADE_2,,2026-05-20T15:41:16.221093+00:00
102521267,227061,하츠공식인증몰,102403348,http://shop1.phinf.naver.net/20241118_6/1731860123657hnDH6_PNG/65993001813503872_958074748.png,https://shoppinglive.naver.com/channels/227061,GRADE_2,,2026-05-20T15:41:17.059467+00:00
101243018,143132,바이피,101165425,http://shop1.phinf.naver.net/20250613_265/1749789319038DwzE3_PNG/78693201057860969_214366734.png,https://shoppinglive.naver.com/channels/143132,GRADE_2,,2026-05-20T15:41:17.059467+00:00
500050191,15363,에버홈,500050191,http://shop1.phinf.naver.net/20260324_127/1774320140620fkipi_JPEG/82426445212335047_541108430.jpg,https://shoppinglive.naver.com/channels/15363,GRADE_1,,2026-05-20T15:41:18.184579+00:00
102612443,261052,에이랩스튜디오,102492347,http://shop1.phinf.naver.net/20250602_154/1748850747464GQJlT_JPEG/32126997590103028_1050356954.jpg,https://shoppinglive.naver.com/channels/261052,GRADE_2,,2026-05-20T15:41:18.184579+00:00
102621260,237472,게이밍 몬스터 기어,102500995,http://shop1.phinf.naver.net/20250325_182/1742886881419s7lBM_PNG/77019742546082870_2049880471.png,https://shoppinglive.naver.com/channels/237472,GRADE_1,,2026-05-20T15:41:21.973096+00:00
1100135106,263808,매니아이 하우스,1100132629,http://shop1.phinf.naver.net/20260511_218/1778503179084nlIdi_JPEG/112635962970264842_1587210367.jpeg,https://shoppinglive.naver.com/channels/263808,GRADE_1,,2026-05-20T15:41:26.916776+00:00
500223042,61282,나비엔메이트,500223042,http://shop1.phinf.naver.net/20210908_196/16310792039263NBh7_JPEG/32214983650894670_1613531052.jpg,https://shoppinglive.naver.com/channels/61282,GRADE_2,,2026-05-20T15:41:28.061310+00:00
102107024,171787,푸드사이클러 코리아,102000111,http://shop1.phinf.naver.net/20230918_220/1695020867044XTIuG_PNG/96156694870207633_354667010.png,https://shoppinglive.naver.com/channels/171787,GRADE_2,,2026-05-20T15:41:29.859049+00:00
100032046,65,에어메이드,100027916,http://shop1.phinf.naver.net/20221124_66/1669279739432iJ5fc_JPEG/70415567256102511_194494821.jpg,https://shoppinglive.naver.com/channels/65,GRADE_3,,2026-05-20T15:41:29.859049+00:00
101813950,162662,바리미,101716632,http://shop1.phinf.naver.net/20250422_194/1745289216521NxINa_JPEG/54992030365036602_84123241.jpg,https://shoppinglive.naver.com/channels/162662,GRADE_2,,2026-05-20T15:41:30.598930+00:00
100208089,43243,보아르샵,100186893,http://shop1.phinf.naver.net/20260323_252/1774234951210erO6y_JPEG/52686782605142367_1759505003.jpg,https://shoppinglive.naver.com/channels/43243,GRADE_3,,2026-05-20T15:41:31.659114+00:00
102743470,245695,올데이라이프,102620930,http://shop1.phinf.naver.net/20251023_106/1761204819989miKaL_JPEG/10274571053773180_44574323.jpg,https://shoppinglive.naver.com/channels/245695,GRADE_2,,2026-05-20T15:41:31.659114+00:00
101678727,128448,직방 스마트홈,101586364,http://shop1.phinf.naver.net/20230725_255/1690296155609PsipF_PNG/91432044321519096_37742310.png,https://shoppinglive.naver.com/channels/128448,GRADE_3,,2026-05-20T15:41:31.659114+00:00
100852961,61524,에브리봇 공식쇼핑몰,100791248,http://shop1.phinf.naver.net/20220728_290/1658979474034xz55N_PNG/60115372738855516_2006869357.png,https://shoppinglive.naver.com/channels/61524,GRADE_3,,2026-05-20T15:41:31.659114+00:00
100127814,57459,우먼스9999,100115344,http://shop1.phinf.naver.net/20220720_247/1658285512195oxV9e_JPEG/59421347012427483_1709688006.jpg,https://shoppinglive.naver.com/channels/57459,GRADE_2,,2026-05-20T15:41:32.326502+00:00
500035308,13432,루메나,500035308,http://shop1.phinf.naver.net/20220729_127/1659079803017BbGft_JPEG/60215586720876089_487997937.jpg,https://shoppinglive.naver.com/channels/13432,GRADE_3,,2026-05-20T15:41:33.312409+00:00
500024042,11987,펄사 플레이스토어,500024042,http://shop1.phinf.naver.net/20251208_228/1765174736442698Ku_JPEG/23633410606623074_1153916718.jpg,https://shoppinglive.naver.com/channels/11987,GRADE_1,,2026-05-20T15:41:35.079595+00:00
102072394,161093,TCL 공식스토어,101966536,http://shop1.phinf.naver.net/20231025_280/16982054727595DIdy_JPEG/99341307590492793_1358874943.jpg,https://shoppinglive.naver.com/channels/161093,GRADE_3,,2026-05-20T15:41:35.693168+00:00
102018808,135504,비티일렉스,101914613,http://shop1.phinf.naver.net/20230706_163/1688629416522MLnJO_PNG/89765200236728939_1301954500.png,https://shoppinglive.naver.com/channels/135504,GRADE_1,,2026-05-20T15:41:35.693168+00:00
500001296,65875,사온프라자 S스토어,500001296,http://shop1.phinf.naver.net/20210427_66/1619487765055JxF9o_JPEG/20623607762222794_1452717683.jpg,https://shoppinglive.naver.com/channels/65875,GRADE_1,,2026-05-20T15:41:36.449270+00:00
101638227,201113,자일렉 코리아,101547100,http://shop1.phinf.naver.net/20220804_233/1659595997987fjmO1_JPEG/60731843706548655_177007711.jpg,https://shoppinglive.naver.com/channels/201113,GRADE_2,,2026-05-20T15:41:36.449270+00:00
102589040,222577,비쎌 공식몰,102469370,http://shop1.phinf.naver.net/20250207_22/17389134171662gXU4_PNG/164727317976712_1877414149.png,https://shoppinglive.naver.com/channels/222577,GRADE_2,,2026-05-20T15:41:37.426361+00:00
500096326,19406,티커벨,500096326,http://shop1.phinf.naver.net/20260324_193/1774326655054DrPX5_JPEG/75917415427095656_1316119815.jpg,https://shoppinglive.naver.com/channels/19406,GRADE_2,,2026-05-20T15:41:40.299103+00:00
101105670,96948,힐링쉴드코리아,101033985,http://shop1.phinf.naver.net/20210716_250/1626401920815mAJgz_JPEG/27537816547325925_1481007360.jpg,https://shoppinglive.naver.com/channels/96948,GRADE_1,,2026-05-20T15:41:40.299103+00:00
101262188,97945,아이폰 쓰면 아이쉘,101183820,http://shop1.phinf.naver.net/20240911_158/1726032213039OgCpR_JPEG/29589086804101833_327991982.jpg,https://shoppinglive.naver.com/channels/97945,GRADE_1,,2026-05-20T15:41:41.587062+00:00
100113176,44892,비쎌코리아,100102059,http://shop1.phinf.naver.net/20250623_121/1750664940969dqVAJ_JPEG/84797730115954643_1731975472.jpg,https://shoppinglive.naver.com/channels/44892,GRADE_3,,2026-05-20T15:41:41.587062+00:00
102219168,224463,booie,102108966,http://shop1.phinf.naver.net/20240123_42/1705972162868b4oeI_GIF/107107996690307355_1480880964.gif,https://shoppinglive.naver.com/channels/224463,GRADE_1,,2026-05-20T15:41:42.732439+00:00
500217403,29234,키크론 공식스토어,500217403,http://shop1.phinf.naver.net/20211221_123/16400519228102r3q6_JPEG/41187706523713633_1700775767.jpg,https://shoppinglive.naver.com/channels/29234,GRADE_2,,2026-05-20T15:41:43.803042+00:00
101301419,258029,아마존사운드-음향기기,101221517,http://shop1.phinf.naver.net/20260121_148/1768979606751WAvfU_PNG/103112416867039382_8843418.png,https://shoppinglive.naver.com/channels/258029,GRADE_1,,2026-05-20T15:41:45.488945+00:00
101346853,116630,라벨터치,101265490,http://shop1.phinf.naver.net/20240315_18/17104704724931dXts_JPEG/111606256201187153_2025254362.jpg,https://shoppinglive.naver.com/channels/116630,GRADE_2,,2026-05-20T15:41:49.732008+00:00
101115822,141711,리웨이스토어,101043747,http://shop1.phinf.naver.net/20210312_171/16155053660940mLSA_PNG/16641254637638055_937360427.png,https://shoppinglive.naver.com/channels/141711,GRADE_1,,2026-05-20T15:41:49.732008+00:00
500000507,8526,한일공식몰,500000507,http://shop1.phinf.naver.net/20260413_6/1776039295911UkTHH_PNG/30681527857900524_603595472.png,https://shoppinglive.naver.com/channels/8526,GRADE_2,,2026-05-20T15:41:49.732008+00:00
500015252,11318,LG전자인증점 노트북랜드,500015252,http://shop1.phinf.naver.net/20230221_204/1676942782588dRzvV_PNG/78078671293548956_2061611051.png,https://shoppinglive.naver.com/channels/11318,GRADE_3,,2026-05-20T15:41:51.474604+00:00
101358763,118592,르젠 LEZEN,101276985,http://shop1.phinf.naver.net/20211101_11/16357542922910QR42_JPEG/36890135008368278_257098668.jpg,https://shoppinglive.naver.com/channels/118592,GRADE_2,,2026-05-20T15:41:52.334208+00:00
100710857,59709,필터모아FM,100654462,http://shop1.phinf.naver.net/20210427_229/1619490480345XT6k4_JPEG/20626369047846003_722912761.jpg,https://shoppinglive.naver.com/channels/59709,GRADE_2,,2026-05-20T15:41:54.552761+00:00
100970964,263763,지클릭커 쇼핑몰,100904633,http://shop1.phinf.naver.net/20260130_191/17697534518752e4Cu_JPEG/47404347642838146_1745622103.jpg,https://shoppinglive.naver.com/channels/263763,GRADE_1,,2026-05-20T15:41:55.603784+00:00
102686878,263766,하우스오브말리,102565268,http://shop1.phinf.naver.net/20250610_93/1749527906082nd0ni_PNG/19902327211708580_1168881469.png,https://shoppinglive.naver.com/channels/263766,GRADE_1,,2026-05-20T15:41:56.635822+00:00
100631727,63777,코웨이 브랜드 스토어,100579055,http://shop1.phinf.naver.net/20230621_135/1687312130698xR2Q0_PNG/88447914394059694_371316847.png,https://shoppinglive.naver.com/channels/63777,GRADE_3,,2026-05-20T15:42:00.556793+00:00
100256400,104441,오르테,100230451,http://shop1.phinf.naver.net/20211228_29/1640680684739xGHpm_JPEG/41816512561441967_223215918.jpg,https://shoppinglive.naver.com/channels/104441,GRADE_2,,2026-05-20T15:42:00.556793+00:00
101523411,253405,동행하기,101436106,http://shop1.phinf.naver.net/20221230_52/1672387598401UXJBd_JPEG/73523494131213467_1773469468.jpg,https://shoppinglive.naver.com/channels/253405,GRADE_1,,2026-05-20T15:42:00.556793+00:00
102764063,251974,오드앵글 스토어,102641215,http://shop1.phinf.naver.net/20251113_244/17629998245770pMXo_JPEG/97132652738735453_934482266.jpg,https://shoppinglive.naver.com/channels/251974,GRADE_1,,2026-05-20T15:42:00.556793+00:00
101167990,73266,필립스생활가전코리아,101093759,http://shop1.phinf.naver.net/20210624_266/1624514534136fGeBr_JPEG/25650429209384655_1017568669.jpg,https://shoppinglive.naver.com/channels/73266,GRADE_3,,2026-05-20T15:42:01.040125+00:00
500012256,60680,테팔,500012256,http://shop2.phinf.naver.net/20160817_226/stigroup_14714381228390SN3d_JPEG/1083503305333968_1394153388.jpg,https://shoppinglive.naver.com/channels/60680,GRADE_3,,2026-05-20T15:42:02.069285+00:00
500215714,259041,와이에스비투비,500215714,https://shop-phinf.pstatic.net/20241021_160/1729515956246bEynj_JPEG/6f8a5992.jpg,https://shoppinglive.naver.com/channels/259041,GRADE_1,,2026-05-20T15:42:02.069285+00:00
500046454,153371,신일전자공식인증점 신일유통,500046454,http://shop1.phinf.naver.net/20250819_19/1755585793830004nU_JPEG/89718631985794014_1153237616.jpg,https://shoppinglive.naver.com/channels/153371,GRADE_2,,2026-05-20T15:42:02.069285+00:00
101254958,85130,아임랙 베스트샵,101176892,http://shop1.phinf.naver.net/20230816_204/1692154117848NSl7x_JPEG/93289951649942555_796497120.jpg,https://shoppinglive.naver.com/channels/85130,GRADE_2,,2026-05-20T15:42:02.069285+00:00
102294287,185229,마베비,102182430,http://shop1.phinf.naver.net/20240930_291/1727668985550a15YK_JPEG/4036576661228462_940123830.jpg,https://shoppinglive.naver.com/channels/185229,GRADE_1,,2026-05-20T15:42:07.814541+00:00
101858079,228977,SK매직 공식 대리점,101759555,http://shop1.phinf.naver.net/20230209_193/1675925099165MDtMi_JPEG/77060882881446079_82927331.jpg,https://shoppinglive.naver.com/channels/228977,GRADE_2,,2026-05-20T15:42:07.814541+00:00
500219668,69514,바이타믹스코리아,500219668,http://shop1.phinf.naver.net/20210830_7/16303069977531RGNa_JPEG/31442831575472845_1733242464.jpeg,https://shoppinglive.naver.com/channels/69514,GRADE_3,,2026-05-20T15:42:08.653241+00:00
102017439,134560,포트앤픽,101913277,http://shop1.phinf.naver.net/20250609_236/1749397392026YNdKE_JPEG/9961305099679093_147958415.jpg,https://shoppinglive.naver.com/channels/134560,GRADE_1,,2026-05-20T15:42:16.453807+00:00
101588455,96874,STENA,101498779,http://shop1.phinf.naver.net/20220616_96/1655368622302pMXmO_PNG/56504510791695146_1772571587.png,https://shoppinglive.naver.com/channels/96874,GRADE_3,,2026-05-20T15:42:18.038645+00:00
102340767,207408,볼티움,102227830,http://shop1.phinf.naver.net/20241031_11/17303363508150bfyW_PNG/11846384698644992_398369477.png,https://shoppinglive.naver.com/channels/207408,GRADE_2,,2026-05-20T15:42:19.057040+00:00
102057587,144964,오마뉴케이스,101952160,http://shop1.phinf.naver.net/20230920_211/1695183640463lM82W_JPEG/96319424178608294_1349506048.jpg,https://shoppinglive.naver.com/channels/144964,GRADE_1,,2026-05-20T15:42:24.656094+00:00
100819239,62363,귀뚜라미 스토어,100758869,http://shop1.phinf.naver.net/20200922_4/1600752569646ut572_JPEG/38114903262584347_1434567891.jpg,https://shoppinglive.naver.com/channels/62363,GRADE_2,,2026-05-20T15:42:26.534285+00:00
102567916,259868,seedon,102448634,http://shop1.phinf.naver.net/20260210_64/17706986639594wd3h_JPEG/61499636260367411_560356687.jpg,https://shoppinglive.naver.com/channels/259868,GRADE_2,,2026-05-20T15:42:29.974762+00:00
500033247,13340,벨킨공식몰,500033247,http://shop1.phinf.naver.net/20230503_174/168307489398121S90_PNG/84210736694728221_6671832.png,https://shoppinglive.naver.com/channels/13340,GRADE_3,,2026-05-20T15:42:32.821426+00:00
500008275,10598,SmartShop,500008275,http://shop1.phinf.naver.net/20231128_17/17011611230549bz2p_PNG/28463806939114845_538721164.png,https://shoppinglive.naver.com/channels/10598,GRADE_2,,2026-05-20T15:42:49.071820+00:00
100000424,99572,IVOW,100000252,http://shop1.phinf.naver.net/20260319_231/1773894707368Dy9Mv_JPEG/23669849495181685_-963807812.jpg,https://shoppinglive.naver.com/channels/99572,GRADE_1,,2026-05-20T15:42:54.831047+00:00
1100050506,263717,신일 스토어 온라인,1100049657,http://shop1.phinf.naver.net/20260103_214/17674169672058eW8S_JPEG/54615574080704777_1762327174.jpg,https://shoppinglive.naver.com/channels/263717,GRADE_1,,2026-05-20T15:42:59.274219+00:00
101170746,110146,Golden Bear,101096392,http://shop1.phinf.naver.net/20210607_4/1623057736780yXykl_JPEG/24193564608877461_1591393828.jpg,https://shoppinglive.naver.com/channels/110146,GRADE_3,,2026-05-21T11:02:26.538491+00:00
100387882,50263,언더독스포츠,100350675,http://shop1.phinf.naver.net/20191213_14/1576224896405FdR3V_JPEG/13586439012489713_646368781.jpg,https://shoppinglive.naver.com/channels/50263,GRADE_1,,2026-05-21T11:02:26.538491+00:00
100799363,89246,르플렉스,100739787,http://shop1.phinf.naver.net/20220503_106/1651560481368nqwSz_JPEG/52696315185490140_1493582812.jpg,https://shoppinglive.naver.com/channels/89246,GRADE_3,,2026-05-21T11:02:26.538491+00:00
500182198,26490,멜킨스포츠,500182198,http://shop1.phinf.naver.net/20260324_71/1774341215628nWW5c_JPEG/37924350784804334_2046131052.JPG,https://shoppinglive.naver.com/channels/26490,GRADE_3,,2026-05-21T11:02:26.538491+00:00
500000921,8597,이고진헬스,500000921,http://shop1.phinf.naver.net/20240131_162/1706690113397obsiT_PNG/107825947218006023_665345038.png,https://shoppinglive.naver.com/channels/8597,GRADE_3,,2026-05-21T11:02:26.538491+00:00
1100039485,257513,campingmong,1100038824,http://shop1.phinf.naver.net/20260115_166/1768458302421xdSWK_PNG/10970037413836484_2007577658.png,https://shoppinglive.naver.com/channels/257513,GRADE_2,,2026-05-21T11:02:29.568923+00:00
1100105097,261821,타임투런,1100103096,http://shop1.phinf.naver.net/20260516_82/17789154652954jW0Q_PNG/57712803648951999_1815826756.png,https://shoppinglive.naver.com/channels/261821,GRADE_1,,2026-05-21T11:02:29.568923+00:00
101800535,240958,포보 스포츠 전문점,101703558,http://shop1.phinf.naver.net/20250508_153/1746688997593cfx13_PNG/2500891735617745_1758193001.png,https://shoppinglive.naver.com/channels/240958,GRADE_1,,2026-05-21T11:02:29.568923+00:00
1000005738,87055,레노마수영복,500184663,https://shop-phinf.pstatic.net/20241021_160/1729515956246bEynj_JPEG/6f8a5992.jpg,https://shoppinglive.naver.com/channels/87055,GRADE_2,현대아울렛 가산점,2026-05-21T11:02:29.568923+00:00
500113054,8185,2DITOR 투디터,500113054,http://shop1.phinf.naver.net/20251112_183/1762927674296pfSgu_JPEG/88505981081719888_392962967.jpg,https://shoppinglive.naver.com/channels/8185,GRADE_2,,2026-05-21T11:02:29.568923+00:00
102553065,250792,JL MAGIC 제이엘매직,102434202,http://shop1.phinf.naver.net/20250610_72/1749540543770l8mrl_PNG/18846573777041159_16509655.png,https://shoppinglive.naver.com/channels/250792,GRADE_2,,2026-05-21T11:02:30.471379+00:00
101239470,78061,코지모해,101162006,http://shop1.phinf.naver.net/20230119_78/16741032462609rVX9_PNG/75239025987414095_964784678.png,https://shoppinglive.naver.com/channels/78061,GRADE_2,,2026-05-21T11:02:30.471379+00:00
500218596,29467,바디엑스,500218596,http://shop1.phinf.naver.net/20230612_132/1686555201908C0Cf6_JPEG/87690981631345191_829359200.jpg,https://shoppinglive.naver.com/channels/29467,GRADE_2,,2026-05-21T11:02:30.471379+00:00
100313523,175899,테일러메이드 부산점,100282050,http://shop1.phinf.naver.net/20260303_181/1772520513695kOG58_JPEG/106653364817020640_1559776517.jpg,https://shoppinglive.naver.com/channels/175899,GRADE_1,,2026-05-21T11:02:30.471379+00:00
102327504,180840,WAAC 롯데백화점 동탄점,102214911,https://shop-phinf.pstatic.net/20241021_160/1729515956246bEynj_JPEG/6f8a5992.jpg,https://shoppinglive.naver.com/channels/180840,GRADE_2,롯데백화점 동탄점,2026-05-21T11:02:30.471379+00:00
102769186,258073,뽕브라몰 공식스토어,102646237,http://shop1.phinf.naver.net/20260123_288/1769133024882W8uYM_JPEG/23741841858277745_2024244890.jpg,https://shoppinglive.naver.com/channels/258073,GRADE_1,,2026-05-21T11:02:30.471379+00:00
100695747,77578,쫑토이즈,100639998,http://shop1.phinf.naver.net/20200406_98/1586175045739vmNre_JPEG/23537379315167020_348321010.jpg,https://shoppinglive.naver.com/channels/77578,GRADE_2,,2026-05-21T11:02:30.471379+00:00
500002308,61258,코리아보드게임즈,500002308,http://shop1.phinf.naver.net/20220207_246/1644198576987MfwO0_PNG/45334410304054555_336904131.png,https://shoppinglive.naver.com/channels/61258,GRADE_2,,2026-05-21T11:02:31.425632+00:00
102502326,241014,까스텔바작,102384915,https://shop-phinf.pstatic.net/20241021_160/1729515956246bEynj_JPEG/6f8a5992.jpg,https://shoppinglive.naver.com/channels/241014,GRADE_1,이천일 분당점,2026-05-21T11:02:31.425632+00:00
500006362,9980,길몰,500006362,http://shop1.phinf.naver.net/20260324_152/17743134752868oTJR_JPEG/50456542439188270_1532707550.jpg,https://shoppinglive.naver.com/channels/9980,GRADE_1,,2026-05-21T11:02:31.425632+00:00
101233589,89102,가호마르쉐,101156382,http://shop1.phinf.naver.net/20210805_197/16281376895152fIGt_PNG/29273469237142376_1661422158.png,https://shoppinglive.naver.com/channels/89102,GRADE_1,,2026-05-21T11:02:31.425632+00:00
100382835,50071,더스크랙,100346222,http://shop1.phinf.naver.net/20231026_260/1698298836805VCIJb_PNG/99434620522569115_1360744822.png,https://shoppinglive.naver.com/channels/50071,GRADE_2,,2026-05-21T11:02:31.425632+00:00
101411037,98435,집나온곰,101327518,http://shop1.phinf.naver.net/20240618_118/1718706668195WpCfV_JPEG/512424215307225_417813495.jpg,https://shoppinglive.naver.com/channels/98435,GRADE_2,,2026-05-21T11:02:31.708393+00:00
101731906,99294,아크테릭스,101637789,https://shop-phinf.pstatic.net/20241021_160/1729515956246bEynj_JPEG/6f8a5992.jpg,https://shoppinglive.naver.com/channels/99294,GRADE_2,롯데백화점 동탄점,2026-05-21T11:02:31.708393+00:00
100262790,70050,차차퀸,100236191,http://shop1.phinf.naver.net/20260210_87/1770696696771avc5t_PNG/6875338575517603_641818691.png,https://shoppinglive.naver.com/channels/70050,GRADE_1,,2026-05-21T11:02:31.708393+00:00
102080567,170300,컴퍼니투에스,101974464,http://shop1.phinf.naver.net/20230828_101/1693234775599IDCxg_PNG/20537459483655568_2012664049.png,https://shoppinglive.naver.com/channels/170300,GRADE_2,,2026-05-21T11:02:31.708393+00:00
102207189,187189,인피니티 스포츠,102097306,http://shop1.phinf.naver.net/20241009_14/1728468394047MtrLe_PNG/13991165888088361_1196978212.png,https://shoppinglive.naver.com/channels/187189,GRADE_2,,2026-05-21T11:02:31.708393+00:00
500029125,67272,웨스트스타일,500029125,http://shop1.phinf.naver.net/20220825_261/1661390142173uc2pz_JPEG/62525977001490758_2101980797.jpg,https://shoppinglive.naver.com/channels/67272,GRADE_1,,2026-05-21T11:02:31.708393+00:00
102496032,263974,골프-소풍,102378743,http://shop1.phinf.naver.net/20260513_55/177865330438877vJa_PNG/30079272416929492_1906114946.png,https://shoppinglive.naver.com/channels/263974,GRADE_1,,2026-05-21T11:02:32.054646+00:00
100840374,263970,달리고바이크,100779078,http://shop1.phinf.naver.net/20260513_91/1778653370936XwX9G_PNG/27409642023650563_1543590914.png,https://shoppinglive.naver.com/channels/263970,GRADE_1,,2026-05-21T11:02:32.054646+00:00
500001690,8510,글로벌뮤직,500001690,http://shop1.phinf.naver.net/20210604_89/1622788542990adSuk_JPEG/23924385696091254_917348309.jpg,https://shoppinglive.naver.com/channels/8510,GRADE_2,,2026-05-21T11:02:32.054646+00:00
500142098,23326,피아노모아,500142098,http://shop1.phinf.naver.net/20231228_261/1703750504542wljPK_JPEG/31053188424288545_255829402.jpg,https://shoppinglive.naver.com/channels/23326,GRADE_2,,2026-05-21T11:02:32.054646+00:00
101511316,112765,주안공구,101424445,http://shop1.phinf.naver.net/20220401_218/1648778434542dGc30_PNG/49914330258397274_1251471011.png,https://shoppinglive.naver.com/channels/112765,GRADE_1,,2026-05-21T11:02:32.054646+00:00
101075756,82635,사담다,101005146,http://shop1.phinf.naver.net/20210208_280/1612762469672MrbXL_JPEG/13898315199282586_486364887.jpg,https://shoppinglive.naver.com/channels/82635,GRADE_2,,2026-05-21T11:02:32.054646+00:00
100205531,43105,비센드 스토어,100184618,http://shop1.phinf.naver.net/20220513_158/16524073831498w2zk_JPEG/53543228866315958_1403239637.jpg,https://shoppinglive.naver.com/channels/43105,GRADE_1,,2026-05-21T11:02:32.054646+00:00
102399641,228134,도쿄크래프트,102285232,http://shop1.phinf.naver.net/20240812_205/1723429951771hpOMq_PNG/5363623796143581_699306985.png,https://shoppinglive.naver.com/channels/228134,GRADE_2,,2026-05-21T11:02:32.403624+00:00
100210420,43271,따봉몰.,100188906,http://shop1.phinf.naver.net/20230324_55/1679636268649hLEdN_JPEG/80772167358134237_1755700735.jpg,https://shoppinglive.naver.com/channels/43271,GRADE_1,,2026-05-21T11:02:32.403624+00:00
500087809,18743,스마트런,500087809,http://shop1.phinf.naver.net/20260106_50/17676847087774f4q7_PNG/17296241293229564_866066345.png,https://shoppinglive.naver.com/channels/18743,GRADE_1,,2026-05-21T11:02:32.403624+00:00
101876687,109910,판테온 파크골프,101777524,http://shop1.phinf.naver.net/20230808_180/1691462404996EAkf6_JPEG/92598238810419124_1767138514.jpg,https://shoppinglive.naver.com/channels/109910,GRADE_1,,2026-05-21T11:02:32.403624+00:00
102459742,212625,루트 브릿지,102343741,http://shop1.phinf.naver.net/20250526_42/1748192178705cEfzQ_JPEG/82325000144719148_252663863.jpg,https://shoppinglive.naver.com/channels/212625,GRADE_2,,2026-05-21T11:02:32.830855+00:00
101648148,216538,나노글래드,101556766,http://shop1.phinf.naver.net/20221028_40/1666941213512wpdDJ_JPEG/68077112221089514_1038807594.JPG,https://shoppinglive.naver.com/channels/216538,GRADE_2,,2026-05-21T11:02:32.830855+00:00
500025228,12368,가야미,500025228,http://shop1.phinf.naver.net/20191129_101/1574997625468V78Id_JPEG/12361014007544783_117095025.jpg,https://shoppinglive.naver.com/channels/12368,GRADE_1,,2026-05-21T11:02:33.643643+00:00
102375097,190888,스포틀러,102261315,http://shop1.phinf.naver.net/20240529_138/1716968975270KooPD_PNG/118104817985537433_1656111200.png,https://shoppinglive.naver.com/channels/190888,GRADE_3,,2026-05-21T11:02:33.643643+00:00
101660014,197197,업글영어,101568299,https://shop-phinf.pstatic.net/20241021_160/1729515956246bEynj_JPEG/6f8a5992.jpg,https://shoppinglive.naver.com/channels/197197,GRADE_1,,2026-05-21T11:02:36.004524+00:00
500050506,15193,우리들낚시,500050506,http://shop1.phinf.naver.net/20260419_139/1776600598422W8Lrl_JPEG/34083618198175017_1252532026.jpg,https://shoppinglive.naver.com/channels/15193,GRADE_2,,2026-05-21T11:02:36.869404+00:00
100395766,84056,쎄미콜론샵,100357957,http://shop1.phinf.naver.net/20201105_124/1604544083620MNGjy_JPEG/5679911447936993_1559932339.jpg,https://shoppinglive.naver.com/channels/84056,GRADE_2,,2026-05-21T11:02:36.869404+00:00
100410847,51188,제이엔골프,100371724,http://shop1.phinf.naver.net/20250708_201/1751967894119KMLLd_JPEG/86100695615527098_850472672.jpg,https://shoppinglive.naver.com/channels/51188,GRADE_1,,2026-05-21T11:02:36.869404+00:00
101355967,88195,잇존어패럴,101274302,http://shop1.phinf.naver.net/20240424_275/1713923207248Asdnq_PNG/115059102984545166_1851053125.png,https://shoppinglive.naver.com/channels/88195,GRADE_2,,2026-05-21T11:02:36.869404+00:00
100700545,67414,커즈와일강남점,100644581,http://shop1.phinf.naver.net/20200501_217/1588319037122TQ3xQ_JPEG/25680579753360403_1892492334.jpg,https://shoppinglive.naver.com/channels/67414,GRADE_3,,2026-05-21T11:02:37.744107+00:00
100670261,94660,솜솜라이크,100615718,http://shop1.phinf.naver.net/20250415_147/1744695630616edqG1_PNG/507524762724352_436918613.png,https://shoppinglive.naver.com/channels/94660,GRADE_2,,2026-05-21T11:02:37.744107+00:00
100528462,55246,레드코코-REDKOCO,100481080,http://shop1.phinf.naver.net/20240111_97/1704963621273YgQno_JPEG/106099404976008342_1783497373.jpg,https://shoppinglive.naver.com/channels/55246,GRADE_1,,2026-05-21T11:02:37.744107+00:00
500002161,8705,뮤디스,500002161,http://shop1.phinf.naver.net/20230808_97/1691469142384FSznG_PNG/92605038121386406_2083203516.png,https://shoppinglive.naver.com/channels/8705,GRADE_3,,2026-05-21T11:02:38.523012+00:00
102061790,163859,Rain Forest,101956230,http://shop1.phinf.naver.net/20231208_157/1702012504270Gy0Sp_PNG/103148283996311613_1984832012.png,https://shoppinglive.naver.com/channels/163859,GRADE_2,,2026-05-21T11:02:38.523012+00:00
101146584,158176,쇼미샵,101073164,http://shop1.phinf.naver.net/20211216_78/1639646760996rgWpD_PNG/40782588809797796_1440815212.png,https://shoppinglive.naver.com/channels/158176,GRADE_2,,2026-05-21T11:02:38.523012+00:00
100317284,157892,쇼미더바이크,100285505,http://shop1.phinf.naver.net/20200725_169/159568020143335Dcl_PNG/33040035931312568_1189534546.png,https://shoppinglive.naver.com/channels/157892,GRADE_2,,2026-05-21T11:02:38.523012+00:00
102641530,230559,구해바바,102520869,http://shop1.phinf.naver.net/20250421_184/1745201722964vTMsf_PNG/79334556456798758_738385409.png,https://shoppinglive.naver.com/channels/230559,GRADE_1,,2026-05-21T11:02:38.523012+00:00
500000592,8662,메이저골프,500000592,http://shop1.phinf.naver.net/20260324_234/1774312430701VMCd0_JPEG/70471261323271891_1652804323.jpg,https://shoppinglive.naver.com/channels/8662,GRADE_2,,2026-05-21T11:02:38.523012+00:00
500105788,20327,산틱코리아,500105788,http://shop1.phinf.naver.net/20220210_244/1644479617346lXPL7_JPEG/45615460043913802_1950018420.jpg,https://shoppinglive.naver.com/channels/20327,GRADE_1,,2026-05-21T11:02:39.353263+00:00
102612064,227996,The Sudoku,102491976,http://shop1.phinf.naver.net/20250317_262/1742217510684TKAWD_PNG/17835533138237326_677353004.png,https://shoppinglive.naver.com/channels/227996,GRADE_2,,2026-05-21T11:02:39.353263+00:00
100262615,68906,그레이캣,100236032,http://shop1.phinf.naver.net/20200604_191/1591206270683GRkdK_JPEG/28568604197354648_441880787.jpg,https://shoppinglive.naver.com/channels/68906,GRADE_2,,2026-05-21T11:02:40.068979+00:00
1100119767,262729,알로하 뮤직 스토어,1100117533,http://shop1.phinf.naver.net/20260412_78/17760007512436fIsi_JPEG/59616126234454181_1082350250.jpg,https://shoppinglive.naver.com/channels/262729,GRADE_1,,2026-05-21T11:02:42.982367+00:00
500016096,11292,헬로버디 골프,500016096,http://shop1.phinf.naver.net/20250704_288/1751557232610cX1LI_JPEG/85690160737752220_271197498.jpg,https://shoppinglive.naver.com/channels/11292,GRADE_2,,2026-05-21T11:02:42.982367+00:00
101869556,128808,HAVELLO,101770711,http://shop1.phinf.naver.net/20240703_74/1719969632393FLzCE_PNG/662842658088696_746396122.png,https://shoppinglive.naver.com/channels/128808,GRADE_1,,2026-05-21T11:02:42.982367+00:00
100431025,51939,유투스포츠 u2sports,100390385,http://shop1.phinf.naver.net/20250627_197/1751003793369cdxOT_JPEG/85136721496123443_2064865797.jpg,https://shoppinglive.naver.com/channels/51939,GRADE_2,,2026-05-21T11:02:43.346023+00:00
100245906,212168,인클로젯,100220977,http://shop1.phinf.naver.net/20220831_286/1661929070727XW84x_JPEG/63064898550610635_500721413.jpg,https://shoppinglive.naver.com/channels/212168,GRADE_2,,2026-05-21T11:02:43.346023+00:00
1100028367,258553,핑 진해점,1100027901,http://shop1.phinf.naver.net/20251209_42/1765257580651YPf3R_PNG/99390393758981697_1718185471.png,https://shoppinglive.naver.com/channels/258553,GRADE_2,,2026-05-21T11:02:43.346023+00:00
100157662,41058,세레나마켓,100142034,http://shop1.phinf.naver.net/20260320_204/1773996481515QVgOz_JPEG/45213478533793589_947610516.jpg,https://shoppinglive.naver.com/channels/41058,GRADE_1,,2026-05-21T11:02:44.474412+00:00
500106361,20482,제이빅스포츠,500106361,http://shop1.phinf.naver.net/20260324_94/17743280319644eaaI_JPEG/logo2.jpg,https://shoppinglive.naver.com/channels/20482,GRADE_1,,2026-05-21T11:02:44.474412+00:00
101760233,184310,더욱스토어,101664777,http://shop1.phinf.naver.net/20230106_5/1672966743908eVMWI_PNG/74102571738242714_1592505131.png,https://shoppinglive.naver.com/channels/184310,GRADE_1,,2026-05-21T11:02:44.474412+00:00
500093920,19411,파이프박스,500093920,http://shop1.phinf.naver.net/20220105_156/1641361083289tnh4l_PNG/42496971746449555_2094889565.png,https://shoppinglive.naver.com/channels/19411,GRADE_1,,2026-05-21T11:02:44.474412+00:00
101728681,114157,내추럴모드,101634748,http://shop1.phinf.naver.net/20221104_180/1667543992888z53m9_JPEG/68679772611136878_481262848.jpg,https://shoppinglive.naver.com/channels/114157,GRADE_2,,2026-05-21T11:02:45.122528+00:00
101136890,221675,해트박스,101063855,http://shop1.phinf.naver.net/20250122_179/1737474666040AMykx_JPEG/86876531519519388_251835090.jpg,https://shoppinglive.naver.com/channels/221675,GRADE_1,,2026-05-21T11:02:49.174012+00:00
1100153631,263878,텍티컬 오션,1100150915,https://shop-phinf.pstatic.net/20241021_160/1729515956246bEynj_JPEG/6f8a5992.jpg,https://shoppinglive.naver.com/channels/263878,GRADE_1,,2026-05-21T11:02:49.174012+00:00
500055783,120855,belepok,500055783,http://shop2.phinf.naver.net/20160617_278/belepok_1466091367585Ib40Q_JPEG/72712399506745214_-1511068615.jpg,https://shoppinglive.naver.com/channels/120855,GRADE_2,,2026-05-21T11:02:49.174012+00:00
500094820,256230,ENTZ,500094820,http://shop1.phinf.naver.net/20260123_199/1769133799502tWp61_JPEG/50548993497765162_2048807369.jpg,https://shoppinglive.naver.com/channels/256230,GRADE_2,,2026-05-21T11:02:49.950058+00:00
102497451,210981,신핑무역 주식회사,102380130,http://shop1.phinf.naver.net/20241030_120/1730260046918kMsBI_PNG/11770080788394680_1990166104.png,https://shoppinglive.naver.com/channels/210981,GRADE_1,,2026-05-21T11:02:49.950058+00:00
102540168,261465,모두있다가게,102421728,http://shop1.phinf.naver.net/20250722_70/1753180914127W3mED_PNG/69406228965429398_2040893127.png,https://shoppinglive.naver.com/channels/261465,GRADE_1,,2026-05-21T11:02:50.736818+00:00
102463723,258714,더블나인 99,102347555,http://shop1.phinf.naver.net/20260128_279/17695758482232L0ec_JPEG/46037759379724971_173458507.jpg,https://shoppinglive.naver.com/channels/258714,GRADE_2,,2026-05-21T11:02:51.568620+00:00
102179467,161886,오프로드,102070418,https://shop-phinf.pstatic.net/20241021_160/1729515956246bEynj_JPEG/6f8a5992.jpg,https://shoppinglive.naver.com/channels/161886,GRADE_1,롯데 아울렛 남악점,2026-05-21T11:02:52.549101+00:00
100524139,126761,모두의파츠,100477033,http://shop1.phinf.naver.net/20201208_189/1607417965671SH5Vp_JPEG/8553854189685058_501241426.jpg,https://shoppinglive.naver.com/channels/126761,GRADE_1,,2026-05-21T11:02:52.549101+00:00
100520464,257756,북한산성 클라터뮤젠,100473705,http://shop1.phinf.naver.net/20251027_20/1761555346123mwOy3_JPEG/27148695252636090_1377684633.jpg,https://shoppinglive.naver.com/channels/257756,GRADE_2,,2026-05-21T11:02:52.549101+00:00
100967519,105171,4몬스터,100901336,http://shop1.phinf.naver.net/20221007_188/16651201882181RW3t_JPEG/66256022031148896_1205475786.jpg,https://shoppinglive.naver.com/channels/105171,GRADE_1,,2026-05-21T11:02:52.549101+00:00
500213390,191333,헬스티비몰,500213390,http://shop1.phinf.naver.net/20230720_188/1689797302219KrNuh_PNG/90933144901120800_1046374955.png,https://shoppinglive.naver.com/channels/191333,GRADE_1,,2026-05-21T11:02:52.963903+00:00
101937183,133064,파티마스토어,101835710,http://shop1.phinf.naver.net/20240501_270/1714552996376AGJkD_PNG/41855680262288859_1233667117.png,https://shoppinglive.naver.com/channels/133064,GRADE_2,,2026-05-21T11:02:53.242399+00:00
102786649,255653,브릭피규어,102663414,http://shop1.phinf.naver.net/20251002_167/17593905002747u8TK_JPEG/14353514571786639_1221520181.jpg,https://shoppinglive.naver.com/channels/255653,GRADE_1,,2026-05-21T11:02:54.297062+00:00
1100062230,257694,프리다이빙 블루숨,1100061169,http://shop1.phinf.naver.net/20260312_188/1773305298899gHzVn_PNG/124509182825912529_1255932515.png,https://shoppinglive.naver.com/channels/257694,GRADE_1,,2026-05-21T11:02:54.297062+00:00
500005549,9975,아이두젠,500005549,http://shop1.phinf.naver.net/20250226_104/1740533720081wRv48_PNG/24307540608360469_1122002609.png,https://shoppinglive.naver.com/channels/9975,GRADE_3,,2026-05-21T11:02:54.297062+00:00
500040415,88124,삼익스토어,500040415,http://shop1.phinf.naver.net/20211214_6/1639466817581RkeE3_JPEG/40602716077023856_1182732509.jpg,https://shoppinglive.naver.com/channels/88124,GRADE_2,,2026-05-21T11:02:54.297062+00:00
100087670,97456,컬럼비아스포츠웨어,100078757,http://shop1.phinf.naver.net/20210705_14/16254648138116TsPD_JPEG/26600702518761074_1732416916.JPG,https://shoppinglive.naver.com/channels/97456,GRADE_1,,2026-05-21T11:02:55.651492+00:00
500043217,14317,캠핑하자 스토어,500043217,http://shop2.phinf.naver.net/20161206_184/campinghaja_1481014196478IzPMr_JPEG/129436d9-a6db-41f5-8cb2-69144743eec3.jpg,https://shoppinglive.naver.com/channels/14317,GRADE_1,,2026-05-21T11:02:57.880422+00:00
500023686,12049,꾸버스,500023686,http://shop1.phinf.naver.net/20250220_128/1740016359176OaYIa_PNG/76380006575774757_1233341600.png,https://shoppinglive.naver.com/channels/12049,GRADE_1,,2026-05-21T11:02:58.548811+00:00
100011547,246759,레토캠프,100009374,http://shop1.phinf.naver.net/20250514_255/1747189342365ohnLx_PNG/81322229500361770_1430445844.png,https://shoppinglive.naver.com/channels/246759,GRADE_2,,2026-05-21T11:03:00.469123+00:00
101021099,116568,고씨낚시,100952609,http://shop1.phinf.naver.net/20210107_126/1609999060454lXKOX_JPEG/11134844167165409_134666879.jpg,https://shoppinglive.naver.com/channels/116568,GRADE_1,,2026-05-21T11:03:02.311360+00:00
100742953,66367,베일리화이트,100685395,http://shop1.phinf.naver.net/20250114_290/1736855738485coyQB_PNG/15272447626065808_1284209248.png,https://shoppinglive.naver.com/channels/66367,GRADE_1,,2026-05-21T11:03:02.929754+00:00
65208372,66202,레저부스터,2d4T7V,https://g-selected.pstatic.net/MjAyNTAzMDVfOTkg/MDAxNzQxMTU0OTgyNDEx.w_GzY0NFn0q2--6-TfeoSeXsaxqDMjQdPPMCqpOjLkMg.E-k85UBr6YHSi9rpFjj7QGuzc4l7f2Hmy6rvPk7Ih4Eg.JPEG/image.jpg,https://shoppinglive.naver.com/channels/66202,GRADE_3,,2026-05-21T11:03:02.929754+00:00
500072433,193642,사왜사TV 공구팜,500072433,http://shop1.phinf.naver.net/20240401_208/1711958351094h5eIa_PNG/113094193809057475_1308698600.png,https://shoppinglive.naver.com/channels/193642,GRADE_1,,2026-05-21T11:03:03.315825+00:00
100602335,57404,DY골프,100551054,http://shop1.phinf.naver.net/20200623_246/1592899491439UfRWL_JPEG/30261034055924932_1522058140.jpg,https://shoppinglive.naver.com/channels/57404,GRADE_1,,2026-05-21T11:03:03.315825+00:00
101732914,226098,인클로젯,100220977,http://shop1.phinf.naver.net/20250703_189/1751553473856C6g8b_JPEG/77582958979199490_1732956581.jpg,https://shoppinglive.naver.com/channels/226098,GRADE_1,,2026-05-21T11:03:03.915302+00:00
100843417,113398,모란이의 상점,100782043,http://shop1.phinf.naver.net/20230715_277/1689423879788yCFAc_JPEG/90559768491905857_750300559.jpg,https://shoppinglive.naver.com/channels/113398,GRADE_1,,2026-05-21T11:03:03.915302+00:00
101595793,261068,사람과레저 방어진점,101505820,http://shop1.phinf.naver.net/20251029_85/1761716733520siPGb_JPEG/27310082650715968_1465564084.jpg,https://shoppinglive.naver.com/channels/261068,GRADE_1,,2026-05-21T11:03:05.718052+00:00
102275317,172892,캠프라인 방어진점,102163821,http://shop1.phinf.naver.net/20240219_83/1708331259169LYFgX_JPEG/35633943053529808_1132276231.jpg,https://shoppinglive.naver.com/channels/172892,GRADE_1,,2026-05-21T11:03:05.718052+00:00
101223022,261020,캠프라인 전문점,101146263,http://shop1.phinf.naver.net/20211025_88/16351377310371KJIU_PNG/36273510754928840_288754986.png,https://shoppinglive.naver.com/channels/261020,GRADE_1,,2026-05-21T11:03:05.718052+00:00
100624378,113881,사람과레져,100572056,http://shop1.phinf.naver.net/20200129_44/1580292513505hblOy_JPEG/17653252123291814_238276701.jpg,https://shoppinglive.naver.com/channels/113881,GRADE_1,,2026-05-21T11:03:05.718052+00:00
100461732,53064,미미룩mimirook,100418927,http://shop1.phinf.naver.net/20210208_173/16127662211937QAJJ_JPEG/13902048925925827_142860352.jpg,https://shoppinglive.naver.com/channels/53064,GRADE_1,,2026-05-21T11:03:07.267144+00:00
102792363,261505,티지골프,102669037,http://shop1.phinf.naver.net/20251111_256/1762831859300YbXKv_JPEG/6146301293521904_834551991.jpg,https://shoppinglive.naver.com/channels/261505,GRADE_1,,2026-05-21T11:03:07.267144+00:00
500213252,239622,보새,500213252,http://shop1.phinf.naver.net/20230607_180/1686101060424IvRXC_PNG/13403744295492208_62186105.png,https://shoppinglive.naver.com/channels/239622,GRADE_1,,2026-05-21T11:03:08.011447+00:00
100848201,61319,코오롱스포츠 온라인 스토어,100786637,http://shop1.phinf.naver.net/20200928_187/1601283675504Tl4J0_JPEG/2419455231042413_1858501389.jpg,https://shoppinglive.naver.com/channels/61319,GRADE_3,,2026-05-21T11:03:08.811935+00:00
100542716,113019,나이스뷰 스포츠,100494617,http://shop1.phinf.naver.net/20260517_195/1778982578447J96fg_PNG/113115402655387946_648663169.png,https://shoppinglive.naver.com/channels/113019,GRADE_1,,2026-05-21T11:03:09.607195+00:00
102497081,216848,데일리공감샵,102379767,http://shop1.phinf.naver.net/20241122_267/1732246135123o8ozp_JPEG/4845999244376929_1761234957.jpg,https://shoppinglive.naver.com/channels/216848,GRADE_1,,2026-05-21T11:03:11.191113+00:00
102158466,200233,갈록스,102050034,https://shop-phinf.pstatic.net/20241021_160/1729515956246bEynj_JPEG/6f8a5992.jpg,https://shoppinglive.naver.com/channels/200233,GRADE_1,,2026-05-21T11:03:13.044675+00:00
500147386,23807,로필,500147386,http://shop1.phinf.naver.net/20260324_294/1774335151377YOq35_JPEG/39218284678129219_1848435332.jpg,https://shoppinglive.naver.com/channels/23807,GRADE_1,,2026-05-21T11:03:13.044675+00:00
100976814,76726,캠빌,100910240,http://shop1.phinf.naver.net/20250613_209/1749774372933yeNne_JPEG/83907293156755823_1881049030.jpg,https://shoppinglive.naver.com/channels/76726,GRADE_1,,2026-05-21T11:03:13.688767+00:00
102737754,243282,별토끼마켓2,102615300,http://shop1.phinf.naver.net/20251029_138/1761737457387VoO0U_PNG/87369091419793856_939813574.png,https://shoppinglive.naver.com/channels/243282,GRADE_2,,2026-05-21T11:03:14.487026+00:00
1100015863,258452,페르녹스,1100015585,http://shop1.phinf.naver.net/20251226_62/1766758583009cG3Su_JPEG/12897156679200197_182659424.jpg,https://shoppinglive.naver.com/channels/258452,GRADE_1,,2026-05-21T11:03:17.774580+00:00
100931852,78972,꽃다비몰,100867027,http://shop1.phinf.naver.net/20201015_103/1602772103730whEHt_PNG/3907946206666028_286199770.png,https://shoppinglive.naver.com/channels/78972,GRADE_1,,2026-05-21T11:03:18.578657+00:00
102400866,200496,마스터바니 의정부녹양점,102286423,http://shop1.phinf.naver.net/20260228_158/1772237105218LFfqt_JPEG/106369897322257639_513292943.jpg,https://shoppinglive.naver.com/channels/200496,GRADE_2,,2026-05-21T11:03:19.352586+00:00
100658880,83499,에스엠씨메디,100604803,http://shop1.phinf.naver.net/20260129_172/1769638415371T6NeF_JPEG/79768876943947869_1718242121.jpg,https://shoppinglive.naver.com/channels/83499,GRADE_1,,2026-05-21T11:03:20.383530+00:00
101286167,153962,온브레이크,101206865,http://shop1.phinf.naver.net/20260309_198/1773015873383pCTmq_JPEG/107148694822237637_2138434433.jpg,https://shoppinglive.naver.com/channels/153962,GRADE_1,,2026-05-21T11:03:20.813505+00:00
100344632,172056,IDNetworks,100310756,http://shop1.phinf.naver.net/20220908_212/1662597954774o9HIJ_PNG/63733788597492508_1826053280.png,https://shoppinglive.naver.com/channels/172056,GRADE_1,,2026-05-21T11:03:20.813505+00:00
101981041,180591,M.A.N.U.,101878038,http://shop1.phinf.naver.net/20240207_4/170727477544813nDT_PNG/108410618162850641_63747595.png,https://shoppinglive.naver.com/channels/180591,GRADE_1,,2026-05-21T11:03:21.841167+00:00
101903866,252074,엑셀런즈,101803657,http://shop1.phinf.naver.net/20251022_221/1761092985299dUw4Q_PNG/95225824429236778_1567937193.png,https://shoppinglive.naver.com/channels/252074,GRADE_1,,2026-05-21T11:03:24.271068+00:00
500019125,11855,홍대 팅클유,500019125,http://shop1.phinf.naver.net/20220428_145/1651151247665sSptL_JPEG/52287031344922540_1491091388.jpg,https://shoppinglive.naver.com/channels/11855,GRADE_2,,2026-05-21T11:03:25.138670+00:00
102453496,255531,디써언,102337666,http://shop1.phinf.naver.net/20250621_164/1750480946294gjbBq_PNG/84613815436086920_399364040.png,https://shoppinglive.naver.com/channels/255531,GRADE_1,,2026-05-21T11:03:25.138670+00:00
102570958,261533,코코우스 레더,102451618,https://shop-phinf.pstatic.net/20241021_160/1729515956246bEynj_JPEG/6f8a5992.jpg,https://shoppinglive.naver.com/channels/261533,GRADE_1,,2026-05-21T11:03:25.138670+00:00
100064691,157437,대원쏠라텍,100057696,http://shop1.phinf.naver.net/20260224_134/1771895851102A8uc1_JPEG/106028643202225194_14847931.jpg,https://shoppinglive.naver.com/channels/157437,GRADE_1,,2026-05-21T11:03:25.138670+00:00
101895210,256473,어치브라이프타임,101795398,https://shop-phinf.pstatic.net/20241021_160/1729515956246bEynj_JPEG/6f8a5992.jpg,https://shoppinglive.naver.com/channels/256473,GRADE_1,,2026-05-21T11:03:25.572860+00:00
1000021101,105609,밀레,1000021101,https://shop-phinf.pstatic.net/20241021_160/1729515956246bEynj_JPEG/6f8a5992.jpg,https://shoppinglive.naver.com/channels/105609,GRADE_1,갤러리아백화점 타임월드점,2026-05-21T11:03:26.743695+00:00
101086008,174532,tooneul,101015015,http://shop1.phinf.naver.net/20210310_144/1615362472260WAjhN_JPEG/16498307084671349_1211914672.jpg,https://shoppinglive.naver.com/channels/174532,GRADE_2,,2026-05-21T11:03:26.743695+00:00
500131742,22399,제이엘 에프앤씨,500131742,http://shop1.phinf.naver.net/20240207_137/170729500269600HYW_JPEG/108430837533376065_629962395.jpg,https://shoppinglive.naver.com/channels/22399,GRADE_1,,2026-05-21T11:03:27.639592+00:00
500085914,18723,소호리,500085914,http://shop1.phinf.naver.net/20200324_187/1584982051389bpweR_PNG/22343594014029631_732651828.png,https://shoppinglive.naver.com/channels/18723,GRADE_2,,2026-05-21T11:03:27.639592+00:00
100219462,54633,스포티제이,100197133,http://shop1.phinf.naver.net/20260323_143/17742374312878B4Xc_JPEG/57640711116916800_577608845.jpg,https://shoppinglive.naver.com/channels/54633,GRADE_2,,2026-05-21T11:03:27.639592+00:00
500275938,257089,체스골프,500275938,http://shop1.phinf.naver.net/20210819_67/16293609709765VNg8_PNG/30496754693196426_786045228.png,https://shoppinglive.naver.com/channels/257089,GRADE_1,,2026-05-21T11:03:28.534153+00:00
102359334,191382,MAESTRO,102245929,http://shop1.phinf.naver.net/20240509_157/17152298524340zcdw_PNG/116365695142543701_1620111746.png,https://shoppinglive.naver.com/channels/191382,GRADE_1,,2026-05-21T11:03:28.534153+00:00
102106117,163337,크 리 크 리,101999224,http://shop1.phinf.naver.net/20230916_174/1694849737831Uloyt_PNG/95985517555528482_2058614059.png,https://shoppinglive.naver.com/channels/163337,GRADE_1,,2026-05-21T11:03:29.296722+00:00
1100102734,263691,UNICARE,1100100800,https://shop-phinf.pstatic.net/20241021_160/1729515956246bEynj_JPEG/6f8a5992.jpg,https://shoppinglive.naver.com/channels/263691,GRADE_1,,2026-05-21T11:03:29.296722+00:00
101578020,149027,바이크핏,101488688,http://shop1.phinf.naver.net/20220823_4/1661233232757DMMPn_JPEG/62369131456427327_1656232707.jpg,https://shoppinglive.naver.com/channels/149027,GRADE_1,,2026-05-21T11:03:29.903637+00:00
102569205,220548,디피아뮤직,102449902,http://shop1.phinf.naver.net/20250402_223/1743584550680ijIH7_JPEG/71171984626242719_810247701.jpg,https://shoppinglive.naver.com/channels/220548,GRADE_3,,2026-05-21T11:03:29.903637+00:00
100482055,53705,바이리빙,100437604,http://shop1.phinf.naver.net/20260324_32/1774310792551j2TQ9_JPEG/3053705434213467_1053151407.jpg,https://shoppinglive.naver.com/channels/53705,GRADE_1,,2026-05-21T11:03:29.903637+00:00
100788922,71980,드아브제,100729772,http://shop1.phinf.naver.net/20200609_255/1591696374179lQLuV_JPEG/29056208714396755_847289864.jpg,https://shoppinglive.naver.com/channels/71980,GRADE_2,,2026-05-21T11:03:30.939055+00:00
102070064,136096,제이씨에이치 컬렉션,101964274,http://shop1.phinf.naver.net/20241002_144/1727857053164RJMUF_JPEG/61989870499792861_1578320022.jpg,https://shoppinglive.naver.com/channels/136096,GRADE_1,,2026-05-21T11:03:30.939055+00:00
101321719,153979,Global agent,101241079,http://shop1.phinf.naver.net/20210927_49/16327051765404dTXn_PNG/33841065038357561_640543359.png,https://shoppinglive.naver.com/channels/153979,GRADE_1,,2026-05-21T11:03:31.457010+00:00
100832649,88076,팝마트코리아 공식 스토어,100771702,http://shop1.phinf.naver.net/20220614_77/1655180353198N1R38_JPEG/56316188033959261_1825244598.jpg,https://shoppinglive.naver.com/channels/88076,GRADE_3,,2026-05-21T11:03:32.491634+00:00
100498795,54281,통큰낚시,100453324,http://shop1.phinf.naver.net/20230516_293/1684233927021yCxTU_PNG/85369706740995290_328469829.png,https://shoppinglive.naver.com/channels/54281,GRADE_1,,2026-05-21T11:03:32.491634+00:00
101245523,81988,러너핏,101167817,http://shop1.phinf.naver.net/20250809_161/1754703999719kqBdw_PNG/88836824768611361_818690609.png,https://shoppinglive.naver.com/channels/81988,GRADE_1,,2026-05-21T11:03:32.491634+00:00
100231590,44213,배드민턴 오피뉴,100208056,http://shop1.phinf.naver.net/20191030_29/1572401377643c7mY0_JPEG/9762920250517651_1591424199.jpg,https://shoppinglive.naver.com/channels/44213,GRADE_1,,2026-05-21T11:03:37.792791+00:00
100431351,116959,시크마녀,100390694,http://shop1.phinf.naver.net/20260425_229/17770855919380L9l0_PNG/54064328981697669_12713173.png,https://shoppinglive.naver.com/channels/116959,GRADE_1,,2026-05-21T11:03:37.792791+00:00
102132730,164445,워싱익스프레스,102025089,http://shop1.phinf.naver.net/20250703_102/1751549145974fv7Rv_JPEG/65877250857658024_1737821546.JPG,https://shoppinglive.naver.com/channels/164445,GRADE_2,,2026-05-21T11:03:38.220903+00:00
102066127,227835,오케이알,101960452,http://shop1.phinf.naver.net/20240304_155/17094833561119afoQ_JPEG/110619135816433610_82721338.jpg,https://shoppinglive.naver.com/channels/227835,GRADE_1,,2026-05-21T11:03:38.220903+00:00
500044341,14519,파티공구,500044341,http://shop1.phinf.naver.net/20230915_47/1694747538625P9vxb_JPEG/95883437328974414_296912072.jpg,https://shoppinglive.naver.com/channels/14519,GRADE_1,,2026-05-21T11:03:39.869666+00:00
100482983,85761,DJI 공식 브랜드스토어,100438470,http://shop1.phinf.naver.net/20210406_65/1617671114859RQcMs_JPEG/18806894387902246_927679578.jpg,https://shoppinglive.naver.com/channels/85761,GRADE_2,,2026-05-21T11:03:40.626591+00:00
100112473,84389,골프FM,100101429,http://shop1.phinf.naver.net/20250421_250/1745209499045XvRND_JPEG/39752244264630697_630969895.jpg,https://shoppinglive.naver.com/channels/84389,GRADE_1,,2026-05-21T11:03:40.626591+00:00
100805486,82806,오니지,100745658,http://shop1.phinf.naver.net/20250115_293/1736918298404PDUHL_JPEG/55482046207035719_2127740036.jpg,https://shoppinglive.naver.com/channels/82806,GRADE_1,,2026-05-21T11:03:40.626591+00:00
102647703,257671,EMERE 에메르,102526941,http://shop1.phinf.naver.net/20260102_171/17673392693515hyPo_JPEG/38272406502235882_1083713143.jpg,https://shoppinglive.naver.com/channels/257671,GRADE_1,,2026-05-21T11:03:41.519411+00:00
100288175,128055,위풋,100259279,http://shop1.phinf.naver.net/20230623_163/168747839881818wPF_PNG/88614226643292354_1032570460.png,https://shoppinglive.naver.com/channels/128055,GRADE_1,,2026-05-21T11:03:41.519411+00:00
500048074,14763,치리샷,500048074,http://shop1.phinf.naver.net/20220818_23/1660812451000u4xv7_JPEG/61948339708944941_767015241.jpg,https://shoppinglive.naver.com/channels/14763,GRADE_1,,2026-05-21T11:03:41.519411+00:00
100047488,36267,파파윈365,100041929,http://shop1.phinf.naver.net/20250424_284/1745472922156bAHGj_PNG/27573276309910221_39015403.png,https://shoppinglive.naver.com/channels/36267,GRADE_1,,2026-05-21T11:03:42.424622+00:00
500178374,262895,빌라봉 스토어,500178374,http://shop1.phinf.naver.net/20251224_12/1766536885740YBNTn_GIF/41641741862273551_957862857.gif,https://shoppinglive.naver.com/channels/262895,GRADE_1,,2026-05-21T11:03:42.424622+00:00
500241108,77376,지니골프.com,500241108,http://shop1.phinf.naver.net/20250117_86/1737093378408TwNbI_JPEG/43649088816108350_441012007.jpg,https://shoppinglive.naver.com/channels/77376,GRADE_2,,2026-05-21T11:03:42.424622+00:00
102224346,230923,어복 가득 낚시 가게,102113944,http://shop1.phinf.naver.net/20260306_134/1772762379725jfUt3_PNG/106895190872287046_200437065.png,https://shoppinglive.naver.com/channels/230923,GRADE_1,,2026-05-21T11:03:42.424622+00:00
101771834,252859,네파,101675921,https://shop-phinf.pstatic.net/20241021_160/1729515956246bEynj_JPEG/6f8a5992.jpg,https://shoppinglive.naver.com/channels/252859,GRADE_1,모다아울렛 울산점,2026-05-21T11:03:42.998290+00:00
102236581,168340,히든 프레임,102125900,http://shop1.phinf.naver.net/20240119_105/1705656173270BabtB_PNG/106792069004724542_1808914557.png,https://shoppinglive.naver.com/channels/168340,GRADE_2,,2026-05-21T11:03:43.686230+00:00
500188661,227017,비행낚시,500188661,http://shop1.phinf.naver.net/20240312_17/1710207530618kMtrg_JPEG/111343365448044979_759244786.jpg,https://shoppinglive.naver.com/channels/227017,GRADE_1,,2026-05-21T11:03:43.686230+00:00
500289730,127506,J2J 제이투제이,500289730,http://shop1.phinf.naver.net/20260223_67/1771816198546dXAwF_PNG/40475633361863715_1958325640.png,https://shoppinglive.naver.com/channels/127506,GRADE_2,,2026-05-21T11:03:43.686230+00:00
100392781,54728,캠핑스테이,100355203,http://shop1.phinf.naver.net/20260518_238/1779073041367fvJoy_JPEG/15948473205456306_1763054429.jpg,https://shoppinglive.naver.com/channels/54728,GRADE_1,,2026-05-21T11:03:44.234528+00:00
101741391,98056,페어라이어 골프웨어,101646705,http://shop1.phinf.naver.net/20221110_254/1668071844214wejBS_JPEG/69207732929071411_1526371064.jpg,https://shoppinglive.naver.com/channels/98056,GRADE_3,,2026-05-21T11:03:44.234528+00:00
100264708,222152,REPIZ,100237957,http://shop1.phinf.naver.net/20241203_228/1733200332876DAkqw_PNG/67333244999343166_1280533260.png,https://shoppinglive.naver.com/channels/222152,GRADE_2,,2026-05-21T11:03:44.234528+00:00
500034061,13347,마리수,500034061,http://shop1.phinf.naver.net/20230908_249/1694163160174TJ3Ht_JPEG/95298995008942437_2039628233.jpg,https://shoppinglive.naver.com/channels/13347,GRADE_2,,2026-05-21T11:03:45.831541+00:00
102756234,251157,제라스포츠아웃도어,102633495,http://shop1.phinf.naver.net/20251128_216/1764306191144wtY76_JPEG/26772237851802760_899991833.jpg,https://shoppinglive.naver.com/channels/251157,GRADE_1,,2026-05-21T11:03:47.446505+00:00
1100014902,255007,일상의쉼표,1100014630,http://shop1.phinf.naver.net/20251115_179/1763138048758w9eub_JPEG/60616183323907000_1671513828.jpg,https://shoppinglive.naver.com/channels/255007,GRADE_1,,2026-05-21T11:03:50.491025+00:00
102602778,261483,봉봉-스토어,102482849,http://shop1.phinf.naver.net/20250304_268/1741071642703Nq9TM_JPEG/16842548803150659_1037059944.jpg,https://shoppinglive.naver.com/channels/261483,GRADE_1,,2026-05-21T11:03:50.491025+00:00
500175389,25951,싸가지피싱,500175389,http://shop1.phinf.naver.net/20251218_156/1766034439461VESQ6_JPEG/43447521576217811_1100577139.jpg,https://shoppinglive.naver.com/channels/25951,GRADE_1,,2026-05-21T11:03:51.736429+00:00
500183420,26626,톰디어,500183420,http://shop1.phinf.naver.net/20220408_177/1649376602874zkPxq_PNG/50512501579594076_1784357574.png,https://shoppinglive.naver.com/channels/26626,GRADE_2,,2026-05-21T11:03:51.736429+00:00
100189870,42437,덕진스펀지,100170545,http://shop1.phinf.naver.net/20250704_48/1751593358346hrVy6_PNG/85726199572233925_1830589150.png,https://shoppinglive.naver.com/channels/42437,GRADE_1,,2026-05-21T11:03:53.421445+00:00
102549755,218321,시얀느,102430978,http://shop1.phinf.naver.net/20250114_288/1736822231235bg0W5_PNG/88026075217507740_66397775.png,https://shoppinglive.naver.com/channels/218321,GRADE_1,,2026-05-21T11:03:53.421445+00:00
500044567,14797,배드민턴퍼스트,500044567,http://shop1.phinf.naver.net/20250403_230/17436573048066P2IQ_JPEG/30514157923288894_45123539.jpg,https://shoppinglive.naver.com/channels/14797,GRADE_1,,2026-05-21T11:03:53.421445+00:00
100993054,98896,해올림유통,100925805,http://shop1.phinf.naver.net/20210804_156/1628082138753bgzdE_JPEG/29217973579111805_113832071.jpg,https://shoppinglive.naver.com/channels/98896,GRADE_1,,2026-05-21T11:03:54.035707+00:00
100887094,183441,스패로우 아웃도어,100824111,http://shop1.phinf.naver.net/20230223_63/1677133665523oMTHk_PNG/4436349402102607_2047289846.png,https://shoppinglive.naver.com/channels/183441,GRADE_2,,2026-05-21T11:03:54.035707+00:00
101802354,102970,TRIKAI,101705338,http://shop1.phinf.naver.net/20250408_57/1744111979025X3d5I_JPEG/14638833842010197_273166072.jpg,https://shoppinglive.naver.com/channels/102970,GRADE_1,,2026-05-21T11:03:56.827095+00:00
100767070,221353,퀄리스포츠,100708697,http://shop1.phinf.naver.net/20230224_36/1677227704499GdETT_JPEG/78363484226335562_870421355.jpg,https://shoppinglive.naver.com/channels/221353,GRADE_2,,2026-05-21T11:03:56.827095+00:00
100028191,35315,아띠꼴로,100024390,http://shop1.phinf.naver.net/20210129_143/1611886008295G7gyJ_JPEG/13021850993115060_1802976303.jpg,https://shoppinglive.naver.com/channels/35315,GRADE_2,,2026-05-21T11:03:56.827095+00:00
100673114,77674,로스윔,100618386,http://shop1.phinf.naver.net/20220822_198/16611737608045SOEh_JPEG/62309595633113384_77631331.jpeg,https://shoppinglive.naver.com/channels/77674,GRADE_1,,2026-05-21T11:03:57.746532+00:00
500176545,25978,전동킥보드 부품,500176545,http://shop1.phinf.naver.net/20210911_145/1631331659080yreGX_JPEG/32467438775007588_1502569712.jpg,https://shoppinglive.naver.com/channels/25978,GRADE_1,,2026-05-21T11:03:57.746532+00:00
102773648,259179,레오풀,102650631,http://shop1.phinf.naver.net/20260122_38/1769045833542R3Uzx_JPEG/27423301681222955_342918398.jpg,https://shoppinglive.naver.com/channels/259179,GRADE_1,,2026-05-21T11:04:04.167178+00:00
500102226,19877,캠퍼스랩,500102226,http://shop1.phinf.naver.net/20260324_10/17743274417689SzQS_PNG/23593078917224252_-141477980.png,https://shoppinglive.naver.com/channels/19877,GRADE_2,,2026-05-21T11:04:05.283231+00:00
1100067752,262542,huit8,1100066459,http://shop1.phinf.naver.net/20260123_123/1769157827767hs3QW_PNG/79288289466407521_1402889883.png,https://shoppinglive.naver.com/channels/262542,GRADE_3,,2026-05-21T11:04:05.283231+00:00
1100035819,263443,리빙앤홈 스토어,1100035216,http://shop1.phinf.naver.net/20260512_165/1778551277950tq5M6_JPEG/33104806726853989_150418245.JPG,https://shoppinglive.naver.com/channels/263443,GRADE_1,,2026-05-21T11:04:07.816811+00:00
1100012818,257801,DOME GlOVE,1100012586,http://shop1.phinf.naver.net/20251113_113/176300282158958r4l_JPEG/97135682727366742_412366573.jpg,https://shoppinglive.naver.com/channels/257801,GRADE_1,,2026-05-21T11:04:07.816811+00:00
100714120,69989,에코스윙,100657567,http://shop1.phinf.naver.net/20251218_174/1766043444474UEqio_PNG/7953451282730198_1444480730.png,https://shoppinglive.naver.com/channels/69989,GRADE_1,,2026-05-21T11:04:08.987072+00:00
102788840,263035,루미골프,102665585,http://shop1.phinf.naver.net/20260504_236/1777865286236qV5U1_PNG/111998149337163091_1745826145.png,https://shoppinglive.naver.com/channels/263035,GRADE_1,,2026-05-21T11:04:08.987072+00:00
102019921,152765,블루폴,101915694,http://shop1.phinf.naver.net/20241203_109/1733205370196aL5kd_PNG/3463416334339357_885197134.png,https://shoppinglive.naver.com/channels/152765,GRADE_1,,2026-05-21T11:04:08.987072+00:00
500066797,37666,메사캠프,500066797,http://shop1.phinf.naver.net/20220318_51/1647589384727l7jMo_JPEG/48725230447413607_1728683940.jpg,https://shoppinglive.naver.com/channels/37666,GRADE_2,,2026-05-21T11:04:08.987072+00:00
102672791,244648,블루먼데이클럽,102551474,http://shop1.phinf.naver.net/20251107_300/17624890520412Xn0j_PNG/25479905103527239_52498683.png,https://shoppinglive.naver.com/channels/244648,GRADE_1,,2026-05-21T11:04:09.713605+00:00
102709928,263074,눈트다,102587952,http://shop1.phinf.naver.net/20250702_223/175141676254002lQ0_PNG/69110841358887034_104311783.png,https://shoppinglive.naver.com/channels/263074,GRADE_2,,2026-05-21T11:04:09.714104+00:00
102519169,258031,달콤한마을,102401306,http://shop1.phinf.naver.net/20241203_151/1733205061358kAmpk_JPEG/6051868556720074_473041595.jpg,https://shoppinglive.naver.com/channels/258031,GRADE_1,,2026-05-21T11:04:10.663564+00:00
101263856,114249,elohim  엘텍,100847321,http://shop1.phinf.naver.net/20210725_21/1627211378119nUhyt_PNG/28347273847825055_2094018839.png,https://shoppinglive.naver.com/channels/114249,GRADE_2,,2026-05-21T11:04:12.117142+00:00
100130433,39842,와우스몰,100117701,http://shop1.phinf.naver.net/20260320_282/1773989762695I1yFl_JPEG/13631203566965_-2025244875.jpg,https://shoppinglive.naver.com/channels/39842,GRADE_1,,2026-05-21T11:04:13.384029+00:00
500204793,28368,나우앤스토어,500204793,http://shop1.phinf.naver.net/20260324_283/17743454563689SSzK_PNG/2660231416118248_1954755570.png,https://shoppinglive.naver.com/channels/28368,GRADE_1,,2026-05-21T11:04:17.459602+00:00
1100017196,259447,러마드,1100016901,http://shop1.phinf.naver.net/20251222_245/17663928836761UAR6_JPEG/76516164547884083_1836139348.jpg,https://shoppinglive.naver.com/channels/259447,GRADE_2,,2026-05-21T11:04:20.607030+00:00
100208589,128466,우성씨앤에이,100187335,http://shop1.phinf.naver.net/20240207_31/17072797319186rf4a_JPEG/108415574632703827_1223054194.jpg,https://shoppinglive.naver.com/channels/128466,GRADE_2,,2026-05-21T11:04:20.607030+00:00
102490673,214562,타이탄워크 주식회사,102373631,http://shop1.phinf.naver.net/20260327_216/1774598983230roLyu_PNG/108731805296187973_2146194265.png,https://shoppinglive.naver.com/channels/214562,GRADE_1,,2026-05-21T11:04:22.636666+00:00
101124456,70125,엘투엘골프,101051999,http://shop1.phinf.naver.net/20220710_68/1657433251238sPbab_JPEG/58569034953683928_29713111.jpeg,https://shoppinglive.naver.com/channels/70125,GRADE_1,,2026-05-21T11:04:22.636666+00:00
102571890,250854,무르무르상점,102452533,http://shop1.phinf.naver.net/20260507_161/1778117556641B05vv_JPEG/9192174889492499_832331006.jpg,https://shoppinglive.naver.com/channels/250854,GRADE_1,,2026-05-21T11:04:22.636666+00:00
100659529,86535,살림하는집,100605442,http://shop1.phinf.naver.net/20251030_262/1761792470361GgSWc_JPEG/76800964384367676_2084505045.jpg,https://shoppinglive.naver.com/channels/86535,GRADE_1,,2026-05-21T11:04:23.734393+00:00
102340760,187849,젤큰 - ZELKN,102227823,http://shop1.phinf.naver.net/20240416_93/1713233618725Uqxvt_JPEG/114369507434356007_374929542.jpg,https://shoppinglive.naver.com/channels/187849,GRADE_1,,2026-05-21T11:04:24.461164+00:00
100602938,57406,에이틴에이치,100551639,http://shop1.phinf.naver.net/20221117_25/1668670766078fnXub_PNG/69806599895435202_1920976199.png,https://shoppinglive.naver.com/channels/57406,GRADE_1,,2026-05-21T11:04:24.461164+00:00
500117543,115142,뷰티탑,500117543,http://shop1.phinf.naver.net/20230808_198/1691480470748G6Ftb_JPEG/92616250471258756_1593344764.jpg,https://shoppinglive.naver.com/channels/115142,GRADE_1,,2026-05-21T11:04:24.461164+00:00
102735229,254160,스트릿태그,102612819,http://shop1.phinf.naver.net/20251105_214/1762303562610S8axK_PNG/25280306740732192_901066230.png,https://shoppinglive.naver.com/channels/254160,GRADE_1,,2026-05-21T11:04:25.269642+00:00
500254428,253324,생활만렙,500254428,http://shop1.phinf.naver.net/20201123_113/1606109253605ThvPd_PNG/7245037305588242_137397752.png,https://shoppinglive.naver.com/channels/253324,GRADE_1,,2026-05-21T11:04:26.277059+00:00
100934006,88819,더캠핑,100869129,http://shop1.phinf.naver.net/20220311_216/1646944407584tKp9O_PNG/48080241386756798_1748349320.png,https://shoppinglive.naver.com/channels/88819,GRADE_2,,2026-05-21T11:04:32.578698+00:00
100046857,37571,인텔리맘,100041364,http://shop1.phinf.naver.net/20260320_277/177396916874670xso_JPEG/32840846161479014_-278266797.jpg,https://shoppinglive.naver.com/channels/37571,GRADE_1,,2026-05-21T11:04:33.433329+00:00
100582951,176135,라파엘라엔,100532699,http://shop1.phinf.naver.net/20250424_33/1745424710531MhoUK_JPEG/77032739386047728_926426042.jpg,https://shoppinglive.naver.com/channels/176135,GRADE_1,,2026-05-21T11:04:34.284893+00:00
101427545,140276,씨트로,101343563,http://shop1.phinf.naver.net/20250518_291/1747580261094IITa5_JPEG/6038935257327820_167171760.jpg,https://shoppinglive.naver.com/channels/140276,GRADE_1,,2026-05-21T11:04:34.946844+00:00
100293377,228659,창고낚시,100264037,http://shop1.phinf.naver.net/20210602_158/1622614431676BV8Fc_JPEG/23750211397580532_1719385550.jpg,https://shoppinglive.naver.com/channels/228659,GRADE_1,,2026-05-21T11:04:36.917391+00:00
102611414,228764,레노마골프,102491333,https://shop-phinf.pstatic.net/20241021_160/1729515956246bEynj_JPEG/6f8a5992.jpg,https://shoppinglive.naver.com/channels/228764,GRADE_1,롯데 아울렛 고양점,2026-05-21T11:04:36.918395+00:00
101977336,187423,The Edit,101874469,http://shop1.phinf.naver.net/20240727_216/172201072200946Dvo_JPEG/1562306515703078_1382252479.jpeg,https://shoppinglive.naver.com/channels/187423,GRADE_2,,2026-05-21T11:04:37.919803+00:00
102498160,251778,민채엄마,102380826,http://shop1.phinf.naver.net/20250715_111/175257430679944qYv_JPEG/36385238773754273_571874379.jpg,https://shoppinglive.naver.com/channels/251778,GRADE_1,,2026-05-21T11:04:40.290057+00:00
100874059,73660,행운별,100811556,http://shop1.phinf.naver.net/20221222_8/1671656739488TdhUp_PNG/72792523176962249_809000767.png,https://shoppinglive.naver.com/channels/73660,GRADE_2,,2026-05-21T11:04:45.559430+00:00
102560267,241955,쑤쑤쇼핑,102441191,https://shop-phinf.pstatic.net/20241021_160/1729515956246bEynj_JPEG/6f8a5992.jpg,https://shoppinglive.naver.com/channels/241955,GRADE_1,,2026-05-21T11:04:47.260367+00:00
102209506,262416,씨앤비 스토어,102099555,http://shop1.phinf.naver.net/20260405_298/1775357739978xW3RA_PNG/558867046996938_414834065.png,https://shoppinglive.naver.com/channels/262416,GRADE_1,,2026-05-21T11:04:47.912335+00:00
100841650,62541,큐잉,100780307,http://shop1.phinf.naver.net/20220613_216/1655084804735xRN1J_JPEG/56220647203018226_1726362607.jpg,https://shoppinglive.naver.com/channels/62541,GRADE_1,,2026-05-21T11:04:49.300764+00:00
100904239,104062,바로바이,100840548,http://shop1.phinf.naver.net/20201216_209/1608094984641V9Voy_JPEG/9230827151070167_1581197382.jpg,https://shoppinglive.naver.com/channels/104062,GRADE_1,,2026-05-21T11:04:54.777100+00:00
102775765,254668,HASTRA,102652719,http://shop1.phinf.naver.net/20260502_95/17776916879517FKjd_PNG/111824551027597724_2105395154.png,https://shoppinglive.naver.com/channels/254668,GRADE_1,,2026-05-21T11:04:55.594579+00:00
500106524,69045,AU테크,500106524,http://shop1.phinf.naver.net/20260324_266/1774328049032S2epj_JPEG/27908855132593939_1182296746.JPG,https://shoppinglive.naver.com/channels/69045,GRADE_2,,2026-05-21T11:04:56.512637+00:00
65515447,244683,굿즈마켓 심쿵덕쿵,2dtgny,https://phinf.pstatic.net/dthumb/?src=%22https%3A%2F%2Fg-selected.pstatic.net%2FMjAyNTA5MDhfNTcg%2FMDAxNzU3MzA5ODM3MzMw.JR052gedD7DSBH_BPwLZtWU3iQ5vSHMRAE5yfTDExpkg.HQlCLl9j1UtPv8QOMHYfU4rgJH_OeWBQwyg8q6INEUQg.JPEG%2Ftemp_1757309836691.jpg%22&service=selective,https://shoppinglive.naver.com/channels/244683,GRADE_4,,2026-05-21T11:04:56.512637+00:00
500049371,69174,넷피엑스,500049371,http://shop1.phinf.naver.net/20260512_2/17785640054858qjcx_JPEG/27320276629803953_1960206099.jpg,https://shoppinglive.naver.com/channels/69174,GRADE_1,,2026-05-21T11:04:57.630818+00:00
102391091,206384,써니온스토어,102276905,http://shop1.phinf.naver.net/20240612_280/1718156982528wSxfJ_JPEG/119292825232543712_1963920250.jpg,https://shoppinglive.naver.com/channels/206384,GRADE_2,,2026-05-21T11:04:57.630818+00:00
1100080593,261157,디에스온 플러스,1100079011,http://shop1.phinf.naver.net/20260211_265/1770801488588bkMLV_JPEG/104934260869348765_1661900882.jpg,https://shoppinglive.naver.com/channels/261157,GRADE_1,,2026-05-21T11:04:57.630818+00:00
500208048,28641,고루고,500208048,http://shop1.phinf.naver.net/20260324_13/1774346047305Y67uI_JPEG/83555619181300914_490860447.jpg,https://shoppinglive.naver.com/channels/28641,GRADE_1,,2026-05-21T11:04:59.492778+00:00
500245515,235354,서경웍스,500245515,http://shop1.phinf.naver.net/20250429_221/1745890186022lzgU7_PNG/17508323839972191_59169892.png,https://shoppinglive.naver.com/channels/235354,GRADE_1,,2026-05-21T11:04:59.492778+00:00
1100103866,262333,KhalhonGolf,1100101903,http://shop1.phinf.naver.net/20260407_8/1775538467325OwEBa_PNG/25117623226014395_2004784171.png,https://shoppinglive.naver.com/channels/262333,GRADE_1,,2026-05-21T11:05:00.637815+00:00
101514505,138535,투어골프,101427534,http://shop1.phinf.naver.net/20220331_212/1648699472533bHKhO_JPEG/49835371245266658_171098503.jpg,https://shoppinglive.naver.com/channels/138535,GRADE_1,,2026-05-21T11:05:00.637815+00:00
101807229,176641,케이비스틱,101710059,http://shop1.phinf.naver.net/20230309_267/1678368543973K4cMs_JPEG/79504432682367818_137490781.jpg,https://shoppinglive.naver.com/channels/176641,GRADE_1,,2026-05-21T11:05:02.118123+00:00
100770389,230251,코베아샵,100711898,http://shop1.phinf.naver.net/20240222_113/1708583723968VL9DB_JPEG/109719507686069054_103328613.jpg,https://shoppinglive.naver.com/channels/230251,GRADE_2,,2026-05-21T11:05:03.176372+00:00
100154461,9747,소울뮤직,100139137,http://shop1.phinf.naver.net/20191101_11/1572579862278H2UHh_JPEG/9939696826773534_1002093344.jpg,https://shoppinglive.naver.com/channels/9747,GRADE_1,,2026-05-21T11:05:03.989834+00:00
102685144,239466,도아타로샵,102563575,http://shop1.phinf.naver.net/20260210_114/1770713084632MUI9m_PNG/18074649486956489_2026027463.png,https://shoppinglive.naver.com/channels/239466,GRADE_1,,2026-05-21T11:05:05.703530+00:00
102518868,219306,OVERTHE,102401011,http://shop1.phinf.naver.net/20241112_239/1731386969353u3zvM_PNG/3403057474147709_1245766592.png,https://shoppinglive.naver.com/channels/219306,GRADE_3,,2026-05-21T11:05:05.703530+00:00
100117878,39317,파이골프샵,100106275,http://shop1.phinf.naver.net/20211012_53/1634030831769HrJR9_PNG/35166615487610725_1499046508.png,https://shoppinglive.naver.com/channels/39317,GRADE_1,,2026-05-21T11:05:05.703530+00:00
100015817,84797,비엠에스 코리아,100013180,http://shop1.phinf.naver.net/20250701_106/1751354635474C4CKk_PNG/4068947602733696_1774973175.png,https://shoppinglive.naver.com/channels/84797,GRADE_1,,2026-05-21T11:05:05.703530+00:00
102217323,263231,리베라 마법상점,102107153,http://shop1.phinf.naver.net/20240106_23/1704514446089pNQw2_JPEG/31817129958634310_2005476503.jpg,https://shoppinglive.naver.com/channels/263231,GRADE_2,,2026-05-21T11:05:13.397582+00:00
101535925,212517,aitao,101447996,https://shop-phinf.pstatic.net/20241021_160/1729515956246bEynj_JPEG/6f8a5992.jpg,https://shoppinglive.naver.com/channels/212517,GRADE_2,,2026-05-21T11:05:14.923437+00:00
102760988,249123,루볼 스토어,102638180,http://shop1.phinf.naver.net/20250915_283/1757894211224rxbbd_JPEG/12551560162571455_728377883.jpg,https://shoppinglive.naver.com/channels/249123,GRADE_2,,2026-05-21T11:05:16.048479+00:00
102669023,251938,스케쳐스피트니스,102547815,http://shop1.phinf.naver.net/20250611_237/1749608193147ezbsF_PNG/761193638978173_306625378.png,https://shoppinglive.naver.com/channels/251938,GRADE_2,,2026-05-21T11:05:16.048479+00:00
101077953,107691,이발레샵,101007246,http://shop1.phinf.naver.net/20240513_11/1715571231830hB5bA_JPEG/116707074523871767_1989725579.jpg,https://shoppinglive.naver.com/channels/107691,GRADE_1,,2026-05-21T11:05:16.988326+00:00
500105489,20005,아바르,500105489,http://shop1.phinf.naver.net/20250901_191/1756715069736o7qTE_JPEG/90847945853022951_1436981807.jpg,https://shoppinglive.naver.com/channels/20005,GRADE_1,,2026-05-21T11:05:17.743749+00:00
101555583,186886,프라임파크골프,101466953,http://shop1.phinf.naver.net/20251013_80/1760326499997Wcbne_JPEG/9396251049870259_183495560.jpg,https://shoppinglive.naver.com/channels/186886,GRADE_1,,2026-05-21T11:05:20.440651+00:00
102036833,246405,마타도르이큅먼트코리아,101932106,http://shop1.phinf.naver.net/20230712_6/1689136948493bDPet_JPEG/90272728214738100_40261779.jpg,https://shoppinglive.naver.com/channels/246405,GRADE_1,,2026-05-21T11:05:20.440651+00:00
101348361,88014,FEB 공식스토어,101266945,http://shop1.phinf.naver.net/20240331_227/17118913252010UscB_JPEG/113027167917169203_566759851.jpg,https://shoppinglive.naver.com/channels/88014,GRADE_1,,2026-05-21T11:05:22.169865+00:00
100699967,263134,제로데미지,100644042,http://shop1.phinf.naver.net/20260121_130/1768959930378YYfeB_JPEG/48545847810233789_1465250838.jpg,https://shoppinglive.naver.com/channels/263134,GRADE_2,,2026-05-21T11:05:22.169865+00:00
100207653,89659,필모아몰,100186498,http://shop1.phinf.naver.net/20260415_115/1776224680649ztrKG_PNG/44241516785462132_1885271635.png,https://shoppinglive.naver.com/channels/89659,GRADE_2,,2026-05-21T11:05:23.327274+00:00
500136113,22704,씨네21,500136113,http://shop1.phinf.naver.net/20260324_128/177433327389019PWR_JPEG/39477612701799507_613411433.jpg,https://shoppinglive.naver.com/channels/22704,GRADE_2,,2026-05-21T11:05:23.955781+00:00
102192863,205222,뽑아쓰는 뽑쓰,102083421,http://shop1.phinf.naver.net/20231204_162/1701665441157EGkmJ_PNG/102801329872119478_295841128.png,https://shoppinglive.naver.com/channels/205222,GRADE_1,,2026-05-21T11:05:23.955781+00:00
101916659,135997,덴아트갤러리,101815980,http://shop1.phinf.naver.net/20250114_164/1736851859019GRxEB_JPEG/70984789175573962_1511831834.jpg,https://shoppinglive.naver.com/channels/135997,GRADE_1,,2026-05-21T11:05:23.955781+00:00
101074325,91348,내셔널지오그래픽 스토어,101003757,http://shop1.phinf.naver.net/20210205_31/1612503346225isQJK_JPEG/13639244926447307_887672520.jpg,https://shoppinglive.naver.com/channels/91348,GRADE_1,,2026-05-21T11:05:26.062523+00:00
101231350,89663,땡큐잉글리쉬,101154248,http://shop1.phinf.naver.net/20231101_4/1698820866463r9QUs_PNG/99956646187976654_249041597.png,https://shoppinglive.naver.com/channels/89663,GRADE_2,,2026-05-21T11:05:27.728301+00:00
101970567,262717,김재옥토익,101867933,https://shop-phinf.pstatic.net/20241021_160/1729515956246bEynj_JPEG/6f8a5992.jpg,https://shoppinglive.naver.com/channels/262717,GRADE_1,,2026-05-21T11:05:27.728301+00:00
100355646,96636,메이드결,100321097,http://shop1.phinf.naver.net/20220819_279/1660897884191J0BUQ_JPEG/62033712021472482_1789209873.jpg,https://shoppinglive.naver.com/channels/96636,GRADE_1,,2026-05-21T11:05:28.898960+00:00
102427294,201741,시마 뮤직,102312139,http://shop1.phinf.naver.net/20250801_58/1754032042402ACGcV_PNG/88164911408595354_682002315.png,https://shoppinglive.naver.com/channels/201741,GRADE_1,,2026-05-21T11:05:29.229844+00:00
1100078486,259947,힐링얀트라,1100076961,http://shop1.phinf.naver.net/20260224_127/1771927032669p3m1j_JPEG/40586467547663877_1519522736.jpg,https://shoppinglive.naver.com/channels/259947,GRADE_1,,2026-05-21T11:05:29.229844+00:00
101085845,71443,가위바위보 출판사,101014859,http://shop1.phinf.naver.net/20260128_157/1769570854940ILLWv_JPEG/11702170562856807_1510415532.jpg,https://shoppinglive.naver.com/channels/71443,GRADE_1,,2026-05-21T11:05:30.615329+00:00
100430410,51878,드림널스,100389795,http://shop1.phinf.naver.net/20241023_50/17296430587577qd5B_JPEG/63775870895076379_1781004019.jpg,https://shoppinglive.naver.com/channels/51878,GRADE_1,,2026-05-21T11:05:30.879259+00:00
102143290,211115,제이오펄,102035340,http://shop1.phinf.naver.net/20260426_244/1777208654165UdEcM_PNG/3452452293870956_562995593.png,https://shoppinglive.naver.com/channels/211115,GRADE_1,,2026-05-21T11:05:31.978783+00:00
1100051060,256958,류카츠라이프,1100050200,http://shop1.phinf.naver.net/20260105_259/17676144305277nbRW_PNG/101747242656196464_1464693426.png,https://shoppinglive.naver.com/channels/256958,GRADE_1,,2026-05-21T11:05:31.978783+00:00
101967609,256821,BEARFAMILY,101865067,http://shop1.phinf.naver.net/20260202_259/1770030879089SQkpu_JPEG/46492790242391384_1895711640.jpeg,https://shoppinglive.naver.com/channels/256821,GRADE_1,,2026-05-21T11:05:31.978783+00:00
102754378,253770,미소스윗,102631657,http://shop1.phinf.naver.net/20251130_125/1764485538287ijnJ9_PNG/15669597317633619_1125355078.png,https://shoppinglive.naver.com/channels/253770,GRADE_1,,2026-05-21T11:05:32.628798+00:00
102620469,228842,속성보카,102500216,http://shop1.phinf.naver.net/20250330_289/1743320837018QlBDB_PNG/23928920593472478_1086066965.png,https://shoppinglive.naver.com/channels/228842,GRADE_1,,2026-05-21T11:05:32.628798+00:00
102109732,254608,류카츠,102002740,http://shop1.phinf.naver.net/20231004_254/1696399905789r47kL_PNG/97535739605781046_1390580948.png,https://shoppinglive.naver.com/channels/254608,GRADE_1,,2026-05-21T11:05:32.628798+00:00
500012883,582,갓피플몰,500012883,http://shop2.phinf.naver.net/20170324_246/godpeople_1490338695611j9cVp_PNG/14603519969564453_-928551592.png,https://shoppinglive.naver.com/channels/582,GRADE_2,,2026-05-21T11:05:33.111966+00:00
102791543,252446,Yeon아트,102668234,http://shop1.phinf.naver.net/20260105_210/1767591234232wHjMb_JPEG/101724026314142370_286923939.JPG,https://shoppinglive.naver.com/channels/252446,GRADE_1,,2026-05-21T11:05:33.600876+00:00
500028980,12985,웹툰프렌즈,500028980,http://shop1.phinf.naver.net/20260324_79/1774317101855MH5Gz_PNG/26626954989186267_-2110265928.PNG,https://shoppinglive.naver.com/channels/12985,GRADE_3,,2026-05-21T11:05:33.600876+00:00
102044217,155850,가치샵몰,101939220,http://shop1.phinf.naver.net/20230808_181/16914709036529xnUw_PNG/92606731480077485_444161742.png,https://shoppinglive.naver.com/channels/155850,GRADE_1,,2026-05-21T11:05:33.600876+00:00
500072214,249944,비움갤러리,500072214,http://shop1.phinf.naver.net/20251028_151/17616475866234wUQq_JPEG/1711366813812418_901733789.jpg,https://shoppinglive.naver.com/channels/249944,GRADE_1,,2026-05-21T11:05:33.600876+00:00
102253114,174381,레이크 로드 컴퍼니,102142039,http://shop1.phinf.naver.net/20260119_115/1768799520412Qr4Xw_PNG/102932383514006186_1494019596.png,https://shoppinglive.naver.com/channels/174381,GRADE_1,,2026-05-21T11:05:34.473716+00:00
100316236,90392,ART MUSEUM,100284542,http://shop1.phinf.naver.net/20241101_246/1730446913388UEP8h_JPEG/77165232807856611_1140774971.jpg,https://shoppinglive.naver.com/channels/90392,GRADE_1,,2026-05-21T11:05:34.473716+00:00
102559724,227462,온스타ONSTAR,102440657,http://shop1.phinf.naver.net/20250806_23/1754447594644vUmpf_JPEG/80477079920274639_1850872811.jpg,https://shoppinglive.naver.com/channels/227462,GRADE_1,,2026-05-21T11:05:34.473716+00:00
100644619,58368,대원씨아이,100591236,http://shop1.phinf.naver.net/20200312_190/158399396602924OcX_JPEG/21357354552578022_1433144140.jpg,https://shoppinglive.naver.com/channels/58368,GRADE_1,,2026-05-21T11:05:34.473716+00:00
101362164,93497,붓다모아,101280305,http://shop1.phinf.naver.net/20250525_159/1748171598348n00xa_PNG/884481445737588_436402171.png,https://shoppinglive.naver.com/channels/93497,GRADE_1,,2026-05-21T11:05:34.473716+00:00
102697582,238026,다니엘외국어출판사,102575836,http://shop1.phinf.naver.net/20250617_297/1750124542629gphh7_PNG/9851987209179390_1624185569.png,https://shoppinglive.naver.com/channels/238026,GRADE_1,,2026-05-21T11:05:34.921077+00:00
102728838,245607,에덴기타하우스,102606537,http://shop1.phinf.naver.net/20250903_86/1756873558489VV3yM_JPEG/91006406288151993_1863771958.jpg,https://shoppinglive.naver.com/channels/245607,GRADE_1,,2026-05-21T11:05:35.195374+00:00
102565755,249890,Study Studio X,102446529,http://shop1.phinf.naver.net/20251020_143/17609394392281b6N6_PNG/95072278363355362_639074959.png,https://shoppinglive.naver.com/channels/249890,GRADE_1,,2026-05-21T11:05:35.196386+00:00
500067000,17004,사고두고,500067000,http://shop1.phinf.naver.net/20211027_252/1635326288567tyN8A_PNG/36462123399364955_1864925594.png,https://shoppinglive.naver.com/channels/17004,GRADE_1,,2026-05-21T11:05:36.117217+00:00
102515481,248996,콘서트홀 나누,102397718,https://shop-phinf.pstatic.net/20241021_160/1729515956246bEynj_JPEG/6f8a5992.jpg,https://shoppinglive.naver.com/channels/248996,GRADE_1,,2026-05-21T11:05:36.117217+00:00
100967808,61690,맛있는-부엌,100901616,http://shop1.phinf.naver.net/20211001_226/1633065543836Onf84_JPEG/34201439566970310_1438113405.jpeg,https://shoppinglive.naver.com/channels/61690,GRADE_1,,2026-05-21T11:05:36.401953+00:00
100541009,214407,데 스테일,100492979,http://shop1.phinf.naver.net/20210211_202/1613047773189CPij0_JPEG/14183608019427343_949221876.jpg,https://shoppinglive.naver.com/channels/214407,GRADE_1,,2026-05-21T11:05:36.912713+00:00
102247253,170419,북플라자 공식스토어,102136310,http://shop1.phinf.naver.net/20250910_115/1757504842347BBVvW_PNG/30351649576358216_494816840.png,https://shoppinglive.naver.com/channels/170419,GRADE_1,,2026-05-21T11:05:36.912713+00:00
500228805,219531,흙만지는그릇가게,500228805,http://shop1.phinf.naver.net/20220329_39/1648514269941ddXik_JPEG/49650048687497893_1084725826.jpg,https://shoppinglive.naver.com/channels/219531,GRADE_1,,2026-05-21T11:05:36.912713+00:00
500269079,152839,이지영디자인사무소,500269079,http://shop1.phinf.naver.net/20251011_289/1760141602433V03zH_JPEG/3781729328722493_278270115.jpg,https://shoppinglive.naver.com/channels/152839,GRADE_1,,2026-05-21T11:05:37.707297+00:00
500058850,170261,쉴드그린 주식회사,500058850,http://shop1.phinf.naver.net/20260324_13/1774321361029Nl4g8_JPEG/26148751736151500_262103936.jpg,https://shoppinglive.naver.com/channels/170261,GRADE_1,,2026-05-21T11:05:37.707297+00:00
101998991,244982,솔로오프,101895397,http://shop1.phinf.naver.net/20231127_123/1701065996325D79pS_JPEG/102201895033029231_1640247942.jpg,https://shoppinglive.naver.com/channels/244982,GRADE_1,,2026-05-21T11:05:37.707297+00:00
102033942,128842,올세일클럽,101929296,http://shop1.phinf.naver.net/20230712_12/168912862551825egQ_PNG/90264409215633506_2043280493.png,https://shoppinglive.naver.com/channels/128842,GRADE_1,,2026-05-21T11:05:38.020990+00:00
101412102,244524,아이모스트,101328548,http://shop1.phinf.naver.net/20220221_87/1645446179543dFetH_PNG/46582078245230060_1499233374.png,https://shoppinglive.naver.com/channels/244524,GRADE_1,,2026-05-21T11:05:38.020990+00:00
500090029,110154,JEBS정철영어성경학교,500090029,http://shop1.phinf.naver.net/20220120_211/1642647961472cg3wE_PNG/43783740982922337_1746593182.png,https://shoppinglive.naver.com/channels/110154,GRADE_1,,2026-05-21T11:05:38.522598+00:00
102433306,226205,명품먹거리연구소,102318019,http://shop1.phinf.naver.net/20240814_210/1723595485568PFOOV_PNG/11488981654985504_1070368238.png,https://shoppinglive.naver.com/channels/226205,GRADE_1,,2026-05-21T11:05:40.282526+00:00
100293857,156660,라온플레이,100264473,http://shop1.phinf.naver.net/20191106_221/1573001030442CIcKu_PNG/10360864973362911_1269392716.png,https://shoppinglive.naver.com/channels/156660,GRADE_1,,2026-05-21T11:05:40.282526+00:00
500186132,239729,나무공작소 애드온,500186132,http://shop1.phinf.naver.net/20250810_153/1754807444600fqPMB_JPEG/5529581331767234_828887163.jpg,https://shoppinglive.naver.com/channels/239729,GRADE_1,,2026-05-21T11:05:40.676811+00:00
102676523,239592,온다팩,102555109,http://shop1.phinf.naver.net/20250522_218/1747881961012EmX0V_PNG/54394388653745062_1558936050.png,https://shoppinglive.naver.com/channels/239592,GRADE_1,,2026-05-21T11:05:40.676811+00:00
101543480,167124,한빛비즈,101455225,http://shop1.phinf.naver.net/20250609_164/1749432599583dT6kV_JPEG/19807020712102857_1977932837.jpg,https://shoppinglive.naver.com/channels/167124,GRADE_1,,2026-05-21T11:05:40.950965+00:00
101133994,121790,아트버디,101061100,http://shop1.phinf.naver.net/20220819_40/1660897440514sleTw_PNG/62033224223531424_329338.png,https://shoppinglive.naver.com/channels/121790,GRADE_1,,2026-05-21T11:05:40.950965+00:00
102420514,198390,루아르떼,102305545,http://shop1.phinf.naver.net/20240715_40/1721015731530G7ORP_JPEG/599493427604149_1500187986.JPG,https://shoppinglive.naver.com/channels/198390,GRADE_1,,2026-05-21T11:05:40.950965+00:00
100155012,199262,Blessed,100139655,http://shop1.phinf.naver.net/20240717_256/1721218183340dxQV5_JPEG/28519070226651801_35788165.jpg,https://shoppinglive.naver.com/channels/199262,GRADE_1,,2026-05-21T11:05:41.848100+00:00
100753655,93784,디다노니아,100695702,http://shop1.phinf.naver.net/20220809_134/1660028577641jWiR1_JPEG/61164361349341176_864385651.jpg,https://shoppinglive.naver.com/channels/93784,GRADE_1,,2026-05-21T11:05:41.848100+00:00
102059505,187597,너구리 두마리,101954030,http://shop1.phinf.naver.net/20240927_123/1727418805771sJNpT_JPEG/40663297578033607_1078255251.jpg,https://shoppinglive.naver.com/channels/187597,GRADE_1,,2026-05-21T11:05:41.848100+00:00
102641671,239778,로꼬 시그널,102521008,http://shop1.phinf.naver.net/20250715_287/1752538102036aG2fo_JPEG/7113641693087648_699714019.jpg,https://shoppinglive.naver.com/channels/239778,GRADE_1,,2026-05-21T11:05:42.605417+00:00
102622672,239943,미미에듀북스,102502382,http://shop1.phinf.naver.net/20250610_270/1749544333245zif2m_JPEG/83677185833919412_1171754620.jpg,https://shoppinglive.naver.com/channels/239943,GRADE_1,,2026-05-21T11:05:42.605417+00:00
102143798,239674,컵만드는라모,102035836,http://shop1.phinf.naver.net/20231020_239/1697792746760sQT53_PNG/98928581590884049_1342794720.png,https://shoppinglive.naver.com/channels/239674,GRADE_1,,2026-05-21T11:05:43.045166+00:00
102706040,239315,브레이커 북스,102584123,http://shop1.phinf.naver.net/20250626_134/1750923713719e58Db_JPEG/76069858751770_861870672.jpg,https://shoppinglive.naver.com/channels/239315,GRADE_1,,2026-05-21T11:05:43.045166+00:00
100818731,239090,글씨생활 앤드 세레브,100758384,http://shop1.phinf.naver.net/20240825_243/172455776014823mzh_PNG/5653165967918444_1807254208.png,https://shoppinglive.naver.com/channels/239090,GRADE_1,,2026-05-21T11:05:43.045166+00:00
102587699,237024,제이픽스토리,102468053,http://shop1.phinf.naver.net/20250207_175/1738926944784NwEtY_PNG/19451735606416603_1663966543.png,https://shoppinglive.naver.com/channels/237024,GRADE_1,,2026-05-21T11:05:43.045166+00:00
100816377,209327,베르블루,100756130,http://shop1.phinf.naver.net/20231005_74/16964962078061z3pM_JPEG/97631987523116709_139392253.jpg,https://shoppinglive.naver.com/channels/209327,GRADE_1,,2026-05-21T11:05:43.342754+00:00
101888191,176144,어린왕자갤러리,101788637,http://shop1.phinf.naver.net/20240315_145/17105146554245IlhR_PNG/111650435136935118_1835191131.png,https://shoppinglive.naver.com/channels/176144,GRADE_1,,2026-05-21T11:05:43.342754+00:00
102569360,221758,지식여행,102450050,https://shop-phinf.pstatic.net/20241021_160/1729515956246bEynj_JPEG/6f8a5992.jpg,https://shoppinglive.naver.com/channels/221758,GRADE_1,,2026-05-21T11:05:45.080012+00:00
500047129,78844,신원액자랜드,500047129,http://shop1.phinf.naver.net/20211028_205/163538520553498DiC_JPEG/36521048250590856_1202255046.jpg,https://shoppinglive.naver.com/channels/78844,GRADE_1,,2026-05-21T11:05:46.285966+00:00
100970244,229409,코유상점,100903937,http://shop1.phinf.naver.net/20201229_178/1609233984653KO1zW_JPEG/10369830359083940_252884774.jpg,https://shoppinglive.naver.com/channels/229409,GRADE_1,,2026-05-21T11:05:46.285966+00:00
102119957,213714,꼴렉뜨핑크,102012627,http://shop1.phinf.naver.net/20231016_64/1697420488787vIwus_JPEG/98556331493616610_650956088.jpg,https://shoppinglive.naver.com/channels/213714,GRADE_1,,2026-05-21T11:05:50.014044+00:00
101274316,140253,블리바이블,101195501,http://shop1.phinf.naver.net/20230404_51/1680605890115aa1eS_PNG/81741724953017334_1168055105.png,https://shoppinglive.naver.com/channels/140253,GRADE_1,,2026-05-21T11:05:52.404648+00:00
102010518,161967,Soul Life,101906561,http://shop1.phinf.naver.net/20230731_255/1690798296917JyAQe_JPEG/91934139630737485_1082900010.jpg,https://shoppinglive.naver.com/channels/161967,GRADE_1,,2026-05-21T11:05:52.404648+00:00
101105389,225866,율북,101033739,http://shop1.phinf.naver.net/20220127_59/1643215649507Q7Opf_PNG/44351484334120661_1312137421.png,https://shoppinglive.naver.com/channels/225866,GRADE_1,,2026-05-21T11:05:52.404648+00:00
100337331,213070,허은주 갤러리,100303935,http://shop1.phinf.naver.net/20220813_193/1660394234189WLGfa_JPEG/61530076722258392_2084512229.jpg,https://shoppinglive.naver.com/channels/213070,GRADE_1,,2026-05-21T11:05:55.896047+00:00
100626052,224194,올미아트스페이스,100573640,http://shop1.phinf.naver.net/20200708_256/1594184382706En315_JPEG/31545121325281880_2130638632.jpg,https://shoppinglive.naver.com/channels/224194,GRADE_1,,2026-05-21T11:05:55.896047+00:00
500155637,24367,컬러링북 서울프렌드,500155637,http://shop2.phinf.naver.net/20160802_74/seoulfriend_1470149464016JX8DF_PNG/7df7a26c-0603-47b2-a120-22a123f106cf.png,https://shoppinglive.naver.com/channels/24367,GRADE_1,,2026-05-21T11:05:55.896047+00:00
100590379,179968,쇼앤피,100539699,http://shop1.phinf.naver.net/20200422_142/15875426580412kThW_JPEG/24904991617301494_88891818.jpg,https://shoppinglive.naver.com/channels/179968,GRADE_1,,2026-05-21T11:05:56.378417+00:00
100357533,48975,크리스케어,100322848,http://shop1.phinf.naver.net/20250117_98/1737096260461emEWT_JPEG/18596614324101560_1468088084.jpg,https://shoppinglive.naver.com/channels/48975,GRADE_1,,2026-05-21T11:05:58.140239+00:00
100384312,220757,프리몬스터스,100347505,https://shop-phinf.pstatic.net/20241021_160/1729515956246bEynj_JPEG/6f8a5992.jpg,https://shoppinglive.naver.com/channels/220757,GRADE_1,,2026-05-21T11:05:58.797273+00:00
101839616,221248,제주 백야수산 체험배낚시,101741587,http://shop1.phinf.naver.net/20260409_179/1775735387493IjMjo_PNG/109868314379453068_1130021905.png,https://shoppinglive.naver.com/channels/221248,GRADE_1,,2026-05-21T11:05:58.797273+00:00
101296212,143194,우카소.,101216506,http://shop1.phinf.naver.net/20241211_237/1733897694625Wvct1_JPEG/63312736642015324_79052755.jpg,https://shoppinglive.naver.com/channels/143194,GRADE_1,,2026-05-21T11:05:59.888718+00:00
101162065,90923,로즈앤 퀸,101088086,http://shop1.phinf.naver.net/20210911_141/1631333507226DFH7y_JPEG/32469286951998828_249195304.jpg,https://shoppinglive.naver.com/channels/90923,GRADE_1,,2026-05-21T11:06:00.307178+00:00
101423528,163620,북씨책방,101339655,http://shop1.phinf.naver.net/20220112_278/1641958262116joRAK_JPEG/43094160828956313_694286212.jpg,https://shoppinglive.naver.com/channels/163620,GRADE_1,,2026-05-21T11:06:01.263823+00:00
100266674,45247,숭문문고,100239714,http://shop1.phinf.naver.net/20260323_71/1774247313442LQC2a_JPEG/72824878186159631_1258306828.jpg,https://shoppinglive.naver.com/channels/45247,GRADE_1,,2026-05-21T11:06:02.135821+00:00
101573890,192038,효자 상회,101484636,http://shop1.phinf.naver.net/20220707_108/1657177909870InnGD_PNG/58313744705409324_586087995.png,https://shoppinglive.naver.com/channels/192038,GRADE_1,,2026-05-21T11:06:02.597774+00:00
101354758,199190,HYERES,101273124,http://shop1.phinf.naver.net/20211108_278/16363566305990pRW3_PNG/37492476318037772_1988892156.png,https://shoppinglive.naver.com/channels/199190,GRADE_1,,2026-05-21T11:06:02.597774+00:00
22622631,60012,한국전시산업진흥회,cZ7gS,https://phinf.pstatic.net/dthumb/?src=%22https%3A%2F%2Fg-selected.pstatic.net%2FMjAyMDA5MThfODkg%2FMDAxNjAwNDA0ODM2NjUy.fT1-ILmdwA9oX44KeltEQC7UZyhzognx-nJl6LdeKyYg.kGVGDZDSrMdr3_Iz4ew_dfe_LosXh12jLjsQwHIvLp0g.JPEG%2Ftemp_1600404835314.jpg%22&service=selective,https://shoppinglive.naver.com/channels/60012,GRADE_2,,2026-05-21T11:06:04.519802+00:00
102496412,211305,요가는과학이다,102379114,https://shop-phinf.pstatic.net/20241021_160/1729515956246bEynj_JPEG/6f8a5992.jpg,https://shoppinglive.naver.com/channels/211305,GRADE_1,,2026-05-21T11:06:06.364057+00:00
102283353,208524,건강한이부장,102171696,http://shop1.phinf.naver.net/20240228_298/1709080212098GT4yr_PNG/110216110810801421_205493699.png,https://shoppinglive.naver.com/channels/208524,GRADE_1,,2026-05-21T11:06:06.754533+00:00
101257601,92327,누비상회,101179447,http://shop1.phinf.naver.net/20210913_92/1631522277831mrjDc_PNG/32658061336582553_968934192.png,https://shoppinglive.naver.com/channels/92327,GRADE_1,,2026-05-21T11:06:07.195782+00:00
101458786,204024,콩주편지,101373776,http://shop1.phinf.naver.net/20250808_215/17546260489146pPvD_PNG/3954858063009768_1892634657.png,https://shoppinglive.naver.com/channels/204024,GRADE_1,,2026-05-21T11:06:07.195782+00:00
101432696,143031,책읽는공룡,101348594,http://shop1.phinf.naver.net/20250515_133/1747274966240NbyrP_PNG/1829046187248970_212154379.png,https://shoppinglive.naver.com/channels/143031,GRADE_1,,2026-05-21T11:06:08.069177+00:00
100012422,212245,갤러리소헌,100010145,http://shop1.phinf.naver.net/20250613_223/1749781348509VcJVx_JPEG/25281581575907310_611407841.jpg,https://shoppinglive.naver.com/channels/212245,GRADE_1,,2026-05-21T11:06:08.511899+00:00
101287476,210638,보라책방,101208127,http://shop1.phinf.naver.net/20241025_213/17298349636133Y2uX_PNG/12125578545715494_576162452.png,https://shoppinglive.naver.com/channels/210638,GRADE_1,,2026-05-21T11:06:08.511899+00:00
23715650,62528,작은가게 오래가게,bC76z,https://phinf.pstatic.net/dthumb/?src=%22https%3A%2F%2Fg-selected.pstatic.net%2FMjAyMDEyMjNfMzQg%2FMDAxNjA4NzE0OTc1NTc3.wHHuOR_vMnoghCDhVjDGVTXbRAiOdqw-l3XeM11TPrIg.AkeSmQM097_IZq9cx2dlUmO6pfXqxz4c8HPGFUWo8fcg.JPEG%2Fimage.jpg%22&service=selective,https://shoppinglive.naver.com/channels/62528,GRADE_1,,2026-05-21T11:06:09.735171+00:00
500117658,21258,트리빌리지,500117658,http://shop1.phinf.naver.net/20240926_38/1727309136148SUtji_JPEG/61442014597506236_729063349.jpg,https://shoppinglive.naver.com/channels/21258,GRADE_1,,2026-05-21T11:06:09.735675+00:00
100376914,73554,하이헬로하우디,100340759,http://shop1.phinf.naver.net/20221121_152/1669021488387MW5KX_JPEG/70157316215036402_1384031327.JPG,https://shoppinglive.naver.com/channels/73554,GRADE_1,,2026-05-21T11:06:10.830790+00:00
100744916,107922,노부영,100687283,http://shop1.phinf.naver.net/20230203_179/1675410169048IotlX_PNG/76546003880593709_1509157023.png,https://shoppinglive.naver.com/channels/107922,GRADE_2,,2026-05-21T11:06:11.902940+00:00
500186886,26910,컨티뉴 아트샵,500186886,http://shop1.phinf.naver.net/20200912_90/1599843101577EsQSn_PNG/978997305890622_1023445679.png,https://shoppinglive.naver.com/channels/26910,GRADE_1,,2026-05-21T11:06:11.902940+00:00
500117930,21498,애플리스,500117930,http://shop1.phinf.naver.net/20220616_38/1655340479037RSYGA_PNG/56476262352418768_894938131.png,https://shoppinglive.naver.com/channels/21498,GRADE_1,,2026-05-21T11:06:13.102369+00:00
102034523,196677,가치픽,101929860,http://shop1.phinf.naver.net/20230801_48/1690856636814aKrXg_JPEG/18159320692371797_1016326480.jpg,https://shoppinglive.naver.com/channels/196677,GRADE_1,,2026-05-21T11:06:13.630295+00:00
101492002,188846,리버스하이,101405838,https://shop-phinf.pstatic.net/20241021_160/1729515956246bEynj_JPEG/6f8a5992.jpg,https://shoppinglive.naver.com/channels/188846,GRADE_1,,2026-05-21T11:06:13.630295+00:00
101082361,175805,아트백신,101011483,http://shop1.phinf.naver.net/20210714_1/1626242439199GRT28_JPEG/27378274033085821_1079569368.jpg,https://shoppinglive.naver.com/channels/175805,GRADE_1,,2026-05-21T11:06:13.630295+00:00
102277321,188316,라두잉,102165786,http://shop1.phinf.naver.net/20241112_232/1731377436386WWz7A_PNG/65510294495772208_776923373.png,https://shoppinglive.naver.com/channels/188316,GRADE_1,,2026-05-21T11:06:14.195966+00:00
102159916,175052,혜화 연극,102051433,http://shop1.phinf.naver.net/20231107_243/1699357571378waWxu_PNG/100493355095398478_641555322.png,https://shoppinglive.naver.com/channels/175052,GRADE_1,,2026-05-21T11:06:14.195966+00:00
101343158,83805,smile24,101261880,http://shop1.phinf.naver.net/20211018_210/1634522742850zatSV_PNG/35658641133908054_2139268284.png,https://shoppinglive.naver.com/channels/83805,GRADE_1,,2026-05-21T11:06:14.821563+00:00
101838215,200502,인태크 스토어,101740222,http://shop1.phinf.naver.net/20240530_214/1717037501216x6Mud_JPEG/44340185100662595_654139937.jpg,https://shoppinglive.naver.com/channels/200502,GRADE_1,,2026-05-21T11:06:14.821563+00:00
101282677,82672,진안고원몰,101203501,http://shop1.phinf.naver.net/20211006_271/1633528905350MlEHs_PNG/34664689045030640_1943137106.png,https://shoppinglive.naver.com/channels/82672,GRADE_1,,2026-05-21T11:06:14.821563+00:00
100535066,55405,피그말리온 직구마켓,100487377,http://shop1.phinf.naver.net/20191127_278/1574834846645AhwNO_JPEG/12198235184810946_1145530491.jpg,https://shoppinglive.naver.com/channels/55405,GRADE_1,,2026-05-21T11:06:15.344316+00:00
500020766,12296,아티쉬,500020766,http://shop1.phinf.naver.net/20250711_217/1752192785161LCTn8_PNG/86325642283234885_513810209.png,https://shoppinglive.naver.com/channels/12296,GRADE_1,,2026-05-21T11:06:15.344816+00:00
101967860,197863,그림과벽화,101865303,http://shop1.phinf.naver.net/20260329_5/1774746486242hx2GN_JPEG/3887217761448147_203960353.jpg,https://shoppinglive.naver.com/channels/197863,GRADE_1,,2026-05-21T11:06:15.939100+00:00
100201896,117925,꽃말림,100181324,http://shop1.phinf.naver.net/20260323_144/1774233630839vBc8j_JPEG/18326500816220882_603789262.jpg,https://shoppinglive.naver.com/channels/117925,GRADE_1,,2026-05-21T11:06:15.939100+00:00
500034726,169023,리빈 Livin,500034726,http://shop1.phinf.naver.net/20260324_86/1774317851792nMEMi_JPEG/livinstrofarm.jpg,https://shoppinglive.naver.com/channels/169023,GRADE_1,,2026-05-21T11:06:15.939100+00:00
101383329,189041,마인드패턴,101300705,http://shop1.phinf.naver.net/20240223_48/1708670877745jE76O_PNG/109806776451094269_2116434576.png,https://shoppinglive.naver.com/channels/189041,GRADE_1,,2026-05-21T11:06:16.704302+00:00
100935201,191978,ein studio,100870259,http://shop1.phinf.naver.net/20240205_278/1707098135350NuMDM_PNG/108233915072441297_408875119.png,https://shoppinglive.naver.com/channels/191978,GRADE_1,,2026-05-21T11:06:16.704302+00:00
100950449,132482,글씨를수놓다,100884917,http://shop1.phinf.naver.net/20210129_245/1611923439472Wxzf6_JPEG/13059282118661650_518656134.jpg,https://shoppinglive.naver.com/channels/132482,GRADE_1,,2026-05-21T11:06:17.485720+00:00
500097666,177857,KOKOELMA,500097666,http://shop2.phinf.naver.net/20150807_186/kokoelma_1438880056377WvLyu_PNG/45501054897633691_1824623086.png,https://shoppinglive.naver.com/channels/177857,GRADE_1,,2026-05-21T11:06:18.959867+00:00
100078039,186922,송원,100069931,http://shop1.phinf.naver.net/20250130_2/1738226042302K07tL_PNG/1771977125977636_1661233675.png,https://shoppinglive.naver.com/channels/186922,GRADE_1,,2026-05-21T11:06:18.959867+00:00
100165484,146172,대학로 연극 하마컴퍼니,100148994,http://shop1.phinf.naver.net/20260320_78/1773998308347fgKiF_JPEG/5985447150627870_142591315.jpg,https://shoppinglive.naver.com/channels/146172,GRADE_1,,2026-05-21T11:06:19.417969+00:00
100781361,80199,두란노몰,100722496,http://shop1.phinf.naver.net/20230515_206/168413797947027VhN_JPEG/11440663349348068_1915410076.jpg,https://shoppinglive.naver.com/channels/80199,GRADE_1,,2026-05-21T11:06:19.903119+00:00
1236803,69584,영화 라이브 ,2uOmV,https://phinf.pstatic.net/dthumb/?src=%22https%3A%2F%2Fg-selected.pstatic.net%2FMjAyMTA2MDhfMSAg%2FMDAxNjIzMTU1ODg0OTI5.DYWNICrzBMElg54JBuV-zwudAzfnbW-loXfSMAt-Z8Ig.PvSg-GsEkVKApiWz0NyYDQZTDQLiYnK1S0js4oIafD0g.JPEG%2Fimage.jpg%22&service=selective,https://shoppinglive.naver.com/channels/69584,GRADE_3,,2026-05-21T11:06:21.316834+00:00
102184875,181307,JSDcontents,102075669,http://shop1.phinf.naver.net/20240408_87/1712550116455fCTIv_PNG/113686005168512605_1099906563.png,https://shoppinglive.naver.com/channels/181307,GRADE_1,,2026-05-21T11:06:21.316834+00:00
100927749,69274,스트릿캣파파,100863065,http://shop1.phinf.naver.net/20230820_286/16925161309474W73Y_JPEG/93652019650970912_1722402573.jpg,https://shoppinglive.naver.com/channels/69274,GRADE_1,,2026-05-21T11:06:22.896412+00:00
101510478,160324,굿텔링,101423638,http://shop1.phinf.naver.net/20230603_295/1685781362200lyPxC_JPEG/86917190029817477_792425743.jpg,https://shoppinglive.naver.com/channels/160324,GRADE_1,,2026-05-21T11:06:22.896412+00:00
102145853,164404,blessbrew,102037825,http://shop1.phinf.naver.net/20231204_218/1701676423655PkYwQ_PNG/102812266370149537_254457411.png,https://shoppinglive.naver.com/channels/164404,GRADE_1,,2026-05-21T11:06:24.473617+00:00
61743584,95430,방문판매 정경미,eVbiv,https://g-selected.pstatic.net/MjAyMjA5MDVfMjk3/MDAxNjYyMzY4OTMxNTM3.qjjyEvFLg66XKHIAjZxJOz5liGPlZXutJFIk_OFyBwkg.Hhty0K6uOyTzbImPy5YwUMsBQUFw1bpCj4SKsAMWIwMg.JPEG/image.jpg,https://shoppinglive.naver.com/channels/95430,GRADE_3,,2026-05-21T11:06:24.473617+00:00
500138636,23199,언어세상,500138636,http://shop1.phinf.naver.net/20210610_79/16233107707900VQgF_JPEG/24446605258595612_1851757157.jpg,https://shoppinglive.naver.com/channels/23199,GRADE_1,,2026-05-21T11:06:24.473617+00:00
500205666,28450,클 스토어,500205666,http://shop1.phinf.naver.net/20260324_21/1774345554374CgfVe_JPEG/98c1506f-d1ba-452d-b80c-2a232d5ead9a.jpg,https://shoppinglive.naver.com/channels/28450,GRADE_1,,2026-05-21T11:06:25.086494+00:00
101779209,108581,까리한쇼핑,101682986,http://shop1.phinf.naver.net/20230427_59/1682604728334kR8K9_JPEG/83740571046921163_257233226.jpg,https://shoppinglive.naver.com/channels/108581,GRADE_1,,2026-05-21T11:06:25.703425+00:00
100207856,96603,피무네서점 태국어 태국어책,100186681,http://shop1.phinf.naver.net/20220916_258/1663311298150lgbQF_PNG/64447125973554137_793504111.png,https://shoppinglive.naver.com/channels/96603,GRADE_1,,2026-05-21T11:06:26.249577+00:00
101077504,79292,김영사 서점 행복한마음,101006827,http://shop1.phinf.naver.net/20231101_262/1698822502101NYRNY_PNG/99958336937667497_2135491857.png,https://shoppinglive.naver.com/channels/79292,GRADE_1,,2026-05-21T11:06:26.861875+00:00
100251216,107082,웰에이징샵,100225726,https://shop-phinf.pstatic.net/20241021_160/1729515956246bEynj_JPEG/6f8a5992.jpg,https://shoppinglive.naver.com/channels/107082,GRADE_1,,2026-05-21T11:06:26.861875+00:00
100156294,71071,리트웨이,100140802,http://shop1.phinf.naver.net/20260320_262/17739961673736X6Nj_JPEG/4326043924030341_388801214.jpg,https://shoppinglive.naver.com/channels/71071,GRADE_1,,2026-05-21T11:06:27.453871+00:00
500149737,73582,우정글씨 캘리그라피,500149737,http://shop1.phinf.naver.net/20210226_98/1614312777794ViJuJ_JPEG/15448605618217406_1921025903.jpg,https://shoppinglive.naver.com/channels/73582,GRADE_1,,2026-05-21T11:06:27.453871+00:00
101320848,87926,지오마노아,101240244,http://shop1.phinf.naver.net/20231013_202/1697203295869NWVRS_PNG/98339079570727706_390109946.png,https://shoppinglive.naver.com/channels/87926,GRADE_1,,2026-05-21T11:06:28.580221+00:00
100153241,60179,시공사 북스토어,100138098,http://shop1.phinf.naver.net/20240826_109/1724645648829Qupzi_JPEG/53028139491272012_1244406433.jpg,https://shoppinglive.naver.com/channels/60179,GRADE_1,,2026-05-21T11:06:29.187250+00:00
101722009,99501,vaimi,101628295,http://shop1.phinf.naver.net/20221024_223/1666578529260DluDv_JPEG/67714308982938110_1805962653.jpg,https://shoppinglive.naver.com/channels/99501,GRADE_2,,2026-05-21T11:06:29.187250+00:00
500229133,160057,BBC사이언스,500229133,http://shop1.phinf.naver.net/20260324_111/1774350079753Jz5QC_JPEG/31024744645957428_1739636374.jpg,https://shoppinglive.naver.com/channels/160057,GRADE_1,,2026-05-21T11:06:31.398420+00:00
101892984,137716,Beige Room,101793275,http://shop1.phinf.naver.net/20240107_146/1704606747801h3WG6_PNG/31909431687973533_554399576.png,https://shoppinglive.naver.com/channels/137716,GRADE_1,,2026-05-21T11:06:33.304022+00:00
102130268,147650,방구석 잡동사니,102022690,http://shop1.phinf.naver.net/20231107_186/1699368255187h7URJ_JPEG/100504153716391663_1135231883.jpg,https://shoppinglive.naver.com/channels/147650,GRADE_1,,2026-05-21T11:06:33.304022+00:00
100961032,76468,풍남상회,100895101,http://shop1.phinf.naver.net/20201130_10/1606719176004FGqj7_JPEG/7854959709014504_546419714.jpg,https://shoppinglive.naver.com/channels/76468,GRADE_1,,2026-05-21T11:06:34.433998+00:00
100540023,154280,갤러리360,100492055,http://shop1.phinf.naver.net/20191206_47/1575610340852ctmeH_JPEG/12973729391154385_1944821088.jpg,https://shoppinglive.naver.com/channels/154280,GRADE_1,,2026-05-21T11:06:35.123240+00:00
100468876,53264,펜을든오리,100425479,http://shop1.phinf.naver.net/20260324_30/1774309389543EE7R7_JPEG/1406987952159002_632767534.jpeg,https://shoppinglive.naver.com/channels/53264,GRADE_1,,2026-05-21T11:06:37.100545+00:00
101258516,89958,최강파워프레시,101180326,http://shop1.phinf.naver.net/20240109_106/1704789067120kno1W_JPEG/105924965820776050_1555526903.jpg,https://shoppinglive.naver.com/channels/89958,GRADE_1,,2026-05-21T11:06:37.678413+00:00
102030805,146829,사랑쟁이,101926246,https://shop-phinf.pstatic.net/20241021_160/1729515956246bEynj_JPEG/6f8a5992.jpg,https://shoppinglive.naver.com/channels/146829,GRADE_1,,2026-05-21T11:06:38.359624+00:00
101603257,96351,렛유인,101513072,http://shop1.phinf.naver.net/20220902_217/16620856600004Vxtd_PNG/63221505718262210_326269442.png,https://shoppinglive.naver.com/channels/96351,GRADE_1,,2026-05-21T11:06:38.359624+00:00
102006215,146416,원아트 WONArt,101902391,https://shop-phinf.pstatic.net/20241021_160/1729515956246bEynj_JPEG/6f8a5992.jpg,https://shoppinglive.naver.com/channels/146416,GRADE_1,,2026-05-21T11:06:39.016956+00:00
500096690,19373,세티몰,500096690,http://shop1.phinf.naver.net/20210416_191/1618561596923RfSfu_JPEG/19697492523861756_1297605829.jpg,https://shoppinglive.naver.com/channels/19373,GRADE_1,,2026-05-21T11:06:39.016956+00:00
101310219,137002,버드리나라,101229941,https://shop-phinf.pstatic.net/20241021_160/1729515956246bEynj_JPEG/6f8a5992.jpg,https://shoppinglive.naver.com/channels/137002,GRADE_1,,2026-05-21T11:06:41.868445+00:00
101918898,136275,이박사중국어,101818131,http://shop1.phinf.naver.net/20230331_192/1680253338368760Cs_PNG/81389118075259489_1089682812.png,https://shoppinglive.naver.com/channels/136275,GRADE_1,,2026-05-21T11:06:42.929844+00:00
100072204,15062,팀플레이 스토어,100064597,http://shop1.phinf.naver.net/20260403_85/177520923781671iDW_JPEG/28804149940959643_1918802584.jpg,https://shoppinglive.naver.com/channels/15062,GRADE_1,,2026-05-21T11:06:42.929844+00:00
101653916,95826,콘텐츠스페이스,101562397,https://shop-phinf.pstatic.net/20241021_160/1729515956246bEynj_JPEG/6f8a5992.jpg,https://shoppinglive.naver.com/channels/95826,GRADE_1,,2026-05-21T11:06:43.582067+00:00
17440362,62234,리코,bSt30,https://g-selected.pstatic.net/MjAyMzA3MjBfMjg5/MDAxNjg5ODM4MDg2NDcw.mOX6_2OuIgjwy-CNFJs1AR7X9KC_tZb7U5DBPuqeEHsg.KQeIULNW81IVSTI7Wd6jJF1dGgAqXWCdPPbDgIQiqw4g.JPEG/image.jpg,https://shoppinglive.naver.com/channels/62234,GRADE_3,,2026-05-21T11:06:43.582067+00:00
100462179,53057,우리키즈샵,100419326,http://shop1.phinf.naver.net/20190904_255/1567571854345n9ej0_PNG/4931688899053846_110797048.png,https://shoppinglive.naver.com/channels/53057,GRADE_1,,2026-05-21T11:06:43.582067+00:00
100389092,77202,동아이지에듀,100351800,http://shop1.phinf.naver.net/20211221_115/1640071786048wjeik_PNG/41207674610125223_1179418720.png,https://shoppinglive.naver.com/channels/77202,GRADE_1,,2026-05-21T11:06:44.216802+00:00
101419654,90136,선우네상점,101335863,http://shop1.phinf.naver.net/20220426_167/165093573471904tcR_PNG/52071633410638970_2069771288.png,https://shoppinglive.naver.com/channels/90136,GRADE_1,,2026-05-21T11:06:44.847998+00:00
500184856,95377,밀란 MLEN,500184856,http://shop1.phinf.naver.net/20220914_124/1663096783746v19CG_PNG/64232629467722532_1477283424.png,https://shoppinglive.naver.com/channels/95377,GRADE_1,,2026-05-21T11:06:45.472524+00:00
101258488,76490,스토리앤라이브,101180301,http://shop1.phinf.naver.net/20231025_256/1698219798184vVUfQ_JPEG/25522482038787689_732386018.jpg,https://shoppinglive.naver.com/channels/76490,GRADE_1,,2026-05-21T11:06:46.223171+00:00
500182866,113745,MIND RITUAL,500182866,http://shop1.phinf.naver.net/20230824_209/1692860240176Gcfsz_PNG/93996082892550738_2058848085.png,https://shoppinglive.naver.com/channels/113745,GRADE_1,,2026-05-21T11:06:46.223171+00:00
500127705,61496,몽골리아 다판다,500127705,http://shop1.phinf.naver.net/20220711_203/1657503749379iCcro_PNG/58639584151510445_1467627857.png,https://shoppinglive.naver.com/channels/61496,GRADE_1,,2026-05-21T11:06:46.223171+00:00
101534710,96198,T셀파몰,101446838,http://shop1.phinf.naver.net/20250829_257/17564425571159IVNX_PNG/70770661999830807_1334699791.png,https://shoppinglive.naver.com/channels/96198,GRADE_1,,2026-05-21T11:06:46.852504+00:00
52700706,68594,박기웅의 컬쳐라이브,ewwys,https://g-selected.pstatic.net/MjAyMjAzMDJfMjcz/MDAxNjQ2MjEwOTY2OTU2._U3wi2RtCIrx7AFH-SxvGCgnGmMEV_oZzhitUK52umEg.GHIJOgX19a08yfay4jRgdcJDZs_1UXmZPR26J3QZtvYg.JPEG/temp_1646210965570.jpg,https://shoppinglive.naver.com/channels/68594,GRADE_3,,2026-05-21T11:06:47.325295+00:00
500060547,81637,친정엄마ON,500060547,http://shop1.phinf.naver.net/20211123_299/1637650919847D2IMV_JPEG/38786703561265398_1783672036.jpg,https://shoppinglive.naver.com/channels/81637,GRADE_1,,2026-05-21T11:06:47.325295+00:00
100127549,39750,천재교육 공식 스토어,100115102,http://shop1.phinf.naver.net/20200423_251/15876170789023MzA3_JPEG/24980467422623487_984213474.jpg,https://shoppinglive.naver.com/channels/39750,GRADE_1,,2026-05-21T11:06:48.942094+00:00
26933168,71526,전시 라이브,dSiVI,https://phinf.pstatic.net/dthumb/?src=%22https%3A%2F%2Fg-selected.pstatic.net%2FMjAyMTEwMDFfNjIg%2FMDAxNjMzMDg5MTgxMzk3.zq0Bw885txBCX15AVW39vg8anHdhBV7YAojXLVojweEg.oO3YYeFjnUTj5VQYzw7oDVNOE-EQcTBS_HpbanS0yYYg.JPEG%2Fimage.jpg%22&service=selective,https://shoppinglive.naver.com/channels/71526,GRADE_3,,2026-05-21T11:06:48.942094+00:00
100725180,65432,티나 스토어,100668224,http://shop1.phinf.naver.net/20240308_231/1709884135954W83BN_JPEG/111019919669119575_265552976.jpg,https://shoppinglive.naver.com/channels/65432,GRADE_1,,2026-05-21T11:06:48.942094+00:00
101358531,84996,라방라방 라이브,101276768,http://shop1.phinf.naver.net/20221111_134/166813348027270fCR_PNG/69269315103340262_1580821531.png,https://shoppinglive.naver.com/channels/84996,GRADE_1,,2026-05-21T11:06:48.942094+00:00
56936433,89092,이솔,eF2iS,https://g-selected.pstatic.net/MjAyMjA0MjdfMjA4/MDAxNjUxMDYwNTIwODcw.lvh6L4eCOVlW9gHMnav-IcXOJjKChj2feaJqAo3fmYwg.JoExB9pg6Xwuzamm8W2VPoH2LDU9-NR-P_C3rCi8YU8g.JPEG/image.jpg,https://shoppinglive.naver.com/channels/89092,GRADE_3,,2026-05-21T11:06:49.614672+00:00
101411235,85062,MG커머스,101327713,http://shop1.phinf.naver.net/20220315_131/1647322945164ux0hI_PNG/48458833873961312_708816646.png,https://shoppinglive.naver.com/channels/85062,GRADE_1,,2026-05-21T11:06:49.614672+00:00
61509791,95025,이봐요,eTXnU,https://g-selected.pstatic.net/MjAyMjA4MzBfMTIw/MDAxNjYxODM5ODAzNjc5.WbWvnTRGhtqe3RqIQrB2dB0JnjnVgH8gleCeavOcR0Qg.MGUHcrnvmD_-u8F14iFetyMhQS_oY5kJhQVD4sKDB-Mg.JPEG/temp_1661839801510.jpg,https://shoppinglive.naver.com/channels/95025,GRADE_3,,2026-05-21T11:06:49.614672+00:00
50286524,87279,heyPOP 헤이팝,ehVrk,https://phinf.pstatic.net/dthumb/?src=%22https%3A%2F%2Fphinf.pstatic.net%2Fcontact%2F20211130_268%2F1638254718771cSHnX_PNG%2Fimage.png%22&service=selective,https://shoppinglive.naver.com/channels/87279,GRADE_3,,2026-05-21T11:06:50.530017+00:00
832410,65288,책방 북토크,19Aar,https://phinf.pstatic.net/dthumb/?src=%22https%3A%2F%2Fg-selected.pstatic.net%2FMjAyMTA0MDlfMjA2%2FMDAxNjE3OTUzODQ0Mzk0.ZUabOiVKFObv3afjZEQpfZJ24SsvbIB273Qt5ER33nUg.lU27mEN9ja9_3Y8iLBgxdXO2Ts8Fnr3M9YX-W3jPU3sg.JPEG%2Fimage.jpg%22&service=selective,https://shoppinglive.naver.com/channels/65288,GRADE_3,,2026-05-21T11:06:51.268485+00:00
100502730,54447,더드림 잡화점,100457018,http://shop1.phinf.naver.net/20260422_116/1776853468414Ql4uX_PNG/26423680871493087_287494544.png,https://shoppinglive.naver.com/channels/54447,GRADE_1,,2026-05-21T11:06:52.690513+00:00
50079432,82564,한국과학창의재단,ekzEv,https://g-selected.pstatic.net/MjAyMTEyMjBfMTA4/MDAxNjM5OTc1MzUzMjYz.lE_YhVZiRVccwLlm08908v1LjREsPKUzOBvH4CiNNOcg.iHzT54XZjSVx0wVqi0aLe3h47vhcYKh7k56OJ8d5Qbog.JPEG/image.jpg,https://shoppinglive.naver.com/channels/82564,GRADE_2,,2026-05-21T11:06:52.690513+00:00
500068719,85074,창비,500068719,http://shop1.phinf.naver.net/20230327_282/1679903041721eSFtJ_PNG/81038875541785245_1253658341.png,https://shoppinglive.naver.com/channels/85074,GRADE_1,,2026-05-21T11:06:52.690513+00:00
56852874,89017,다나,eELP7,https://g-selected.pstatic.net/MjAyMjA1MzFfMTEx/MDAxNjUzOTg4NTc0NDA0.PsFckJMjHYaMcaB4Dw6ltDpgjn_2k9hxDtzY7xDQv7cg.bJVyPSXMFj_quL9cJiGhYv-K2-F0sbMtx0L-_Gkh_cEg.JPEG/temp_1653988570216.jpg,https://shoppinglive.naver.com/channels/89017,GRADE_3,,2026-05-21T11:06:52.690513+00:00
100885343,82621,애농 순수람,100822420,http://shop1.phinf.naver.net/20230911_129/1694407282925UXL1j_PNG/21709966811538947_132290875.png,https://shoppinglive.naver.com/channels/82621,GRADE_1,,2026-05-21T11:06:52.690513+00:00
101309363,77935,트렌드코리아몰,101229122,http://shop1.phinf.naver.net/20210924_19/1632453669220aGkae_JPEG/33589557925453003_1811058631.jpg,https://shoppinglive.naver.com/channels/77935,GRADE_1,,2026-05-21T11:06:53.417833+00:00
101148670,72312,농업회사법인 로컬플래너,101075183,http://shop1.phinf.naver.net/20240926_228/1727327412528fSoNR_PNG/40571904354422952_441495280.png,https://shoppinglive.naver.com/channels/72312,GRADE_1,,2026-05-21T11:06:54.392811+00:00
100259585,64884,북이십일,100233296,http://shop1.phinf.naver.net/20200519_203/1589863538154i2YVh_JPEG/27225871725874024_1410470344.jpg,https://shoppinglive.naver.com/channels/64884,GRADE_1,,2026-05-21T11:06:54.392811+00:00
101140031,69308,가치GOGO 쇼딜,101066865,http://shop1.phinf.naver.net/20210409_215/1617934366165ILzoO_JPEG/19070193925180860_1350495922.jpg,https://shoppinglive.naver.com/channels/69308,GRADE_1,,2026-05-21T11:06:55.097112+00:00
101386825,85007,펭귄플래닛,101304097,http://shop1.phinf.naver.net/20221011_43/16654797683254xaLC_PNG/66615667035376453_260394261.png,https://shoppinglive.naver.com/channels/85007,GRADE_1,,2026-05-21T11:06:55.097112+00:00
500008988,86371,웰메이드코리아,500008988,http://shop1.phinf.naver.net/20210903_165/16306443432636rdhy_JPEG/31780177083027457_1665752710.jpg,https://shoppinglive.naver.com/channels/86371,GRADE_1,,2026-05-21T11:06:55.097112+00:00
100471730,79587,탐탐역사,100428161,http://shop1.phinf.naver.net/20221201_175/1669858998277KenUW_PNG/70994894001059865_1407548316.png,https://shoppinglive.naver.com/channels/79587,GRADE_1,,2026-05-21T11:06:55.097112+00:00
100006507,94588,오스텔라,100004978,http://shop1.phinf.naver.net/20260319_2/1773902486514b9rVr_JPEG/21957879067161830_1663838735.jpg,https://shoppinglive.naver.com/channels/94588,GRADE_1,,2026-05-21T11:06:55.097112+00:00
101292361,87799,스마일 모모,101212831,http://shop1.phinf.naver.net/20220907_264/1662536544971OPxnz_JPEG/63672440702655078_1327124598.jpg,https://shoppinglive.naver.com/channels/87799,GRADE_1,,2026-05-21T11:06:56.076052+00:00
100345235,81561,가벼운 학습지,100311314,http://shop1.phinf.naver.net/20230116_151/1673834975576lwU5K_PNG/74970803404653796_1681212897.png,https://shoppinglive.naver.com/channels/81561,GRADE_1,,2026-05-21T11:06:56.076052+00:00
101078900,67913,파루상점,101008162,http://shop1.phinf.naver.net/20240111_282/1704958880236NfzUP_PNG/106094778944127220_1425742087.png,https://shoppinglive.naver.com/channels/67913,GRADE_1,,2026-05-21T11:06:56.076052+00:00
26933089,71525,공연 라이브,dSiWm,https://phinf.pstatic.net/dthumb/?src=%22https%3A%2F%2Fg-selected.pstatic.net%2FMjAyMTA2MzBfMzgg%2FMDAxNjI1MDM2MDg4MjI4.5nFQw_VVdtweInMPOcXKXZikbbhEAMhJEnK1TauVkPAg.KK8VZ6tim-_xYneBhBKGsOv1YikGv0UFCCaNTx5lVfog.JPEG%2Fimage.jpg%22&service=selective,https://shoppinglive.naver.com/channels/71525,GRADE_2,,2026-05-21T11:06:56.076052+00:00
100694624,529,로사나라,100638910,http://shop1.phinf.naver.net/20201227_67/1609033021802j35dd_JPEG/10168910502521825_116193752.jpg,https://shoppinglive.naver.com/channels/529,GRADE_1,,2026-05-21T11:06:56.709472+00:00
26424562,71171,박경림의 사는 이야기,5y0oJ,https://phinf.pstatic.net/dthumb/?src=%22https%3A%2F%2Fg-selected.pstatic.net%2FMjAyMTA2MTdfMTM2%2FMDAxNjIzODk1Nzg0MTI4.D-k3ul0QdcKwNLQ67HB5MKmUIGq1LyKRfBfw7hhXWL0g.ZGLWZXCUYcz2TOoYptR3U38DHMP_l4TWEb_dFts_nnMg.JPEG%2Fimage.jpg%22&service=selective,https://shoppinglive.naver.com/channels/71171,GRADE_2,,2026-05-21T11:06:56.709472+00:00
500042412,93231,뮤직앤아트스토어,500042412,http://shop1.phinf.naver.net/20200310_168/15838070613269cHhr_PNG/21168603949249032_1911322170.png,https://shoppinglive.naver.com/channels/93231,GRADE_1,,2026-05-21T11:06:56.709472+00:00
500069890,80377,민음사,500069890,http://shop2.phinf.naver.net/20141107_72/minumsa515_1415339473508eto3e_JPEG/21960484061407044_-406997189.JPG,https://shoppinglive.naver.com/channels/80377,GRADE_1,,2026-05-21T11:06:57.538944+00:00
101571714,93204,샘문스토어,101482527,http://shop1.phinf.naver.net/20220715_194/1657849462541I1NnE_JPEG/58985361237124282_1557494416.jpg,https://shoppinglive.naver.com/channels/93204,GRADE_1,,2026-05-21T11:06:57.538944+00:00
100614436,83905,근근넝넝,100562541,http://shop1.phinf.naver.net/20200227_197/15827705035366q4uJ_JPEG/20133892062007509_747832936.jpg,https://shoppinglive.naver.com/channels/83905,GRADE_1,,2026-05-21T11:06:58.251441+00:00
100182955,66832,벤트리마켓,100164305,http://shop1.phinf.naver.net/20210720_36/1626761059214Cieu8_JPEG/27896954952173083_1200301535.jpg,https://shoppinglive.naver.com/channels/66832,GRADE_1,,2026-05-21T11:06:58.820261+00:00
100903245,59983,라라스테이션,100839599,http://shop1.phinf.naver.net/20231024_99/1698110463511XN28F_PNG/99246298344908786_905384612.png,https://shoppinglive.naver.com/channels/59983,GRADE_1,,2026-05-21T11:06:58.820261+00:00
101321533,80505,엠디티비,101240897,http://shop1.phinf.naver.net/20220209_264/1644395746305tAYYk_PNG/45531592026806462_1214767907.png,https://shoppinglive.naver.com/channels/80505,GRADE_1,,2026-05-21T11:06:59.627075+00:00
101543689,90872,타임캡슐 슈퍼콘서트,101455423,http://shop1.phinf.naver.net/20230317_95/1679033364621sgnly_PNG/80169263309273995_435348573.png,https://shoppinglive.naver.com/channels/90872,GRADE_1,,2026-05-21T11:07:01.282404+00:00
100735569,86302,키득상점,100678215,http://shop1.phinf.naver.net/20200529_199/1590714905979zlBwo_JPEG/28076448613079122_689813737.jpg,https://shoppinglive.naver.com/channels/86302,GRADE_1,,2026-05-21T11:07:01.282404+00:00
101459955,88851,아작출판사,101374883,http://shop1.phinf.naver.net/20220211_241/1644551506213ACUHp_JPEG/45687289723928474_1903600247.jpg,https://shoppinglive.naver.com/channels/88851,GRADE_1,,2026-05-21T11:07:04.650597+00:00
100753346,89218,자이언트북스,100695404,http://shop1.phinf.naver.net/20230302_214/16777455354165cV5P_JPEG/78881369236890684_1083519248.jpg,https://shoppinglive.naver.com/channels/89218,GRADE_1,,2026-05-21T11:07:05.467303+00:00
500266181,32737,스튜디오더블류,500266181,http://shop1.phinf.naver.net/20230626_18/1687743136167Ik8dC_PNG/88878919879035218_513044366.png,https://shoppinglive.naver.com/channels/32737,GRADE_1,,2026-05-21T11:07:05.467303+00:00
101068477,89316,책방채움,100998110,http://shop1.phinf.naver.net/20220406_224/1649230538482R3s46_JPEG/50366427134181723_841165996.jpg,https://shoppinglive.naver.com/channels/89316,GRADE_1,,2026-05-21T11:07:06.331337+00:00
101162888,72304,해피니스테크,101088877,http://shop1.phinf.naver.net/20210427_41/1619506125527BTd2c_PNG/20641953355623198_380366931.png,https://shoppinglive.naver.com/channels/72304,GRADE_1,,2026-05-21T11:07:07.977102+00:00
53899581,86873,프린트베이커리,eyxHk,https://g-selected.pstatic.net/MjAyMjAzMTBfMTE2/MDAxNjQ2ODk1MzU0MTM2.6FJHQWWx_zyCf-fTLko5VoqE4la7Qpl9JpZ2X0Aa6U4g.4vrSWZPI_BL-jZNYtJDGBiKjJx43jh_nUzr5EdozMdAg.JPEG/image.jpg,https://shoppinglive.naver.com/channels/86873,GRADE_3,,2026-05-21T11:07:08.827108+00:00
100816356,75863,e바로마켓,100756110,http://shop1.phinf.naver.net/20230830_211/1693357753393TrkT5_JPEG/94493588225882782_59633567.jpg,https://shoppinglive.naver.com/channels/75863,GRADE_1,,2026-05-21T11:07:08.827108+00:00
50178427,82946,쇼핑LIVE,em2tL,https://g-selected.pstatic.net/MjAyMjA0MTNfODgg/MDAxNjQ5ODM1OTQ0NDI5.L1dzb4oJzeaFWR7YIiruHxizl8M_UFFlpdGkHd2JI4kg.ypuzdhfpPAniL2K3W4F5sxxKO1K16ffDOiay1FCYq-Qg.JPEG/temp_1649835943021.jpg,https://shoppinglive.naver.com/channels/82946,GRADE_3,,2026-05-21T11:07:08.827108+00:00
101384252,88106,뱁새네,101301616,http://shop1.phinf.naver.net/20221103_47/1667466713838tkepy_PNG/68602609571411047_1626271061.png,https://shoppinglive.naver.com/channels/88106,GRADE_1,,2026-05-21T11:07:08.827108+00:00
100314738,82526,그린쿱,100283164,http://shop1.phinf.naver.net/20211022_263/16348786716095XzgA_JPEG/36014506443641337_1946831851.jpg,https://shoppinglive.naver.com/channels/82526,GRADE_1,,2026-05-21T11:07:09.605741+00:00
100356270,78611,랑 MD 스토어,100321678,http://shop1.phinf.naver.net/20190923_222/1569224829800e5NK1_PNG/6588218345972094_354504222.png,https://shoppinglive.naver.com/channels/78611,GRADE_1,,2026-05-21T11:07:09.605741+00:00
100603617,61232,셀럽쇼핑,100552281,http://shop1.phinf.naver.net/20200917_227/1600332372971n5Qw2_PNG/1468215673458412_1931424751.png,https://shoppinglive.naver.com/channels/61232,GRADE_1,,2026-05-21T11:07:10.358089+00:00
101003442,69291,오뉴월TV,100935775,http://shop1.phinf.naver.net/20221116_39/1668604258217EHkm2_PNG/69740103929090606_655114886.png,https://shoppinglive.naver.com/channels/69291,GRADE_1,,2026-05-21T11:07:10.358089+00:00
500240565,65874,동아사이언스,500240565,http://shop1.phinf.naver.net/20210819_196/1629337555564Jir1i_JPEG/30473444278177820_188329615.jpg,https://shoppinglive.naver.com/channels/65874,GRADE_1,,2026-05-21T11:07:11.121449+00:00
101288242,83103,교원 빨간펜,101208857,http://shop1.phinf.naver.net/20221102_122/1667377112378lXNFv_PNG/68512958098815678_1574260137.png,https://shoppinglive.naver.com/channels/83103,GRADE_2,,2026-05-21T11:07:11.121449+00:00
101014340,68182,한민관,100946175,http://shop1.phinf.naver.net/20210414_236/1618372866550NeFSl_JPEG/19508701384715233_1258805149.jpg,https://shoppinglive.naver.com/channels/68182,GRADE_1,,2026-05-21T11:07:12.019617+00:00
500154819,24557,도서출판 키다리아저씨,500154819,http://shop1.phinf.naver.net/20200226_237/15827054716533SX5k_JPEG/20065306200044866_693291624.jpg,https://shoppinglive.naver.com/channels/24557,GRADE_1,,2026-05-21T11:07:12.019617+00:00
101082393,75574,팩토FACTO,101011513,http://shop1.phinf.naver.net/20250210_179/17391503149066SYFn_PNG/73283251035333946_1210640087.png,https://shoppinglive.naver.com/channels/75574,GRADE_1,,2026-05-21T11:07:12.916140+00:00
50042918,83618,관광기업지원센터,ejDtH,https://g-selected.pstatic.net/MjAyMjAxMTFfMTAg/MDAxNjQxODg3NjUyMTU1.yhQrmCHxpdtUzyhsy1S8mydWf6Z6lVMs1FSOYfLZFZ0g.mpYSqyUZ7egzSSBWHUvFJ-JispJDvoEo07HnJcoOrBcg.JPEG/image.jpg,https://shoppinglive.naver.com/channels/83618,GRADE_2,,2026-05-21T11:07:12.916140+00:00
50488523,84394,여수 녹테마레,cLk9T,https://ldb-phinf.pstatic.net/20240316_82/1710571619497iiTgJ_JPEG/2.jpg,https://shoppinglive.naver.com/channels/84394,GRADE_3,,2026-05-21T11:07:12.916140+00:00
100269297,73212,새벽감성1집,100242081,http://shop1.phinf.naver.net/20260323_118/1774247813778Hn3uP_PNG/21369235823796304_667592316.png,https://shoppinglive.naver.com/channels/73212,GRADE_1,,2026-05-21T11:07:13.812512+00:00
500251268,64334,어스둥지 여의천하,500251268,http://shop1.phinf.naver.net/20201202_200/1606898082060vmLXP_JPEG/8033915868961065_1718343083.jpg,https://shoppinglive.naver.com/channels/64334,GRADE_1,,2026-05-21T11:07:13.812512+00:00
101080477,82782,예스24,101009683,http://shop1.phinf.naver.net/20230403_172/1680481748695QQb0u_PNG/7784432579854443_985255699.png,https://shoppinglive.naver.com/channels/82782,GRADE_1,,2026-05-21T11:07:14.639817+00:00
500173574,25817,니은기억,500173574,http://shop1.phinf.naver.net/20210304_128/1614840831721M6LYo_PNG/15976666351209503_2143226516.png,https://shoppinglive.naver.com/channels/25817,GRADE_1,,2026-05-21T11:07:14.639817+00:00
500036550,270,시냇가에심은나무들,500036550,http://shop1.phinf.naver.net/20210915_7/1631680994333bIm3H_JPEG/32816828117729763_23258470.jpg,https://shoppinglive.naver.com/channels/270,GRADE_1,,2026-05-21T11:07:14.639817+00:00
12892942,66603,책방라이브,71Hca,https://phinf.pstatic.net/dthumb/?src=%22https%3A%2F%2Fg-selected.pstatic.net%2FMjAyMTAzMzFfNDgg%2FMDAxNjE3MTcxNDE5MjQ2.yxIbwkEqUHfWAfnlXr4OhK91UtYaNl0P_9QgDXNsh00g.O9ZtTnRQIV09JHt8JCORjq43yJEABk3QN_UKImir0pMg.JPEG%2Fimage.jpg%22&service=selective,https://shoppinglive.naver.com/channels/66603,GRADE_2,,2026-05-21T11:07:15.542788+00:00
500266118,82478,1458music,500266118,http://shop1.phinf.naver.net/20260324_102/17743573149996eIdF_JPEG/3721813463979148_437307565.jpg,https://shoppinglive.naver.com/channels/82478,GRADE_1,,2026-05-21T11:07:15.542788+00:00
100675952,58804,머스트무브,100621065,http://shop1.phinf.naver.net/20211112_113/1636706872593VE5IA_JPEG/37842707424799371_906662084.jpg,https://shoppinglive.naver.com/channels/58804,GRADE_1,,2026-05-21T11:07:15.542788+00:00
27634044,74651,네벤져스,dZPYC,https://phinf.pstatic.net/dthumb/?src=%22https%3A%2F%2Fg-selected.pstatic.net%2FMjAyMTA4MDVfNDMg%2FMDAxNjI4MTI1OTcwNjY1.rXmA1vpkvDqVSbLgYJmoSCWaRhAhpTpnCqNR1vfVlFcg.e8b4SSkDWNIBttzwy9qz49sUqZgAmDG74mBkFJZVF6cg.JPEG%2Fimage.jpg%22&service=selective,https://shoppinglive.naver.com/channels/74651,GRADE_3,,2026-05-21T11:07:16.410168+00:00
500246434,81526,pansydaisy,500246434,http://shop1.phinf.naver.net/20211029_131/1635492603857ztRXG_JPEG/36628449400597057_1287266904.jpg,https://shoppinglive.naver.com/channels/81526,GRADE_1,,2026-05-21T11:07:16.410168+00:00
101390171,81444,미쉐린 가이드 서울,101307347,https://shop-phinf.pstatic.net/20241021_160/1729515956246bEynj_JPEG/6f8a5992.jpg,https://shoppinglive.naver.com/channels/81444,GRADE_1,,2026-05-21T11:07:16.410168+00:00
101010625,72964,수상한 책방,100942672,http://shop1.phinf.naver.net/20210523_202/16217647368210Gafz_JPEG/22900571590911896_374486374.jpg,https://shoppinglive.naver.com/channels/72964,GRADE_1,,2026-05-21T11:07:17.171378+00:00
100947525,64400,전라북도 로컬마켓,100882082,http://shop1.phinf.naver.net/20210902_127/1630558296035aenO7_PNG/31694194543074743_331370316.png,https://shoppinglive.naver.com/channels/64400,GRADE_1,,2026-05-21T11:07:17.171378+00:00
500046002,76518,1879쇼핑,500046002,http://shop1.phinf.naver.net/20251028_25/1761616064630IhbrO_JPEG/27209413765645721_947232478.jpg,https://shoppinglive.naver.com/channels/76518,GRADE_1,,2026-05-21T11:07:17.874852+00:00
28407158,77607,심야갤러리,e77au,https://phinf.pstatic.net/dthumb/?src=%22https%3A%2F%2Fg-selected.pstatic.net%2FMjAyMTA5MTZfMTM3%2FMDAxNjMxNzg0MDk3OTA5.iG7Mu4D-e1CRUL7Le43ZmEbUhzJR48wlvWPhNMlQTPwg.ka3TRtJ6N_8mNrRctwuJHFlDC8ODZj4Ac6d6Xj2kQuYg.JPEG%2Fimage.jpg%22&service=selective,https://shoppinglive.naver.com/channels/77607,GRADE_2,,2026-05-21T11:07:17.874852+00:00
500110136,20571,한라식품,500110136,http://shop1.phinf.naver.net/20260324_48/1774328660683yTvxn_JPEG/27903585201331718_-1092527478.jpg,https://shoppinglive.naver.com/channels/20571,GRADE_1,,2026-05-21T11:07:17.874852+00:00
101137273,79855,울산사회적경제판로지원센터,101064227,https://shop-phinf.pstatic.net/20241021_160/1729515956246bEynj_JPEG/6f8a5992.jpg,https://shoppinglive.naver.com/channels/79855,GRADE_1,,2026-05-21T11:07:18.821969+00:00
100295804,46478,이그제큐티브,100266246,http://shop1.phinf.naver.net/20210128_159/1611819353083eeCRW_JPEG/12955187909722137_416696452.jpg,https://shoppinglive.naver.com/channels/46478,GRADE_1,,2026-05-21T11:07:18.821969+00:00
100470730,53319,몽킹,100427207,http://shop1.phinf.naver.net/20251209_158/1765270092128Xqrzp_JPEG/99402957279058781_255075207.jpg,https://shoppinglive.naver.com/channels/53319,GRADE_1,,2026-05-21T11:07:19.637762+00:00
101086429,72481,가인지몰,101015409,http://shop1.phinf.naver.net/20210708_46/1625734478963l0VIG_PNG/26870312764650195_182041052.png,https://shoppinglive.naver.com/channels/72481,GRADE_1,,2026-05-21T11:07:20.356154+00:00
100720898,59097,CGV,100664091,http://shop1.phinf.naver.net/20210818_219/1629269894008V2Hdo_JPEG/30405792715049216_2114205558.JPG,https://shoppinglive.naver.com/channels/59097,GRADE_1,,2026-05-21T11:07:21.021109+00:00
101168217,78422,갤러리XR,101093974,http://shop1.phinf.naver.net/20210803_165/1627961065400rTTAd_PNG/29096964112841127_1609392371.png,https://shoppinglive.naver.com/channels/78422,GRADE_1,,2026-05-21T11:07:21.021109+00:00
17840958,63778,디자인하우스 숍,YfkS,https://phinf.pstatic.net/dthumb/?src=%22https%3A%2F%2Fg-selected.pstatic.net%2FMjAyMTAxMTlfNTEg%2FMDAxNjExMDE2MzY2NjI5.Uxej5myQz-k9xh6khYS9biGyY3BZWEK1KzNX0uY2wucg.K1D8p191yXY4AUQfehkiq3IV2cYpNF4AHhaiFbi4cuEg.JPEG%2Fimage.jpg%22&service=selective,https://shoppinglive.naver.com/channels/63778,GRADE_2,,2026-05-21T11:07:21.021109+00:00
101143127,71673,SIBF X KBOOK,101069848,http://shop1.phinf.naver.net/20210723_209/1627026911361kiFCY_PNG/28162806896603776_1483008968.png,https://shoppinglive.naver.com/channels/71673,GRADE_1,,2026-05-21T11:07:23.153535+00:00
101160735,77136,오로아 oloa,101086808,http://shop1.phinf.naver.net/20211130_238/1638264204040Lm8nV_PNG/39400049750603776_1614496295.png,https://shoppinglive.naver.com/channels/77136,GRADE_1,,2026-05-21T11:07:23.153535+00:00
15264747,68315,강남디자인위크,bF6qp,https://phinf.pstatic.net/dthumb/?src=%22https%3A%2F%2Fg-selected.pstatic.net%2FMjAyMTA1MTBfNDIg%2FMDAxNjIwNjUyNTE5MTg3.3d29Y0w05sOMgE8fhvVFtFIRMC-GT2jOEZAn0qjoAJog.uB1LivgBQ9eN2Ev1xW5uR3dZobQr6L2YhLb5L5kCBAYg.JPEG%2Ftemp_1620652520283.jpg%22&service=selective,https://shoppinglive.naver.com/channels/68315,GRADE_2,,2026-05-21T11:07:25.839388+00:00
100140056,73333,잘큼,100126451,http://shop1.phinf.naver.net/20260320_144/1773992051280AEtbb_JPEG/82512800253889053_1039712783.jpg,https://shoppinglive.naver.com/channels/73333,GRADE_1,,2026-05-21T11:07:27.645595+00:00
100337566,266,파인아트 라이프 사진인화,100304156,http://shop1.phinf.naver.net/20220112_167/16419524162154JGnm_JPEG/43088311946851762_339881527.jpg,https://shoppinglive.naver.com/channels/266,GRADE_1,,2026-05-21T11:07:28.586949+00:00
100265074,59403,디베어랩,100238296,http://shop1.phinf.naver.net/20230427_188/1682597257884UVnQS_JPEG/9899941766530976_1712676662.jpg,https://shoppinglive.naver.com/channels/59403,GRADE_1,,2026-05-21T11:07:28.586949+00:00
100443824,62868,지비스토어,100402316,http://shop1.phinf.naver.net/20210813_174/16288239767627jU0d_JPEG/29959822484779954_800112667.jpg,https://shoppinglive.naver.com/channels/62868,GRADE_1,,2026-05-21T11:07:31.271824+00:00
500243071,31146,키다리영어샵,500243071,http://shop1.phinf.naver.net/20251202_20/1764643066374sg3YR_JPEG/2767576207100204_282806715.jpg,https://shoppinglive.naver.com/channels/31146,GRADE_1,,2026-05-21T11:07:31.271824+00:00
21817556,62037,플러스멤버십,cBc6y,https://phinf.pstatic.net/dthumb/?src=%22https%3A%2F%2Fphinf.pstatic.net%2Fcontact%2F20200601_141%2F1590941895002JK87D_JPEG%2Fimage.JPEG%22&service=selective,https://shoppinglive.naver.com/channels/62037,GRADE_2,,2026-05-21T11:07:33.039714+00:00
100306929,59689,바오밥 성장그림,100276188,http://shop1.phinf.naver.net/20190917_187/1568696356212H0JC1_JPEG/6057898812685645_1453857263.jpg,https://shoppinglive.naver.com/channels/59689,GRADE_1,,2026-05-21T11:07:33.039714+00:00
